commodity,title,date,source,description,url
oil,George Jiang Digs In Heels for Asia’s Best Hedge Fund,2010-01-04,Bloomberg,"It has been a roller-coaster two years for the Golden China fund, a hedge fund run by Shanghai- based Greenwoods Asset Management Ltd.",https://www.bloomberg.com/news/articles/2010-01-05/george-jiang-digs-in-heels-for-asia-s-best-hedge-fund-update1-
oil,【米個別株】小売株、アルコア、ＢＯＡ、ボーイング,2010-01-07,Bloomberg,７日の主な銘柄は以下の通り。 小売株：米百貨店チェーン最大手のシアーズ・ホールディング (SHLD US)は12％上昇の99.18ドル。同社が発表した2009年11 月－10年１月（第４...,https://www.bloomberg.co.jp/news/articles/2010-01-07/KVWCPT07SXKX01
oil,米30年物住宅ローン金利、5.09％に低下－15年物は4.50％,2010-01-07,Bloomberg,米住宅抵当金融投資会社フレデ ィマック（連邦住宅貸付抵当公社）によると、７日までの１週間の 米固定金利型30年物住宅ローン金利は５週間ぶりに低下した。,https://www.bloomberg.co.jp/news/articles/2010-01-07/KVVYID1A74E901
oil,テクノアルファ (3089 JP) ： 通期 業績予想修正,2010-01-12,Bloomberg,1月13日 （ブルームバーグ）: テクノアルファ (3089 JP) が発表した 11月30 日 通期 単独 決算の業績予想修正は下記のとおり。,https://www.bloomberg.com/news/articles/2010-01-13/-3089-jp-in2kpk2z
oil,ＶＷ日本：日本で販売店協力などはない－スズキとの提携,2010-01-13,Bloomberg,独フォルクスワーゲン（ＶＷ）の 日本法人、フォルクスワーゲングループジャパン（ＶＧＪ、愛知県豊 橋市）のゲラシモス・ドリザス社長は14日、都内で会見し、スズキと の提携...,https://www.bloomberg.com/news/articles/2010-01-14/KW7UAX07SXKX01
oil,ギリシャ国債：下げ幅を拡大、10年債利回りは5.99％に上昇,2010-01-14,Bloomberg,14日の債券市場では、ギリシ ャ10年国債が下げ幅を拡大。利回りはロンドン時間午前11時８分 （日本時間午後８時８分）現在、前日比11ベーシスポイント（ｂｐ、 １ｂｐ＝0.01％）上昇...,https://www.bloomberg.com/news/articles/2010-01-14/KW8I7Y1A74E901
oil,【債券の発行登録】三菱レが400億円、ウッドワン、アイシン精,2010-01-21,Bloomberg,赤いタブの「97）添付ファイル」ボタンを選択してください。 ＊投資法人債は2009年10月より追加. Editor：Takashi Ueno. Copy Link.,https://www.bloomberg.com/news/articles/2010-01-22/-400
oil,Dubai Helps Iran Evade Sanctions as Smugglers Ignore U.S. Laws,2010-01-25,Bloomberg,"On a sweltering mid-October evening, horns blare as pickup trucks at Dubai Creek wharf jockey to deliver cargo bound for Iran.",https://www.bloomberg.com/news/articles/2010-01-25/dubai-helps-iran-evade-sanctions-as-smugglers-ignore-u-s-laws
oil,Secret Banking Cabal Emerges From AIG Shadows: David Reilly,2010-01-28,Bloomberg,"The idea of secret banking cabals that control the country and global economy are a given among conspiracy theorists who stockpile ammo, bottled water and...",https://www.bloomberg.com/news/articles/2010-01-28/secret-banking-cabal-emerges-from-aig-shadows-david-reilly
oil,関西電力 (9503 JP) ： 9カ月 連結決算（一覧表）,2010-01-28,Bloomberg,関西電力 (9503 JP) が発表した 12月31日 9カ月 累計四半期 連結決算は以下のとおり。,https://www.bloomberg.com/news/articles/2010-01-29/-9503-jp-9
oil,アジア投資 (8518 JP) ： 9カ月 連結決算（一覧表）,2010-02-01,Bloomberg,日本アジア投資 (8518 JP) が発表した 12月31日 9 カ月累計四半期 連結決算は以下のとおり。,https://www.bloomberg.com/news/articles/2010-02-01/-8518-jp-9
oil,トヨタ株が反落、１月の米自動車販売は前年同月比16％減,2010-02-02,Bloomberg,トヨタ自動車株が反落。前日比1.9％ 安の3535円で取引を開始した。トヨタの１月の米自動車販売は前年同月 比16％減となった。,https://www.bloomberg.com/news/articles/2010-02-03/KX8O6E6NKMX101
oil,Rapper Jay-Z Sues Highland Capital Management Over Hotel Loan,2010-02-03,Bloomberg,"Shawn Carter, the rap music artist and Rocawear clothing business founder known as Jay-Z, sued the investment firm Highland Capital Management LP in a...",https://www.bloomberg.com/news/articles/2010-02-04/rapper-jay-z-sues-highland-capital-management-over-hotel-loan
oil,Toyota Recall Crisis Mounts as U.S. Steps Up Pressure,2010-02-03,Bloomberg,U.S. Transportation Secretary Ray LaHood stepped up pressure on Toyota Motor Corp. to fix defects that have caused the recall of millions of vehicles...,https://www.bloomberg.com/news/articles/2010-02-03/toyota-recall-crisis-mounts-as-u-s-steps-up-pressure
oil,米週間失業保険申請：季節調整前は53万件に増加（表）,2010-02-04,Bloomberg,【記者： Alex Tanzi】. ２月4日（ブルームバーグ）-- 米労働省が発表 週間新規失業保険申請の概要は次の通り。 注：（SA）は季節調整済み。 （NSA）は季節調整前。,https://www.bloomberg.com/news/articles/2010-02-04/KXBM2L1A74E901
oil,オプト (2389 JP) ： 通期 連結 業績予想修正,2010-02-10,Bloomberg,2月10日 （ブルームバーグ）: オプト (2389 JP) が発表した 12月31日 通期 連結 決算の業績予想修正は下記のとおり。,https://www.bloomberg.com/news/articles/2010-02-10/-2389-jp
oil,長野銀：社債の発行登録を実施－100億円,2010-02-11,Bloomberg,長野銀行は総額100億円の社債の発 行登録を実施した。有効期間は20日から２年間。同社が関東財務局に提 出した発行登録書の記載で明らかになった。,https://www.bloomberg.com/news/articles/2010-02-12/KXPI126SETC101
oil,２月の米フィラデルフィア連銀景況指数 (一覧表),2010-02-18,Bloomberg,【記者：Alex Tanzi】. ２月 18日 (ブルームバーグ) -- 米フィラデルフィア連銀が発表した同地区 の製造業景況指数概要は次の通り。,https://www.bloomberg.com/news/articles/2010-02-18/KY1LSF0YHQ0Y01
oil,円が対ユーロで下落、４日以来の１ユーロ＝125円台,2010-02-21,Bloomberg,東京外国為替市場では、円が下落 し、対ユーロでは今月４日以来の１ユーロ＝125円台を付けた。対ドル は１ドル＝91円80銭近辺で取引されている。,https://www.bloomberg.com/news/articles/2010-02-22/KY7V496NKMWW01
oil,Explaining Informal Investors,2010-02-26,Bloomberg,"If you're an entrepreneur, at one time or another you have probably sought to answer the question: ""Where can I get the capital I need?",https://www.bloomberg.com/news/articles/2010-02-26/explaining-informal-investors
oil,Death of NFL Players in Boat Accident Recalled by Sole Survivor,2010-02-28,Bloomberg,"One year ago, athletic trainer Nick Schuyler survived for 43 hours clinging to an overturned boat in the Gulf of Mexico, in an accident that took the lives...",https://www.bloomberg.com/news/articles/2010-03-01/death-of-nfl-players-in-boat-accident-recalled-by-sole-survivor
oil,【債券の発行登録】ラボバンクが売出で5000億円、東急電鉄1200億円,2010-03-01,Bloomberg,赤 いタブの「97）添付ファイル」 ボタンを選択してください。 ＊投資法人債は2009年10月より追加. Editor：Takashi Ueno. Copy Link.,https://www.bloomberg.com/news/articles/2010-03-01/-5000-1200
oil,ブラジル経済に過熱の恐れ、海外投資の流入過剰で－ＢＮＤＥＳ総裁,2010-03-04,Bloomberg,ブラジル国立経済社会開発銀行 （ＢＮＤＥＳ）のコウチーニョ総裁は、同国経済が過熱する恐れが あるとの認識を示した。海外からの投資流入が過剰になっているた めとして...,https://www.bloomberg.co.jp/news/articles/2010-03-04/KYRFWO0D9L3501
oil,独ダイムラー：タタ・モーターズ株を売却－１－３月期の増益要因,2010-03-09,Bloomberg,ドイツの自動車メーカー、ダイムラ ーは、同業でインドのタタ・モーターズについて、保有していた普通 株5.34％すべてを「複数の投資家グループ」に売却した。,https://www.bloomberg.co.jp/news/articles/2010-03-09/KZ0DSG1A1I4H01
oil,コニカミノ：ＨＤＤ用ガラス基板の生産能力増強へ－投資規模110億円,2010-03-10,Bloomberg,コニカミノルタホールディングスの 事業会社であるコニカミノルタオプトは11日、ハードディスク駆動装置 （ＨＤＤ）用ガラス基板の生産能力を増強するため、生産ラインを...,https://www.bloomberg.co.jp/news/articles/2010-03-11/KZ3I966M62HZ01
oil,Mascot’s Death Reveals True Madness of Sports: Scott Soshnick,2010-03-14,Bloomberg,"The madness of March -- not to mention the accompanying euphoria, despondence and despair -- seems like the perfect backdrop to remind sports fans of Jason...",https://www.bloomberg.com/news/articles/2010-03-14/mascot-s-death-reveals-true-madness-of-sports-scott-soshnick
oil,Morgan Stanley Woman Becomes ‘Iron Chef’ After Meeting Ramsay,2010-03-18,Bloomberg,"It's a fast-paced environment where orders are shouted, politeness is a luxury and a split-second decision can mean the difference between success and failure.",https://www.bloomberg.com/news/articles/2010-03-18/morgan-stanley-woman-becomes-iron-chef-after-meeting-ramsay
oil,InterOil Drops Most in Nine Months After Report on Court Ruling,2010-03-26,Bloomberg,"InterOil Corp., a Canadian natural-gas explorer and oil refiner, dropped 13 percent after a report that a federal judge decided Chief Executive Officer Phil...",https://www.bloomberg.com/news/articles/2010-03-26/interoil-drops-most-in-nine-months-after-report-on-court-ruling
oil,"Geely buys Volvo. Believe it or not, it could work",2010-03-28,Bloomberg,Mergers and acquisitions in the car business have a terrible record. DaimlerChrysler stands tall as the worst example of a bad marriage.,https://www.bloomberg.com/news/articles/2010-03-28/geely-buys-volvo-dot-believe-it-or-not-it-could-work
oil,Iranian Student With $750 Turns Billionaire Made by Islamic Art,2010-03-29,Bloomberg,"Nasser David Khalili stands in an exhibition hall in St. Petersburg's Winter Palace, gazing at an 18th-century painted enamel of flowers that's one of 25000...",https://www.bloomberg.com/news/articles/2010-03-29/iranian-student-with-750-turns-billionaire-made-by-islamic-art
oil,ギリシャは今年ドル建てグローバル債の発行を計画－公債管理責任者,2010-03-31,Bloomberg,ギリシャの公債管理責任者のペトロ ス・クリストドゥル氏は、同国が今年、ドル建てのグローバル債の発行 を計画していると述べた。31日にブルームバーグテレビジョンと...,https://www.bloomberg.com/news/articles/2010-03-31/L04YC66M62GW01
oil,東京電の社債保証コストが上昇、スイッチ取引も－ＣＤＳ取引,2010-04-07,Bloomberg,７日のクレジット・デフォルト・ス ワップ（ＣＤＳ）市場では、東京電力の社債に対する保証コストが上昇 した。 複数のトレーダーによると、東京電力は42ベーシスポイント（bp...,https://www.bloomberg.co.jp/news/articles/2010-04-07/L0I1N80UQVI901
oil,Cricketer Malik Gives First Wife Divorce Before Marrying Mirza,2010-04-07,Bloomberg,"Pakistani cricketer Shoaib Malik has granted a divorce to a woman he says tricked him into marrying her, defusing a row that threatened to delay his wedding...",https://www.bloomberg.com/news/articles/2010-04-07/cricketer-shoaib-malik-gives-first-wife-divorce-before-wedding-sania-mirza
oil,Halliburton to Buy Boots & Coots for About $240.4 Million,2010-04-10,Bloomberg,"Halliburton Co. agreed to buy Boots & Coots Inc. for about $240.4 million in stock and cash, adding equipment and services to fight oil-well fires.",https://www.bloomberg.com/news/articles/2010-04-10/halliburton-to-buy-boots-coots-adding-oil-well-fire-fighting-services
oil,石油情報センター：ガソリン価格は前週比2.0円高の135.2円（表）,2010-04-20,Bloomberg,石油情報センターは21日、 レギュラーガソリン１リットル当たりの全国平均小売価格（19日時点、 消費税込み）が前週比2.0円高の135.2円になったと発表した。,https://www.bloomberg.co.jp/news/articles/2010-04-21/L17NMU1A74E901
oil,米財務長官：ＳＥＣのゴールドマン提訴、事前通知は受けていない,2010-04-22,Bloomberg,ガイトナー米財務長官は、証券取 引委員会（ＳＥＣ）がゴールドマン・サックス・グループを詐欺行為 で提訴したことについて、財務省は事前通知は受けていなかったと述...,https://www.bloomberg.co.jp/news/articles/2010-04-22/L1AKHX1A1I4H01
oil,The End Is Near for BlackBerry's Trackball,2010-04-22,Bloomberg,"""They need them fixed—'Now!'"" says a repairman. The BlackBerry (RIMM) trackball, introduced in 2006, has always had issues. It accumulates grit and gunk.",https://www.bloomberg.com/news/articles/2010-04-22/the-end-is-near-for-blackberrys-trackball
oil,中国：輸出は年末に向け減少へ、外需不足継続－鐘山商務次官,2010-04-26,Bloomberg,中国商務省の鐘山次官は、同国の 今年の輸出について、年初は高水準なものの、年末に向けて減少する との認識を示した。26日にウェブサイトに掲載された声明で明らかに...,https://www.bloomberg.co.jp/news/articles/2010-04-26/L1H6EG1A74E901
oil,米財務省：5年債入札過去データ（表）,2010-04-28,Bloomberg,【記者:Chris Middleton】. ４月28日(ブルームバーグ）-- 米財務省が過去に実施した入札結果 （表）は次の通り。 出所:： 米国 財務省. --編集:Alex Tanzi.,https://www.bloomberg.co.jp/news/articles/2010-04-28/-5
oil,Feedback,2010-04-28,Bloomberg,"The new Bloomberg Businessweek (Apr. 26-May 10) is a wonderful improvement. I was going to complain about the lack of page numbers, but as I just sat down...",https://www.bloomberg.com/news/articles/2010-04-28/feedback
oil,４月ミシガン大消費者マインド指数確定値：72.2に低下,2010-04-30,Bloomberg,４月のロイター・ミシガン大学消 費者マインド指数（確定値）は72.2と、前月の73.6から低下した。 ブルームバーグ・ニュースがまとめたエコノミスト予想中央値は.,https://www.bloomberg.co.jp/news/articles/2010-04-30/L1P08W07SXKY01
oil,RBS Hires Julian Cheong as Southeast Asia Bank Head,2010-05-02,Bloomberg,Royal Bank of Scotland Group Plc hired former Nomura Holdings Inc. executive Julian Cheong as head of banking for Southeast Asia.,https://www.bloomberg.com/news/articles/2010-05-03/royal-bank-of-scotland-names-julian-cheong-southeast-asia-banking-chief
oil,Transurban Group Buys Lane Cove Tunnel for A$630.5 Million,2010-05-09,Bloomberg,Transurban Group has reached agreement to acquire the assets and motorway concession deed connected with the Lane Cove Tunnel in Sydney for A$630.5 million.,https://www.bloomberg.com/news/articles/2010-05-09/transurban-buys-lane-cove-tunnel-for-565-million-capital-raising-planned
oil,プリマハム (2281 JP) ： 通期 連結 業績予想修正,2010-05-10,Bloomberg,5月11日 （ブルームバーグ）: プリマハム (2281 JP) が発表した 3月31日 通 期 連結 決算の業績予想修正は下記のとおり。,https://www.bloomberg.co.jp/news/articles/2010-05-11/-2281-jp
oil,AstraZeneca Case Rewards Two Whistleblowers With $45 Million,2010-05-12,Bloomberg,A salesman and a psychiatrist splitting a $45 million award after AstraZeneca Plc settled claims of illegally marketing a schizophrenia drug.,https://www.bloomberg.com/news/articles/2010-05-12/astrazeneca-s-520-million-u-s-settlement-rewards-repeat-whistleblowers
oil,エヌエフ回路 (6864 JP) ：通期単独決算（一覧表）,2010-05-12,Bloomberg,エヌエフ回路設計ブロック (6864 JP) が発表した 3月31日 通期単独決算は以下のとおり。,https://www.bloomberg.com/news/articles/2010-05-13/-6864-jp-in3j6n8h
oil,Aban Offshore Falls Most in 18 Years After Rig Sinks,2010-05-14,Bloomberg,"Aban Offshore Ltd., India's largest oil rig company, fell the most in almost 18 years as Venezuela started investigating the sinking of a natural-gas...",https://www.bloomberg.com/news/articles/2010-05-14/aban-plunges-most-in-20-months-as-probe-into-venezuela-rig-sinking-starts
oil,"BP Uses ‘Junk Shot,’ Calls Oil Spill a ‘Catastrophe’",2010-05-28,Bloomberg,"BP leased the rig destroyed in the explosion, the Deepwater Horizon, from Geneva-based Transocean Ltd., the world's largest deep-water driller. BP has a 65...",https://www.bloomberg.com/news/2010-05-28/bp-uses-junk-shot-to-plug-well-that-s-spilled-more-oil-than-exxon-valdez.html
oil,社民：政権離脱を決定、普天間の辺野古移設に断固反対－３党連立崩壊,2010-05-30,Bloomberg,社民党は30日開いた全国幹事 長会議で民主、国民新両党との連立政権から離脱することを決めた。 鳩山由紀夫内閣が米海兵隊普天間飛行場（沖縄県宜野湾市）を同県名 護市...,https://www.bloomberg.co.jp/news/articles/2010-05-30/L38D1P0D9L3501
oil,Cuba’s Castro Says Banning Coca Is Like Taking Tea From English,2010-05-31,Bloomberg,"Former Cuban President Fidel Castro said the global ban on coca, the leaf used to make cocaine, is like taking away tea from the English.",https://www.bloomberg.com/news/articles/2010-05-31/cuba-s-fidel-castro-says-banning-coca-leaf-is-like-taking-tea-from-english
oil,BP’s Hayward Apologizes for ‘Hurtful’ Spill Comment,2010-06-02,Bloomberg,BP Plc Chief Executive Officer Tony Hayward apologized for what he called a “hurtful and thoughtless comment” about the Gulf of Mexico oil spill made to...,https://www.bloomberg.com/news/articles/2010-06-02/bp-chief-hayward-apologizes-for-hurtful-comment-on-wanting-his-life-back
oil,中国と香港株の投資判断「ニュートラル」に引き下げ－ＢＯＡメリル,2010-06-07,Bloomberg,米バンク・オブ・アメリカ （ＢＯＡ）メリルリンチは、中国と香港の株式の投資判断を「オーバー ウエート」から「ニュートラル」に引き下げた。同行のストラレジスト らは７...,https://www.bloomberg.com/news/articles/2010-06-08/L3O6GD6SETCT01
oil,Euro Stronger Than Mark Proves Trichet Currency Stays,2010-06-07,Bloomberg,The euro's 21 percent tumble from last year's high has left the currency above the average level since its creation in 1999 and stronger than its...,https://www.bloomberg.com/news/articles/2010-06-06/euro-stronger-than-deutsche-mark-proves-trichet-currency-remains-credible
oil,ＢＯＪ：金融調節と当座預金残高の推移（表）,2010-06-09,Bloomberg,日本銀行（ＢＯＪ）の金融調節と 過去の当座預金残高の推移は以下の通り。（即日受渡分、確報ベース）. 注：準備預金残高の数字は2007年10月16日からゆうちょ銀行を含む。,https://www.bloomberg.com/news/articles/2010-06-10/L3RXMS0UQVI901
oil,Berezovsky Wins $52.6 Million Court Ruling on Loan,2010-06-21,Bloomberg,"Boris Berezovsky, the Russian billionaire with UK political asylum, won a $52.6 million judgment against a former employee who defaulted on a loan for an oil-...",https://www.bloomberg.com/news/articles/2010-06-21/berezovsky-wins-52-6-million-ruling-in-london-over-loan-to-ex-employee
oil,"Rising China Wages Prompt Nissan, Foxconn to Boost Automation",2010-06-22,Bloomberg,"New minimum wage laws, a looser yuan and worker strikes like those affecting Honda Motor Co. and Toyota Motor Corp. are raising costs at plants in China's...",https://www.bloomberg.com/news/articles/2010-06-21/machines-replace-migrants-at-nissan-and-foxconn-as-chinese-wages-increase
oil,Deutsche Bank Equities Co-Head Karofsky Takes Leave,2010-06-23,Bloomberg,"Deutsche Bank AG's Robert Karofsky, the New York-based co-head of equity sales and trading worldwide, is taking a leave of absence for personal reasons.",https://www.bloomberg.com/news/articles/2010-06-23/deutsche-bank-s-robert-karofsky-takes-leave-of-absence-as-equities-co-head
oil,"Walter Shorenstein, Billionaire Real-Estate Owner, Dies at 95",2010-06-25,Bloomberg,"Walter Shorenstein, founder of the closely held real-estate company that at various times has owned the Bank of America skyscraper in San Francisco,...",https://www.bloomberg.com/news/articles/2010-06-26/walter-shorenstein-billionaire-real-estate-owner-dies-at-95-at-his-home
oil,Banks Financing Mexico Drug Gangs Admitted in Wells Fargo Deal,2010-06-28,Bloomberg,"They found 128 black suitcases, packed with 5.7 tons of cocaine, valued at $100 million. The stash was supposed to have been delivered from Caracas to drug...",https://www.bloomberg.com/news/articles/2010-06-29/banks-financing-mexico-s-drug-cartels-admitted-in-wells-fargo-s-u-s-deal
oil,Tesla Posts Second-Biggest Rally for 2010 U.S. IPO,2010-06-29,Bloomberg,"Tesla Motors Inc., the electric-car company that hasn't posted a profit, rallied 41 percent after raising $226 million in the first initial public offering of...",https://www.bloomberg.com/news/articles/2010-06-29/tesla-motors-raises-226-million-in-first-ipo-of-u-s-carmaker-in-54-years
oil,Nomura Hires Four Bankers to Expand Equities Business in Germany,2010-07-01,Bloomberg,"Nomura Holdings Inc. hired four people to help expand its equities business in Germany, according to an e-mailed statement today.",https://www.bloomberg.com/news/articles/2010-07-01/nomura-hires-four-bankers-to-expand-equities-business-in-germany
oil,中国人民元の中心レート：１ドル＝ 6.7720元（表）,2010-07-01,Bloomberg,中国人民銀行が ２日発表した同日の人民元中心レートの詳細は以下の通り。,https://www.bloomberg.co.jp/news/articles/2010-07-02/L4WT6P0UQVI901
oil,Ex-TCI Asia Head Raises $100 Million for Hedge Fund,2010-07-04,Bloomberg,"John Ho, former Asia head of the Children's Investment Fund Management UK LLP, raised more than $100 million from investors for his own hedge fund which...",https://www.bloomberg.com/news/articles/2010-07-05/ex-tci-asia-head-john-ho-raises-more-than-100-million-for-asia-hedge-fund
oil,KKR to Trade in U.S. July 15 After Three-Year Journey,2010-07-06,Bloomberg,"KKR & Co. said its shares will start trading on the New York Stock Exchange on July 15, ending a three-year-old journey to take the buyout firm public in...",https://www.bloomberg.com/news/articles/2010-07-06/kkr-founders-kravis-roberts-to-own-25-of-lbo-firm-following-u-s-listing
oil,仏プジョー：インド市場への再参入を検討、工場建設も－関係者,2010-07-06,Bloomberg,フランス最大の自動車メーカー、プ ジョーシトロエングループ（ＰＳＡ）は、インドでの自動車需要の高 まりを受けて、同国での工場建設計画を復活させる可能性がある。,https://www.bloomberg.co.jp/news/articles/2010-07-07/L564I307SXKX01
oil,メリル日本：社長に瀬口二郎氏が就任へ、在日代表にも,2010-07-08,Bloomberg,バンク・オブ・アメリカは、瀬口二 郎氏をメリルリンチ日本証券の社長に充てる。アジア太平洋地域コーポ レートバンキング投資銀行部門共同責任者だった瀬口氏は、...,https://www.bloomberg.com/news/articles/2010-07-08/L59H906N9EDD01
oil,日本ゴム輸入協会：ゴム在庫は前旬比2.2％減（表）,2010-07-13,Bloomberg,日本ゴム輸入協会が 発表した、国内生ゴムの在庫量（６月30日現在）は 前旬比2.2％減となった。 詳細は以下の通り。 注：在庫は、東京、横浜、名古屋、大阪、神戸、門司、...,https://www.bloomberg.co.jp/news/articles/2010-07-13/L5IRF30D9L3501
oil,"Henry Goldman Granddaughter Talks About Sachs, IPOs: Interview",2010-07-13,Bloomberg,"The entryway on Goldman Sachs's executive floor is hung with paintings of all the senior partners since the firm's inception,” says June Breton Fisher.",https://www.bloomberg.com/news/articles/2010-07-14/henry-goldman-granddaughter-talks-about-sachs-ipos-interview
oil,アイダ (6118 JP) ： 3カ月 連結決算（一覧表）,2010-07-29,Bloomberg,アイダエンジニアリング (6118 JP) が発表した 6 月30日 第1(3カ月)四半期 連結決算は以下のとおり。,https://www.bloomberg.co.jp/news/articles/2010-07-30/-6118-jp-3
oil,セブン工 (7896 JP) ： 3カ月 単独決算（一覧表）,2010-07-29,Bloomberg,セブン工業 (7896 JP) が発表した 6月30日 第1 (3カ月)四半期 単独決算は以下のとおり。,https://www.bloomberg.com/news/articles/2010-07-30/-7896-jp-3
oil,Roche to Face Hollywood Stars in Accutane Trial,2010-07-30,Bloomberg,Roche Holding AG faces a lineup of Hollywood stars in the New Jersey trial of an actor's lawsuit alleging he suffered the loss of his colon after taking the...,https://www.bloomberg.com/news/articles/2010-07-30/roche-to-face-hollywood-stars-sheen-dennehy-in-new-jersey-accutane-trial
oil,Western to Shut Virginia Oil Refinery on Poor Margins,2010-08-05,Bloomberg,"Western Refining Inc. will idle its Yorktown, Virginia, refinery because of a “poor outlook for East Coast refining margins,” the company said in a...",https://www.bloomberg.com/news/articles/2010-08-05/western-to-shut-yorktown-virginia-oil-refinery-because-of-poor-margins
oil,Venezuela Pares China Debt With Oil Supply Accord,2010-08-05,Bloomberg,"Venezuela, the largest oil producer in South America, is shipping 200000 barrels a day of crude to China to repay $20 billion of debt borrowed from the...",https://www.bloomberg.com/news/articles/2010-08-05/venezuela-cuts-20-billion-china-debt-with-200-000-barrel-shipments-of-oil
oil,Oracle Damages in Claims Case May Reach $1 Billion,2010-08-05,Bloomberg,"Oracle Corp., the world's second-biggest software maker, may face total damages of $1 billion in a U.S. Justice Department lawsuit claiming it overcharged...",https://www.bloomberg.com/news/articles/2010-08-05/oracle-may-face-1-billion-of-damages-in-u-s-billing-lawsuit-lawyers-say
oil,Ghana’s NPP Chooses Akufo-Addo as 2012 Presidential Candidate,2010-08-08,Bloomberg,"Ghana's opposition New Patriotic Party chose Nana Akufo-Addo, who narrowly lost the 2008 presidential election, as its candidate for 2012 yesterday.",https://www.bloomberg.com/news/articles/2010-08-08/ghana-s-npp-chooses-akufo-addo-as-its-presidential-candidate-for-2012
oil,新報国鉄 (5542 JP) ： 中間 業績予想修正,2010-08-09,Bloomberg,8月10日 （ブルームバーグ）: 新報国製鉄 (5542 JP) が発表した 6月30日 中 間期 単独 決算の業績予想修正は下記のとおり。,https://www.bloomberg.com/news/articles/2010-08-10/-5542-jp-in46zo5b
oil,"Matthew Simmons, Peak Oil Theory Advocate, Dies at 67",2010-08-09,Bloomberg,"Matthew R. Simmons, an energy investment banker and a leading proponent of the “peak oil” theory that claims the Earth is running out of crude,...",https://www.bloomberg.com/news/articles/2010-08-09/matthew-simmons-investment-banker-peak-oil-theory-advocate-dies-at-67
oil,円金利先物が午後下落、日銀決定会合の現状維持で－円高の影響見極め,2010-08-10,Bloomberg,東京金融取引所のユーロ円３カ月 金利先物相場は午後に小幅下落（金利は上昇）した。日本銀行がこの 日の金融政策決定会合で政策の据え置きを決定し、追加緩和策を予想 し...,https://www.bloomberg.co.jp/news/articles/2010-08-10/L6WR4Y6KLVR501
oil,"Bashing Architects With Lawsuit, as MIT Did, Kills Innovation",2010-08-16,Bloomberg,The $300 million Stata Center at the Massachusetts Institute of Technology doesn't look much like a research lab. Its brightly colored collision of angular...,https://www.bloomberg.com/news/articles/2010-08-17/bashing-architects-with-lawsuit-only-kills-innovation-james-s-russell
oil,Toilet-Paper Scandal in India ’Shames’ Commonwealth Games Host,2010-08-19,Bloomberg,Organizers of the Commonwealth Games called a press conference this week to talk about how prepared New Delhi was to host a sporting event for 71 countries.,https://www.bloomberg.com/news/articles/2010-08-19/toilet-paper-scandal-in-2-a-day-india-shames-host-of-commonwealth-games
oil,Rig Survivor Blames BP’s ‘Screwed-Up Plan’ for Gulf Oil Blowout,2010-08-23,Bloomberg,"BP Plc's ""screwed-up"" well design caused the Gulf of Mexico explosion that killed 11 workers and created the worst oil spill in U.S. history, a Transocean...",https://www.bloomberg.com/news/articles/2010-08-23/bp-s-flawed-oil-well-design-caused-blowout-transocean-rig-supervisor-says
oil,Wal-Mart Drops Dutch Boy Paint for Akzo’s Glidden,2010-09-01,Bloomberg,"Akzo Nobel NV will become the sole paint supplier to Wal-Mart Stores Inc. in the U.S., with its Glidden brand replacing Sherwin-Williams Co.",https://www.bloomberg.com/news/articles/2010-09-01/wal-mart-drops-sherwin-williams-s-dutch-boy-paint-for-akzo-nobel-s-glidden
oil,"‘No-Nonsense’ 420-Pound Ex-Liberal MP Cyril Smith Dies, Aged 82",2010-09-03,Bloomberg,"Cyril Smith, a former Liberal U.K. member of parliament, has died at the age of 82, the local branch of his party said today.",https://www.bloomberg.com/news/articles/2010-09-03/-straight-talking-30-stone-former-liberal-mp-cyril-smith-dies-aged-82
oil,Scorsese Defends McCarthy-Haunted Kazan in Venice Movie: Review,2010-09-06,Bloomberg,Elia Kazan is remembered as the stage and film director who ratted on his colleagues during U.S. Senator Joseph McCarthy's anti-communist witch hunts in the...,https://www.bloomberg.com/news/articles/2010-09-06/scorsese-defends-mccarthy-haunted-kazan-in-venice-movie-review
oil,Standard Chartered Kenya Sets Rights Offer Price,2010-09-06,Bloomberg,"Standard Chartered Bank Kenya Ltd., the local unit of Standard Chartered Plc., will sell 15.1 million shares at 165.45 shillings ($2.04) each through a...",https://www.bloomberg.com/news/articles/2010-09-07/standard-chartered-bank-s-kenyan-unit-sets-price-of-a-planned-rights-offer
oil,Natural Gas Hedge Fund Velite Said to Return 20% During August,2010-09-10,Bloomberg,"Velite Energy LP, a Houston-based energy hedge fund, returned about 20 percent last month, beating the average of its peers as oil and natural gas fell,...",https://www.bloomberg.com/news/articles/2010-09-10/natural-gas-hedge-fund-velite-said-outpace-peers-with-20-return-in-august
oil,９月のドイツＺＥＷ調査：景況感指数（表）,2010-09-14,Bloomberg,【記者：Kristian Siedenburg】. ９月14日（ブルームバーグ） -- ドイツの欧州経済研究センター （ZEW）が発表した９月の景況感指数の概要は次の通り。 --編集： Mark Evans.,https://www.bloomberg.com/news/articles/2010-09-14/L8QBRX0UQVI901
oil,野田財務相、前原外相、海江田経財相、大畠経産相－菅改造内閣,2010-09-17,Bloomberg,仙谷由人官房長官が発表した菅直 人改造内閣の閣僚名簿は次の通り。,https://www.bloomberg.co.jp/news/articles/2010-09-17/L8VLA20YHQ0X01
oil,中国銀監会：新たな資本規定、「適切な時期」に公表へ,2010-09-17,Bloomberg,中国銀行業監督管理委員会（銀監 会）は17日、新たな資本規定を「適切な時期」に公表すると表明した。 ウェブサイトに声明を掲載した。 バーゼル銀行監督委員会が合意...,https://www.bloomberg.com/news/articles/2010-09-17/L8W3NN6TTDS001
oil,Sime Darby to Take Legal Action on Project Misconduct,2010-09-20,Bloomberg,"Sime Darby Bhd., the world's biggest publicly traded palm oil producer, plans to start legal proceedings and lodge reports with the authorities after...",https://www.bloomberg.com/news/articles/2010-09-21/sime-darby-reports-misconduct-at-four-energy-projects-plans-legal-action
oil,Primedia Sells 40% Kaizer Chiefs Stake to Soccer Club’s Founder,2010-09-21,Bloomberg,"Primedia Ltd., the owner of South African radio stations and a movie cinema chain, sold its 40 percent stake in Kaizer Chiefs back to the soccer club's...",https://www.bloomberg.com/news/articles/2010-09-21/primedia-sells-40-holding-in-kaizer-chiefs-back-to-soccer-club-s-founder
oil,Blockbuster Files Bankruptcy After Online Rivals Gain,2010-09-23,Bloomberg,"Blockbuster Inc., the world's biggest movie-rental company, filed for bankruptcy after failing to adapt its storefront model to online technology pioneered...",https://www.bloomberg.com/news/articles/2010-09-23/blockbuster-video-rental-chain-files-for-bankruptcy-protection
oil,Petrobras Raises $70 Billion as Investors See Growth,2010-09-24,Bloomberg,"Petroleo Brasileiro SA, Brazil's state-controlled oil producer, raised as much as $70 billion in the world's largest share sale as investors bet on its...",https://www.bloomberg.com/news/articles/2010-09-24/petrobras-raises-70-billion-in-world-s-largest-share-sale-to-fund-fields
oil,Canada’s Dollar Slips From Two-month High Before Jobs Report,2010-10-04,Bloomberg,Canada's dollar weakened from a two-month high versus its U.S. counterpart before a report later this week that economists predict will show the nation's...,https://www.bloomberg.com/news/articles/2010-10-04/canadian-dollar-declines-from-a-two-month-high-before-unemployment-report
oil,８月のＯＥＣＤ標準化失業率：統計概要（表）,2010-10-12,Bloomberg,経済協力開発機構（ＯＥＣＤ）が 12日発表した８月の標準化失業率の概要は以下の通り。 --編集： Marco Babic. リンクをコピーする. この記事は ブルームバーグ ターミナル で...,https://www.bloomberg.co.jp/news/articles/2010-10-12/LA69D30D9L3501
oil,"Obama Distant Kin to Palin, Limbaugh, Bush, Ancestry.com Says",2010-10-12,Bloomberg,President Barack Obama is distantly related to two of his most outspoken critics -- Tea Party favorite Sarah Palin and talk-radio host Rush Limbaugh -- as...,https://www.bloomberg.com/news/articles/2010-10-13/obama-shares-ancestors-with-palin-bush-limbaugh-genealogy-website-shows
oil,石油情報センター：ガソリン価格は前週比変わらずの132.1円（表）,2010-10-13,Bloomberg,石油情報センターは14日、 レギュラーガソリン１リットル当たりの全国平均小売価格（12日時点、 消費税込み）が前週比変わらずの132.1円になったと発表した。,https://www.bloomberg.co.jp/news/articles/2010-10-14/LA9KQ90D9L3501
oil,Australia Water Authority to Study Social Effects of Basin Plan,2010-10-16,Bloomberg,"Australia will study the social and economic effects of a plan to cut irrigation by as much as 37 percent in the Murray-Darling Basin, which accounts for...",https://www.bloomberg.com/news/articles/2010-10-17/water-authority-to-study-social-economic-effects-of-murray-basin-plan
oil,"Barbara Billingsley, Iconic TV Mom June Cleaver, Dead at 94",2010-10-16,Bloomberg,"Barbara Billingsley, whose portrayal of June Cleaver in the television sitcom “Leave It to Beaver” established a lasting archetype for the devoted suburban...",https://www.bloomberg.com/news/articles/2010-10-16/barbara-billingsley-leave-it-to-beaver-sitcom-mom-june-dies-at-age-94
oil,Eni Produces Light Crude Oil in Well Offshore Angola,2010-10-19,Bloomberg,"Eni SpA, Italy's biggest oil company, produced light crude oil from a deepwater well offshore Angola in a joint venture with state oil company, Sonangol SA.",https://www.bloomberg.com/news/articles/2010-10-19/eni-sonangol-produce-light-crude-oil-in-deepwater-well-offshore-angola
oil,"Chevron, Exxon, Shell May Bid in Iraq Gas Field Licensing Round",2010-10-19,Bloomberg,"Exxon Mobil Corp., Chevron Corp., Royal Dutch Shell Plc and OAO Gazprom are among companies that may bid in a licensing round today to develop three...",https://www.bloomberg.com/news/articles/2010-10-19/chevron-exxon-shell-may-be-bidding-in-iraqi-gas-field-licensing-round
oil,"Nomura, Goldman Move FIG Bankers to Asia on Growth",2010-10-21,Bloomberg,"Nomura Holdings Inc., Goldman Sachs Group Inc. and Bank of America Corp. are moving investment bankers who specialize in advising financial-services...",https://www.bloomberg.com/news/articles/2010-10-22/nomura-goldman-move-bankers-to-asia-for-record-financial-firm-share-sales
oil,新日本理化 (4406 JP) ： 通期 業績予想修正,2010-10-28,Bloomberg,10月29日 （ブルームバーグ）: 新日本理化 (4406 JP) が発表した 3月31日 通期 単独 決算の業績予想修正は下記のとおり。,https://www.bloomberg.com/news/articles/2010-10-29/-4406-jp-in4pnjnp
oil,エアバスとロールス・ロイス、Ａ380のエンジン爆発事故で調査開始,2010-11-04,Bloomberg,欧州の航空機メーカー、エアバ スと、英エンジンメーカーのロールス・ロイス・グループは、豪カン タス航空が運航するエアバスの大型旅客機「Ａ380」が飛行中にロー...,https://www.bloomberg.co.jp/news/articles/2010-11-04/-a380--ig8d0w8f
oil,Innscor Africa to List Crocodile-Farming Unit on Nov. 29,2010-11-07,Bloomberg,"Innscor Africa Ltd., which has interests in fast-food chains, manufacturing and agriculture, said its crocodile-farming unit will begin trading on the Zimbabwe...",https://www.bloomberg.com/news/articles/2010-11-08/innscor-africa-plans-to-list-crocodile-farming-unit-in-zimbabwe-on-nov-29
oil,南陽 (7417 JP) ： 通期 業績予想修正,2010-11-08,Bloomberg,11月9日 （ブルームバーグ）: 南陽 (7417 JP) が発表した 3月31日 通期 単 独 決算の業績予想修正は下記のとおり。,https://www.bloomberg.com/news/articles/2010-11-09/-7417-jp-in4u4cmu
oil,中国工商銀行：中東、欧州で買収の可能性探る－ＦＴ紙,2010-11-08,Bloomberg,中国工商銀行は中東と欧州の主要都 市で支店の増設を計画している。英紙フィナンシャル・タイムズ （ＦＴ）が取材先を明示せずに報じた。同行はまた、欧州と中東で買収 の...,https://www.bloomberg.co.jp/news/articles/2010-11-08/LBL7XA6S972A01
oil,石油情報センター：ガソリン価格は前週比変わらずの132.3円（表）,2010-11-09,Bloomberg,石油情報センターは10日、 レギュラーガソリン１リットル当たりの全国平均小売価格（８日時点、 消費税込み）が前週比変わらずの132.3円になったと発表した。,https://www.bloomberg.co.jp/news/articles/2010-11-10/LBNKU51A74E901
oil,"High-Frequency Traders Lobby, Donate to Head Off U.S. Rules",2010-11-09,Bloomberg,They're looking to fend off tighter rules and appease lawmakers who say the firms disadvantage small investors and contribute to wild swings in stock prices.,https://www.bloomberg.com/news/articles/2010-11-09/high-frequency-firms-accelerate-lobbying-donations-to-head-off-u-s-rules
oil,Cameron Risks China Spat by Wearing Poppy During Trip,2010-11-10,Bloomberg,UK Prime Minister David Cameron resisted a request from Chinese officials yesterday to remove the poppy symbol that Britons wear every November in memory of...,https://www.bloomberg.com/news/articles/2010-11-09/cameron-risks-spat-with-chinese-by-wearing-poppy-during-visit-to-beijing
oil,日製麻 (3306 JP) ：中間期連結決算（一覧表）,2010-11-10,Bloomberg,日本製麻 (3306 JP) が発表した 9月30日 中間期 連結決算は以下のとおり。 （単位 ： 百万円）. 注） 「前回（通期）予想」 は、会社側が前に公表した業績見通し。,https://www.bloomberg.com/news/articles/2010-11-11/-3306-jp
oil,三菱電：独半導体メーカーVINCOTECH社を買収－パワー半導体事業強化,2010-11-29,Bloomberg,三菱電機は30日、独半導体メーカー のＶｉｎｃｏｔｅｃｈ社を買収すると発表した。全株式を取得すること で米Ｇｏｒｅｓ Ｇｒｏｕｐ，ＬＬＣと売買契約を結んだ。買収価格は 非公表で、12月末...,https://www.bloomberg.co.jp/news/articles/2010-11-30/LCOEIX6KLVR401
oil,11月の輸入車販売台数一覧表－日本自動車輸入組合（表）,2010-12-05,Bloomberg,日本自動車輸入 組合が発表した11月の輸入車販売台数の概要は以下の通り。 注：*日本メーカーの海外生産車を含む. 出所：日本自動車輸入組合. --編集： Marco Babic.,https://www.bloomberg.com/news/articles/2010-12-06/LCZHNP0D9L3501
oil,LVMH’s Louis Vuitton Challenges Copycat Bag Imports,2010-12-06,Bloomberg,"LVMH Moet Hennessy Louis Vuitton SA, the world's largest luxury-goods maker, filed a U.S. trade complaint seeking to block U.S. imports from China of...",https://www.bloomberg.com/news/articles/2010-12-06/louis-vuitton-files-u-s-trade-complaint-over-knockoff-handbags-from-china
oil,中国の１－11月の自動車販売台数は1640万台－新華社,2010-12-08,Bloomberg,中国の１－11月の自動車販売台数 は1640万台となった。国営通信社の新華社が中国自動車工業協会 （ＣＡＡＭ）の統計を引用して伝えた。 参考画面： 翻訳記事に関する翻訳者への...,https://www.bloomberg.com/news/articles/2010-12-09/-11-1640
oil,Galderma Agrees to Buy Q-Med to Gain Wrinkle Smoother Restylane,2010-12-13,Bloomberg,"Galderma SA, the Swiss maker of Cetaphil skin creams, agreed to buy Sweden's Q-Med AB for as much as 7.45 billion kronor ($1.08 billion) to add products...",https://www.bloomberg.com/news/articles/2010-12-13/galderma-agrees-to-acquire-q-med-for-1-1-billion-to-gain-wrinkle-smoother
oil,S&P ‘Incorrectly Analyzed’ Re-Remic Mortgage Bonds,2010-12-15,Bloomberg,Standard & Poor's said it may downgrade 1196 securities tied to U.S. residential mortgages after it “incorrectly analyzed” the bonds because of the way...,https://www.bloomberg.com/news/articles/2010-12-15/s-p-says-it-incorrectly-analyzed-re-remic-mortgage-bonds
oil,"Qatar World Cup Won’t Mean Significant Debt Increase, S&P Says",2010-12-22,Bloomberg,"Qatar won't register a “significant” increase in sovereign debt to build stadiums, rail networks, roads and other infrastructure for soccer's 2022 World Cup...",https://www.bloomberg.com/news/articles/2010-12-22/qatar-world-cup-won-t-mean-significant-debt-increase-s-p-says
oil,東芝：佐々木社長、トルコ原発建設に向け電力各社に協力要請へ－読売,2010-12-30,Bloomberg,東芝の佐々木則夫社長はインタビュ ーで、建設に意欲を示すトルコでの原発で東京電力など電力各社に出資 と運転協力を求める考えを示したと31日付の読売新聞朝刊が報じ...,https://www.bloomberg.com/news/articles/2010-12-31/LE9RQ60UQVI901
oil,"Bastianich Runs Marathon, Drinks Wine, Loses Weight: Interview",2011-01-02,Bloomberg,"Restaurateur Joe Bastianich says he used to put down an entire cote de boeuf at two in the morning with his partner, Mario Batali. That ended when he decided...",https://www.bloomberg.com/news/articles/2011-01-03/joe-bastianich-runs-marathon-drinks-wine-loses-50-pounds-john-mariani
oil,"Saudi 2010 Output 8.4 Million Barrels/Day, U.S. Says",2011-01-04,Bloomberg,"Saudi Arabia pumped 8.4 million barrels a day of crude oil in 2010, 4.3 percent above its OPEC quota, as it used more crude to meet growing domestic demand,...",https://www.bloomberg.com/news/articles/2011-01-05/saudi-arabia-s-2010-oil-production-exceeded-opec-quota-by-4-3-u-s-says
oil,日本の11月家計消費状況調査（表）,2011-01-06,Bloomberg,総務省が発表した11月の 家計消費状況調査の概要は以下の通り。この統計は、購入頻度が 少ない高額商品・サービスなどへの消費の実態を調査したもので ある。,https://www.bloomberg.co.jp/news/articles/2011-01-07/LEN0461A74E901
oil,"China 2010 Auto Sales Reach 18 Million, Extend Lead",2011-01-10,Bloomberg,China's vehicle sales jumped 32 percent in 2010 as government stimulus measures and economic growth helped the nation stay the world's largest auto market...,https://www.bloomberg.com/news/articles/2011-01-10/china-2010-auto-sales-reach-18-million-extend-lead-update1-
oil,DuPont Acquires Enzyme Maker Danisco for $5.8 Billion,2011-01-10,Bloomberg,"DuPont Co. agreed to acquire Danisco A/S for $5.8 billion, beating approaches from rival suitors for the Danish maker of enzymes used in food and biofuels.",https://www.bloomberg.com/news/articles/2011-01-10/dupont-to-acquire-danisco-for-6-3-billion
oil,Paramo to Halt Pardubice Oil Refinery on Low Margins,2011-01-14,Bloomberg,Unipetrol AS's Paramo unit will temporarily halt its Pardubice oil refinery in the Czech Republic a month earlier than planned because of low margins from...,https://www.bloomberg.com/news/articles/2011-01-14/paramo-to-halt-pardubice-oil-refinery-on-low-margins-update1-
oil,Zimbabwe Issues Flood Warning as Rains Sweep Southern Africa,2011-01-19,Bloomberg,"Zimbabwe's meteorological department and Civil Protection Unit issued flood warnings for low-lying areas, saying heavy rains and already saturated soils...",https://www.bloomberg.com/news/articles/2011-01-19/zimbabwe-issues-flood-warning-as-rains-sweep-southern-africa
oil,石油情報センター：ガソリン価格は前週比0.7円高の137.8円（表）,2011-01-25,Bloomberg,石油情報センターは26日、 レギュラーガソリン１リットル当たりの全国平均小売価格（24日時点、 消費税込み）が前週比0.7円高の137.8円になったと発表した。,https://www.bloomberg.co.jp/news/articles/2011-01-26/LFM5Z40UQVI901
oil,Alpha Natural Agrees to Buy Massey Energy for $7.1 Billion,2011-01-29,Bloomberg,"Alpha Natural Resources Inc., the third-biggest U.S. coal producer, agreed to buy Massey Energy Co. for about $7.1 billion in cash and stock,...",https://www.bloomberg.com/news/articles/2011-01-29/alpha-natural-agrees-to-buy-massey-energy-for-8-5-billion-in-cash-stock
oil,レーン欧州委員：より強力な行動が必要－ユーロ圏の債務危機対応で,2011-02-01,Bloomberg,欧州連合（ＥＵ）の行政執行機関、 欧州委員会のレーン委員（経済・通貨担当）は１日、ユーロ圏の債務危 機と闘うためにはより強力な行動が必要だと述べた。,https://www.bloomberg.co.jp/news/articles/2011-02-01/LFXM856KLVR501
oil,Putin Lauds ‘Erotic’ Student Models in GQ Interview,2011-02-01,Bloomberg,"Russian Prime Minister Vladimir Putin praised the female students who posed for an “erotic” calendar to honor his 58th birthday, telling model Naomi...",https://www.bloomberg.com/news/articles/2011-02-01/putin-lauds-erotic-student-models-in-gq-interview-update1-
oil,ＢＯＪ：当座預金残高と金融調節 ２月４日確報（表）,2011-02-06,Bloomberg,日本銀行（ＢＯＪ）が発表した 当座預金残高と金融調節の確報値は以下の通り。 （単位：兆円、％）,https://www.bloomberg.com/news/articles/2011-02-07/LG82V607SXKX01
oil,Troy Stratos Takes Money Running From Investors in Black Limos,2011-02-08,Bloomberg,"Troy David Stratos, self-described movie producer and music impresario, was peeved. The limousine that had come to pick him up from his hotel in Switzerland...",https://www.bloomberg.com/news/articles/2011-02-09/troy-stratos-takes-money-running-from-investors-always-in-black-limousines
oil,Level Global Hedge Fund to Close After FBI Raid,2011-02-11,Bloomberg,"Level Global Investors LP, among the hedge funds raided by the FBI in November as part of a federal insider-trading probe, decided to close and return cash...",https://www.bloomberg.com/news/articles/2011-02-11/level-global-investors-will-close-4-billion-hedge-fund-after-raid-by-fbi
oil,米週間小売売上高比較:ＩＣＳＣ・とレッドブック(表),2011-02-23,Bloomberg,【記者：Kristy Scheuble】. ２月 23日 (ブルームバーグ) -- 国際ショッピングセンター評議会 （ＩＣＳＣ）とジョンソン・レッドブックの米国週間小売売上高（比較） は次の通り...,https://www.bloomberg.com/news/articles/2011-02-23/LH2PC707SXKZ01
oil,Monks’ Bitter Brew Becomes Trendy Amaro Cocktails: John Mariani,2011-02-27,Bloomberg,"I had just sat down at a restaurant named Caval d'Brons, set above Turin's Piazza San Carlo, and ordered Piedmontese specialties like tiny meat-stuffed...",https://www.bloomberg.com/news/articles/2011-02-28/medieval-monks-bitter-brew-becomes-trendy-amaro-cocktails-john-mariani
oil,Westfield Founder Frank Lowy Gives Sons Executive Control,2011-03-01,Bloomberg,Australia's richest man Frank Lowy will step down as executive chairman of Westfield Group and hand day to day control of the company he founded in 1959 to...,https://www.bloomberg.com/news/articles/2011-03-01/westfield-s-frank-lowy-to-become-non-executive-chairman-names-joint-ceos
oil,石油情報センター：ガソリン価格は前週比0.9円高の139円（表）,2011-03-01,Bloomberg,石油情報センターは２日、 レギュラーガソリン１リットル当たりの全国平均小売価格（28日時点、 消費税込み）が前週比0.9円高の139円になったと発表した。,https://www.bloomberg.co.jp/news/articles/2011-03-02/LHEZA70YHQ0X01
oil,台湾の日盛金控、新生銀行との覚書に署名－資金面での提携拡大で,2011-03-08,Bloomberg,台湾の金融持ち株会社、日盛金控は 新生銀行との間で、資金面での提携拡大に向けた覚書に署名した。日 盛金控が８日、台湾証券取引所向けの発表資料で明らかにした。,https://www.bloomberg.co.jp/news/articles/2011-03-08/LHRDN40D9L3501
oil,１月特定サービス産業動態統計調査の一覧表－経産省,2011-03-09,Bloomberg,経済産業省が発表した特定サービス産業 動態統計調査の一覧表は以下の通り。 *経済産業省のデータをもとにブルームバーグニュースによって集計 学習塾のデータは2004...,https://www.bloomberg.co.jp/news/articles/2011-03-10/LHTROK07SXKX01
oil,Tomy Agrees to Buy RC2 to Add Thomas the Tank Engine Toys,2011-03-10,Bloomberg,"Tomy Co., the Japanese maker of Transformers and Pokemon toys, agreed to buy RC2 Corp. for $640 million to add Thomas the Tank Engine products in North...",https://www.bloomberg.com/news/articles/2011-03-11/tomy-to-pay-as-much-as-640-million-for-thomas-the-tank-engine-maker-rc2
oil,大阪ガス－２月ガス販売量：統計概要（表）,2011-03-16,Bloomberg,大阪ガスが発表した ２月のガス販売量の詳細は以下の通り。 出所：大阪ガス. --編集：Marco Babic. リンクをコピーする. この記事は ブルームバーグ ターミナル で先に...,https://www.bloomberg.co.jp/news/articles/2011-03-17/LI6DFX1A1I4H01
oil,Vitol Moves Staff to Dubai From Bahrain on Political Unrest,2011-03-17,Bloomberg,"Vitol Group, the world's largest independent oil trader, moved employees out of Bahrain amid police crackdowns on anti-government protesters this week,...",https://www.bloomberg.com/news/articles/2011-03-17/vitol-moves-staff-to-dubai-from-bahrain-on-political-unrest-1-
oil,Buffett Generates $3.7 Billion on 2008 Goldman Sachs Investment,2011-03-18,Bloomberg,"Warren Buffett's Berkshire Hathaway Inc. has made about $3.7 billion, including paper profits, from its $5 billion investment in Goldman Sachs Group Inc. at...",https://www.bloomberg.com/news/articles/2011-03-18/buffett-generates-3-7-billion-from-goldman-investment-made-during-crisis
oil,Lehman Hong Kong Minibond Holders Offered Higher Settlement,2011-03-28,Bloomberg,Hong Kong holders of Lehman Brothers Holdings Inc.-linked structured notes may get as much as 96.5 percent of their money back as banks make a second attempt...,https://www.bloomberg.com/news/articles/2011-03-27/lehman-structured-note-holders-in-hong-kong-to-get-back-80-of-principal
oil,"Shoprite Cleared by Zambia Competition Regulator, Reuters Says",2011-03-29,Bloomberg,"Shoprite Holdings Ltd. was cleared by Zambia's competition and consumer protection commission on allegations that it abused its market power,...",https://www.bloomberg.com/news/articles/2011-03-29/shoprite-cleared-by-zambia-competition-regulator-reuters-says
oil,死者・不明２万7664人、東日本大震災、午後４時現在－警察庁,2011-04-04,Bloomberg,東日本大震災による被害は４日午 後４時現在、死者１万2175人、行方不明１万5489人の計２万7664 人になった。警察庁がウェブサイトで発表した。,https://www.bloomberg.co.jp/news/articles/2011-04-04/LJ4AYI1A1I4H01
oil,３月のユーロ圏総合景気指数：統計概要（表）,2011-04-05,Bloomberg,３月のユーロ圏の 総合景気指数（製造業およびサービス）の概要は以下の通り。,https://www.bloomberg.com/news/articles/2011-04-05/LJ66AK1A74E901
oil,‘Octopussy’ Zvi Goffer Watches Raj Rajaratnam Insider Trial,2011-04-12,Bloomberg,The gallery at the Raj Rajaratnam insider-trading trial attracts many of the same onlookers each day. None may be more interested in the outcome than a...,https://www.bloomberg.com/news/articles/2011-04-12/-octopussy-goffer-watches-rajaratnam-insider-trading-trial-from-gallery
oil,"Jesus Crucifixion Nails May Have Been Found, Filmmaker Says",2011-04-12,Bloomberg,"Two ancient nails discovered in a Jerusalem archaeological excavation 20 years ago may have been those used to crucify Jesus, filmmaker Simcha Jacobovici says.",https://www.bloomberg.com/news/articles/2011-04-12/nails-used-to-crucify-jesus-may-have-been-found-filmmaker-says-in-israel
oil,"Putin Prefers German Cars, Drives Audi One Week, BMW the Next",2011-04-13,Bloomberg,"Russian Prime Minister Vladimir Putin said he enjoys driving German cars, alternating between Audi and BMW models.",https://www.bloomberg.com/news/articles/2011-04-13/putin-prefers-german-cars-drives-audi-one-week-bmw-the-next
oil,UBA of Nigeria Heads for One-Week High on Bonus Share Plan,2011-04-15,Bloomberg,"United Bank for Africa Plc, a Nigerian lender, headed for the highest close in more than a week after saying it plans to issue bonus shares and as profit...",https://www.bloomberg.com/news/articles/2011-04-15/uba-of-nigeria-heads-for-one-week-high-on-bonus-share-plan
oil,Team Sarkozy Strategizes Over 3-Star Feasts: A. Craig Copetas,2011-04-17,Bloomberg,"Finally, a restaurant where people understand the political importance of a whipped veal-tongue lollipop dipped in seaweed butter.",https://www.bloomberg.com/news/2011-04-17/team-sarkozy-strategizes-over-3-star-feasts-a-craig-copetas.html
oil,Why Barbie Flopped in Shanghai,2011-04-21,Bloomberg,"Mattel (MAT) opened its first free-standing Barbie store in China in March 2009—a giant, 36000-square-foot edifice in a six story building on Shanghai's...",https://www.bloomberg.com/news/articles/2011-04-21/why-barbie-flopped-in-shanghai
oil,Oracle’s Catz Takes on CFO Duties After Epstein Steps Down,2011-04-25,Bloomberg,"Oracle Corp., the world's second-largest software maker, said co-President Safra Catz will assume the duties of chief financial officer following the...",https://www.bloomberg.com/news/articles/2011-04-25/oracle-president-safra-catz-to-assume-role-as-cfo-after-epstein-departure
oil,Facebook Drives SecondMarket Broking $1 Billion Private Shares,2011-04-26,Bloomberg,"Barry Silbert was born to trade. By age 10, he was swapping baseball cards at collectors conventions. At 15, he plowed his savings into shares of Chromatics...",https://www.bloomberg.com/news/articles/2011-04-27/facebook-drives-secondmarket-broking-1-billion-private-shares
oil,"U.S. Stocks Drop as Oil, Silver Retreat; Dollar Index Gains",2011-05-02,Bloomberg,"U.S. stocks fell, pulling the Standard & Poor's 500 Index down from an almost three-year high, as declines in commodity producers overshadowed the killing...",https://www.bloomberg.com/news/articles/2011-05-02/s-p-500-futures-jump-oil-drops-on-bin-laden-s-death-yen-silver-decline
oil,ポルトガル：借り入れコスト上昇、３カ月物入札で11.2億ユーロ調達,2011-05-04,Bloomberg,ポルトガル政府が４日に実施した入 札で、３カ月物の借り入れコストは４月に比べ上昇した。,https://www.bloomberg.com/news/articles/2011-05-04/-11-2
oil,"Somalia’s Al-Shabaab Bans Smoking Cigarettes, Chewing Khat",2011-05-09,Bloomberg,"Somalia's al-Shabaab, an Islamic militant group that controls most of the southern and central parts of the country, banned smoking cigarettes and chewing...",https://www.bloomberg.com/news/articles/2011-05-09/somalia-s-al-shabaab-bans-smoking-cigarettes-chewing-khat
oil,Citic Group Agrees to Buy Gold One for South Africa Assets,2011-05-16,Bloomberg,"Citic Group, China's biggest state-owned investment company, and partners agreed to buy Gold One International Ltd. for about A$444 million ($469 million),...",https://www.bloomberg.com/news/articles/2011-05-16/chinese-state-investment-group-buys-gold-one-for-its-south-african-assets
oil,国庫短期証券３カ月物の過去の入札結果（表）,2011-05-24,Bloomberg,国庫短期証券３カ月物の 結果は下記の通り。（金額の単位は１兆円、利回りは％）. --編集：Marco Babic. Copy Link. Save. Contact us: Provide news feedback or report an...,https://www.bloomberg.com/news/articles/2011-05-25/LLQFFA07SXKX01
oil,Strauss-Kahn Lawyer Brafman Defended Mobsters and Rappers,2011-05-26,Bloomberg,"Former International Monetary Fund chief Dominique Strauss-Kahn's criminal defense is in good hands, if a convicted racketeer is to be believed.",https://www.bloomberg.com/news/articles/2011-05-26/strauss-kahn-lawyer-brafman-defended-rappers-mobsters-michael-jackson
oil,Draghi Faces 50% Pay Cut When He Succeeds Trichet as ECB Head,2011-05-31,Bloomberg,Bank of Italy governor Mario Draghi will face a pay cut of 50 percent when he replaces Jean-Claude Trichet as president of the European Central Bank in...,https://www.bloomberg.com/news/articles/2011-05-31/draghi-faces-50-pay-cut-as-ecb-head
oil,Asia Naphtha Ends Rally; Shell Buys in Singapore: Oil Products,2011-05-31,Bloomberg,"Asia naphtha fell for the first time in 11 months as the crack spread narrowed. Royal Dutch Shell Plc bought cargoes of naphtha, gasoline and gasoil in...",https://www.bloomberg.com/news/articles/2011-05-31/asia-naphtha-ends-rally-shell-buys-in-singapore-oil-products
oil,石油情報センター：ガソリン価格は前週比1.0円安の148.5円（表）,2011-05-31,Bloomberg,石油情報センターは１日、 レギュラーガソリン１リットル当たりの全国平均小売価格（30日時点、 消費税込み）が前週比1.0円安の148.5円になったと発表した。,https://www.bloomberg.co.jp/news/articles/2011-06-01/LM3I180D9L3501
oil,"RHB Hits 14-Year High as Maybank, CIMB Start Takeover Fight",2011-06-01,Bloomberg,"RHB Capital Bhd. surged to a 14-year high after CIMB Group Holdings Bhd. and Malayan Banking Bhd. won central bank approval to begin separate merger talks,...",https://www.bloomberg.com/news/articles/2011-05-31/cimb-maybank-get-nod-to-start-merger-talks-with-malaysia-s-rhb-capital
oil,‘Intellectual Meat Market’ Makes Washington Long Odds for Women,2011-06-02,Bloomberg,Christy McConville has some advice for women in Washington who are frustrated with the dating scene in the nation's capital: Leave town.,https://www.bloomberg.com/news/articles/2011-06-03/-intellectual-meat-market-makes-washington-long-odds-for-women
oil,日本債券：30年利付国債の過去の入札結果（表）,2011-06-06,Bloomberg,最近、入札が行われた30年利付 国債の結果は下記の通り。（金額の単位は10億円、利回りは％）,https://www.bloomberg.co.jp/news/articles/2011-06-07/-30-in63sz7k
oil,‘Slow Poison’ Chokes Indian Workers Feeding $7 Slum Roof Demand,2011-06-07,Bloomberg,One thing Rajendra Pevekar remembers from falling asleep on his father's chest as a child is the smell of burnt plastic and the shiny specks of dust...,https://www.bloomberg.com/news/articles/2011-06-07/-slow-poison-chokes-indian-workers-feeding-7-slum-roof-demand
oil,Billionaire Cisneros to Team With China Banks in Commodities,2011-06-17,Bloomberg,Venezuelan billionaire Gustavo Cisneros is setting up joint ventures with Chinese banks to carry out investment in Latin American commodities industries.,https://www.bloomberg.com/news/articles/2011-06-17/billionaire-cisneros-to-team-with-china-banks-in-latin-america
oil,Goldman Sachs Fined by ICE Exchange for ‘Disorderly’ Trading,2011-06-20,Bloomberg,"Goldman Sachs Group Inc. was fined 25000 pounds ($40000) by the ICE Futures Europe exchange for “disorderly” oil trading, the London-based exchange said.",https://www.bloomberg.com/news/articles/2011-06-20/goldman-sachs-fined-by-ice-exchange-for-disorderly-trading-1-
oil,$20 Million Bill May Thwart Singapore Medical Ambition,2011-06-23,Bloomberg,It's a S$24.8 million ($20 million) medical bill that shocked oil-rich Brunei and may hinder Singapore's bid to become a top medical-tourist destination.,https://www.bloomberg.com/news/articles/2011-06-20/brunei-royalty-s-20-million-bill-may-thwart-singapore-s-medical-ambitions
oil,Prada Little Changed on Debut After Pricing Near Low End,2011-06-24,Bloomberg,"Prada SpA was little changed on its debut after completing Hong Kong's biggest initial public offering this year, bucking the trend of declines for newly...",https://www.bloomberg.com/news/articles/2011-06-24/prada-gains-in-hong-kong-debut-as-stocks-rally-on-oil-drop
oil,Transocean: No Apologies Over Gulf Oil Spill,2011-06-30,Bloomberg,That Transocean would try to deflect blame isn't surprising. ... They are wrestling over who will get stuck with tens of billions of dollars in environmental and...,https://www.bloomberg.com/news/articles/2011-06-30/transocean-no-apologies-over-gulf-oil-spill
oil,Russia to Export Siberian Light Crude From Novorossiysk in July,2011-07-01,Bloomberg,"Russia plans to ship two cargoes totaling 160000 metric tons of Siberian Light crude from its Black Sea port of Novorossiysk in July, according to a loading...",https://www.bloomberg.com/news/articles/2011-07-01/russia-to-export-siberian-light-crude-from-novorossiysk-in-july
oil,スイスのロンバー:日本の富裕層業務､2000億円目標－地銀と提携拡大へ,2011-07-04,Bloomberg,スイスの老舗プライベートバンクで あるロンバー・オディエ・ダリエ・ヘンチは、日本の富裕層向けビジネ スを強化する。地方銀行との提携拡大などを通じ、年間４－５％の利...,https://www.bloomberg.co.jp/news/articles/2011-07-04/LNN82U0YHQ0X01
oil,"Biofuel Use in Germany Plunges as Oilseeds Gain, Oil World Says",2011-07-05,Bloomberg,"Ethanol mixed into fuel fell by 11 percent in the year through April as Germans shunned the product, according to the report. Biofuel production totaled 194,000...",https://www.bloomberg.com/news/articles/2011-07-05/biofuel-use-in-germany-plunges-as-oilseeds-gain-oil-world-says
oil,東芝：韓国ハイニックスとＭＲＡＭ技術を共同開発,2011-07-12,Bloomberg,東芝は13日、韓国ハイニックスと ＭＲＡＭ（磁気抵抗変化型ランダムアクセスメモリ）技術の共同開発で 合意したと発表した。,https://www.bloomberg.com/news/articles/2011-07-13/LO9AYS6JTSEA01
oil,Opti Canada Files for Bankruptcy Protection as Cash Dwindles,2011-07-13,Bloomberg,"Opti Canada Inc., the oil producer whose shares have declined 82 percent this year, filed for bankruptcy protection in Alberta as the company runs out of...",https://www.bloomberg.com/news/articles/2011-07-13/opti-canada-files-for-bankruptcy-protection-from-creditors-as-cash-drops
oil,Mitsui to Make Offer for Singapore’s Portek to Expand Ports,2011-07-13,Bloomberg,"Mitsui & Co., Japan's most acquisitive company, plans to offer about S$221 million ($180 million) for Portek International Ltd. to expand its logistics...",https://www.bloomberg.com/news/articles/2011-07-13/mitsui-to-make-offer-for-singapore-s-portek-international-to-expand-ports
oil,"Pertamina Said to Buy Five Qua Iboe, Escravos Crude Oil Cargoes",2011-07-14,Bloomberg,"PT Pertamina, Indonesia's state oil company, bought two cargoes each of Nigerian Qua Iboe from Gunvor SA and Escravos crude from Vitol Group, according to...",https://www.bloomberg.com/news/articles/2011-07-14/pertamina-said-to-buy-five-qua-iboe-escravos-crude-oil-cargoes
oil,MKP Capital Co-Founder Maurice Perkins to Retire at Year-End,2011-07-28,Bloomberg,"Maurice “Chip” Perkins, co-founder of $4.5 billion hedge fund MKP Capital Management LLC, is retiring at the end of the year.",https://www.bloomberg.com/news/articles/2011-07-28/mkp-capital-co-founder-perkins-to-retire-from-hedge-fund-at-year-end
oil,Japan Tobacco to Pay $450 Million for Sudan Cigarette Maker,2011-07-29,Bloomberg,"Japan Tobacco Inc. agreed to pay $450 million for a cigarette maker operating in Sudan and oil-rich South Sudan, which gained independence this month after...",https://www.bloomberg.com/news/articles/2011-07-28/japan-tobacco-agrees-to-pay-450-million-for-sudan-cigarette-maker-haggar
oil,"Treasury Yields Fall to 2011 Lows Amid Deadlock, Slowing Growth",2011-07-29,Bloomberg,"Treasuries surged, driving 10- and 30-year yields to the lowest levels this year, as US lawmakers deadlocked over raising the debt limit and the economy grew...",https://www.bloomberg.com/news/articles/2011-07-30/treasury-yields-tumble-to-2011-lows-amid-deadlock-slowing-economic-growth
oil,香港株（終了）：上昇－米債務上限引き上げ合意を好感,2011-08-01,Bloomberg,香港株式相場は上昇。ハンセン指 数が３週間ぶりの高値で引けた。米上下両院の民主、共和両党指導部 が債務上限の引き上げと財政赤字削減で合意したことを受け、輸出関...,https://www.bloomberg.co.jp/news/articles/2011-08-01/LP8S3L0D9L3501
oil,イタリアは「デフォルトする運命」、英民間調査会社の予想－ＢＢＣ,2011-08-04,Bloomberg,英民間調査機関、経済ビジネスリ サーチセンター（ＣＥＢＲ）のダグ・マクウィリアムズ最高経営責任 者（ＣＥＯ）によると、イタリアは「デフォルト（債務不履行）する 運命」にある...,https://www.bloomberg.co.jp/news/articles/2011-08-04/LPDPXW6K50YK01
oil,Caveman Zezva’s 1.8-Million-Year Grin Forces Rewrite of History,2011-08-08,Bloomberg,"The history of human evolution needs to be rewritten. This is the view of David Lordkipanidze, who claims his discovery of the bones of a couple known as...",https://www.bloomberg.com/news/articles/2011-08-08/caveman-zezva-has-1-8-million-year-grin-forces-georgia-to-rewrite-history
oil,"Corton’s Brilliant Salads, Ripert’s Fish: Dine & Deal in N.Y.C.",2011-08-09,Bloomberg,"Thomas Keller's Per Se is axiomatically the best choice for a New York client dinner because it is, after all, Per Se. On the other hand, it will set your...",https://www.bloomberg.com/news/articles/2011-08-10/corton-s-brilliant-salads-ripert-s-fluke-with-yuzu-dine-deal-in-n-y-c-
oil,Singapore Tightens Foreign Worker Rules After Poll Backlash,2011-08-14,Bloomberg,Singapore Prime Minister Lee Hsien Loong will expand public housing and medical benefits and tighten curbs on foreign workers.,https://www.bloomberg.com/news/articles/2011-08-14/singapore-foreign-worker-rules-tightened-as-lee-keeps-thrust-of-policies-
oil,"Intel, Goldman Sachs-Backed SpectraWatt Files for Bankruptcy",2011-08-23,Bloomberg,"SpectraWatt Inc., a closely held solar cell manufacturer backed by units of Intel Corp. and Goldman Sachs Group Inc., filed for Chapter 11 bankruptcy...",https://www.bloomberg.com/news/articles/2011-08-23/intel-goldman-sachs-backed-solar-company-files-for-bankruptcy
oil,Maine’s ‘Rockefeller Country’ Home Values Make the Rich Richer,2011-08-24,Bloomberg,"The Rockefellers, the Morgans and the Astors, the most powerful Gilded Age families, knew how to pick real estate. The worth of the properties they once...",https://www.bloomberg.com/news/articles/2011-08-25/maine-s-rockefeller-country-home-values-make-the-rich-richer
oil,Mandarin Chinese Most Useful Business Language After English,2011-08-30,Bloomberg,"Mandarin, spoken by 845 million people, scored highest in a ranking of languages, excluding English, based on business usefulness.",https://www.bloomberg.com/news/articles/2011-08-30/mandarin-chinese-most-useful-business-language-after-english-1-
oil,民主党幹事長に輿石氏の起用内定－共同,2011-08-30,Bloomberg,民主党幹事長に輿石氏の起用内定－共同. Gift this article. Add us on Google. Contact us: Provide news feedback or report an error · Confidential tip?,https://www.bloomberg.com/news/articles/2011-08-30/LQQDJX6JTSED01
oil,"Releasing 70,000 Psychiatric Patients Shows Japan Debt Task",2011-09-14,Bloomberg,"In the hallway of St. Pierre Psychiatric Hospital north of Tokyo, an elderly woman sits on the floor next to a bulging brown duffle bag, her arms wrapped...",https://www.bloomberg.com/news/articles/2011-09-13/releasing-70-000-japanese-psychiatric-patients-shows-noda-s-debt-challenge
oil,Coca-Cola to Open First Concentrate Plant in Singapore,2011-09-14,Bloomberg,"Coca-Cola Co., the world's largest soft-drinks maker, will open its first concentrate manufacturing plant in Singapore to supply the Asia-Pacific region.",https://www.bloomberg.com/news/articles/2011-09-13/coca-cola-to-build-first-concentrate-plant-in-singapore
oil,日本医療：ＭＢＯで株式非公開化,2011-09-15,Bloomberg,エヌ・シー・ホールディングスが１ 株530円でＴＯＢすると発表した。,https://www.bloomberg.com/news/articles/2011-09-16/LRLRWJ6KLVR401
oil,石油情報センター：ガソリン価格は前週比0.8円安の145.8円（表）,2011-09-21,Bloomberg,石油情報センターは22日、 レギュラーガソリン１リットル当たりの全国平均小売価格（20日時点、 消費税込み）が前週比0.8円安の145.8円になったと発表した。,https://www.bloomberg.co.jp/news/articles/2011-09-22/LRWRRK1A74E901
oil,Canada’s Dollar Reaches 2011 Low as Fed Cites ‘Downside Risks’,2011-09-21,Bloomberg,"Canada's dollar fell to the weakest level versus its U.S. counterpart this year, exceeding parity, as the Federal Reserve cited “significant downside risks”...",https://www.bloomberg.com/news/articles/2011-09-21/canada-s-dollar-pares-drop-as-annual-inflation-rises-in-august
oil,Obama-Backing Billionaire’s Charity Sought Solyndra in Tulsa,2011-09-26,Bloomberg,"George B. Kaiser, a billionaire oilman whose foundation has the biggest stake in failed solar-panel maker Solyndra LLC, might have had more than money tied...",https://www.bloomberg.com/news/articles/2011-09-26/oil-billionaire-s-charity-backing-obama-sought-solyndra-in-tulsa
oil,ダイキン工の目標株価2499円に引き下げ－三菱Ｕモルガン,2011-09-27,Bloomberg,従来は3200円。投資判断「アウトパ フォーム」は継続した。,https://www.bloomberg.com/news/articles/2011-09-27/LS7EC86KLVRB01
oil,India’s Government 91-Day T-Bill Auction History,2011-09-28,Bloomberg,Following is a history of India's government 91-day treasury bill auctions. Rupee amounts are in billions.,https://www.bloomberg.com/news/articles/2011-09-28/india-s-government-91-day-t-bill-auction-history-table-
oil,米国のマネーサプライ９月19日：（表）,2011-09-29,Bloomberg,米連邦準備制度理事会（ＦＲＢ）が 発表したマネーサプライ（通貨供給量）統計の概要は次の通り。,https://www.bloomberg.com/news/articles/2011-09-29/LSAWLI0UQVI901
oil,Chevron’s Solar-Powered Oil Extraction Begins in California,2011-10-03,Bloomberg,"Chevron Corp., the second-largest U.S. oil company, began extracting crude from a southern California field using steam produced by a 29-megawatt...",https://www.bloomberg.com/news/articles/2011-10-03/chevron-using-solar-thermal-steam-at-enhanced-oil-recovery-plant
oil,Review: 2012 BMW 135i Convertible,2011-10-04,Bloomberg,"Up Front. Last spring, while taking a bunch of cars on quick test-drives back to back, I had an epiphany: Tooling around in a BMW (BMWA) convertible on a...",https://www.bloomberg.com/news/articles/2011-10-04/review-2012-bmw-135i-convertible
oil,日本工作機械工業会：９月の工作機械受注額（改定値）一覧表,2011-10-17,Bloomberg,日本工作機械工業会が発表した 工作機械受注額（改定値）は次の通り。,https://www.bloomberg.com/news/articles/2011-10-18/LT8ZHF07SXKX01
oil,Bicycle Storage Solutions for a Bike-Crazed World,2011-10-17,Bloomberg,"Space for bicycles on streets and in apartments is tight, but storage options are growing.",https://www.bloomberg.com/news/articles/2011-10-17/bicycle-storage-solutions-for-a-bike-crazed-world
oil,"Crown Prince Sultan, Saudi Arabia’s Defense Minister, Has Died",2011-10-21,Bloomberg,"Crown Prince Sultan bin Abdulaziz Al Saud, Saudi Arabia's deputy prime minister and minister of defense and aviation, has died.",https://www.bloomberg.com/news/articles/2011-10-22/saudi-arabia-s-sultan-heir-to-throne-of-main-world-oil-supplier-has-died
oil,"Evercore’s Houston Push Pays Off in Plains, Kinder Morgan Deals",2011-10-24,Bloomberg,Evercore Partners Inc. is winning mandates on the year's biggest oil and gas deals after being virtually nowhere in the industry as recently as two years ago.,https://www.bloomberg.com/news/articles/2011-10-24/evercore-s-houston-push-pays-off-in-plains-kinder-morgan-deals
oil,"Ex-Pentagon Matchmaker, Pritzker Open Firm for Deals in Iraq",2011-10-28,Bloomberg,"Paul Brinkley, the former U.S. Defense Department official who sought to attract companies to Iraq and Afghanistan, started an investment and advisory firm...",https://www.bloomberg.com/news/articles/2011-10-28/ex-pentagon-matchmaker-opens-pritzker-backed-firm-for-iraq-deals
oil,Mets Moving Citi Field Fence as Much as 12 Feet Closer to Plate,2011-10-31,Bloomberg,The New York Mets are moving the outfield fences at Citi Field closer to home plate and lowering the height of the home-run line to increase offense in the...,https://www.bloomberg.com/news/articles/2011-10-31/mets-moving-citi-outfield-field-fences-as-much-as-12-feet-closer-to-plate
oil,Why Tokyo's Privately Owned Rail Systems Work So Well,2011-10-31,Bloomberg,Large cities with cash-strapped transit agencies would do well to study Japan's rail history.,https://www.bloomberg.com/news/articles/2011-10-31/why-tokyo-s-privately-owned-rail-systems-work-so-well
oil,Syria Crackdown Gets Italy Firm’s Aid With U.S.-Europe Spy Gear,2011-11-03,Bloomberg,"As Syria's crackdown on protests has claimed more than 3000 lives since March, Italian technicians in telecom offices from Damascus to Aleppo have been busy...",https://www.bloomberg.com/news/articles/2011-11-03/syria-crackdown-gets-italy-firm-s-aid-with-u-s-europe-spy-gear
oil,日銀：Ｊ－ＲＥＩＴの買い入れ実施－７億円,2011-11-08,Bloomberg,日本銀行は８日、不動産投資信託 （Ｊ－ＲＥＩＴ）の買い入れを実施したと発表した。買入額は７億円。,https://www.bloomberg.com/news/articles/2011-11-08/LUC3OA6JTSE801
oil,Singapore Doctor Urges Court to Stop $19 Million Bill Probe,2011-11-09,Bloomberg,"Susan Lim, the Singapore doctor who billed a member of Brunei's royal family S$24.8 million ($19 million) for seven months of treatment, urged an appeal court...",https://www.bloomberg.com/news/articles/2011-11-10/singapore-doctor-urges-court-to-stop-probe
oil,ニプロ：社債の発行登録を実施－500億円,2011-11-20,Bloomberg,ニプロは500億円の社債の発行登録 を実施した。有効期間は29日から２年間。同社が21日、関東財務局に発 行登録書を提出した。,https://www.bloomberg.co.jp/news/articles/2011-11-21/LUZPT66TTDS201
oil,Gilead to Buy Pharmasset for $11 Billion to Win in Hepatitis,2011-11-21,Bloomberg,"Gilead Sciences Inc., the world's largest maker of HIV medicines, agreed to buy Pharmasset Inc. for about $11 billion, betting that its experimental...",https://www.bloomberg.com/news/articles/2011-11-21/gilead-to-acquire-pharmasset-for-11-billion-to-add-hepatitis-c-medicines
oil,Schusterman Caps Israel-to-Tulsa Oil Career With KKR Sale,2011-11-23,Bloomberg,"Stacy Schusterman, the only daughter of Oklahoma oil man Charles Schusterman, was studying abroad in Israel in 1983 when her father arrived to ask her a...",https://www.bloomberg.com/news/articles/2011-11-23/schusterman-caps-israel-to-tulsa-career-with-kkr-sale-correct-
oil,Smugglers Toast Apple in India as IPhone 4S Debut Still Late,2011-11-25,Bloomberg,"New Delhi shopkeeper Fari Khan is one of Apple Inc.'s biggest fans. Still, he won't be celebrating today when the company starts selling the iPhone 4S in...",https://www.bloomberg.com/news/articles/2011-11-24/smugglers-toast-apple-in-india-as-iphone-4s-debut-still-late
oil,"Saudi Manifa Oil Project to Cost $17 Billion, Aramco Says",2011-12-06,Bloomberg,"Saudi Manifa Oil Project to Cost $17 Billion, Aramco Says ... This article is for subscribers only. Saudi Arabia will spend about $17 billion developing the...",https://www.bloomberg.com/news/articles/2011-12-06/saudi-manifa-oil-project-to-cost-17-billion-aramco-says-2-
oil,The Geography of American Brands,2011-12-08,Bloomberg,Some U.S. cities have more top global brands than many large countries.,https://www.bloomberg.com/news/articles/2011-12-08/the-geography-of-american-brands
oil,タイ中銀総裁：現行の金利水準はＧＤＰ成長を支えられる,2011-12-15,Bloomberg,タイ中央銀行のプラサーン総裁は16 日、政策金利は過去約70年間で最悪の洪水に見舞われた同国の経済成長 を支えることが可能な水準にあるとの認識を示した。,https://www.bloomberg.co.jp/news/articles/2011-12-16/LWA6FL6TTDS001
oil,ギリシャ民間向けスワップ債、ＥＦＳＦ融資と同等に－カティメリニ紙,2011-12-18,Bloomberg,ギリシャの民間債権者向けに発行 される新たな国債へは欧州金融安定ファシリティー（ＥＦＳＦ）によ る総額300億ユーロ（約３兆400億円）の融資と同等の法的ステータ スが与え...,https://www.bloomberg.co.jp/news/articles/2011-12-19/LWFQKV07SXKX01
oil,ショイブレ独財務相：米国がＩＭＦに追加資金拠出の「可能性なし」,2011-12-19,Bloomberg,ドイツのショイブレ財務相は 19日、欧州債務危機に歯止めをかけるために国際通貨基金（ＩＭＦ） への米国の資金拠出を拡大することを米議会が承認する「可能性は ない」との...,https://www.bloomberg.co.jp/news/articles/2011-12-19/LWFX181A74E901
oil,日信工：長野県東御市の新工場の建設を３年程度延期,2011-12-19,Bloomberg,日信工業は20日、長野県東御市の新 工場の建設を３年程度延期し、2014年度末までをめどに建設構想を再検 討すると発表した。同社は同工場の建設を08年に決めたが、着工...,https://www.bloomberg.co.jp/news/articles/2011-12-20/LWHNJQ6JTSE801
oil,米チャーター・コム：トーマス・ラトリッジ氏を社長兼ＣＥＯに起用,2011-12-19,Bloomberg,米ケーブルテレビ（ＣＡＴＶ）運営 のチャーター・コミュニケーションズは19日、ケーブルビジョン・シス テムズで最高執行責任者（ＣＯＯ）を務めたトーマス・ラトリッジ氏を 社長...,https://www.bloomberg.co.jp/news/articles/2011-12-19/LWH3PC6K50YP01
oil,Iran Might Hurt Self Most by Closing Strait of Hormuz Oil Route,2011-12-28,Bloomberg,It would be relatively easy for Iran to make good on its threat to close the strategic waterway that carries oil tankers from the Persian Gulf -- and it...,https://www.bloomberg.com/news/articles/2011-12-28/closing-strait-of-hormuz-might-be-self-inflicted-wound-for-iran
oil,ロシアの12月サービス業購買担当者指数（ＰＭＩ）：（表）,2011-12-29,Bloomberg,ロシアのサービス業 購買担当者指数（ＰＭＩ）の概要は以下の通り。 注：50ポイントを上回れば生産活動の拡大、下回れば生産活動の縮小を意味する。,https://www.bloomberg.com/news/articles/2011-12-30/LX03BM1A74E901
oil,Mercuria Buys Upper Zakum Cargo From SK Energy; Dubai Falls,2011-12-29,Bloomberg,"Mercuria Energy SA bought 500000 barrels of Abu Dhabi's Upper Zakum crude for February loading from SK Innovation Co., according to a survey of traders who...",https://www.bloomberg.com/news/articles/2011-12-29/mercuria-buys-upper-zakum-cargo-from-sk-energy-dubai-falls
oil,"The Fading, Old-Timey Ads of New York City",2012-01-04,Bloomberg,"Frank Jump noticed his first ghost sign in Harlem. It was a towering, four-story tall series of blue ads painted on red brick, hawking a kind of all-purpose...",https://www.bloomberg.com/news/articles/2012-01-04/the-fading-old-timey-ads-of-new-york-city
oil,America's Healthiest Metros,2012-01-04,Bloomberg,"The New Year brings with it a renewed commitment to health and fitness. People across the country hit the gym, take up new diets and quit smoking to get in...",https://www.bloomberg.com/news/articles/2012-01-04/america-s-healthiest-metros
oil,"Daniel Drew, Pioneer of the Wall Street Conspiracy: Echoes",2012-01-06,Bloomberg,"On June 27, 1848, Daniel Drew found himself in court over insider trading. Not because it was illegal; there was no law against it at the time.",https://www.bloomberg.com/view/articles/2012-01-06/daniel-drew-pioneer-of-the-wall-street-conspiracy-echoes
oil,財務省：国債買入消却の結果 (表),2012-01-11,Bloomberg,国債買入消却の結果は下記の通り。（金額の単位は１億円 、利回りは％）. 出所：財務省. --編集：Teo Chian Wei. リンクをコピーする.,https://www.bloomberg.co.jp/news/articles/2012-01-12/LXO1103PWT1P01
oil,アドレジ投：投資口を発行－最大158億円調達,2012-01-11,Bloomberg,アドバンス・レジデンス投資法人 は、投資口を発行する。調達金額は最大158億円。同社が関東財務局に 提出した有価証券届出書で開示した。,https://www.bloomberg.com/news/articles/2012-01-12/LXOA2J6K50YK01
oil,石油情報センター：ガソリン価格は前週比変わらずの143.1円（表）,2012-01-17,Bloomberg,石油情報センターは18日、 レギュラーガソリン１リットル当たりの全国平均小売価格（16日時点、 消費税込み）が前週比変わらずの143.1円になったと発表した。,https://www.bloomberg.co.jp/news/articles/2012-01-18/LXZA5S0D9L3501
oil,National Australia Bank Opens First Indian Branch in Mumbai,2012-01-19,Bloomberg,"National Australia Bank Ltd., the nation's biggest lender to companies, opened its first Indian branch in Mumbai this month to tap demand for financial...",https://www.bloomberg.com/news/articles/2012-01-20/national-australia-bank-opens-first-indian-branch-in-mumbai
oil,Iran Said to Seek Yen Oil Payments From India Amid Sanctions,2012-01-23,Bloomberg,Iran Said to Seek Yen Oil Payments From India Amid Sanctions ... This article is for subscribers only. Iran has asked India to pay for oil partly in yen as the...,https://www.bloomberg.com/news/articles/2012-01-22/iran-said-to-seek-yen-oil-payment-from-india-amid-tighter-global-sanctions
oil,Buffett’s Burlington Northern Among Pipeline Winners,2012-01-25,Bloomberg,Warren Buffett's Burlington Northern Santa Fe LLC is among US and Canadian railroads that stand to benefit from the Obama administration's decision to reject...,https://www.bloomberg.com/news/articles/2012-01-23/buffett-s-burlington-northern-among-winners-in-obama-rejection-of-pipeline
oil,Bank of America’s Montag Hires Ex-Goldman Sachs Partner Sinha,2012-02-07,Bloomberg,"Bank of America Corp.'s Merrill Lynch unit, ranked sixth among advisers on takeovers announced globally last year, recruited former Goldman Sachs Group Inc.",https://www.bloomberg.com/news/articles/2012-02-08/bank-of-america-s-merrill-lynch-hires-goldman-sachs-former-partner-sinha
oil,A Native American Public Housing Project Returns to its Roots,2012-02-08,Bloomberg,"The Ohkay Owingeh Tribe and Pueblo in New Mexico has returned to its roots with an award-winning, mixed-income housing project based on traditional Native...",https://www.bloomberg.com/news/articles/2012-02-08/a-native-american-public-housing-project-returns-to-its-roots
oil,"Thomas Storrs, Who Set Stage for Bank of America, Dies at 93",2012-02-12,Bloomberg,"Thomas Storrs, whose determination to expand North Carolina National Bank beyond state borders laid the foundation for today's Bank of America Corp., has died....",https://www.bloomberg.com/news/articles/2012-02-13/thomas-storrs-who-set-stage-for-bank-of-america-in-1980s-dies-at-93
oil,"Saudi Aramco to Re-Open Oldest Field to Tap Heavy Oil, EIU",2012-02-16,Bloomberg,Saudi Arabian Oil Co. plans to re-open the Gulf kingdom's oldest oil field and produce there for the first time in 30 years as the company boosts output of...,https://www.bloomberg.com/news/articles/2012-02-16/saudi-aramco-to-re-open-oldest-field-to-tap-heavy-oil-eiu-says
oil,Cash Better Than Food Stamps in Helping Poor: Glaeser,2012-02-27,Bloomberg,Feb. 28 (Bloomberg) -- Newt Gingrich has been castigatedfor referring to President Barack Obama as the “best food-stamppresident in American history.,https://www.bloomberg.com/view/articles/2012-02-28/cash-better-than-food-stamps-in-helping-poor-commentary-by-edward-glaeser
oil,Exploring Alberta's Oil Sands,2012-02-28,Bloomberg,"Suncor Energy's (SU) Millenium oil sand mining-and-refining site, with its tailing pond and earthen dam, lies adjacent to the Athabasca River near Fort...",https://www.bloomberg.com/news/photo-essays/2012-02-28/exploring-albertas-oil-sands
oil,U.S. Was Net Oil-Product Exporter for First Time Since 1949,2012-02-29,Bloomberg,"U.S. Was Net Oil-Product Exporter for First Time Since 1949 ... This article is for subscribers only. The U.S. exported more gasoline, diesel and other fuels than...",https://www.bloomberg.com/news/articles/2012-02-29/u-s-was-net-oil-product-exporter-in-2011
oil,Goldman Sachs Debt Trader Callan Said to Leave After 15 Years,2012-03-02,Bloomberg,"Neil T. Callan, a managing director in Goldman Sachs Group Inc.'s fixed-income trading department in London, left the firm after 15 years, according to a...",https://www.bloomberg.com/news/articles/2012-03-02/goldman-sachs-debt-trader-callan-said-to-leave-after-15-years
oil,The Luxurious Lives of Preferred Travelers,2012-03-08,Bloomberg,"As president of Lucini Italia, a premium olive oil brand based in Miami, David Neuman frequently shuttles back and forth between Tuscany and South America.",https://www.bloomberg.com/news/articles/2012-03-08/the-luxurious-lives-of-preferred-travelers
oil,毎日１個のホットドッグ、死亡のリスク高める恐れ－調査,2012-03-12,Bloomberg,ホットドッグやベーコン、ハンバー ガーを日常的に食べた場合、心臓疾患、あるいはがんで死亡するリスク が最大21％上昇することが、赤身肉消費の健康への影響に関する...,https://www.bloomberg.co.jp/news/articles/2012-03-13/M0SQ476JIJUR01
oil,London Taxis' Next Stop: Azerbaijan,2012-03-15,Bloomberg,The Azerbaijani pop duo Ell & Nikki's victory in last year's Eurovision Song Contest has produced an unlikely beneficiary: a British taxi manufacturer.,https://www.bloomberg.com/news/articles/2012-03-15/london-taxis-next-stop-azerbaijan
oil,U.S. May Sanction India If It Doesn’t Cut Iran Oil Imports,2012-03-15,Bloomberg,"A decision to levy penalties under a new U.S. law restricting payments for Iranian oil could come as early as June 28, according to several U.S. officials who...",https://www.bloomberg.com/news/articles/2012-03-15/u-s-may-sanction-india-over-level-of-iran-oil-imports
oil,Goldman’s Brower Said to Leave as Wendy Sacks Quits Firm,2012-03-16,Bloomberg,"Goldman Sachs Group Inc. Managing Directors Cynthia A. “Cindy” Brower and Wendy E. Sacks, 19-year veterans who split a job in the credit-sales group, are...",https://www.bloomberg.com/news/articles/2012-03-16/goldman-s-brower-sacks-said-to-leave-after-19-years
oil,中国商務次官：人民元相場は基本的に安定し続ける,2012-03-22,Bloomberg,中国商務省の鐘山次官は23日、人民 元相場は基本的に安定し続けると述べた。北京でのフォーラムで語っ た。,https://www.bloomberg.com/news/articles/2012-03-23/M1BEPW6TTDSV01
oil,Augusta Energy Wins $750 Million Tanzania Tender to Supply Oil,2012-03-29,Bloomberg,"Augusta Energy Wins $750 Million Tanzania Tender to Supply Oil ... This article is for subscribers only. Augusta Energy SA, a Geneva-based oil trader, has for the...",https://www.bloomberg.com/news/articles/2012-03-29/augusta-energy-wins-750-million-tanzania-tender-to-supply-oil
oil,"Iran Sanctions Fuel ‘Junk for Oil’ Barter With China, India",2012-03-30,Bloomberg,"China, Iran's largest oil customer, already settles some of its oil debts through barter, Mahmoud Bahmani, Iran's central bank governor, said Feb. 28. Iran also...",https://www.bloomberg.com/news/articles/2012-03-29/india-and-china-skirt-iran-sanctions-with-junk-for-oil-
oil,Save Strategic Oil Reserves for When They're Really Needed,2012-03-31,Bloomberg,Stored oil is a powerful weapon in the war of wills with Iran.,https://www.bloomberg.com/news/articles/2012-03-31/save-strategic-oil-reserves-for-when-theyre-really-needed
oil,"Miguel de la Madrid, Who Led Mexico Amid Crisis, Dies at 77",2012-04-01,Bloomberg,"Miguel de la Madrid, the Harvard University-trained economist who was president of Mexico during a period of triple-digit inflation, has died. He was 77.",https://www.bloomberg.com/news/articles/2012-04-01/miguel-de-la-madrid-who-led-mexico-amid-inflation-dies-at-77
oil,"Fields of Glowing, Green Grass Grow in Madrid",2012-04-04,Bloomberg,"Radioactive Man would be happy to mow this luminous turf, an artistic statement against light pollution.",https://www.bloomberg.com/news/articles/2012-04-04/fields-of-glowing-green-grass-grow-in-madrid
oil,If Bill Gates Were Black...,2012-04-04,Bloomberg,"If Bill Gates were black, it would be less important that President Barack Obama is black. This is no slight to President Obama.",https://www.bloomberg.com/news/articles/2012-04-04/if-bill-gates-were-black
oil,"Chesapeake Sells $2.6 Billion in Assets to Blackstone, Exxon",2012-04-09,Bloomberg,"Chesapeake Energy Corp., the second-largest U.S. natural-gas producer, announced $2.6 billion in asset sales that will cut debt and fund drilling after...",https://www.bloomberg.com/news/articles/2012-04-09/chesapeake-energy-sells-2-6-billion-worth-of-assets
oil,"Finally, a Nano Car That Can Withstand Bullets and Grenades",2012-04-09,Bloomberg,"Tata Motors, the maker of the world's cheapest car, has unveiled an armored electric microcar that climbs stairs.",https://www.bloomberg.com/news/articles/2012-04-09/finally-a-nano-car-that-can-withstand-bullets-and-grenades
oil,Iranian Moshiri Becomes Billionaire Helping Russia’s Richest Man,2012-04-11,Bloomberg,"In 1989, Farhad Moshiri was an émigré in London pulling a paycheck at Deloitte & Touche when he met Alisher Usmanov. Now, after a two-decade alliance with...",https://www.bloomberg.com/news/articles/2012-04-10/iranian-moshiri-becomes-billionaire-helping-russia-s-richest-man
oil,Facebook Buys Instagram for $1 Billion,2012-04-12,Bloomberg,"On Apr. 9, Facebook agreed to pay $1 billion for Instagram, a free photo-sharing app for Android and iPhone that hasn't yet celebrated its second birthday.",https://www.bloomberg.com/news/articles/2012-04-12/facebook-buys-instagram-for-1-billion
oil,Recovery Begins in Michigan Town Burned by Manufacturing Losses,2012-04-17,Bloomberg,"After losing his truck-driving job in 2009, Anthony Gonzalez wondered whether he'd ever find work near Jackson, Michigan, where he's lived all his 38 years.",https://www.bloomberg.com/news/articles/2012-04-18/recovery-begins-in-michigan-town-burned-by-manufacturing-losses
oil,High Oil Prices Cut the Cost of Natural Gas,2012-04-19,Bloomberg,"There's an unprecedented price gap in the energy patch. Oil has traded above $100 a barrel since February, while natural gas prices have dropped below $2...",https://www.bloomberg.com/news/articles/2012-04-19/high-oil-prices-cut-the-cost-of-natural-gas
oil,Friedland Loses in Rio Mongolian ‘Chess Game’: Corporate Canada,2012-04-19,Bloomberg,"Twelve years after beginning his quest to build a copper mine in Mongolia's Gobi Desert, it's checkmate for Robert Friedland.",https://www.bloomberg.com/news/articles/2012-04-19/ivanhoe-ceo-loses-in-rio-chess-game-over-mongolia-mine
oil,"Iran Signs $1 Billion Mansouri Oilfield Agreement, Press TV Says",2012-05-01,Bloomberg,"By Ladane Nasseri. May 2 (Bloomberg) -- Iran signed yesterday a contract valued at $1 billion with two domestic companies to develop its Mansouri oil field,...",https://www.bloomberg.co.jp/news/articles/2012-05-02/M3DQFX1A1I4H01
oil,Trafigura Follows Raffles Into Heart of Asian Trade: Commodities,2012-05-02,Bloomberg,"Staff at Trafigura Group, the third-largest independent oil trader, are getting a real-time snapshot of demand in the top crude and metals-consuming region.",https://www.bloomberg.com/news/articles/2012-05-01/trafigura-following-raffles-into-heart-of-asian-trade
oil,Coca-Cola Is Looking for Its Lost Norman Rockwell Paintings,2012-05-02,Bloomberg,The soft-drink company has launched a campaign to locate three Norman Rockwell oil paintings that it commissioned from the famous illustrator in the 1920s and...,https://www.bloomberg.com/news/articles/2012-05-02/coca-cola-is-looking-for-its-lost-norman-rockwell-paintings
oil,How Brazil Is Making an Example of Chevron,2012-05-10,Bloomberg,"After an oil spill, Brazil has Chevron in its sights. Inside the fight surrounding some of the biggest untapped oil reserves in the world.",https://www.bloomberg.com/news/articles/2012-05-10/how-brazil-is-making-an-example-of-chevron
oil,The U.S. Navy's Underwater Drones,2012-05-10,Bloomberg,"Underwater mines are lurking in critical waterways around the world. Low-tech but highly destructive, they can blow up ships, destroy oil and natural gas...",https://www.bloomberg.com/news/articles/2012-05-10/the-u-dot-s-dot-navys-underwater-drones
oil,Unlocking the Crude Oil Bottleneck at Cushing,2012-05-16,Bloomberg,"Cushing developed as an oil trading center and then as the official price settlement point for West Texas Intermediate, the benchmark that most types of North...",https://www.bloomberg.com/news/articles/2012-05-16/unlocking-the-crude-oil-bottleneck-at-cushing
oil,Chesapeake Turns to Jefferies’ Eads in $28 Billion Deals: Energy,2012-05-18,Bloomberg,"When Chesapeake Energy Corp. Chief Executive Officer Aubrey McClendon went on an oil and natural gas buying spree, Ralph Eads was the banker who found the...",https://www.bloomberg.com/news/articles/2012-05-17/chesapeake-turns-to-jefferies-eads-in-28-billion-deals-energy
oil,A Hopeful Turn in the Chevron-Ecuador Fight,2012-05-22,Bloomberg,"For 19 years, lawyers representing residents of the rainforest in eastern Ecuador have fought in U.S. and Ecuadorean courts to try to force the American oil...",https://www.bloomberg.com/news/articles/2012-05-22/a-hopeful-turn-in-the-chevron-ecuador-fight
oil,The One Percent Smackdown,2012-05-31,Bloomberg,"The Twitterverse was treated to one of the great smackdowns in history yesterday. In response to hip-hop artist Drake's boast that ""your first million is...",https://www.bloomberg.com/news/photo-essays/2012-05-31/the-one-percent-smackdown
oil,Billionaire Morse Behind Curtain at Villages,2012-06-04,Bloomberg,"Billionaire H. Gary Morse, 75, controls almost every facet of life at the Villages, one of the world's largest retirement communities.",https://www.bloomberg.com/news/articles/2012-06-04/hidden-billionaire-morse-a-man-behind-curtain-at-villages
oil,"U.S. Exempts India, South Korea From Iran Oil Sanctions",2012-06-12,Bloomberg,"U.S. Exempts India, South Korea From Iran Oil Sanctions ... This article is for subscribers only. The U.S. added seven economies to the list of nations qualifying...",https://www.bloomberg.com/news/articles/2012-06-11/u-s-exempts-seven-countries-from-iran-oil-sanctions-1-
oil,Venezuela Passes Saudis to Hold World’s Biggest Oil Reserves,2012-06-14,Bloomberg,"Venezuela surpassed Saudi Arabia to become the world's largest holder of proven oil reserves, a resource that President Hugo Chavez promises to tap if he...",https://www.bloomberg.com/news/articles/2012-06-13/venezuela-overtakes-saudis-for-largest-oil-reserves-bp-says-1-
oil,Freaky Furniture of the Day: Human Hair Chairs,2012-06-14,Bloomberg,"Thanks to Swedish designer Ola Giertz, the stuff that sprouts from your head now can be a place to rest your butt.",https://www.bloomberg.com/news/articles/2012-06-14/freaky-furniture-of-the-day-human-hair-chairs
oil,"Centaurus Alumni Start Hedge Fund Under Whalley, Reuters Says",2012-06-14,Bloomberg,"Lawrence “Greg” Whalley is starting a new hedge fund called Copperwood with personnel from Centaurus Energy, a natural gas hedge fund shuttered in May.",https://www.bloomberg.com/news/articles/2012-06-14/centaurus-alumni-start-hedge-fund-under-whalley-reuters-says
oil,米国 ＩＣＳＣ 週間小売売上高：前週比0横ばい （表）,2012-06-19,Bloomberg,【記者：Kristy Scheuble】. ６月 19日（ブルームバーグ）: 米国際ショッピングセンター 評議会（ＩＣＳＣ）とゴールドマン・サックスがまとめた米週間小売売上高指数の 統計表は...,https://www.bloomberg.com/news/articles/2012-06-19/M5V47E0D9L3501
oil,Abbas Names Street After Putin in His Bethlehem Neighborhood,2012-06-26,Bloomberg,Palestinian Authority President Mahmoud Abbas named a street after Russian President Vladimir Putin near his residence in the West Bank town of Bethlehem.,https://www.bloomberg.com/news/articles/2012-06-26/abbas-names-street-after-putin-in-his-bethlehem-neighborhood
oil,Shark Oil for HIV Shot Takes Cue From Hemingway’s Old Man,2012-06-27,Bloomberg,Shark Oil for HIV Shot Takes Cue From Hemingway's Old Man ... This article is for subscribers only. The aging fisherman in Ernest Hemingway's novel “The Old Man...,https://www.bloomberg.com/news/articles/2012-06-26/shark-oil-for-aids-takes-cue-from-hemingway-s-old-man-health
oil,米国のブルームバーグ消費者信頼感指数：統計概要（表）,2012-06-28,Bloomberg,ブルームバーグがまとめた先週の 米消費者信頼感指数は上昇 となった。,https://www.bloomberg.com/news/articles/2012-06-28/M6AH310UQVI901
oil,M&S Loses Britain’s Largest Clothing Retailer Title to Next,2012-06-29,Bloomberg,Marks & Spencer Group Plc's reign as the U.K.'s largest clothing retailer by market value is over after it was overtaken this week by competitor Next Plc.,https://www.bloomberg.com/news/articles/2012-06-29/m-s-loses-britain-s-largest-clothing-retailer-title-to-next-1-
oil,インド：６月の製造業ＰＭＩ、55に上昇－４カ月ぶり高水準,2012-07-01,Bloomberg,インドの６月の製造業活動は、拡大 ペースが４カ月ぶりの高水準となった。インド準備銀行（中央銀行）は 今年、減速する国内景気のてこ入れを図るため政策金利の引き下げに...,https://www.bloomberg.co.jp/news/articles/2012-07-02/M6IORY6JTSE801
oil,Favorite Professors: Emory's Allison Burdette,2012-07-09,Bloomberg,"Allison Burdette, Goizueta Business School, Emory University, Undergrad, Courses Taught: Business 410: Legal Environment, better known as “B-Law,” as well as...",https://www.bloomberg.com/news/articles/2012-07-09/favorite-professors-emorys-allison-burdette
oil,Ocala Funding Files for Bankruptcy Protection in Florida,2012-07-10,Bloomberg,"Ocala Funding LLC, a financing vehicle used and controlled by failed Taylor Bean & Whitaker Mortgage Corp., filed for bankruptcy protection in Florida.",https://www.bloomberg.com/news/articles/2012-07-10/ocala-funding-files-for-bankruptcy-protection-in-florida
oil,"Winston & Strawn, Gibson Dunn, Skadden Arps: Business of Law",2012-07-11,Bloomberg,"DuPont Co., the most valuable U.S. chemical company, didn't tell investors for years that efforts to develop its own herbicide-tolerant soybean seeds had...",https://www.bloomberg.com/news/articles/2012-07-11/gibson-dunn-skadden-arps-fried-frank-business-of-law
oil,Abu Dhabi Exports First Pipeline Oil Bypassing Hormuz Strait,2012-07-16,Bloomberg,"International Petroleum Investment Co. spent $4.2 billion building the 423-kilometer (263-mile) link, Managing Director Khadem al-Qubaisi said at the ceremony...",https://www.bloomberg.com/news/articles/2012-07-15/abu-dhabi-exports-first-pipeline-oil-to-pakistani-refinery-1-
oil,"Scene Last Night: Poker’s Einhorn, Rogers, Harvard Models",2012-07-18,Bloomberg,"David Rogers, chief executive officer of JD Capital Management LLC, won the Reach Take 'Em to School Poker Tournament early this morning.",https://www.bloomberg.com/news/articles/2012-07-18/scene-last-night-einhorn-poker-winner-david-rogers-tepperman
oil,Favorite Professors: NYU's Charles Murphy,2012-07-23,Bloomberg,Favorite Professors: NYU's Charles Murphy. Favorite Professors: NYU's Charles Murphy. Photograph by Ewan Burns. Gift this article. Add us on Google.,https://www.bloomberg.com/news/articles/2012-07-23/favorite-professors-nyus-charles-murphy
oil,Three Seconds at 1972 Olympics Haunt U.S. Basketball,2012-07-23,Bloomberg,"Nikolai Beshkarev, chief of the basketball office of the Soviet Sport Games Department, rarely traveled abroad with the national team.",https://www.bloomberg.com/news/articles/2012-07-23/three-seconds-at-1972-olympics-haunt-u-s-basketball
oil,"Zambian President Sata Re-Assigns Ministers, Mail Reports",2012-07-26,Bloomberg,"Zambian President Michael Sata appointed Transport, Works, Supply and Communication Minister Yamfwa Mukanga to head the Mines, Energy and Water Development...",https://www.bloomberg.com/news/articles/2012-07-26/zambian-president-sata-re-assigns-ministers-mail-reports
oil,Favorite Professors: Notre Dame's Carl Ackermann,2012-07-30,Bloomberg,"Carl Ackermann, Mendoza College of Business, University of Notre Dame, Undergrad Courses Taught: Corporate Financial Management.",https://www.bloomberg.com/news/articles/2012-07-30/favorite-professors-notre-dames-carl-ackermann
oil,Tyson Gay Weeps After Ending World’s Fastest Race Without Medal,2012-08-05,Bloomberg,"Tyson Gay, the fastest man in U.S. history, broke down in tears as he left the track at London's Olympic Stadium without a medal hanging around his neck.",https://www.bloomberg.com/news/articles/2012-08-06/tyson-gay-weeps-after-ending-world-s-fastest-race-without-medal
oil,Billionaire Kwoks’ Charges Place Hong Kong Oligarchs Under Siege,2012-08-14,Bloomberg,Sky City Church is the perfect spot for billionaire Thomas Kwok to contemplate his two passions: religion and the family property empire.,https://www.bloomberg.com/news/articles/2012-08-14/kwoks-charges-place-hong-kong-oligarchs-under-siege
oil,Cost of College Degree in U.S. Soars 12 Fold: Chart of the Day,2012-08-15,Bloomberg,"The cost of obtaining a university education in the U.S. has soared 12 fold over the past three decades, a sign the educational system is in need of reform,...",https://www.bloomberg.com/news/articles/2012-08-15/cost-of-college-degree-in-u-s-soars-12-fold-chart-of-the-day
oil,Brevan Howard Loses Third Founder as Rokos Said to Leave,2012-08-17,Bloomberg,"Brevan Howard Asset Management LLP, the $36.7 billion hedge fund started a decade ago by Alan Howard, is losing its third co-founder in three years as Chris...",https://www.bloomberg.com/news/articles/2012-08-16/brevan-howard-co-founder-rokos-said-to-leave-hedge-fund
oil,How Volcker Launched His Attack on Inflation,2012-08-20,Bloomberg,"When Paul Volcker took over as president of the Federal Reserve Bank of New York on Aug. 1, 1975, he became a permanent member of the Federal Open Market...",https://www.bloomberg.com/view/articles/2012-08-20/how-volcker-launched-his-attack-on-inflation
oil,The Case for Separated Bike Lanes,2012-08-21,Bloomberg,"The other day, Doug Gordon decided to try a little bike lane experiment. Gordon, author of the Brooklyn Spoke blog, placed red plastic Solo cups (yes,...",https://www.bloomberg.com/news/articles/2012-08-21/the-case-for-separated-bike-lanes
oil,How Volcker Created a Gold Standard Without Gold,2012-08-21,Bloomberg,"On Aug. 14, 1979, a week after he took office as chairman of the Federal Reserve, Paul Volcker led his first meeting of the Federal Open Market Committee.",https://www.bloomberg.com/view/articles/2012-08-21/how-volcker-created-a-gold-standard-without-gold
oil,"Huggins, Who Built Candy Business for Buffett, Dies at 87",2012-08-22,Bloomberg,"Charles “Chuck” Huggins, who Warren Buffett called one of his best hires after naming him to run Berkshire Hathaway Inc.'s See's Candies in 1972, has died.",https://www.bloomberg.com/news/articles/2012-08-22/huggins-who-built-candy-business-for-buffett-dies-at-87
oil,"Art Heyman, Ex-Knick Who Led Duke’s Emergence, Dies at Age 71",2012-08-28,Bloomberg,"Art Heyman, whose recruitment by Duke University from a Long Island, New York, high school helped spark one of college basketball's fiercest rivalries,...",https://www.bloomberg.com/news/articles/2012-08-28/art-heyman-ex-knick-who-led-duke-s-emergence-dies-at-age-71
oil,Robots: The Future of the Oil Industry,2012-08-30,Bloomberg,NASA's Mars rover may have something to teach the oil industry. Safely traversing the Red Planet while beaming data through space turns out to have a lot in...,https://www.bloomberg.com/news/articles/2012-08-30/robots-the-future-of-the-oil-industry
oil,Ex-Citadel’s Russell Said to Close Hedge Fund Bell Point,2012-09-06,Bloomberg,"Bell Point Capital Management LP, the multistrategy credit hedge fund founded by Joseph Russell, the former head of U.S. fundamental credit at Citadel LLC,...",https://www.bloomberg.com/news/articles/2012-09-06/ex-citadel-s-russell-said-to-close-hedge-fund-bell-point
oil,A Heritage of Game-Changers,2012-09-06,Bloomberg,"For much of its history, Procter & Gamble (PG) didn't just launch new products, it created new product categories, from the first mass-produced disposable...",https://www.bloomberg.com/news/photo-essays/2012-09-06/a-heritage-of-game-changers
oil,NuVista Proves Most Tempting Target in Energy Industry,2012-09-13,Bloomberg,NuVista Energy Ltd.'s decision to slim down to focus on its natural-gas resources in Alberta is turning the oil and gas explorer into one of the industry's...,https://www.bloomberg.com/news/articles/2012-09-13/nuvista-proves-most-tempting-target-in-energy-industry
oil,New Mexico’s Yates Family Is Said to Seek Sale of Oil Firm,2012-09-17,Bloomberg,"Yates Petroleum Corp., one of the largest closely held U.S. oil producers, is seeking a buyer in a transaction that may generate billions of dollars,...",https://www.bloomberg.com/news/articles/2012-09-17/new-mexico-s-yates-family-said-to-seek-buyer-for-oil-firm
oil,Peltz Gets $1 Billion as Activist Strategy Impresses,2012-09-19,Bloomberg,"Mark Fetting, chief executive officer of Legg Mason Inc., was out of time. His biggest investor, Nelson Peltz, had watched for three years as Fetting...",https://www.bloomberg.com/news/articles/2012-09-20/peltz-gets-1-billion-as-activist-strategy-impresses
oil,Norway Has Too Much of a Good Thing,2012-09-20,Bloomberg,"For the town of Glomfjord in Norway's Arctic, the country's oil boom has turned into a curse. Unemployment has more than doubled to 7.3 percent and people...",https://www.bloomberg.com/news/articles/2012-09-20/norway-has-too-much-of-a-good-thing
oil,Nigeria’s Seawolf Signs Contract on Drilling Rig With Exxon,2012-09-24,Bloomberg,"Seawolf Oil Services Ltd., a Nigerian offshore drilling company, said it signed a 22 billion naira ($140 million) contract to provide one of its three rigs...",https://www.bloomberg.com/news/articles/2012-09-24/nigeria-s-seawolf-signs-contract-on-drilling-rig-with-exxon
oil,China Bankrolling Chavez’s Re-Election Bid With Oil Loans,2012-09-26,Bloomberg,The China Development Bank has lent Venezuela $42.5 billion collateralized by revenue from the world's largest oil reserves.,https://www.bloomberg.com/news/articles/2012-09-25/china-bankrolling-chavez-s-re-election-bid-with-oil-loans
oil,The Oil Hub Where Traders Are Making Millions,2012-09-27,Bloomberg,"The Oil Hub Where Traders Are Making Millions ... This article is for subscribers only. ... This article is part of the October 1, 2012 issue of businessweek.",https://www.bloomberg.com/news/articles/2012-09-27/the-oil-hub-where-traders-are-making-millions
oil,Map of the Day: Where Americans Use the Most Oil,2012-09-27,Bloomberg,"A map charting oil consumption by county on the NRDC staff blog Thursday. The map, Lovaas notes, is the product of a joint research effort of the NRDC.",https://www.bloomberg.com/news/articles/2012-09-27/map-of-the-day-where-americans-use-the-most-oil
oil,Playboy Enterprises to Settle Investor Case for $5 Million,2012-10-02,Bloomberg,"Playboy Enterprises Inc. agreed to pay $5.25 million to settle investors' lawsuits alleging the media company's founder, Hugh M. Hefner,...",https://www.bloomberg.com/news/articles/2012-10-02/playboy-enterprises-settling-investor-suit-for-5-million
oil,９月の輸入車販売台数一覧表－日本自動車輸入組合（表）,2012-10-03,Bloomberg,日本自動車輸入 組合が発表した９月の輸入車販売台数の概要は以下の通り。 注：*日本メーカーの海外生産車を含む. 出所：日本自動車輸入組合. --編集： Marco Babic.,https://www.bloomberg.com/news/articles/2012-10-04/MBCIH30YHQ0X01
oil,香港：半数の会社員、週51時間超える労働－ハドソン,2012-10-11,Bloomberg,アジア太平洋地域で最も長い時間働 くのは香港の会社員だと、転職支援企業のハドソン・グローバルがリポ ートで指摘した。プロジェクト数が増えていることが背景だ...,https://www.bloomberg.co.jp/news/articles/2012-10-12/MBRAWP6K50XZ01
oil,Rich Families Cut Back on Buyout Firms in Shift to Direct Deals,2012-10-17,Bloomberg,"Daniel Lubin, whose family wealth comes from a maker of diaper-rash cream built by his grandfather and later acquired by Pfizer Inc., is taking more control...",https://www.bloomberg.com/news/articles/2012-10-18/rich-families-cut-back-on-buyout-firms-for-direct-deals
oil,Philippine Peso Retreats From 2008 High as Importers Buy Dollars,2012-10-18,Bloomberg,The Philippine peso retreated from a four-year high on speculation importers stepped up dollar purchases to take advantage of a more favorable exchange...,https://www.bloomberg.com/news/articles/2012-10-18/philippine-peso-retreats-from-2008-high-as-importers-buy-dollars
oil,ドイツの９月の生産者物価指数：統計概要（表）,2012-10-18,Bloomberg,ドイツ連邦統計庁が発表した ９月の生産者物価指数（ＰＰＩ）の概要は以下の通り。,https://www.bloomberg.com/news/articles/2012-10-19/MC4L0X1A74E901
oil,"When Banks Were Able to Print Their Own Money, Literally",2012-10-19,Bloomberg,"Oct. 19 (Bloomberg) -- In 2012, it isn't unusual to go dayswithout using actual money: Lunch goes on the debit card, aclothing purchase goes on the credit...",https://www.bloomberg.com/view/articles/2012-10-19/when-banks-were-able-to-print-their-own-money-literally
oil,'Revenge of the Nerds' Writer on Popularity and Success,2012-10-25,Bloomberg,"Popular kids in high school may have higher incomes later in life, according to a study released on Monday by the National Bureau of Economic Research,...",https://www.bloomberg.com/news/articles/2012-10-24/revenge-of-the-nerds-writer-on-popularity-and-success
oil,CVC Capital’s Chairman Smith to Step Down Before Fundraising,2012-10-29,Bloomberg,"CVC Capital Partners Ltd., one of Europe's biggest private-equity firms, said Michael Smith will step down as chairman in January as it prepares to raise as...",https://www.bloomberg.com/news/articles/2012-10-29/cvc-capital-s-chairman-smith-to-step-down-before-fundraising
oil,"Japan Tobacco Profit Rises on New Products, Quake Recovery",2012-10-31,Bloomberg,"Japan Tobacco Inc., Asia's largest cigarette maker by market value, reported an 18 percent rise in first-half profit, aided by new domestic products and a...",https://www.bloomberg.com/news/articles/2012-10-31/japan-tobacco-profit-rises-on-new-products-quake-recovery-2-
oil,Hidden Billionaire in Indonesia Reaps Gains From Palm Oil,2012-11-04,Bloomberg,"Hidden Billionaire in Indonesia Reaps Gains From Palm Oil ... This article is for subscribers only. Gains from a share sale of Bumitama Agri Ltd., an Indonesian...",https://www.bloomberg.com/news/articles/2012-11-04/hidden-billionaire-in-indonesia-reaps-gains-from-palm-oil
oil,"Obama Gun Surge, Take 2",2012-11-07,Bloomberg,"In 2009, people in the firearm business called it the Obama surge: Gun owners who feared the Democratic president would toughen restrictions on firearms ran...",https://www.bloomberg.com/news/articles/2012-11-07/obama-gun-surge-take-2
oil,Gulf Oil to Buy Chemical-Maker Houghton for $1.05 Billion,2012-11-07,Bloomberg,"Gulf Oil Corp., controlled by the billionaire Hinduja brothers, agreed to buy Houghton International Inc. for $1.05 billion in the second-biggest...",https://www.bloomberg.com/news/articles/2012-11-07/gulf-oil-agrees-to-buy-houghton-international-for-1-05-billion
oil,Oil on the Fort Berthold Indian Reservation,2012-11-08,Bloomberg,"Because of fracking, there are now 297 producing oil wells on the Fort Berthold Indian Reservation in North Dakota, with hundreds more expected in the...",https://www.bloomberg.com/news/photo-essays/2012-11-08/oil-on-the-fort-berthold-indian-reservation
oil,10月の米輸入物価（統計表）,2012-11-09,Bloomberg,【記者：Ainhoa Goyeneche】. 11月 9日 (ブルームバーグ) -- 米国労働省が発表したの輸入物価統 計表の概要は次の通り。 注：すべて季節調整前. 出典：米国労働省.,https://www.bloomberg.com/news/articles/2012-11-09/MD82U03T6SQP01
oil,Tax-Exempt Firm Gets $600 Million Profit Flying First Class,2012-11-13,Bloomberg,"Since 1862, an obscure company called American Bureau of Shipping has been approving oceangoing vessels as seaworthy. The Houston-based firm reported $3.17...",https://www.bloomberg.com/news/articles/2012-11-14/tax-exempt-firm-gets-600-million-profit-flying-first-class
oil,ブラジル株:ボベスパは９月以来の安値－企業業績や景気を懸念,2012-11-14,Bloomberg,14日のブラジル株式相場は下落。指 標のボベスパ指数は９月以来の安値で引けた。企業業績が予想を下回っ たことに加え、同国の経済活動を示す指数が９月に低下したこと...,https://www.bloomberg.co.jp/news/articles/2012-11-14/MDI1S56TTDSV01
oil,Carl Icahn to Give $200 Million to Mount Sinai School,2012-11-15,Bloomberg,"Carl Icahn, the billionaire investor known for pushing takeovers and management shakeups, pledged $200 million to the Mount Sinai School of Medicine,...",https://www.bloomberg.com/news/articles/2012-11-15/carl-icahn-to-give-200-million-to-mount-sinai-school
oil,"Dali’s Sexual Fantasies, Melting Watches Puzzle in Paris",2012-11-26,Bloomberg,"The great provocateur was not amused. In 1979, the gala opening of Salvador Dali's show at the Pompidou Center had to be canceled because the staff had gone...",https://www.bloomberg.com/news/articles/2012-11-27/dali-s-sexual-fantasies-melting-watches-puzzle-in-paris
oil,"Irving Fisher, the First Celebrity Finance Professor",2012-11-27,Bloomberg,"When speculative bubbles form, as they did in the 1920s and the late 1990s, the financial community invariably listens to academic entrepreneurs peddling...",https://www.bloomberg.com/view/articles/2012-11-27/irving-fisher-the-first-celebrity-finance-professor
oil,Gertler Earns Billions in Mine Deals as Congo Remains Poorest,2012-12-05,Bloomberg,"Dan Gertler's bearded face lights up as he looks out the helicopter window. Below, an installation twice the size of Monaco rises from a clearing in the...",https://www.bloomberg.com/news/articles/2012-12-05/gertler-earns-billions-as-mine-deals-leave-congo-poorest
oil,Cook Says Lives Enriched Matters More Than Money Made: Interview,2012-12-06,Bloomberg,"Before his death on Oct. 5, 2011, Steve Jobs made sure that the elevation of Tim Cook, his longtime head of operations and trusted deputy,...",https://www.bloomberg.com/news/articles/2012-12-06/cook-says-lives-enriched-matters-more-than-money-made-interview
oil,What Would the Christmas Tree at Rockefeller Center Be Worth?,2012-12-06,Bloomberg,You can't put a price on Christmas spirit. An 80-foot Christmas tree with a 9½-foot crystal star and LED lights a-twinkle? That's a different story.,https://www.bloomberg.com/news/articles/2012-12-05/what-would-the-christmas-tree-at-rockefeller-center-be-worth
oil,Why Denser Cities Are Smarter and More Productive,2012-12-10,Bloomberg,"Density brings people and firms closer together which makes it easier to share and exchange information, invent new technologies, and launch new firms.",https://www.bloomberg.com/news/articles/2012-12-10/why-denser-cities-are-smarter-and-more-productive
oil,Abbott Spinoff AbbVie Begins Trading to Determine Value,2012-12-10,Bloomberg,"Abbott Laboratories' spinoff began trading on a “when issued” basis, with investors valuing the new Abbott at $47.9 billion and the new drug company AbbVie Inc...",https://www.bloomberg.com/news/articles/2012-12-10/abbott-spinoff-abbvie-begins-trading-to-determine-value
oil,米国債：下落、ＦＯＭＣ声明控え様子見、入札好調も無視,2012-12-11,Bloomberg,米国債相場は下落。10年債利回りは ２週間ぶりの水準に上昇した。高利回り資産を求める動きとなり、国債 には売りが出た。この日から２日間の日程で始まった連邦公開市場...,https://www.bloomberg.com/news/articles/2012-12-11/MEVXJB6S973N01
oil,Becht’s JAB to Buy Caribou in $340 Million Coffee Expansion,2012-12-17,Bloomberg,"Joh. A. Benckiser Group agreed to acquire Caribou Coffee Co. for $340 million, the investment firm's third purchase of a coffee asset this year.",https://www.bloomberg.com/news/articles/2012-12-17/caribou-agrees-to-benckiser-buyout-for-340-million
oil,"Daniel Inouye, Hawaii Patron in Congress, Dies at 88",2012-12-17,Bloomberg,"Daniel Inouye, an American of Japanese ancestry who lost his right arm fighting for his country in World War II and went on to represent Hawaii in Congress...",https://www.bloomberg.com/news/articles/2012-12-17/daniel-inouye-hawaii-patron-in-congress-dies-at-88
oil,Citigroup Hires Goldman’s Capote for Post in Mexico,2012-12-28,Bloomberg,"Citigroup Inc., the third-largest U.S. bank, hired Alfredo Capote from Goldman Sachs Group Inc. to oversee investment-banking operations in Mexico.",https://www.bloomberg.com/news/articles/2012-12-28/citigroup-hire-goldman-s-capote-for-top-post-in-mexico
oil,"Posco, S. Korea Steelmakers Fined $273 Million for Price Fixing",2012-12-29,Bloomberg,"Posco, Hyundai Hysco Co. and five other South Korean steelmakers were fined a combined 291.7 billion won ($273 million) for fixing the price of some...",https://www.bloomberg.com/news/articles/2012-12-30/posco-s-korea-steelmakers-fined-273-million-for-price-fixing
oil,The Great Canadian Maple Syrup Heist,2013-01-03,Bloomberg,million of Canadian maple syrup was discovered stolen this summer. Were the thieves dirty outlaws or capitalist heroes?,https://www.bloomberg.com/news/articles/2013-01-02/the-great-canadian-maple-syrup-heist
oil,Al Gore’s Payday From Oil-Rich Qatar ‘Reeking With Irony’,2013-01-03,Bloomberg,"Al Gore's Payday From Oil-Rich Qatar 'Reeking With Irony' ... This article is for subscribers only. Al Gore, who shared the 2007 Nobel Peace Prize for his fight...",https://www.bloomberg.com/news/articles/2013-01-04/nobelist-gore-getting-70-million-from-qatar-funded-al-jazeera
oil,Odey Raising Chicken Coop Bets on Banks as Hedge Fund Yields 24%,2013-01-06,Bloomberg,"Crispin Odey is fumbling around a storage room in a Georgian town house in London's Mayfair district, home to Odey Asset Management LLP, his $7 billion...",https://www.bloomberg.com/news/articles/2013-01-07/crispin-odey-bets-on-banks-as-hedge-fund-yields-24-
oil,How Bucket Shops Lured the Masses Into the Stock Market: Echoes,2013-01-10,Bloomberg,"Today, more than half of American families own stock, up from about 5 percent at the turn of the 20th century. Thanks to the Internet and smartphones,...",https://www.bloomberg.com/opinion/articles/2013-01-10/how-bucket-shops-lured-the-masses-into-the-market
oil,Citadel Uses Bloomberg for Derivatives Trading & Clearing Access,2013-01-16,Bloomberg,Citadel Uses Bloomberg for Derivatives Trading & Clearing Access. Gift this article. Add us on Google. Contact us: Provide news feedback or report an error.,https://www.bloomberg.com/news/articles/2013-01-16/citadel-uses-bloomberg-for-derivatives-trading-clearing-access
oil,Morgan Stanley Says Copper Price to Rise 7.6% in 2013 on Demand,2013-01-23,Bloomberg,"Copper prices will advance 7.6 percent in 2013 from last year as demand in China, the U.S. and even Europe is forecast to rise amid a supply deficit for the...",https://www.bloomberg.com/news/articles/2013-01-24/morgan-stanley-says-copper-price-to-rise-7-6-in-2013-on-demand
oil,"Durer ‘Rhino’ Sells for Record $866,500 at Christie’s NYC",2013-01-29,Bloomberg,"A 1515 woodcut by Albrecht Durer titled “The Rhinoceros” sold for $866500 at Christie's in New York today, setting an auction record for the German...",https://www.bloomberg.com/news/articles/2013-01-29/durer-rhino-sells-for-record-866-500-at-christie-s-nyc
oil,"ADT Jumps on Share Buyback Backed by Soros, Meister",2013-01-30,Bloomberg,ADT Corp. rose to the highest price since its September spinoff from Tyco International Ltd. after saying it would accelerate a share repurchase program...,https://www.bloomberg.com/news/articles/2013-01-30/adt-will-accelerate-buyback-with-proceeds-from-debt-offering
oil,"Brunei Shell Lifts December Prices for Seria Light, Champion Oil",2013-01-30,Bloomberg,Brunei Shell Petroleum Co. increased its retroactive official selling prices for Seria Light and Champion crude purchased in December by $1.14 each to...,https://www.bloomberg.com/news/articles/2013-01-31/brunei-shell-lifts-december-prices-for-seria-light-champion-oil
oil,"Jackie Chan Becomes China CPPCC Committee Member, Phoenix Says",2013-01-31,Bloomberg,"Hong Kong movie star Jackie Chan has become a member of the National Committee of the Chinese People's Political Consultative Conference, Phoenix New Media...",https://www.bloomberg.com/news/articles/2013-01-31/jackie-chan-becomes-china-cppcc-committee-member-phoenix-says
oil,Temasek Unit Signs 2.9t Rupiah Rights Deal With Multipolar,2013-02-04,Bloomberg,"Anderson Investments Pte Ltd., a wholly owned unit of Singapore's Temasek Holdings, signed an exchangeable rights subscription agreement with Indonesian...",https://www.bloomberg.com/news/articles/2013-02-04/temasek-unit-signs-2-9t-rupiah-rights-deal-with-multipolar
oil,Lukoil Billionaire Tells Son to Keep Stake After He Dies,2013-02-06,Bloomberg,"OAO Lukoil's billionaire Chief Executive Officer Vagit Alekperov, who owns about a fifth of the Russian oil producer, arranged for his son Yusuf to maintain...",https://www.bloomberg.com/news/articles/2013-02-06/lukoil-billionaire-alekperov-instructs-son-not-to-sell-his-stake
oil,Drug Users Turn Death Dealers as Methadone From Bain Hits Street,2013-02-07,Bloomberg,"After Jennifer Vanlieu turned to methadone treatment to beat an addiction to heroin and pain pills, she morphed from drug user to convicted drug dealer.",https://www.bloomberg.com/news/articles/2013-02-08/drug-users-turn-death-dealers-as-methadone-from-bain-hits-street
oil,New Englanders Probably Shouldn't Look at These Photos of the Catastrophic Blizzard of 1978,2013-02-07,Bloomberg,"Considering the ""historic"" blizzard in this weekend's weather forecast and all.",https://www.bloomberg.com/news/articles/2013-02-07/new-englanders-probably-shouldn-t-look-at-these-photos-of-the-catastrophic-blizzard-of-1978
oil,ＮＹ銅：上昇、米景気回復に勢いの兆しで-好決算と景況感改善,2013-02-12,Bloomberg,12日のニューヨーク銅先物相場は上 昇。米国で企業の業績や景況感に改善が見られる中、景気回復が勢いを 増しつつあるとの兆候から買われた。米国は世界２位の銅消費...,https://www.bloomberg.co.jp/news/articles/2013-02-12/MI4LD36JIJWS01
oil,ＢＯＪ：当座預金残高と金融調節 ２月20日確報（表）,2013-02-20,Bloomberg,日本銀行（ＢＯＪ）が発表した 当座預金残高と金融調節の確報値は以下の通り。 （単位：兆円、％）,https://www.bloomberg.com/news/articles/2013-02-21/MIJPHT1A74E901
oil,Israel Awards First License to Drill on Golan Heights to Genie,2013-02-21,Bloomberg,Israel's Ministry of Energy and Water Resources has awarded the first energy exploration license in the disputed Golan Heights to a local subsidiary of...,https://www.bloomberg.com/news/2013-02-21/israel-awards-first-license-to-drill-on-golan-heights-to-genie.html?ref=ghost.opendemocracy.net
oil,Israel Chemicals Buys German Phosphate-Based Products Plant,2013-02-25,Bloomberg,"Israel Chemicals Ltd, which extracts minerals from the Dead Sea to make chemicals and fertilizers, said a unit agreed to buy the business assets and...",https://www.bloomberg.com/news/articles/2013-02-25/israel-chemicals-buys-german-phosphate-based-products-plant
oil,トヨタの１月の世界生産台数（一覧表）,2013-02-26,Bloomberg,トヨタ自動車が発表した１月までの 世界生産台数は以下の通り。 --編集：Marco Babic. リンクをコピーする. この記事は ブルームバーグ ターミナル で先に掲載されました...,https://www.bloomberg.co.jp/news/articles/2013-02-27/MIV4IP0UQVI901
oil,Russia's Oligarchs Ditch Oil and Gold to Pile Up Cash,2013-02-28,Bloomberg,"Mikhail Prokhorov, co-owner of the Brooklyn Nets and one of Russia's richest men, sold his 37.8 percent stake in Polyus Gold International, the country's top...",https://www.bloomberg.com/news/articles/2013-02-28/russias-oligarchs-ditch-oil-and-gold-to-pile-up-cash
oil,ＴＯＰＩＸ終値で1000回復、08年10月来－欧米統計、政策期待,2013-03-05,Bloomberg,東京株式相場は大幅上昇。 ＴＯＰＩＸが2008年10月３日以来、約４年５カ月ぶりに節目の1000ポイ ントを回復した。景気指標の改善を受けた欧米株高の動きが好感され、 安倍政権...,https://www.bloomberg.co.jp/news/articles/2013-03-06/MJ7LTD0UQVI901
oil,"Venezuela’s Hugo Chavez Dies, Vice President Maduro Says",2013-03-05,Bloomberg,"Venezuelan President Hugo Chavez has died following a battle with cancer, Vice President Nicolas Maduro said today.",https://www.bloomberg.com/news/articles/2013-03-05/venezuela-s-hugo-chavez-dies-vice-president-maduro-says
oil,After Chávez: A Better Way to Help Venezuela's Poor,2013-03-07,Bloomberg,"Among his supporters, Hugo Chávez will be remembered as a champion of poor people. On this score, his legacy is decidedly mixed: The social programs Chávez...",https://www.bloomberg.com/news/articles/2013-03-07/after-ch-vez-a-better-way-to-help-venezuelas-poor
oil,Aramco Trading Leases Fuel Storage at U.A.E. Port of Fujairah,2013-03-10,Bloomberg,Saudi Arabian Oil Co.'s trading unit will lease storage space for refined fuel at the United Arab Emirates port of Fujairah from tank-farm operator Vopak...,https://www.bloomberg.com/news/articles/2013-03-10/aramco-trading-leases-fuel-storage-at-u-a-e-port-of-fujairah
oil,Wall Street $100 Million Man Makes Vermont Downton Abbey,2013-03-11,Bloomberg,"Andrew J. Hall, the former Citigroup Inc. oil trader whose pay package of about $100 million ensnared him in the fight over compensation at bailed-out banks in...",https://www.bloomberg.com/news/articles/2013-03-12/wall-street-100-million-man-makes-vermont-downton-abbey
oil,Oil Trading 'God' Andrew Hall Makes a Home in Vermont,2013-03-14,Bloomberg,"Hall, 62, chief executive officer of Phibro, now the commodity-trading unit of Occidental Petroleum, has bought more than 2,400 acres in Reading, according to...",https://www.bloomberg.com/news/articles/2013-03-14/oil-trading-god-andrew-hall-makes-a-home-in-vermont
oil,"After Chávez, What Happens to Venezuela's Oil?",2013-03-14,Bloomberg,"Investors have been cart-before-horse stoked about Venezuela, and with good reason. There's lots of upside in an economy that arguably has the world's...",https://www.bloomberg.com/news/articles/2013-03-14/after-ch-vez-what-happens-to-venezuelas-oil
oil,The Real Reason Iraq's Oil Boom Has Stalled,2013-03-19,Bloomberg,There's an old saying among oil analysts that the last barrel of oil in the world will be produced in Iraq. It's a mixed compliment that hints at the...,https://www.bloomberg.com/news/articles/2013-03-19/the-real-reason-iraqs-oil-boom-has-stalled
oil,Volkswagen Offering Euro Bonds as Corporate Credit Risk Declines,2013-03-21,Bloomberg,Volkswagen AG is marketing 2 billion euros ($2.6 billion) of bonds as corporate credit risk fell for the first time in five days.,https://www.bloomberg.com/news/articles/2013-03-21/volkswagen-offering-euro-bonds-as-corporate-credit-risk-declines
oil,Hunt Becomes Billionaire on Bakken Oil After Silver Bankruptcy,2013-03-27,Bloomberg,Hunt Becomes Billionaire on Bakken Oil After Silver Bankruptcy ... This article is for subscribers only. William Herbert Hunt was once one of the wealthiest men...,https://www.bloomberg.com/news/articles/2013-03-28/hunt-becomes-billionaire-on-bakken-oil-after-bankruptcy
oil,Ultra-Low Sulfur Diesel Futures Contract Replaces Heating Oil,2013-04-01,Bloomberg,Ultra-Low Sulfur Diesel Futures Contract Replaces Heating Oil ... This article is for subscribers only. CME Group Inc.'s heating oil contract on the New York...,https://www.bloomberg.com/news/articles/2013-04-01/ultra-low-sulfur-diesel-futures-contract-replaces-heating-oil
oil,"Lots of Cars and Trucks, No Traffic Signs or Lights: Chaos or Calm?",2013-04-02,Bloomberg,"No traffic lights. No traffic signs. No painted lines in the roadway. No curbs. And 26,000 vehicles passing every day through a traditional village center...",https://www.bloomberg.com/news/articles/2013-04-02/lots-of-cars-and-trucks-no-traffic-signs-or-lights-chaos-or-calm
oil,The Mysterious Death of Russian Oligarch Boris Berezovsky,2013-04-04,Bloomberg,"On March 23 he was discovered in a bathroom at his home in Ascot, Berkshire, by his bodyguard and pronounced dead by paramedics shortly after.",https://www.bloomberg.com/news/articles/2013-04-04/the-mysterious-death-of-russian-oligarch-boris-berezovsky
oil,Topless Women Protest Putin as Merkel Criticizes Russian Rights,2013-04-08,Bloomberg,Chancellor Angela Merkel criticized Russia's treatment of civil society groups at a press conference in Germany with President Vladimir Putin.,https://www.bloomberg.com/news/articles/2013-04-07/merkel-tells-putin-russia-should-foster-civil-society-for-growth
oil,Deadly Lessons From SARS Spur Global Reaction to Bird Flu,2013-04-09,Bloomberg,"China's government is pledging openness in divulging details of a deadly bird flu outbreak, saying it won't repeat mistakes made during the SARS outbreak a...",https://www.bloomberg.com/news/articles/2013-04-08/deadly-lessons-from-sars-spur-global-reaction-to-bird-flu
oil,"A New Urbanism Fantasy, Painted in Oils",2013-04-09,Bloomberg,"A New Urbanism Fantasy, Painted in Oils. Architectural artist Carl Laubin has combined every winner of the Richard H. Driehaus Prize into a single city, and the...",https://www.bloomberg.com/news/articles/2013-04-09/a-new-urbanism-fantasy-painted-in-oils
oil,米オハイオ州のシェール層、消える原油開発の夢－生産困難で,2013-04-16,Bloomberg,米オハイオ州東部の農地にリグ（掘 削装置）を設置した掘削業者らが開発を断念しつつある。この地域の地 下のシェール（頁岩）層には約5000億ドル（約48兆8000億円）相当の原...,https://www.bloomberg.co.jp/news/articles/2013-04-16/MLC7196JTSEA01
oil,"Carbone’s $50 Veal Parm, Lobster, ’50s Pop Rock: Review",2013-04-23,Bloomberg,"Your $400 date at Carbone doesn't begin with anything fancy. No caviar, no foie gras. Instead, your waiter appears in a red Zac Posen tuxedo.",https://www.bloomberg.com/news/articles/2013-04-24/carbone-s-50-veal-parm-lobster-50s-pop-rock-review
oil,Tom Steyer: The Wrath of a Green Billionaire,2013-04-25,Bloomberg,Tom Steyer is spending a fortune to target Democrats who choose Big Oil over Mother Earth.,https://www.bloomberg.com/news/articles/2013-04-25/tom-steyer-the-wrath-of-a-green-billionaire
oil,Billionaire Dodges Argentina Tax Sending Cash to Holland,2013-04-30,Bloomberg,"When Argentina canceled its double-taxation treaty with Spain last year, it had a lot to do with a billionaire named Paolo Rocca, the world's 105th-richest...",https://www.bloomberg.com/news/articles/2013-04-30/billionaire-dodge-argentina-taxes-sending-cash-to-holland
oil,When the Great Depression Hit the Oil Industry,2013-05-06,Bloomberg,The global oil industry faced a classic squeeze in the spring of 1933: falling prices and expanding supply.,https://www.bloomberg.com/view/articles/2013-05-06/when-the-great-depression-hit-the-oil-industry
oil,"Cucinelli Becomes Billionaire Knitting $1,920 Cardigans",2013-05-09,Bloomberg,"Brunello Cucinelli, the 59-year-old founder of the luxury fashion house that bears his name, has become a billionaire.",https://www.bloomberg.com/news/articles/2013-05-08/cucinelli-becomes-billionaire-knitting-1-920-cardigans
oil,"KKR Emerging as Asia Buyout Winner Beating Carlyle, TPG",2013-05-09,Bloomberg,"KKR & Co. is emerging as the global private-equity winner in Asia, beating rivals Carlyle Group LP and TPG Capital in the performance of funds started since...",https://www.bloomberg.com/news/articles/2013-05-08/kkr-emerging-as-asia-buyout-winner-beating-carlyle-tpg
oil,Putin's Economic Advisers: Time for Big Change in Russia,2013-05-09,Bloomberg,"On April 22, in the resort city of Sochi, Russian President Vladimir Putin convened an emergency meeting of economic advisers, government officials,...",https://www.bloomberg.com/news/articles/2013-05-09/putins-economic-advisers-time-for-big-change-in-russia
oil,'Weeds' Creator Kohan Dishes on How Netflix Drives Hollywood Insane,2013-05-10,Bloomberg,"Despite a lifetime in Hollywood, Jenji Kohan has that laid-back Southern California charm. Her last show, Weeds, proved a long-running hit for Showtime,...",https://www.bloomberg.com/news/articles/2013-05-10/weeds-creator-kohan-dishes-on-how-netflix-drives-hollywood-insane
oil,EU Oil Manipulation Probe Shines a Light on Platts Pricing,2013-05-15,Bloomberg,"The investigation by the European Commission shines a light on how price reporting companies including Platts, the energy news and data provider owned by McGraw...",https://www.bloomberg.com/news/articles/2013-05-15/eu-oil-manipulation-probe-shines-light-on-platts-pricing-window
oil,ＮＹ金：６日続落、2011年以来の最長－投資需要が後退,2013-05-16,Bloomberg,ニューヨーク金先物相場は６営業日 続落し、過去１年４カ月で最長の連続安となった。資産家ジョージ・ソ ロス氏や米ブラックロックが金価格に連動する上場取引型金融商品...,https://www.bloomberg.co.jp/news/articles/2013-05-16/MMWNS86VDKHV01
oil,Chiesi Swaps Cell for Halfway House After Insider Scandal,2013-05-17,Bloomberg,"Danielle Chiesi, the 47-year-old securities analyst who pleaded guilty to securities fraud in the biggest US insider-trading crackdown, is back in town.",https://www.bloomberg.com/news/articles/2013-05-17/chiesi-swaps-cell-for-halfway-house-after-insider-scandal
oil,Lewis Lapham: Hitler Tried Out Himmler’s Cyanide on Dog,2013-05-17,Bloomberg,"With the Allies intensifying their bombing campaign in Germany and the Soviets marching on Berlin, Hitler's charismatic rants could no longer keep the Nazi...",https://www.bloomberg.com/news/articles/2013-05-17/lewis-lapham-hitler-tried-out-himmler-s-cyanide-on-dog
oil,BNP Sues Anchorage Capital Over $60 Million Irish Debt Sale,2013-05-29,Bloomberg,"BNP Paribas SA sued Anchorage Capital Group LLC in London for agreeing to buy about $60 million worth of Irish bank debt, then failing to pay.",https://www.bloomberg.com/news/articles/2013-05-29/bnp-sues-anchorage-capital-over-60-million-irish-debt-sale
oil,PDVSA Secures $4 Billion China Loan to Boost Orinoco Oil Output,2013-06-03,Bloomberg,The state-owned oil producer said it secured a $4.02 billion loan from China's Development Bank Corp. to increase production at the Sinovensa heavy oil joint...,https://www.bloomberg.com/news/articles/2013-06-03/pdvsa-signs-4-billion-china-loan-to-boost-orinoco-field-output
oil,Nomura Said to Hire Credit Suisse’s Kulkarni,2013-06-04,Bloomberg,"Nomura Holdings Inc., Japan's largest brokerage, hired Ashwin Kulkarni as an executive director and head of US interest rate volatility trading.",https://www.bloomberg.com/news/articles/2013-06-04/nomura-said-to-hire-credit-suisse-s-kulkarni
oil,Crude Trumps Olive Oil in Italy's Basilicata Region,2013-06-06,Bloomberg,"The Val d'Agri lies in Basilicata, a mountainous, sparsely populated province in the arch of Italy's boot that is home to Europe's biggest onshore oil field.",https://www.bloomberg.com/news/articles/2013-06-06/crude-trumps-olive-oil-in-italys-basilicata-region
oil,"The Perils of Social Marketing, Batman Condom Edition",2013-06-06,Bloomberg,"Durex asked Facebook fans to vote on which city should get SOS Condoms, a service meant to allow amorous—but unprepared—couples to use a smartphone app or...",https://www.bloomberg.com/news/articles/2013-06-06/the-perils-of-social-marketing-batman-condom-edition
oil,ONGC Withdraws ‘Premature’ Statement on Mozambique Gas Deal,2013-06-10,Bloomberg,India's Oil & Natural Gas Corp. said that a statement today announcing an agreement to purchase part of a gas field in Mozambique from Videocon Industries...,https://www.bloomberg.com/news/articles/2013-06-10/ongc-withdraws-statement-of-deal-for-videocon-mozambique-asset
oil,Greece Cut to Emerging Market at MSCI in World First,2013-06-11,Bloomberg,Greece became the first developed nation to be downgraded to emerging-market status by index provider MSCI Inc. after the country's stocks plunged 91...,https://www.bloomberg.com/news/articles/2013-06-11/greece-cut-to-emerging-market-at-msci-in-world-first
oil,Iceland Debt Forgiveness Reaches $2 Billion Since Crisis,2013-06-24,Bloomberg,Iceland's lenders have forgiven household debt equal to about 12.4 percent of gross domestic product since the island's 2008 financial collapse.,https://www.bloomberg.com/news/articles/2013-06-24/iceland-debt-forgiveness-reaches-2-billion-since-crisis
oil,Charlie Upstaged by Oompa-Loompas at Choc Factory: Review,2013-06-26,Bloomberg,"They're singing again. That's never a good sign,” says Mrs. Teavee in the new London musical “Charlie and the Chocolate Factory.”",https://www.bloomberg.com/news/articles/2013-06-26/charlie-upstaged-by-oompa-loompas-at-choc-factory-review
oil,"Marc Rich, Fugitive Commodities Trader in 1980s, Dies at 78",2013-06-26,Bloomberg,"Marc Rich, the commodities trader who fled the US to avoid federal indictments during the 1980s before President Bill Clinton pardoned him two decades later,...",https://www.bloomberg.com/news/articles/2013-06-26/marc-rich-fugitive-commodities-trader-in-80s-dies-78
oil,Goering’s Train-Set Village Is Among Nazi-Era Relics,2013-06-30,Bloomberg,"A model railway set owned by Hermann Goering, Adolf Hitler's right-hand man in the Nazi party and commander-in-chief of the Luftwaffe.",https://www.bloomberg.com/news/articles/2013-06-30/goering-s-train-set-village-is-among-nazi-era-relics
oil,米国債の投資家心理指数：ＪＰモルガン調査 (統計表),2013-07-02,Bloomberg,米銀大手ＪＰモルガンが 顧客を対象に調査した先週の米国債投資家心理指数は以下の通り。 出所: ＪＰモルガン. -- 編集: Alex Tanzi. Copy Link.,https://www.bloomberg.com/news/articles/2013-07-02/MPB3801A74E901
oil,Loro Piana Brothers Become Billionaires Selling Cashmere,2013-07-09,Bloomberg,"Sergio and Pier Luigi Loro Piana, the brothers who head Italian cashmere clothier Loro Piana SpA, have emerged as billionaires after agreeing to sell 80...",https://www.bloomberg.com/news/articles/2013-07-09/loro-piana-brothers-become-billionaires-selling-cashmere
oil,"Madoff’s Picasso, Lichtenstein Pieces Heading to Auction",2013-07-09,Bloomberg,"Whatever else Bernard L. Madoff did with the proceeds from his $17 billion Ponzi scheme, he didn't splash out on great art.",https://www.bloomberg.com/news/articles/2013-07-10/madoff-s-picasso-lichtenstein-pieces-heading-to-auction
oil,Better Fracking Through Sound-Sensing Fiber Optics,2013-07-11,Bloomberg,"The ecologically controversial practice of hydraulic fracturing, or fracking, has helped push U.S. oil production to a 21-year high.",https://www.bloomberg.com/news/articles/2013-07-11/better-fracking-through-sound-sensing-fiber-optics
oil,Indonesia's Palm Oil Industry Rife With Human-Rights Abuses,2013-07-20,Bloomberg,"Indonesia's Palm Oil Industry Rife With Human-Rights Abuses ... This article is for subscribers only. ... This article is part of the July 22, 2013 issue of...",https://www.bloomberg.com/news/articles/2013-07-18/indonesias-palm-oil-industry-rife-with-human-rights-abuses
oil,Fraternities Lobby for Tax Break Without Hazing Penalties,2013-07-24,Bloomberg,"On April 24, more than a dozen of these grateful alumni extolled Greek life at an annual $500-a-plate dinner in a Washington hotel ballroom for “FratPAC.”",https://www.bloomberg.com/news/articles/2013-07-25/fraternities-lobby-for-tax-break-without-hazing-penalties
oil,"Neal McCabe, Ex-Lehman Executive With Salomon Ties, Dies at 60",2013-07-24,Bloomberg,"Neal McCabe, a former global co-head of a Lehman Brothers unit whose career included working for Salomon Brothers, an heir to the Wal-Mart Stores Inc. fortune...",https://www.bloomberg.com/news/articles/2013-07-24/neal-mccabe-lehman-executive-with-salomon-ties-dies-at-60-1-
oil,Shell Scotford Refinery to Shut for Maintenance in Fall,2013-07-30,Bloomberg,Royal Dutch Shell Plc plans to shut the Scotford oil refinery in Alberta for planned maintenance in the fall.,https://www.bloomberg.com/news/articles/2013-07-30/shell-scotford-refinery-said-to-shut-down-for-work-in-september
oil,Mystical Rabbis by Reclusive Hyman Bloom Shine in N.Y.,2013-07-30,Bloomberg,"In Hyman Bloom's ecstatic paintings, old, bearded men with knobby fingers, in wide-brimmed fur hats, clutch Torah scrolls.",https://www.bloomberg.com/news/articles/2013-07-31/mystical-rabbis-by-reclusive-hyman-bloom-shine-in-n-y-
oil,East Germany’s Oil Rush Seen Yielding $27 Billion Windfall,2013-07-31,Bloomberg,"Oil production in eastern Germany may provide the region with a 20.3 billion-euro ($27 billion) windfall during the next 25 years, according to a company...",https://www.bloomberg.com/news/articles/2013-07-31/east-german-oil-rush-may-yield-27-billion-windfall-cep-says
oil,ＢＯＪ：当座預金残高と金融調節 ８月５日確報（表）,2013-08-05,Bloomberg,日本銀行（ＢＯＪ）が発表した 当座預金残高と金融調節の確報値は以下の通り。 （単位：兆円、％）. 注：準備預金残高の数字は2007年10月16日からゆうちょ銀行を含む。,https://www.bloomberg.co.jp/news/articles/2013-08-06/MR346U1A1I4H01
oil,Calvin Borel Enters Hall of Fame After Three Kentucky Derby Wins,2013-08-08,Bloomberg,"Jockey Calvin Borel, who won a record three Kentucky Derby races in four years, will be inducted today into the National Museum of Racing's Hall of Fame.",https://www.bloomberg.com/news/articles/2013-08-09/calvin-borel-enters-hall-of-fame-after-three-kentucky-derby-wins
oil,アジア株：ＭＳＣＩ指数が４日続伸－円安による日本株高受け,2013-08-12,Bloomberg,13日のアジア株式相場は４営業日連 続で上昇。円安に加え、６月の機械受注が市場予想を上回ったことから 日本株が買われている。,https://www.bloomberg.co.jp/news/articles/2013-08-13/MRGBZ56JIJV301
oil,Jade Ring Bid at $2.6 Million as Chinese Seek Green Gems,2013-08-13,Bloomberg,"Hong Kong jewelry collector Dennis Sun has been buying jade for three decades. Lately, it has been harder to snag the perfect piece as mainland Chinese...",https://www.bloomberg.com/news/articles/2013-08-12/jade-ring-bid-at-2-6-million-as-chinese-seek-green-gems
oil,８月のニューヨーク連銀景況指数 (一覧表),2013-08-15,Bloomberg,【記者：Alex Tanzi】. ８月 15日 (ブルームバーグ) : ニューヨーク連銀が発表した同州の製造業 景況指数は次の通り。 出典：ニューヨーク連銀. --編集: Alex Tanzi.,https://www.bloomberg.co.jp/news/articles/2013-08-15/MRKNZ30YHQ0X01
oil,"Soros, Icahn Add Herbalife Stakes in Bets Against Ackman",2013-08-15,Bloomberg,Billionaires George Soros and Carl Icahn bought a combined 5.65 million shares in Herbalife Ltd. in the second quarter in a bet that hedge-fund manager Bill...,https://www.bloomberg.com/news/articles/2013-08-15/soros-icahn-add-herbalife-stakes-in-bets-against-ackman
oil,Hamptons Scene: Former SAC Trader Chad Loweth Hosts Salon,2013-08-19,Bloomberg,"Chad Loweth, formerly of SAC Capital Advisors LLC and Diamondback Capital Management LLC, hosted an art salon Saturday night in Water Mill.",https://www.bloomberg.com/news/articles/2013-08-19/hamptons-scene-former-sac-trader-chad-loweth-hosts-salon
oil,Proving CEOs Overpaid for Luck Helped Bertrand Stir Pay Backlash,2013-08-21,Bloomberg,Marianne Bertrand helped unleash a shareholder backlash against CEO pay with research she began while still in graduate school.,https://www.bloomberg.com/news/articles/2013-08-22/proving-ceos-overpaid-for-luck-helped-stir-pay-backlash
oil,【Ｍ＆Ａ潮流】Ｘｂｏｘ事業分離、可能性高まる－ＣＥＯ交代,2013-08-28,Bloomberg,米マイクロソフトが13年前と比べ時 価総額が大きく減少したことを受け、一部の株主はスティーブ・バルマ ー最高経営責任者（ＣＥＯ）の後継者により大胆な株価てこ入れ策を...,https://www.bloomberg.co.jp/news/articles/2013-08-29/MS9XMV6K50XX01
oil,How Biofuel Technology Turned Restaurant Grease Into Gold,2013-09-05,Bloomberg,"As its value has risen, a growing class of criminals are focusing on stealing and selling used cooking oil.",https://www.bloomberg.com/news/articles/2013-09-05/how-biofuel-technology-turned-restaurant-grease-into-gold
oil,Fosun to Buy 35% Caruso Stake in China Lifestyle Push,2013-09-11,Bloomberg,"Fosun International Ltd., the investment arm of China's biggest closely held industrial group, agreed to buy a stake in Raffaele Caruso SpA,...",https://www.bloomberg.com/news/articles/2013-09-11/fosun-to-buy-35-caruso-stake-in-china-lifestyle-push
oil,Floating Casinos From Hong Kong Stealing Macau Gamblers,2013-09-16,Bloomberg,"When Li Yu wanted to take a gambling trip, she looked into Macau but found the hotels too expensive. So she booked a room on an overnight casino boat that...",https://www.bloomberg.com/news/articles/2013-09-15/floating-casinos-from-hong-kong-stealing-macau-gamblers
oil,Hello Kitty Beer: Zen and the Art of Crass Marketing,2013-09-16,Bloomberg,"In a country synonymous with manufacturing might and technological prowess, Japan's Shintaro Tsuji is something of an oddity. The 85-year-old founder of...",https://www.bloomberg.com/news/articles/2013-09-16/hello-kitty-beer-zen-and-the-art-of-crass-marketing
oil,Montepeque of Platts Caught in Battle Over Oil Assessments,2013-09-16,Bloomberg,Montepeque of Platts Caught in Battle Over Oil Assessments ... This article is for subscribers only. By the time Jorge Montepeque came to London in January 2002...,https://www.bloomberg.com/news/articles/2013-09-15/montepeque-of-platts-caught-in-battle-over-oil-price-assessments
oil,Norway Drops ‘Moon Landing’ as Mongstad Carbon Capture Scrapped,2013-09-20,Bloomberg,"Norway dropped plans for a full-scale carbon capture plant at its Mongstad refinery after cost overruns and delays, ending a project that was dubbed as the...",https://www.bloomberg.com/news/articles/2013-09-20/norway-drops-moon-landing-as-mongstad-carbon-capture-scrapped
oil,ロンドン外為：ユーロ、対ドルで今週上昇－２カ月ぶり大幅高,2013-09-20,Bloomberg,20日午前のロンドン外国為替市場で は、ユーロがドルに対し週間ベースで上昇。このままいけば２カ月ぶり の大幅高となりそうだ。ユーロ圏の消費者信頼感の改善や製造業...,https://www.bloomberg.co.jp/news/articles/2013-09-20/MTEXMC6JIJVV01
oil,"Desalination Plants Supply 98.8% of Dubai’s Water, Forum Is Told",2013-09-23,Bloomberg,"Desalination plants that make seawater potable supply 98.8 percent of Dubai's water, with the remaining 1.2 percent coming from groundwater sources,...",https://www.bloomberg.com/news/articles/2013-09-23/desalination-plants-supply-98-8-of-dubai-s-water-forum-is-told
oil,"For Burger King's Satisfries, 'Healthier' Is a Very Relative Term",2013-09-24,Bloomberg,"Go ahead and order apple slices with your fast-food burger, but sometimes there's no resisting the hot, crispy box of fries and all their greasy calories.",https://www.bloomberg.com/news/articles/2013-09-24/for-burger-kings-satisfries-healthier-is-a-very-relative-term
oil,米ＵＴＸ：約5000人が一時帰休の公算、政府閉鎖長期化の場合,2013-10-02,Bloomberg,ヘリコプターや航空機エンジンなど を米軍に供給する米ユナイテッド・テクノロジーズ（ＵＴＸ）は２日、 政府機関の閉鎖が長期化すれば、約5000人の従業員の一時帰休を余儀な...,https://www.bloomberg.co.jp/news/articles/2013-10-03/MU2EUT6JTSEB01
oil,"Barclays Hires Four Commodities Staff From JPMorgan, Citadel",2013-10-02,Bloomberg,Barclays Plc hired three commodities directors from JPMorgan Chase & Co. last month and an oil trader from Citadel LLC.,https://www.bloomberg.com/news/articles/2013-10-02/barclays-hires-four-people-in-commodities-from-jpmorgan-citadel
oil,Big Oil Races Back Into the Gulf of Mexico,2013-10-03,Bloomberg,"In October 2010, the Obama administration lifted its five-month ban on deepwater drilling in the U.S. Gulf of Mexico following BP's disastrous oil spill.",https://www.bloomberg.com/news/articles/2013-10-03/big-oil-invests-billions-again-in-gulf-of-mexico-drilling
oil,Eike Batista: How Brazil's Richest Man Lost $34.5 Billion,2013-10-04,Bloomberg,"Eike Batista stands at the center of a specially built air-conditioned stage on his 22,000-acre-plus Açu port project, a massive oil and iron-ore shipping...",https://www.bloomberg.com/news/articles/2013-10-03/eike-batista-how-brazils-richest-man-lost-34-dot-5-billion
oil,"U.S. Becomes World’s Top Oil Producer in 2013, PIRA Says",2013-10-15,Bloomberg,"The U.S. is expected to overtake Saudi Arabia as the world biggest total supplier of oil this year when natural gas liquids and biofuels are added to crude,...",https://www.bloomberg.com/news/articles/2013-10-15/u-s-becomes-world-s-top-oil-producer-in-2013-pira-says
oil,"In Oil-Rich Angola, the Poor Must Leave Slums",2013-10-17,Bloomberg,"Francisco Antonio, a bricklayer, smiles while his children remove furniture ahead of the government bulldozers ready to flatten his concrete house.",https://www.bloomberg.com/news/articles/2013-10-17/in-oil-rich-angola-slums-cleared-by-moving-the-poor-out
oil,Related CEO Jeff Blau: How Did I Get Here?,2013-10-17,Bloomberg,"The New York real estate chief on his first big deal, winning the Columbus Circle bid, and other high points of his career.",https://www.bloomberg.com/news/articles/2013-10-17/related-ceo-jeff-blau-how-did-i-get-here
oil,Singh Spends $2.2 Billion to Triple Oil Reserve: Corporate India,2013-10-23,Bloomberg,"Singh Spends $2.2 Billion to Triple Oil Reserve: Corporate India ... This article is for subscribers only. India, Asia's second-largest energy user, will spend...",https://www.bloomberg.com/news/articles/2013-10-23/singh-spends-2-2-billion-to-triple-oil-reserve-corporate-india
oil,Mizuho Set to Punish Bank Executives Over Crime-Group Loans,2013-10-24,Bloomberg,"Mizuho Financial Group Inc. may cut pay and add new board members to mollify investors, lawmakers and regulators after failing to end loans to crime groups...",https://www.bloomberg.com/news/articles/2013-10-25/mizuho-set-to-penalize-executives-over-bank-s-crime-group-loans
oil,This Exposé of China's 'Gutter Oil' Black Market Will Churn Your Stomach,2013-10-29,Bloomberg,"The short documentary details the illegal production and sale of so-called ""gutter oil,"" a cooking oil made from restaurant sewer refuse and rotten animal fat...",https://www.bloomberg.com/news/articles/2013-10-29/this-expos-of-china-s-gutter-oil-black-market-will-churn-your-stomach
oil,Lululemon Strikes a Familiar Pose: Foot in Mouth,2013-11-07,Bloomberg,The workout never seems to end for the Lululemon corporate communications team. Just as they finished cleaning up the PR mess that came from its see-through...,https://www.bloomberg.com/news/articles/2013-11-07/lululemon-strikes-a-familiar-pose-foot-in-mouth
oil,Superheroes Plus Satire Propel Artist Masriadi Above $1 Million,2013-11-11,Bloomberg,I Nyoman Masriadi pours two glasses from a bottle of 18-year-old Macallan single-malt Scotch.,https://www.bloomberg.com/news/articles/2013-11-11/superheroes-satire-push-artist-masriadi-above-1-million
oil,Abu Dhabi’s New Das Crude to Replace Two Oils From July,2013-11-12,Bloomberg,"Das crude will go on sale in July and replace Abu Dhabi's Umm Shaif and Lower Zakum grades, two of the emirate's four crudes, state-owned Abu Dhabi Marine...",https://www.bloomberg.com/news/articles/2013-11-12/abu-dhabi-s-new-das-crude-to-replace-two-grades-from-july
oil,Online Casinos Hobbled as Credit-Card Issuers Reject Bets: Tech,2013-11-15,Bloomberg,"Just as legal online gambling gets started in the U.S., banks and payment processors are refusing to play.",https://www.bloomberg.com/news/articles/2013-11-15/web-gaming-curbed-as-paypal-bank-of-america-refuse-bets
oil,Yeo’s Lures Suitors Seeing to Win Over Owners: Real M&A,2013-11-18,Bloomberg,Yeo Hiap Seng Ltd. would be among the most alluring targets in Asia's booming drinks market if it weren't for the Singaporean company's controlling family.,https://www.bloomberg.com/news/articles/2013-11-17/yeo-s-lures-suitors-seeing-to-win-over-owners-real-m-a
oil,Devon to Buy GeoSouthern Eagle Ford Assets for $6 Billion,2013-11-20,Bloomberg,"Devon Energy Corp. will buy closely held GeoSouthern Energy Corp.'s Eagle Ford assets for $6 billion in cash, expanding its shale holdings in one of the...",https://www.bloomberg.com/news/articles/2013-11-19/devon-said-to-near-deal-to-buy-geosouthern-energy-for-6-billion
oil,Canada's Tar Sands Oil Boom Yields Toxic Wastewater Lakes,2013-11-21,Bloomberg,"Canada is blessed with 3 million lakes, more than any country on earth—and it may soon start manufacturing new ones. The oil sands industry is in the throes...",https://www.bloomberg.com/news/articles/2013-11-21/canadas-tar-sands-oil-boom-yields-toxic-wastewater-lakes
oil,Scenes of Destruction From China's Deadly Pipeline Explosion,2013-11-25,Bloomberg,"An oil pipeline explosion in eastern China Friday has killed at least 52 people so far and hospitalized over 100. The explosion happened in Qingdao,...",https://www.bloomberg.com/news/articles/2013-11-25/scenes-of-destruction-from-china-s-deadly-pipeline-explosion
oil,Gazprombank to Lend PDVSA $1 Billion for Petrozamora Oil Project,2013-11-28,Bloomberg,"OAO Gazprombank, Russia's third-largest lender, signed a $1 billion loan for the Petrozamora joint venture in Venezuela to increase crude production and...",https://www.bloomberg.com/news/articles/2013-11-28/gazprombank-to-lend-pdvsa-1-billion-for-petrozamora-oil-project
oil,Oman Oil Billionaire Building Moving Pools on Superyachts,2013-12-02,Bloomberg,Oman Oil Billionaire Building Moving Pools on Superyachts ... This article is for subscribers only. From an office overlooking the Oceanco shipyard in...,https://www.bloomberg.com/news/articles/2013-12-02/oman-oil-billionaire-building-moving-pools-on-superyachts
oil,A Possible Overture From Ecuador in the Chevron Pollution Mess,2013-12-04,Bloomberg,One of the biggest environmental controversies brewing anywhere in the world right now concerns oil pollution in tiny Ecuador. A federal judge in New York...,https://www.bloomberg.com/news/articles/2013-12-04/a-possible-overture-from-ecuador-in-the-chevron-pollution-mess
oil,Detroit Pension Debt Not Special in Written Ruling,2013-12-05,Bloomberg,"Detroit's pensions can be cut in bankruptcy because they are no different from any other contractual obligation, the judge overseeing the $18 billion case...",https://www.bloomberg.com/news/articles/2013-12-05/detroit-pension-debt-not-special-in-written-ruling
oil,Doctor Helps Grandma Die to Avoid Japanese Feeding Tube,2013-12-08,Bloomberg,Kojiro Tokutake wanted to be a doctor since he was a teenager. His grandmother bought him his first stethoscope when he was in medical school.,https://www.bloomberg.com/news/articles/2013-12-08/doctor-helps-grandma-die-to-avoid-japanese-feeding-tube
oil,Chick-fil-A Changed Its Ingredients and Didn't Tell Anyone,2013-12-10,Bloomberg,"There are, apparently, a number of ways to make breaded chicken sandwiches healthier. To this end, Chick-fil-A has been quietly switching out ingredients...",https://www.bloomberg.com/news/articles/2013-12-10/chick-fil-a-changed-its-ingredients-and-didnt-tell-anyone
oil,"Scene Last Night: Tudor Jones, Dubin at Breast Care Fete",2013-12-10,Bloomberg,"Paul Tudor Jones said he'd be dead without his wife, who was being feted by a cancer charity in New York for evangelizing yoga to the young.",https://www.bloomberg.com/news/articles/2013-12-10/scene-last-night-tudor-jones-dubin-at-breast-care-fete
oil,U.S. Law Restricting Foreign Ships Leads to Higher Gas Prices,2013-12-16,Bloomberg,"When large container ships filled with bicycles and sleeper sofas leave China for the U.S., they don't stop in Hawaii to unload cargo bound for that state...",https://www.bloomberg.com/news/articles/2013-12-12/u-dot-s-dot-law-restricting-foreign-ships-leads-to-higher-gas-prices
oil,These Women Taste Rancid Foods So You Don’t Have To,2013-12-20,Bloomberg,"If you bite into a granola bar and it has a disgusting, kind of fishy flavor, it's probably because the oil in the nuts has oxidized.",https://www.bloomberg.com/news/articles/2013-12-19/these-women-taste-rancid-foods-so-you-don-t-have-to
oil,Minneapolis Real Estate Agents Are Highly Amused by the Defacing of their Ads,2013-12-20,Bloomberg,"In a weird Multiplicity-esque project, an artist is changing realtors' bus-stop advertisements to feature his own face.",https://www.bloomberg.com/news/articles/2013-12-20/minneapolis-real-estate-agents-are-highly-amused-by-the-defacing-of-their-ads
oil,A Fresh Oil-Train Explosion Hits America's Risky Energy Bottleneck,2013-12-31,Bloomberg,"For the fourth time in less than six months, a train carrying crude oil across North America has derailed, triggering a massive explosion.",https://www.bloomberg.com/news/articles/2013-12-31/a-fresh-oil-train-explosion-hits-americas-risky-energy-bottleneck
oil,Tokyo Bar Heartland Favored by Goldman Bankers Shuts Down,2014-01-05,Bloomberg,"Heartland, the bar in Tokyo's Roppongi Hills complex where bankers from Goldman Sachs Group Inc. and Lehman Brothers Holdings Inc. partied before the 2008...",https://www.bloomberg.com/news/articles/2014-01-06/tokyo-bar-where-goldman-bankers-drank-champagne-closes-its-doors
oil,"Japan’s Topix Falls From 2008 High on Nintendo, Retailers",2014-01-08,Bloomberg,"Japanese shares fell, with the Topix index retreating from a 5 1/2 year high, as Nintendo Co. and retailers slumped after rising yesterday and Cosmo Oil Co.",https://www.bloomberg.com/news/articles/2014-01-09/japan-s-topix-falls-from-2008-high-after-fed-minutes
oil,Commerzbank Loses Singapore Dispute Over Dresdner Bonuses,2014-01-08,Bloomberg,"Commerzbank AG must pay bonuses to 10 bankers in Singapore at its now-defunct Dresdner unit, who claimed the lender breached their contracts by refusing to...",https://www.bloomberg.com/news/articles/2014-01-08/commerzbank-loses-singapore-dispute-over-dresdner-bonuses
oil,Globes Propel Larry Ellison’s Daughter to Hollywood Fame,2014-01-13,Bloomberg,"When Amy Adams accepted the Golden Globe Award for her performance in “American Hustle” last night, she made sure to thank Megan Ellison from the stage.",https://www.bloomberg.com/news/articles/2014-01-13/golden-globes-highlight-megan-ellison-s-fast-rise-in-film
oil,Portland State's Business School Joins the MBA Building Boom,2014-01-22,Bloomberg,Here's another dispatch from the business school building boom: Portland State University's School of Business Administration is planning to break ground on...,https://www.bloomberg.com/news/articles/2014-01-22/portland-states-business-school-joins-the-mba-building-boom
oil,"Iran to Woo Oil Companies With ‘Sexy’ Contracts, Total CEO Says",2014-01-24,Bloomberg,"Iran plans to offer oil companies improved terms to develop oil and natural gas fields once a trade embargo against the country is lifted, Total SA Chief...",https://www.bloomberg.com/news/articles/2014-01-24/iran-to-woo-oil-companies-with-sexy-contracts-total-ceo-says
oil,天然ガス買い越し、06年以降で最高－寒波で暖房費が上昇,2014-01-26,Bloomberg,ヘッジファンドによる天然ガス相場 上昇を見込む買い越しは少なくとも2006年以降で最高となった。寒波で 暖房費が３年ぶりの高値に上昇した。,https://www.bloomberg.co.jp/news/articles/2014-01-27/N01MWB6TTDS001
oil,'Homeless Billionaire' Nicolas Berggruen Buys Some Houses,2014-01-28,Bloomberg,"The New York Times published a fine piece yesterday by Rachel Donadio about the adventures of Nicolas Berggruen, the man known as the “homeless billionaire,”",https://www.bloomberg.com/news/articles/2014-01-28/homeless-billionaire-nicolas-berggruen-buys-some-houses
oil,The 1969 Oil Spill That Launched the Modern Environmental Movement,2014-01-29,Bloomberg,"That's because on January 28 that year, a new drilling rig operated by Union Oil, Platform ""A,"" suffered a blowout and was violently flooding the ocean with...",https://www.bloomberg.com/news/articles/2014-01-29/the-1969-oil-spill-that-launched-the-modern-environmental-movement
oil,Facebook Turns 10: The Mark Zuckerberg Interview,2014-01-30,Bloomberg,"On Feb. 4, Facebook, the company he co-founded in a Harvard University dorm, turns 10 years old. The prodigy himself turns 30 in May.",https://www.bloomberg.com/news/articles/2014-01-30/facebook-turns-10-the-mark-zuckerberg-interview
oil,Centre for Global Energy Studies Says Closing After 24 Years,2014-02-05,Bloomberg,"The Centre for Global Energy Studies, a consulting firm founded by a former Saudi Arabian oil minister, said it's closing after 24 years.",https://www.bloomberg.com/news/articles/2014-02-05/centre-for-global-energy-studies-says-closing-after-24-years
oil,A Coat Rack Modeled After San Francisco's Sutro Tower,2014-02-14,Bloomberg,"Since 2012, Godar's been developing the Sutro Coat Rack, made from precision-cut plywood, with a oil-and-wax finish.",https://www.bloomberg.com/news/articles/2014-02-14/a-coat-rack-modeled-after-san-francisco-s-sutro-tower
oil,Nigeria Opposition APC Says It Hired Obama Political Consultants,2014-02-18,Bloomberg,Nigeria's main opposition party All Progressives Congress hired the US political consultancy that helped Barack Obama win two elections.,https://www.bloomberg.com/news/articles/2014-02-18/nigeria-opposition-apc-says-it-hired-obama-political-consultants
oil,Former Ziff Brothers Asia Head Said to Plan Own Hedge Fund,2014-02-18,Bloomberg,"Gregard Heje, former Asia head of Ziff Brothers Investments LLC, plans to start his own Hong Kong-based hedge fund that bets on stocks as early as the second...",https://www.bloomberg.com/news/articles/2014-02-19/former-ziff-brothers-asia-head-said-to-plan-own-hedge-fund
oil,"A North Dakota Town Where the Rent Is Really, Really High",2014-02-19,Bloomberg,"In oil-rich Williston, a one-bedroom can cost more than $2000 a month.",https://www.bloomberg.com/news/articles/2014-02-19/a-north-dakota-town-where-the-rent-is-really-really-high
oil,Vitol’s Euromin Metals Business Sold to Interalloys,2014-02-20,Bloomberg,"Vitol Group, the biggest independent oil trader, sold the metals and concentrates business of its Euromin SA subsidiary to Interalloys GmbH, a steel-making...",https://www.bloomberg.com/news/articles/2014-02-20/vitol-drops-some-metals-as-business-bought-by-interalloys-1-
oil,Big Ships Play Texas Chicken in Congested Houston Channel,2014-02-27,Bloomberg,"The Texas Chicken comes in handy when navigating the Houston Ship Channel, a narrow waterway that connects the city's downtown with Galveston Bay and the Gulf...",https://www.bloomberg.com/news/articles/2014-02-27/houston-ship-channel-congested-by-u-dot-s-dot-oil-and-gas-boom
oil,"Visit a Crumbling, Soviet-Era Floating 'Oil City'",2014-02-27,Bloomberg,"This is Neft Dashlari, an inhabited, Soviet-era structure that's said to be the largest and oldest offshore oil city in the world.",https://www.bloomberg.com/news/articles/2014-02-27/visit-a-crumbling-soviet-era-floating-oil-city
oil,Diane von Furstenberg: How Did I Get Here?,2014-02-27,Bloomberg,"This article is part of the March 3, 2014 issue of businessweek. At the 40th anniversary of the wrap dress, Diane von Furstenberg looks back. And ahead.",https://www.bloomberg.com/news/articles/2014-02-27/fashion-designer-diane-von-furstenbergs-career-path
oil,Blobs of Exxon-Valdez Oil Are Still Fresh on Alaska's Beaches,2014-02-28,Bloomberg,"It may be a quarter-century since the Exxon Valdez disaster, yet blobs of oil along Alaska's coastline look as fresh as if they'd been spilled less than two...",https://www.bloomberg.com/news/articles/2014-02-28/blobs-of-exxon-valdez-oil-are-still-fresh-on-alaska-s-beaches
oil,Consultant Andreas Weigend on Big Data Refineries,2014-03-06,Bloomberg,"Independent consultant Andreas Weigend joins our experts discussing the untapped potential of data analysis in medicine, education, and elsewhere,...",https://www.bloomberg.com/news/articles/2014-03-06/consultant-andreas-weigend-on-big-data-refineries
oil,ＮＹ原油：小反発、失業保険申請件数の減少で－株に連れ高,2014-03-06,Bloomberg,ニューヨーク原油先物相場は小幅な がら３日ぶりに反発。米新規失業保険申請件数が予想よりも減少したこ とが手掛かりとなり、株式相場に連れて買いが入った。,https://www.bloomberg.com/news/articles/2014-03-06/N219D46JTSEK01
oil,Behind the $100 Billion Commodity Empire That Few Know,2014-03-07,Bloomberg,"In less than a decade, Marco Dunand and Daniel Jaeggi have turned a 10-person company supplying oil to a pair of Polish refineries into the world's...",https://www.bloomberg.com/news/articles/2014-03-07/behind-the-100-billion-commodity-empire-that-few-know
oil,KKR Retail Chief Who Led Dollar General LBO Said to Exit,2014-03-07,Bloomberg,"KKR & Co., the private-equity firm led by Henry Kravis and George Roberts, said its head of retail investing, Michael Calbert, left the company after 14...",https://www.bloomberg.com/news/articles/2014-03-07/kkr-retail-chief-who-led-dollar-general-lbo-said-to-exit
oil,Cohen Changes SAC Name to Point72 in Family Office Shift,2014-03-11,Bloomberg,Steven A. Cohen is changing the name of his SAC Capital Advisors LP to Point72 Asset Management as the hedge-fund firm stops managing client money.,https://www.bloomberg.com/news/articles/2014-03-11/sac-capital-to-rename-as-point72-asset-management-memo-says
oil,"In Pollution Case, Chevron Seeks $32 Million From Plaintiffs' Lawyer Donziger",2014-03-20,Bloomberg,"It can be expensive to go after a powerful oil company in court. Over two decades, plaintiffs' attorney Steven Donziger, a solo practitioner in New York,...",https://www.bloomberg.com/news/articles/2014-03-20/in-pollution-case-chevron-seeks-32-million-from-plaintiffs-lawyer-donziger
oil,OILL Quote - UBS ETC WTI Crude Oil GBP Fund - Bloomberg,2014-03-21,Bloomberg,"Performance charts for UBS ETC WTI Crude Oil GBP (OILL - Type ETF) including intraday, historical and comparison charts, technical analysis and trend lines.",https://www.bloomberg.com/quote/OILL:LN
oil,PXJ Quote - Invesco Oil & Gas Services ETF Fund - Bloomberg,2014-03-24,Bloomberg,"Performance charts for Invesco Oil & Gas Services ETF (PXJ - Type ETF) including intraday, historical and comparison charts, technical analysis and trend...",https://www.bloomberg.com/quote/PXJ:US
oil,"EDF, Veolia Complete Agreement on Dividing Dalkia Operations",2014-03-25,Bloomberg,"Electricite de France SA, the world's biggest operator of nuclear reactors, and Veolia Environnement SA said they reached a final agreement to split the...",https://www.bloomberg.com/news/articles/2014-03-25/edf-veolia-complete-agreement-on-dividing-dalkia-operations
oil,Offshore Oil Engineering Co Ltd,2014-03-29,Bloomberg,"Stock analysis for Offshore Oil Engineering Co Ltd (600583:Shanghai) including stock price, stock chart, company news, key statistics, fundamentals and...",https://www.bloomberg.com/quote/600583:CH
oil,db x-trackers Stoxx Europe 600 Oil & Gas Short Daily UCITS ETF,2014-03-30,Bloomberg,"Performance charts for db x-trackers Stoxx Europe 600 Oil & Gas Short Daily UCITS ETF (XSES - Type ETF) including intraday, historical and comparison charts...",https://www.bloomberg.com/quote/XSES:LN
oil,Ecuador's President Takes Chevron Fight to U.S.,2014-04-09,Bloomberg,"Ecuadorian President Rafael Correa is bringing his populist campaign against Chevron to the oil company's home country, and a bipartisan group of U.S....",https://www.bloomberg.com/news/articles/2014-04-09/ecuadors-president-takes-chevron-fight-to-u-dot-s
oil,Dentons to Open Cape Town Office: Business of Law,2014-04-10,Bloomberg,"Dentons is opening a Cape Town office by joining with KapdiTwala, an oil and natural gas law firm, as part of a plan to expand in Africa.",https://www.bloomberg.com/news/articles/2014-04-10/dentons-to-open-cape-town-office-business-of-law
oil,Men's Leather Jackets for Spring,2014-04-10,Bloomberg,"From Ovadia & Sons, Burberry, APC, and Brunello Cucinelli, leather jackets that work with a stylish office wardrobe.",https://www.bloomberg.com/news/articles/2014-04-10/mens-leather-jackets-for-spring
oil,Alibaba Agrees to Buy AutoNavi in $1.5 Billion Map Deal,2014-04-11,Bloomberg,"Alibaba Group Holding Ltd. agreed to acquire AutoNavi Holdings Ltd. in a deal that values the Chinese company at $1.5 billion, bolstering its Internet...",https://www.bloomberg.com/news/articles/2014-04-11/alibaba-agrees-to-buy-autonavi-in-1-5-billion-mapping-deal
oil,The Mediterranean Loses Its Monopoly on Elite Olive Oil,2014-04-14,Bloomberg,"Producers from Chile, Peru, Slovenia, and Australia also took home the same Best in Class prizes as the Mediterranean favorites.",https://www.bloomberg.com/news/articles/2014-04-14/the-mediterranean-loses-its-monopoly-on-elite-olive-oil
oil,Russian Billionaire Cut Stakes Beyond Gunvor Before Sanctions,2014-04-16,Bloomberg,"Gennady Timchenko, the billionaire co-founder of Gunvor Group Ltd., sold a stake in a company linked to one of the oil trader's suppliers a day before he...",https://www.bloomberg.com/news/articles/2014-04-16/russian-billionaire-cut-stakes-beyond-gunvor-before-sanctions
oil,Post Holdings to Acquire Michael Foods for $2.45 Billion,2014-04-17,Bloomberg,"Post Holdings Inc. agreed to acquire Michael Foods Group Inc., the processing and distribution company controlled by Goldman Sachs Group Inc.'s...",https://www.bloomberg.com/news/articles/2014-04-17/post-holdings-to-acquire-michael-foods-for-2-45-billion
oil,A Grim Photographic Tribute to the BP Oil Disaster,2014-04-18,Bloomberg,A look at one of humanity's worst oil calamities from one of its most renowned documentarians.,https://www.bloomberg.com/news/articles/2014-04-18/a-grim-photographic-tribute-to-the-bp-oil-disaster
oil,Wal-Mart’s Everyday Low Prices Fail to Stir Brazilians: Retail,2014-04-23,Bloomberg,A relentless focus on everyday low prices helped Wal-Mart Stores Inc. become the world's largest retailer. The strategy hasn't been working in Brazil.,https://www.bloomberg.com/news/articles/2014-04-23/wal-mart-s-everyday-low-prices-fail-to-stir-brazilians
oil,Why the U.S. Is Targeting the Business Empire of a Putin Ally,2014-04-29,Bloomberg,"As the U.S. imposes a new round of sanctions on Russian President Vladimir Putin's inner circle, one name comes up again and again: Gennady Timchenko.",https://www.bloomberg.com/news/articles/2014-04-28/the-u-dot-s-dot-sanctions-putin-ally-gennady-timchenko
oil,First Reserve’s Sabine Oil to Buy Troubled Forest With Stock,2014-05-06,Bloomberg,First Reserve Corp.'s Sabine Oil & Gas agreed to buy struggling Forest Oil Corp. in an all-stock transaction to create one of the biggest energy producers...,https://www.bloomberg.com/news/articles/2014-05-06/sabine-oil-to-merge-with-forest-oil-in-east-texas-expansion
oil,"Tullett Buys Oil Broker PVM for $160 Million, Plans Job Cuts",2014-05-09,Bloomberg,"Tullett Prebon Plc, facing a decline in revenue, agreed to buy oil broker PVM Oil Associates Ltd. for $160 million, and said it plans to eliminate jobs.",https://www.bloomberg.com/news/articles/2014-05-09/tullett-buys-oil-broker-pvm-for-160-million-readies-job-cuts
oil,Mukesh Ambani Leads Billionaire Gains as Polls Show Modi Win,2014-05-14,Bloomberg,"Mukesh Ambani, India's richest man, was the biggest gainer among the world's billionaires as exit polls signaled Narendra Modi's opposition bloc would win a...",https://www.bloomberg.com/news/articles/2014-05-14/india-s-ambani-leads-billionaire-gains-on-modi-s-lead
oil,Terminix's New Mosquito Killer? Garlic Oil,2014-05-19,Bloomberg,"Terminix's Attractive Targeted Sugar Bait, unveiled today, is unusual because it doesn't contain any toxic pesticides. The active ingredient is garlic oil,...",https://www.bloomberg.com/news/articles/2014-05-19/terminixs-attractive-targeted-sugar-bait-uses-garlic-oil-to-kill-mosquitoes
oil,NFL Blocks Oprah's Attempt to Make Michael Sam a Reality-TV Star,2014-05-19,Bloomberg,"It took two days for the National Football League to squash the Untitled Michael Sam Project, a reality-TV show that would have starred the first openly gay...",https://www.bloomberg.com/news/articles/2014-05-19/nfl-blocks-oprahs-attempt-to-make-michael-sam-a-reality-tv-star
oil,"Squire Sanders, Patton Boggs Merge After Chevron Controversy",2014-05-24,Bloomberg,Squire Sanders and Patton Boggs LLP are merging to create a new law firm that will be among the 25 biggest in the world with about 1600 lawyers in 21...,https://www.bloomberg.com/news/articles/2014-05-24/squire-sanders-patton-boggs-merge-after-chevron-controversy
oil,Faux Activism: Recruiting Anti-Chevron Protesters for $85 a Head,2014-05-30,Bloomberg,"In March, a federal judge in New York ruled that the 20-year-long legal campaign against Chevron over oil pollution in Ecuador was actually a bribe-fueled...",https://www.bloomberg.com/news/articles/2014-05-30/faux-activism-recruiting-anti-chevron-protesters-for-85-a-head
oil,Parsley CEO Emerges as One of Youngest U.S. Billionaires,2014-05-30,Bloomberg,"Bryan Sheffield grew up the son and grandson of oilmen in Midland, Texas, and moved north after college to seek riches in the Chicago options pits.",https://www.bloomberg.com/news/articles/2014-05-30/parsley-ceo-emerges-as-one-of-youngest-u-s-billionaires
oil,Greg Penner Emerges as Heir to Wal-Mart’s Chairmanship,2014-06-06,Bloomberg,"Greg Penner, the grandson-in-law of Wal-Mart Stores Inc. founder Sam Walton, became heir apparent to the chairman role today after spending almost a decade...",https://www.bloomberg.com/news/articles/2014-06-06/penner-becomes-wal-mart-board-heir-after-investing-walton-money
oil,Donald Sterling Never Backed Down From His War With the NBA,2014-06-10,Bloomberg,Remember when Donald Sterling was reportedly just fine with his wife Shelly's plan to sell the Los Angeles Clippers to Steve Ballmer for $2 billion?,https://www.bloomberg.com/news/articles/2014-06-10/clippers-owner-donald-sterling-never-quit-his-war-with-the-nba
oil,カジノ法案：自民が18日審議入り要求－国会会期末にらみ日程調整続く,2014-06-12,Bloomberg,カジノを含めた特定複合観光施設 （ＩＲ）の整備を推進するための法案は22日の国会会期末をにらみ、衆 院内閣委員会で審議日程をめぐった与野党の調整が続いている。,https://www.bloomberg.co.jp/news/articles/2014-06-12/N71Q8X6K50XY01
oil,"Stephanie Kwolek, DuPont Chemist Who Created Kevlar, Dies",2014-06-20,Bloomberg,"Stephanie Kwolek, the DuPont Co. scientist whose research on polymers in the 1960s led to the creation of Kevlar, the light, super-strong synthetic fabric...",https://www.bloomberg.com/news/articles/2014-06-20/stephanie-kwolek-dupont-chemist-who-created-kevlar-dies-at-90
oil,"Morgan Stanley Gets 90,000 Summer-Program Applications",2014-06-24,Bloomberg,"Morgan Stanley, owner of the world's largest brokerage, received about 90000 applications for its summer program for analysts and associates.",https://www.bloomberg.com/news/articles/2014-06-24/morgan-stanley-receives-90-000-applications-for-summer-program
oil,Citigroup Team’s Mortgage Bets Undeterred by Volcker Rule,2014-06-25,Bloomberg,"Anna Raytcheva's mortgage-bond bets for Citigroup Inc. lost billions of dollars as the financial crisis raged. Now, amid new rules meant to curb banks' risky...",https://www.bloomberg.com/news/articles/2014-06-25/citigroup-team-s-mortgage-bets-undeterred-by-volcker-rule
oil,"Suez Environnement Buys Process Group as It Pushes Into Oil, Gas",2014-06-26,Bloomberg,"Process designs and develops equipment that can treat water, gases and sand, Suez said in a statement which didn't give a price for the translation. Process,...",https://www.bloomberg.com/news/articles/2014-06-26/suez-environnement-buys-process-group-as-it-pushes-into-oil-gas
oil,三菱自動車の５月の世界生産台数(一覧表),2014-06-26,Bloomberg,三菱自動車が発表した５月までの 世界生産台数は以下の通り。,https://www.bloomberg.com/news/articles/2014-06-27/N7T9B66SETDO01
oil,BNP to Pay Almost $9 Billion Over U.S. Sanctions Case,2014-06-30,Bloomberg,BNP Paribas SA pleaded guilty to US sanctions violations and agreed to pay a record $8.97 billion in a case that reached the highest echelons of French and...,https://www.bloomberg.com/news/articles/2014-06-30/bnp-paribas-charged-in-sanctions-violation-probe-in-new-york
oil,Billionaire With Achy Knees Cashing In on Health Data,2014-07-01,Bloomberg,Terry Ragon's knees ache. Age and love of marathons have taken their toll on the 64-year-old billionaire owner of InterSystems Corp.,https://www.bloomberg.com/news/articles/2014-07-02/billionaire-with-achy-knees-cashing-in-on-health-data
oil,Hackers Find Open Back Door to Power Grid With Renewables: Tech,2014-07-02,Bloomberg,"Making the electricity grid greener is boosting its vulnerability to computer hacking, increasing the risk that spies or criminals can cause blackouts.",https://www.bloomberg.com/news/articles/2014-07-01/renewable-energy-s-expansion-exposing-grids-to-hacking
oil,Whale Poop Might Help Fight Climate Change,2014-07-04,Bloomberg,"It's not a good time to be living in the ocean. Aside from oil spills and the scourge of plastics pollution, the seas are becoming ever more acidic due to...",https://www.bloomberg.com/news/articles/2014-07-04/whale-poop-might-help-fight-climate-change
oil,Need a Military Jet on Budget? Try the Textron Scorpion for $20 Million,2014-07-17,Bloomberg,"Textron could possibly win the title of least expensive aircraft, if such honors existed at the Farnborough International Airshow, with its $20 million...",https://www.bloomberg.com/news/articles/2014-07-17/need-a-military-jet-on-budget-try-the-textron-scorpion-for-20-million
oil,Murder on the Pipelines: Drug Cartels Turn Texas Oil Routes Into Killing Zones,2014-07-24,Bloomberg,Drug Cartels Turn Texas Oil Routes Into Killing Zones.,https://www.bloomberg.com/news/articles/2014-07-23/texas-mexico-oil-pipelines-offer-cover-for-smugglers-violence
oil,Rwanda Replaces Infrastructure Minister in Cabinet Reshuffle,2014-07-24,Bloomberg,Rwanda named new infrastructure and natural resources ministers in a cabinet reorganization President Paul Kagame said was aimed at bolstering his...,https://www.bloomberg.com/news/articles/2014-07-24/rwanda-replaces-infrastructure-minister-in-cabinet-reshuffle
oil,Cynk Plunges 85% as Trading Resumes After SEC Suspension,2014-07-25,Bloomberg,"Cynk Technology Corp., the supposed social-network operator with no revenue, plunged as trading resumed after a 10-day suspension by U.S. regulators and the...",https://www.bloomberg.com/news/articles/2014-07-25/cynk-falls-as-much-as-86-as-trading-resumes-after-halt
oil,Dunkin’ Donuts Gets Pinched in Breakfast Battle,2014-07-25,Bloomberg,"As Dunkin' Donuts tries to reestablish itself out West, opening a slew of new stores in California and Texas, the coffee-and-doughnut chain finds itself...",https://www.bloomberg.com/news/articles/2014-07-25/dunkin-donuts-gets-pinched-in-breakfast-battle
oil,スイス中央銀行６月の資産・負債の状況：統計概要（表）,2014-07-31,Bloomberg,スイス国立銀行（ＳＮＢ）が 発表した６月の資産・負債状況の詳細は以下の通り。 注：バランス・シートのポジションは四半期末の価格で評価されている。,https://www.bloomberg.com/news/articles/2014-07-31/N9KE7G6N9EDV01
oil,No More Free Flights for Shamu: Southwest Ends SeaWorld Tie,2014-07-31,Bloomberg,Say farewell to the Shamu planes in Southwest's fleet. The airline and SeaWorld Entertainment are ending a 26-year marketing relationship due to what...,https://www.bloomberg.com/news/articles/2014-07-31/southwest-ends-tie-with-seaworld-takes-shamu-off-its-planes
oil,Public Data Reveal Secret Rail Movements of Crude Oil,2014-08-20,Bloomberg,It's been almost four months since the Obama Administration ordered railroads to start giving state emergency officials details about their shipments of...,https://www.bloomberg.com/news/articles/2014-08-20/public-data-reveal-secret-rail-movements-of-crude-oil
oil,Islamic State: Oil Magnates of Terror,2014-09-04,Bloomberg,"Since it swept across northern Iraq in early June, capturing towns, refineries, and oil wells along the way, the terrorist group calling itself Islamic...",https://www.bloomberg.com/news/articles/2014-09-04/oil-smuggling-vital-to-islamic-states-expansion
oil,Singles Now Make Up More Than Half the U.S. Adult Population. Here's Where They All Live,2014-09-15,Bloomberg,The United States is now a nation of singles. Single people make up just over half of all American adults for the first time since statistics have been...,https://www.bloomberg.com/news/articles/2014-09-15/singles-now-make-up-more-than-half-the-u-s-adult-population-here-s-where-they-all-live
oil,Thomas Lee Starts Research Boutique After JPMorgan,2014-09-15,Bloomberg,"Thomas Lee, the former JPMorgan Chase & Co. chief equity strategist who spent 24 years at some of Wall Street's biggest firms, has started a seven-person...",https://www.bloomberg.com/news/articles/2014-09-15/thomas-lee-starts-research-boutique-after-jpmorgan
oil,Cheap Oil and Expensive Oil Tankers: This Is Contango,2014-09-17,Bloomberg,"During the last half of 2008, as the global economy ground to a halt, the price of oil fell from an all-time high of $145 a barrel to less than $40.",https://www.bloomberg.com/news/articles/2014-09-17/what-is-contango-cheap-oil-makes-for-expensive-tankers
oil,"Tim Cook Interview: The iPhone 6, the Apple Watch, and Remaking a Company's Culture",2014-09-17,Bloomberg,The new products and Apple Pay are only half the story.,https://www.bloomberg.com/news/features/2014-09-17/tim-cook-interview-the-iphone-6-the-apple-watch-and-remaking-a-companys-culture-i077npsy
oil,Electric Motorcycles: The Race to Become the Two-Wheeled Tesla,2014-09-18,Bloomberg,"Mark Buche, 28, is just the type of guy Harley-Davidson (HOG) wants buying its bikes.",https://www.bloomberg.com/news/articles/2014-09-18/electric-motorcycles-the-race-to-become-the-two-wheeled-tesla
oil,Dunkin’ Donuts Tests Recyclable Cups as Foam Loses Favor,2014-09-18,Bloomberg,"Dunkin' Donuts, looking to phase out its signature foam cups, is testing recyclable-plastic versions to see if they can withstand temperatures of 200...",https://www.bloomberg.com/news/articles/2014-09-17/dunkin-donuts-tests-recyclable-cups-as-foam-loses-favor
oil,Pabst Blue Ribbon Sells for $700 Million: The Long Life of an OK Beer,2014-09-19,Bloomberg,"How much Pabst Blue Ribbon does $700 million buy? All of it. Russian brewer Oasis Beverages just shelled out a heady sum for Pabst Brewing, the Milwaukee...",https://www.bloomberg.com/news/articles/2014-09-19/pabst-blue-ribbon-sells-for-700-million-long-life-of-an-ok-beer
oil,Iran-Born Billionaire Hakim Emerges With NYC Properties,2014-09-29,Bloomberg,"Billionaire Kamran Hakim was late, and New York Supreme Court Justice Eileen Bransten wanted to know where he was.",https://www.bloomberg.com/news/articles/2014-09-29/iranborn-billionaire-hakim-emerges-with-nyc-properties
oil,Rothschild Hires Trevor Manuel to Help Drive Africa Plans,2014-09-30,Bloomberg,"Rothschild Group said Trevor Manuel, South Africa's finance minister for 13 years, will help the firm meet the evolving needs of clients on the continent as...",https://www.bloomberg.com/news/articles/2014-09-30/manuel-joins-rothschild-after-leaving-politics-in-may
oil,"Watch Sonders, Hickey on U.S. Economy, Stocks, Strategy",2014-10-02,Bloomberg,"Oct. 2 (Bloomberg) -- Liz Ann Sonders, chief investment strategist at Charles Schwab Corp., and Paul Hickey, co-founder of Bespoke Investment Group,...",https://www.bloomberg.com/news/videos/2014-10-02/sonders-sees-opportunity-in-technology-energy-stocks-video
oil,The Keystone Killer the Enviros Didn't See Coming,2014-10-08,Bloomberg,"When it comes to oil, U.S. is king. Discoveries in North Dakota and Texas have pushed American oil production past Saudi Arabia and Russia this year.",https://www.bloomberg.com/news/articles/2014-10-08/who-needs-keystone-with-oil-prices-like-these-
oil,Watch Paul Graham on Leaving Y Combinator,2014-10-10,Bloomberg,"Oct. 9 (Bloomberg) -- Silicon Valley legends Paul Graham and Jessica Livingston, the co-founders of startup incubator Y Combinator, sit down with...",https://www.bloomberg.com/news/videos/2014-10-10/paul-graham-on-leaving-y-combinator
oil,The Strong Dollar Weighs Heavily on the Commodities Market,2014-10-16,Bloomberg,"Early in 2014, the commodities markets were doing surprisingly well. China's appetite for raw material was holding up, and the International Monetary Fund...",https://www.bloomberg.com/news/articles/2014-10-16/commodities-market-strong-dollar-weighs-heavily
oil,Credit Suisse Allegedly Favored Oligarch in Oil Field Sale,2014-10-20,Bloomberg,"Credit Suisse Group AG bankers forced a sale in February 2008 for less than half that amount to Mikhail Gutseriev, the billionaire founder of OAO Russneft.",https://www.bloomberg.com/news/articles/2014-10-19/credit-suisse-allegedly-favored-oligarch-in-sale-of-oil-field
oil,"In India, Falling Oil Prices Make Modi's Job Much Easier",2014-10-21,Bloomberg,"During the campaign, Modi said he wanted to cut back on the costly subsidies the government offered millions of Indians to cushion the blow of those soaring...",https://www.bloomberg.com/news/articles/2014-10-21/india-s-modi-ends-fuel-subsidies-showing-he-is-a-reformer
oil,"Dodge’s Beefy $60,000 Challenger Hellcat Screams Detroit Metal",2014-10-22,Bloomberg,"I pop the clutch and slam the gas, and my dad's cowboy hat flies off. His passenger seat leans back under the massive G-force and, briefly,...",https://www.bloomberg.com/news/articles/2014-10-22/dodge-s-60-000-challenger-hellcat-screams-detroit-metal
oil,"Watch U.S. Earnings Are `Going to Accelerate,' Cote Says",2014-10-23,Bloomberg,"Oct. 23 (Bloomberg) -- Douglas Cote, chief market strategist at Voya Investment Management LLC, and John Ryding, chief economist at RDQ Economics,...",https://www.bloomberg.com/news/videos/2014-10-23/us-earnings-are-going-to-accelerate-cote-says-video
oil,Hunt’s Death Revives Memory of Billions Lost on Silver Wager,2014-10-23,Bloomberg,"To Nelson Bunker Hunt, the world was full of enemies. There was inflation. It was running as high as 13 percent in the 1970s, like a thief threatening to steal...",https://www.bloomberg.com/news/articles/2014-10-23/hunt-s-death-revives-memory-of-fortune-lost-on-silver-bet
oil,Why Oil Prices Went Down So Far So Fast,2014-10-29,Bloomberg,Why Oil Prices Went Down So Far So Fast ... This article is for subscribers only. The reasons oil prices started sliding in June were hiding in plain sight:...,https://www.bloomberg.com/news/articles/2014-10-29/why-oil-prices-went-down-so-far-so-fast
oil,"How EOG, an Enron Castaway, Became the ‘Apple of Oil’",2014-11-05,Bloomberg,"EOG Resources Inc., formerly a part of the old Enron Corp. empire, has emerged as the most-recommended stock in the oil industry. The...",https://www.bloomberg.com/news/articles/2014-11-05/how-eog-an-enron-castaway-became-the-apple-of-oil-
oil,"A Cleaner, Cheaper Way to Exploit Utah's Oil Sands",2014-11-06,Bloomberg,"A new extraction process in Utah may result in less toxic waste. It costs less, too.",https://www.bloomberg.com/news/articles/2014-11-06/a-cleaner-cheaper-way-to-exploit-utahs-oil-sands
oil,JPMorgan Settles Claims It Cheated Shale-Rights Owners,2014-11-15,Bloomberg,JPMorgan Chase & Co. settled a lawsuit by Texas mineral-rights owners who accused it of cutting sweetheart deals with oil company clients to cheat them out of...,https://www.bloomberg.com/news/articles/2014-11-15/jpmorgan-settles-self-dealing-case-over-texas-shale-trust
oil,Youngest Oil Tycoon Finds Fortune After Washout as Trader,2014-11-17,Bloomberg,"When he left Midland, Texas, in 1997, Bryan Sheffield didn't plan on returning. His father and grandfather both had earned their fortunes drilling wells in...",https://www.bloomberg.com/news/articles/2014-11-18/youngest-oil-tycoon-finds-fortune-after-washout-as-trader
oil,The Banality of Islamic State: How ISIS Corporatized Terror,2014-11-20,Bloomberg,"ISIS is run like the world's best multinationals, making it one the most effective and terrifying terrorist groups in history.",https://www.bloomberg.com/graphics/2014-the-business-of-isis-spreadsheets-annual-reports-and-terror/
oil,Pennsylvania Oil Well No. 1 Keeps Pumping After 153 Years,2014-11-21,Bloomberg,"McClintock No. 1, the world's oldest continually producing oil well, is still going after 153 years, quietly churning out about 1/10 of a barrel a day from a...",https://www.bloomberg.com/news/articles/2014-11-21/the-153-year-old-oil-well-that-produces-nonstop-in-boom-and-bust
oil,Soybean to Rapeseed Prices Seen Sliding in 2014-15 by Oil World,2014-11-25,Bloomberg,"Soybean, rapeseed and palm oil prices as well as those for oil and meal crushed from oilseeds are forecast to slide in the year through June amid ample...",https://www.bloomberg.com/news/articles/2014-11-25/soybean-to-rapeseed-prices-seen-sliding-in-2014-15-by-oil-world
oil,Colleagues Defend Uber Exec at Center of Storm,2014-11-25,Bloomberg,Emil Michael is the senior vice president of business at Uber whose inflammatory comments at a Nov. 14 dinner party in New York set off a media...,https://www.bloomberg.com/news/articles/2014-11-25/colleagues-defend-ubers-emil-michael
oil,Oil Bust of 1986 Reminds U.S. Drillers of Price War Risk: Energy,2014-11-26,Bloomberg,"The last time that U.S. oil drillers got caught up in a price war orchestrated by Saudi Arabia, it ended badly for the Americans.",https://www.bloomberg.com/news/articles/2014-11-26/oil-bust-of-1986-reminds-u-s-drillers-of-price-war-risks
oil,Watch Fiat Chrysler Phasing Out Iconic Pentastar Logo,2014-11-26,Bloomberg,"Nov. 26 (Bloomberg) -- On “Before The Bell,” Bo Peabody, venture partner at Greycroft Partners, Bloomberg's Betty Liu, and Matt Miller run down the top...",https://www.bloomberg.com/news/videos/2014-11-26/fiat-chrysler-phasing-out-iconic-pentastar-logo
oil,Venezuela’s Oil Industry Exodus Slowing Crude Production: Energy,2014-12-04,Bloomberg,"When Angel Fernandez, a former production engineer with Venezuela's state-owned petroleum company, relocated to Canada's oil-sands region, it wasn't for the...",https://www.bloomberg.com/news/articles/2014-12-04/venezuela-s-oil-industry-exodus-slowing-crude-production-energy
oil,The Rise and Fall of OPEC,2014-12-04,Bloomberg,a cartel designed to exert control over global oil prices—and reduce Western influence in the Middle East...,https://www.bloomberg.com/news/articles/2014-12-04/opec-cartel-disrupted-oil-markets-then-itself-faced-disruption
oil,How Oil Trading ‘God’ Hall Made Money as Crude Fell,2014-12-10,Bloomberg,How does a renowned oil trader who bets on rising prices make money when crude plunges 18 percent in a month? By betting on the U.S. dollar at the same...,https://www.bloomberg.com/news/articles/2014-12-10/how-oil-trading-god-hall-made-money-as-crude-fell
oil,Mysterious ’08 Turkey Pipeline Blast Opened New Cyberwar,2014-12-10,Bloomberg,"The Turkish government publicly blamed a malfunction, Kurdish separatists claimed credit and BP Plc had the line running again in three weeks.",https://www.bloomberg.com/news/articles/2014-12-10/mysterious-08-turkey-pipeline-blast-opened-new-cyberwar
oil,Danish Fuel Supplier OW Bunker Collapses Months After Its IPO,2014-12-11,Bloomberg,"The company filed for bankruptcy in Copenhagen; it will be liquidated, undone by a client that it says didn't pay a $125 million bill and by an ill-timed bet...",https://www.bloomberg.com/news/articles/2014-12-11/marine-fuel-supplier-ow-bunker-collapses-months-after-its-ipo
oil,Watch Lower Oil Prices `Postive' for M&A Activity: Eatroff,2014-12-12,Bloomberg,"Support · 2x · 1.75x · 1.5x · 1.25x · 1x, selected · 0.75x · 0.5x · 0.25x. captions off, selected. Sorry, something went wrong. Check your internet connection...",https://www.bloomberg.com/news/videos/2014-12-12/lower-oil-prices-postive-for-ma-activity-eatroff-video
oil,Can Canadian Oil Sands Survive Falling Prices?,2014-12-23,Bloomberg,"As oil prices have crashed over the past six months, a lot of attention has focused on what this means for frackers in the U.S., as well as the national...",https://www.bloomberg.com/news/articles/2014-12-22/canadas-oil-sands-are-better-bets-than-shale-oil
oil,Gold-Oil Ratio Shows Crude Drop Tied to Supply: Chart of the Day,2015-01-05,Bloomberg,"The highest gold prices relative to oil since the 1990s show crude's plunge stems from excess supply rather than potential deflation, according to Michael...",https://www.bloomberg.com/news/articles/2015-01-06/gold-oil-ratio-shows-crude-drop-tied-to-supply-chart-of-the-day
oil,Watch Opportunity in Russian Equities: J.P. Morgan's Richdale,2015-01-06,Bloomberg,"Jan. 6 (Bloomberg) -- Luke Richdale, managing director and portfolio manager at J.P. Morgan Asset Management, talks about the impact of falling crude oil...",https://www.bloomberg.com/news/videos/2015-01-06/opportunity-seen-in-russian-equities-jp-morgans-richdale
oil,Watch Doritos Spoof Ad Challenges Reliance on Palm Oil,2015-01-15,Bloomberg,"Playlist · Doritos Spoof Ad Challenges Reliance on Palm Oil · Moderna CEO on Earnings, Flu Shots and Skin Cancer Trials · Why 'India Has Lost Its Way' · Wall...",https://www.bloomberg.com/news/videos/2015-01-15/doritos-spoof-ad-challenges-reliance-on-palm-oil-video
oil,Hedge Fund Managers at PointState Make $1 Billion on Oil,2015-01-21,Bloomberg,Hedge Fund Managers at PointState Make $1 Billion on Oil ... This article is for subscribers only. Hedge fund manager Zach Schreiber stood on stage at Avery...,https://www.bloomberg.com/news/articles/2015-01-20/druckenmiller-alums-at-pointstate-make-1-billion-on-oil
oil,Saudi Arabia’s New King Seen Sticking With Oil Production,2015-01-23,Bloomberg,"King Salman, Saudi Arabia's new ruler, will keep Oil Minister Ali Al-Naimi in his post, bolstering expectations that he will continue the policy of maintaining...",https://www.bloomberg.com/news/articles/2015-01-23/saudi-arabia-s-new-king-seen-sticking-with-oil-production
oil,Is There Money to Be Made in Oil? New Grads Don't Think So,2015-01-28,Bloomberg,"This article is for subscribers only. Six months ago, a degree in petroleum engineering was a ticket to a job with a six-figure salary. Now...",https://www.bloomberg.com/news/articles/2015-01-29/graduates-question-six-figure-oil-jobs-as-layoffs-swell
oil,Jeremy Herron,2015-01-29,Bloomberg,Recent stories by Jeremy Herron on Bloomberg.com.,https://bloomberg.com/authors/ARJCs8NIT-4/jeremy-herron
oil,Kadhim Ajrash - Former Freelancer:Iraq,2015-01-29,Bloomberg,"Kadhim Ajrash. Former Freelancer:Iraq. + Get Alerts RSS Feed. Latest. Iraq Talks With Oil Firms Hit Snag, Delaying Kurdistan Exports. February 17, 2025.",https://bloomberg.com/authors/APzcjp2Fb7A/kadhim-ajrash
oil,Venezuela Gets $1.9 Billion as Dominican Republic Pays Debt,2015-01-30,Bloomberg,The Dominican Republic paid off almost all of a $4.1 billion debt owed to Venezuela for years of oil shipments after raising funds through a bond sale last...,https://www.bloomberg.com/news/articles/2015-01-30/dominican-republic-taps-1-9-billion-to-pay-venezuelan-oil-debt
oil,Fred Pals - Former First Word Oil Editor,2015-02-01,Bloomberg,Recent stories by Fred Pals on Bloomberg.com.,https://bloomberg.com/authors/AOWKCLwTC-0/fred-pals
oil,Firat Kayakiran,2015-02-02,Bloomberg,"Commodity Shipping Overcomes Covid on China Infrastructure Spend. September 8, 2020. September 8, 2020. Oil Glut Trade on the Brink of Making Comeback in...",https://bloomberg.com/authors/AObzQWyLOAM/firat-kayakiran
oil,Ben Sharples,2015-02-02,Bloomberg,"Oil Steadies at Start of Week as Market Weighs Trump's Tariffs · Oil Steadies at Start of Week as Market Weighs Trump's Tariffs. February 11, 2025.",https://bloomberg.com/authors/APoPPo-Gvi8/ben-sharples
oil,Dawn Kopecki - Former Reporter,2015-02-02,Bloomberg,Recent stories by Dawn Kopecki on Bloomberg.com.,https://bloomberg.com/authors/APN4-H0dpn8/dawn-kopecki
oil,Christine Buurma,2015-02-03,Bloomberg,Recent stories by Christine Buurma on Bloomberg.com.,https://bloomberg.com/authors/AQG_R1-bnwY/christine-buurma
oil,Sharon Cho,2015-02-03,Bloomberg,Sharon Cho. Former Reporter. + Get Alerts RSS Feed. Latest. Russian Oil Fields Ahead of 180th OPEC Meeting. Oil Traders Remain Split on Whether OPEC+ Will...,https://bloomberg.com/authors/ARMSAmhFvts/sharon-cho
oil,Robert Tuttle,2015-02-05,Bloomberg,"Robert Tuttle. Reporter. + Get Alerts RSS Feed. Latest. Operations At A Cenovus Energy Oil Production Facility · Canada's Carbon Tax Hinders Pipeline Plans,...",https://bloomberg.com/authors/AHN5MgHTV38/robert-tuttle
oil,Koch Brothers Worth $100 Billion Lead Oil Moguls on Rise,2015-02-06,Bloomberg,Koch Brothers Worth $100 Billion Lead Oil Moguls on Rise ... The world's 400 richest people added $74.7 billion to their collective wealth this week as the U.S....,https://www.bloomberg.com/news/articles/2015-02-06/koch-brothers-worth-100-billion-lead-oil-moguls-on-rise
oil,Diamonds Aren’t Forever in Aberdeen as Oil Guys Go Cheap: Cities,2015-02-06,Bloomberg,"In Aberdeen, a city built out of granite on Scotland's North Sea coast, a diamond merchant checks the price of oil every day.",https://www.bloomberg.com/news/articles/2015-02-06/diamonds-aren-t-forever-in-aberdeen-as-oil-guys-go-cheap-cities
oil,Jesse Drucker - Reporter:Taxation & Corp Finance-BizDay,2015-02-08,Bloomberg,Recent stories by Jesse Drucker on Bloomberg.com.,https://bloomberg.com/authors/APuiS-bL1Fc/jesse-drucker
oil,Rachel Graham,2015-02-10,Bloomberg,Recent stories by Rachel Graham on Bloomberg.com.,https://bloomberg.com/authors/APP73_tfsvk/rachel-graham
oil,U.S. Oil Workers' Union Expands Biggest Plant Strike Since 1980,2015-02-21,Bloomberg,"The United Steelworkers, which represents 30000 U.S. oil workers, called on four more plants to join the biggest strike since 1980 as talks dragged on with...",https://www.bloomberg.com/news/articles/2015-02-20/u-s-oil-workers-to-reject-7th-contract-offer-amid-strike
oil,Charlie Rose Talks to BlackRock’s Larry Fink,2015-02-26,Bloomberg,"The chief executive officer of BlackRock discusses the economic impact of Greece, cheap oil, and D.C. gridlock.",https://www.bloomberg.com/news/articles/2015-02-26/blackrock-ceo-larry-fink-on-greece-cheap-oil-and-d-c-gridlock
oil,Watch Croft Says Sanctions a `Danger' to Russian Oil Projects,2015-03-06,Bloomberg,"Helima Croft, chief commodities strategist at RBC Capital, talks about the impact of trade sanctions on Russia's energy industry, oil storage challenges in...",https://www.bloomberg.com/news/videos/2015-03-06/croft-says-sanctions-a-danger-to-russian-oil-projects
oil,Palm Oil King Goes From Forest Foe to Buddy in Deal With Critics,2015-03-12,Bloomberg,"And if there's one executive who embodies this contentious $50 billion business, it's Singaporean commodities magnate Kuok Khoon Hong. He's the palm oil king,...",https://www.bloomberg.com/news/articles/2015-03-12/how-the-palm-oil-king-went-from-environmental-foe-to-best-buddy
oil,Watch Four Years of Oil Drilling Collapse in Seconds,2015-03-13,Bloomberg,"As the price of oil plunged in the second half of last year, producers started shutting down rigs at an unprecedented rate. First to go were rigs that operated...",https://www.bloomberg.com/graphics/2015-oil-rigs/
oil,Oil Rigs Fall for the 15th Straight Week and Twitter Nails it Again,2015-03-20,Bloomberg,"U.S. oil rigs fell for the 15th straight week. Estimates gathered from Twitter guessed it perfectly. Drillers idled 41 oil rigs (excluding gas rigs),...",https://www.bloomberg.com/news/articles/2015-03-20/oil-rigs-fall-for-the-15th-straight-week-and-twitter-nails-it-again
oil,Sherry Su,2015-03-24,Bloomberg,Sherry Su is a reporter for Bloomberg News covering the crude oil market. She was previously an oil reporter at Dow Jones Newswires.,https://bloomberg.com/authors/AQSpUXiVPZE/sherry-su
oil,Sheela Tobben,2015-03-24,Bloomberg,"Saudi Arabia Raises Oil Prices to Asia for Fourth Month in a Row. August 20, 2023. August 20, 2023. Oil Falls in Thin Summer Trading on Signs of Rebounding...",https://bloomberg.com/authors/AR8NpPXFg6A/sheela-tobben
oil,"Watch Chevron Takes Long-Term View of Projects, Meyer Says",2015-03-26,Bloomberg,"Melody Meyer, president of Chevron Corp.'s Asia Pacific exploration and production unit, talks about the company's exploration and production strategy.",https://www.bloomberg.com/news/videos/2015-03-26/chevron-takes-long-term-view-of-projects-meyer-says
oil,These Charts Show Clearly Why Oil Prices Crashed,2015-03-30,Bloomberg,There's one reason above all others for the drop in prices: The US oil boom. Last year was the biggest spike in US oil production since at least 1900.,https://www.bloomberg.com/news/articles/2015-03-30/these-charts-show-clearly-why-oil-prices-crashed
oil,A Grimly Fascinating Map of Toxic Spills in Brooklyn,2015-03-30,Bloomberg,"The borough is splattered with escaped pollutants like oil, paint, raw sewage, and mystery blood.",https://www.bloomberg.com/news/articles/2015-03-30/this-map-of-brooklyn-s-toxic-spills-shows-petroleum-sewage-and-mystery-blood
oil,How We Got to Contango,2015-03-31,Bloomberg,"Both contango and its doppelganger, backwardation, originated in Britain in the 19th century to describe futures trading.",https://www.bloomberg.com/view/articles/2015-03-31/how-oil-markets-came-to-embrace-contango
oil,Bill Lehane,2015-04-02,Bloomberg,Recent stories by Bill Lehane on Bloomberg.com.,https://bloomberg.com/authors/ASOgpbQia44/bill-lehane
oil,Shell-BG Deal Puts Pressure on Big Oil to Consolidate Again,2015-04-08,Bloomberg,What pushed the $70 billion deal over the finish line was that it had become “very compelling from a value perspective” after oil prices fell by half to $50 a...,https://www.bloomberg.com/news/articles/2015-04-08/shell-bg-deal-puts-pressure-on-big-oil-to-consolidate-again
oil,Fossil Fuels Just Lost the Race Against Renewables,2015-04-14,Bloomberg,"The race for renewable energy has passed a turning point. The world is now adding more capacity for renewable power each year than coal, natural gas, and oil...",https://www.bloomberg.com/news/articles/2015-04-14/fossil-fuels-just-lost-the-race-against-renewables
oil,Oil Production Jumps in March Even as U.S. Drilling Collapses,2015-04-15,Bloomberg,"The U.S. keeps pumping oil at a near-record pace, in spite of the collapse in prices over the past year and cutbacks in drilling.",https://www.bloomberg.com/news/articles/2015-04-15/oil-production-jumps-in-march-even-as-u-s-drilling-collapses
oil,The Oil Industry’s ‘Man Camps’ Are Dying,2015-04-15,Bloomberg,"America's oilfield “man camps”—as the industry calls them—are turning into ghost towns as drillers cut back the free housing, food, and air travel once used to...",https://www.bloomberg.com/news/articles/2015-04-15/oil-s-new-boomtowns-head-toward-bust
oil,The BP Oil Spill Cleanup Isn’t a Disaster,2015-04-16,Bloomberg,"The company issued a five-year report, Environmental Recovery and Restoration, stressing that the spill didn't do lasting damage to the ecosystem.",https://www.bloomberg.com/news/articles/2015-04-16/the-bp-oil-spill-cleanup-isn-t-a-disaster
oil,BP Should Buy Tesla and Its Batteries,2015-04-21,Bloomberg,"BP should get itself into an entirely new industry and bid for Tesla Motors, Elon Musk's upstart electric car and battery company.",https://www.bloomberg.com/opinion/articles/2015-04-21/oil-giant-bp-should-buy-tesla-from-elon-musk
oil,Can This Oil Baron’s Company Withstand Another Quake?,2015-04-23,Bloomberg,His company's massive water disposal wells have helped drive Oklahoma's fracking boom. They may also lead to man-made disasters.,https://www.bloomberg.com/news/articles/2015-04-23/can-this-oklahoma-oilman-s-company-withstand-another-earthquake-
oil,The Oil Slump Is Emptying the Stores of Dubai,2015-04-30,Bloomberg,"The Dubai Gold Souk had become one of the largest such marketplaces, offering tax-free precious metal, as Persian Gulf oil wealth ballooned in the past few...",https://www.bloomberg.com/news/articles/2015-04-29/city-of-gold-fading-as-oil-slump-drains-purses-of-dubai-shoppers
oil,Watch RBC's Croft Sees Oil at Around $70 a Barrel by Year End,2015-04-30,Bloomberg,"Playlist · RBC's Croft Sees Oil at Around $70 a Barrel by Year End · Stocks Can Handle 'Stalemate Situation' in Iran, Yardeni Says · How to Get a Deal With Iran.",https://www.bloomberg.com/news/videos/2015-04-30/rbc-s-croft-sees-oil-at-around-70-a-barrel-by-year-end
oil,ERNID: Metawells Oil & Gas Inc Stock Price Quote,2015-05-02,Bloomberg,"Stock analysis for Metawells Oil & Gas Inc (ERNID:US) including stock price, stock chart, company news, key statistics, fundamentals and company profile.",https://www.bloomberg.com/quote/ERNID:US
oil,BFXX: Wewards Inc Stock Price Quote,2015-05-05,Bloomberg,"Stock analysis for Wewards Inc (BFXX:US) including stock price, stock chart, company news, key statistics, fundamentals and company profile.",https://www.bloomberg.com/quote/BFXX:US
oil,The Dealmaker Who Helped a U.S. Hedge Fund Score Congo Oil Prize,2015-05-06,Bloomberg,The Dealmaker Who Helped a U.S. Hedge Fund Score Congo Oil Prize ... Africa's last shadow master trades favors to make profits for everyone — including himself.,https://www.bloomberg.com/news/articles/2015-05-07/the-dealmaker-who-helped-a-u-s-hedge-fund-score-congo-oil-prize
oil,Would You Live Inside a Trendy Retrofitted Oil Tanker?,2015-05-15,Bloomberg,"It's hard to imagine oil tankers disappearing anytime soon. Yet Amsterdam's Chris Collaris believes it could happen, either from the rise of clean energy,...",https://www.bloomberg.com/news/articles/2015-05-15/architects-envision-turning-an-oil-tanker-into-a-trendy-development
oil,Will Kennedy,2015-05-17,Bloomberg,"Bloomberg reporters answer your questions on oil and how US sanctions on Russia may effect the global market outlook. July 9, 2025. July 9, 2025.",https://bloomberg.com/authors/AGEy-lg4TTk/will-kennedy
oil,Pipeline Billionaire Kelcy Warren Is Having Fun in the Oil Bust,2015-05-18,Bloomberg,The founder of Energy Transfer Partners has built his $7.3 billion personal fortune by making smart moves during the industry's 'dark times.',https://www.bloomberg.com/news/features/2015-05-19/pipeline-billionaire-kelcy-warren-is-having-fun-in-the-oil-bust
oil,Khalid Al Ansary,2015-05-19,Bloomberg,Recent stories by Khalid Al Ansary on Bloomberg.com.,https://bloomberg.com/authors/AQk-Xu8-9xo/khalid-al-ansary
oil,Barbara J. Powell - Energy Markets | Bloomberg,2015-05-19,Bloomberg,Recent stories by Barbara J. Powell on Bloomberg.com.,https://bloomberg.com/authors/AG1zQ4_c7JU/barbara-j-powell
oil,A Relic of California’s Oil Past Haunts State With Sea Spill,2015-05-28,Bloomberg,"A pipeline the oil market had all but forgotten resurfaced like a painful memory last week, spilling 500 barrels of heavy oil into the Pacific Ocean.",https://www.bloomberg.com/news/articles/2015-05-27/a-relic-of-california-s-oil-past-haunts-state-with-ocean-spill
oil,Hatem Mohareb,2015-05-29,Bloomberg,"Egypt Secures Libya Oil Imports After War Cuts Off Kuwaiti Flows. February 11, 2026. February 11, 2026. Chevron, Eni Among Winners of First Libya Oil...",https://bloomberg.com/authors/ASPlIf7d--A/hatem-mohareb
oil,Somalia May Pay 90% Oil Revenue to Explorer Under Draft Deal,2015-05-29,Bloomberg,"Somalia May Pay 90% Oil Revenue to Explorer Under Draft Deal ... This article is for subscribers only. Soma Oil & Gas Holdings Ltd., chaired by former U.K....",https://www.bloomberg.com/news/articles/2015-05-28/somalia-may-pay-90-of-oil-revenue-to-explorer-under-draft-deal
oil,U.S. Undercover Tactics Go on Trial in Foreign Bribery Case,2015-06-03,Bloomberg,The Justice Department's aggressive use of undercover tactics in foreign bribery cases will be tested this month with the criminal prosecution of Joseph...,https://www.bloomberg.com/news/articles/2015-06-03/u-s-undercover-tactics-go-on-trial-in-foreign-bribery-case
oil,London's Gatwick Airport Oil Find Horse Hill Just Got Bigger,2015-06-05,Bloomberg,This article is for subscribers only. The pot of oil recently discovered near London's Gatwick Airport just got more sticky.,https://www.bloomberg.com/news/articles/2015-06-05/london-s-gatwick-airport-oil-find-horse-hill-just-got-bigger
oil,El Nino’s Return Raises Specter of Food Inflation Spike in Asia,2015-06-07,Bloomberg,"Ling Ah Hong, a 35-year veteran of Malaysia's palm-oil industry, remembers well the last time that the El Nino weather phenomenon wreaked havoc on food prices...",https://www.bloomberg.com/news/articles/2015-06-07/el-nino-s-return-raises-specter-of-food-inflation-spike-in-asia
oil,"Watch Oil Doesn't Have Much Upside, UBS's Schnider Says",2015-06-17,Bloomberg,"Support · 2x · 1.75x · 1.5x · 1.25x · 1x, selected · 0.75x · 0.5x · 0.25x. captions off, selected. Sorry, something went wrong. Check your internet connection...",https://www.bloomberg.com/news/videos/2015-06-17/oil-doesn-t-have-much-upside-ubs-s-schnider-says
oil,Ten Foods That Still Have Trans Fats,2015-06-18,Bloomberg,"All artificial trans fats must be removed from the US food supply over the next three years, the Food and Drug Administration ruled on Tuesday.",https://www.bloomberg.com/news/articles/2015-06-18/11-foods-that-still-have-trans-fats
oil,How the European Oil Industry Decided to Save the Climate,2015-06-22,Bloomberg,It came together in Oslo. The chiefs of some of Europe's biggest energy companies decided to pull an historic about-face. It was time to heed the protesters...,https://www.bloomberg.com/news/articles/2015-06-22/how-the-european-oil-industry-decided-to-save-the-climate
oil,"The Shale Brothers: Whether Fracking or Hunting Gators, Sibling CEOs Go All In",2015-06-23,Bloomberg,"The Lawlers, both energy company CEOs, take on oil, gas, alligators—and each other.",https://www.bloomberg.com/news/articles/2015-06-24/brothers-hunt-gas-and-gators-as-ceos-of-rival-shale-empires
oil,How Iranian Oil Tankers Keep Syria’s War Machine Alive,2015-06-24,Bloomberg,"Iran has delivered 10 million barrels of oil to Assad this year, free of charge.",https://www.bloomberg.com/news/articles/2015-06-24/how-iranian-oil-tankers-keep-syria-s-war-machine-alive
oil,How Freelance Diplomacy Bankrolled by Rockefellers Has Paved the Way for an Iran Deal,2015-07-02,Bloomberg,"Cutting a nuclear deal with Iranian President Hassan Rouhani and Ayatollah Ali Khamenei would be the easy part for President Obama, who must then persuade...",https://www.bloomberg.com/politics/articles/2015-07-02/how-freelance-diplomacy-bankrolled-by-rockefellers-has-paved-the-way-for-an-iran-deal
oil,What BP’s $18.7 Billion Spill Settlement Means for the Environment,2015-07-02,Bloomberg,BP's announcement that it's wrapping up legal hostilities over the 2010 Gulf of Mexico oil spill brought cheers from all sides. Here's what it means.,https://www.bloomberg.com/news/articles/2015-07-02/what-bp-s-18-7-billion-spill-settlement-means-for-the-environment
oil,Oil Trader Faces 4 Weeks in Jail After Losing Divorce Appeal,2015-07-07,Bloomberg,Oil trader Michael Prest faces four weeks in jail unless he pays the 360200 pounds ($556100) of alimony and child support he owes his ex-wife by Sept. 28.,https://www.bloomberg.com/news/articles/2015-07-07/oil-trader-faces-four-weeks-in-jail-after-losing-divorce-appeal
oil,Tullow Says Unplanned Shutdown Disrupts Jubilee Gas Exports,2015-07-07,Bloomberg,Tullow Oil Plc's Ghana unit said an unplanned shutdown on a floating production vessel at its offshore Jubilee field has disrupted exports.,https://www.bloomberg.com/news/articles/2015-07-07/tullow-says-unplanned-shutdown-disrupts-jubilee-exports-in-ghana
oil,Satellite Images Show Economies Growing and Shrinking in Real Time,2015-07-08,Bloomberg,These images are a composite of oil storage facilities around the globe. Crude is stored in massive tanks whose capacity can be estimated from the shadows...,https://www.bloomberg.com/news/features/2015-07-08/satellite-images-show-economies-growing-and-shrinking-in-real-time
oil,Subway Planned to Rebrand Jared Fogle as a Family Man Before FBI Raid,2015-07-09,Bloomberg,"Before federal investigators raided the home of Subway spokesperson Jared Fogle, the company was in the midst of rebranding him to revive stagnant sales.",https://www.bloomberg.com/news/articles/2015-07-09/subway-planned-to-rebrand-jared-fogle-as-a-family-man-before-fbi-raid
oil,Mapping a Fuel Feud,2015-07-19,Bloomberg,"Ghawar is the world's oil spigot. It's the biggest conventional field in the world's biggest-producing country, Saudi Arabia.",https://www.bloomberg.com/news/articles/2015-07-19/fuel-feud-pits-saudis-secretive-ghawar-against-sprawling-bakken
oil,"You Can Now Buy a Texas Ranch That's the Size of a Small Nation, For $725 Million",2015-07-21,Bloomberg,"FOR SALE: Largest ranch in the U.S. within a single fence. Texas fixer-upper with more than 1,000 oil wells; 6,800 head of cattle; 500 quarter horses;...",https://www.bloomberg.com/graphics/2015-famous-texas-waggoner-ranch-for-sale/
oil,"This Wild, Oil-Filled Mechanical Watch Is Only for the U.S.",2015-07-22,Bloomberg,"This Wild, Oil-Filled Mechanical Watch Is Only for the U.S. ... This article is for subscribers only. The Ressence Type 3 is a watch made for mad scientists. Or...",https://www.bloomberg.com/news/articles/2015-07-22/ressence-type-3-limited-edition-a-wild-oil-filled-watch-only-for-the-u-s-
oil,Soros Left in Lurch as Penn Virginia Misses Window: Real M&A,2015-07-23,Bloomberg,Penn Virginia Corp. should have listened to George Soros when it had the chance. The billionaire investor started publicly encouraging a sale of the oil...,https://www.bloomberg.com/news/articles/2015-07-22/soros-left-in-lurch-as-penn-virginia-misses-window-real-m-a
oil,Nazi-Fighter Grynberg Girds for Swiss Last Stand Against Big Oil,2015-08-04,Bloomberg,"Nazi-Fighter Grynberg Girds for Swiss Last Stand Against Big Oil ... This article is for subscribers only. U.S. courts have been good to Jack Grynberg, netting...",https://www.bloomberg.com/news/articles/2015-08-05/nazi-fighter-grynberg-girds-for-swiss-last-stand-against-big-oil
oil,"Venezuela’s Giant Lake of Endless Oil Is a Filthy, Lawless Mess",2015-08-04,Bloomberg,"For nearly a century, the petroleum deposits beneath giant Lake Maracaibo served as a cash cow for successive Venezuelan governments. In return, especially in...",https://www.bloomberg.com/news/articles/2015-08-03/venezuela-s-giant-lake-of-endless-oil-is-a-filthy-lawless-mess
oil,The Seven Books You Must Read If You Want to Understand Oil,2015-08-07,Bloomberg,"Here is some light reading on light crude with a tilt to history, science, and talking your way out of a business meeting on various and sundry hydrocarbons.",https://www.bloomberg.com/news/articles/2015-08-07/the-seven-books-you-must-read-if-you-want-to-understand-oil
oil,"For Norway, Oil at $50 Is Worse Than the Global Financial Crisis",2015-08-10,Bloomberg,"When the financial crisis brought the global economy to its knees, Norway was largely unscathed. But oil under $50? That's another story.",https://www.bloomberg.com/news/articles/2015-08-10/for-norway-oil-at-50-is-worse-than-the-global-financial-crisis
oil,"In Hunt for Missing Billions, Buhari Targets Nigeria Company",2015-08-10,Bloomberg,"As oil minister during military rule in the 1970s, Muhammadu Buhari oversaw the birth of the Nigerian National Petroleum Corp.",https://www.bloomberg.com/news/articles/2015-08-10/in-hunt-for-missing-billions-buhari-targets-nigeria-oil-company
oil,Watch The Battle Between Big Oil and Billionaire Tom Steyer,2015-08-18,Bloomberg,"Playlist · The Battle Between Big Oil and Billionaire Tom Steyer · Lagarde Says She Knows Where ECB Is Headed on Rates · Hassett on Powell Staying at Fed,...",https://www.bloomberg.com/news/videos/2015-08-18/the-battle-between-big-oil-and-billionaire-tom-steyer
oil,Watch Why Oil Gear Maker Cameron Is Worth $14.8B to Schlumberger,2015-08-26,Bloomberg,"Schlumberger agreed to buy Cameron International for $14.8 billion, allowing the world's largest oilfield contractor to bundle gear and services more...",https://www.bloomberg.com/news/videos/2015-08-26/why-cameron-is-worth-14-8b-to-schlumberger
oil,How Hugo Chavez Trashed Latin America's Richest Economy,2015-08-27,Bloomberg,"Venezuela was Latin America's most affluent country, thanks to all that oil. Its government finances were in tolerably good shape, also thanks to oil.",https://www.bloomberg.com/view/articles/2015-08-27/how-hugo-chavez-trashed-latin-america-s-richest-economy
oil,Ovais Subhani,2015-08-29,Bloomberg,+ Get Alerts RSS Feed. Latest. U.S. Refiners Could Be Forced To Slow Production As Gasoline Profits Drag. Oil Jumps Above $62 a Barrel as U.S.-China Trade...,https://bloomberg.com/authors/AQd9doemDSg/ovais-subhani
oil,Oil Falls the Most in Two Months After Biggest Gain in 25 Years,2015-08-31,Bloomberg,"Oil fell the most in two months, paring the biggest three-day rally in 25 years as speculation faded that OPEC might coordinate with other nations to curb...",https://www.bloomberg.com/news/articles/2015-08-31/oil-retreats-on-u-s-supply-after-biggest-3-day-gain-since-1990
oil,Big Oil Pulls Back From Washington?,2015-09-04,Bloomberg,"As Americans preparing for Labor Day weekend trips enjoy low gas prices, they might not fail to appreciate another effect of the plummeting price of oil.",https://www.bloomberg.com/politics/articles/2015-09-04/oil-industry-slashes-lobbying-spending
oil,"What Do Women Want? This Year, a Ford Mustang",2015-09-08,Bloomberg,"Ladies love pony cars. At least they do this year. According to sales results for the first half of 2015, the new Ford Mustang is the best-selling sports...",https://www.bloomberg.com/news/articles/2015-09-08/what-do-women-want-this-year-a-ford-mustang
oil,PAC Built by Ted Cruz Mega-Donors Gets Evangelical Leader,2015-09-09,Bloomberg,David Barton will lead a political conglomerate that has already raised at least $38 million.,https://www.bloomberg.com/politics/articles/2015-09-09/pac-built-by-ted-cruz-mega-donors-gets-evangelical-leader
oil,Shale Oil's Retreat Threatens to Leave U.S. Short on Natural Gas,2015-09-16,Bloomberg,The retrenchment in drilling for U.S. oil is threatening to leave a different market short: natural gas.,https://www.bloomberg.com/news/articles/2015-09-16/dropping-oil-rig-count-would-leave-market-short-of-natural-gas
oil,Nigeria's Richest Woman Says Onshore Oil Taxation Too High,2015-09-17,Bloomberg,Nigeria's Richest Woman Says Onshore Oil Taxation Too High ... This article is for subscribers only. Nigeria's 85 percent tax on onshore crude oil production is...,https://www.bloomberg.com/news/articles/2015-09-17/nigeria-s-richest-woman-says-onshore-oil-taxation-too-high
oil,Somalia's Puntland Begins Search for Oil in Offshore Blocks,2015-09-23,Bloomberg,Somalia's Puntland Begins Search for Oil in Offshore Blocks · Semi-autonomous region plans oil-licensing round `soon' · Puntland demarcates 25 blocks in Gulf of...,https://www.bloomberg.com/news/articles/2015-09-23/somalia-s-puntland-begins-search-for-oil-in-offshore-blocks
oil,Why Shippers Are Turning to LNG-Powered Vessels,2015-09-24,Bloomberg,"When TOTE Inc., a shipper that operates between the U.S. and the Caribbean, launched its latest container ship last month, the 760-foot craft carried a...",https://www.bloomberg.com/news/articles/2015-09-23/lng-powered-ships-gain-as-rising-output-answers-oil-price-tumult
oil,Shell's Alaska Exit Means Arctic Oil Reserves Remain Locked Away,2015-09-29,Bloomberg,The inglorious end to Royal Dutch Shell Plc's $7 billion search for oil in Alaska means billions of barrels of crude will probably remain locked away in Arctic...,https://www.bloomberg.com/news/articles/2015-09-28/shell-s-alaska-exit-means-arctic-oil-reserves-remain-locked-away
oil,Want to Invest in Cuba? All Roads Lead to Raúl Castro’s Son-in-Law,2015-09-29,Bloomberg,"Propaganda outside Mariel, a new base for private investment. The sign reads, “By order of the commander in chief, we fulfill our promise at Baragua.",https://www.bloomberg.com/news/features/2015-09-30/want-to-invest-in-cuba-meet-your-partner-castro-s-son-in-law
oil,The Real Estate Crisis in North Dakota's Man Camps,2015-09-29,Bloomberg,"Chain saws and staple guns echo across a $40 million residential complex under construction in Williston, North Dakota, a few miles from almost-empty camps...",https://www.bloomberg.com/news/articles/2015-09-29/man-camp-exodus-spurs-real-estate-crisis-across-u-s-shale-towns
oil,GlassPoint Oil-Producing Solar Farm Nears Construction Start,2015-10-07,Bloomberg,The 1-gigawatt solar-thermal project will turn water into steam for injection into an oilfield in Oman. The process is known as enhanced oil recovery or EOR.,https://www.bloomberg.com/news/articles/2015-10-07/oil-producing-solar-farm-nears-construction-start-by-glasspoint
oil,Norway to Start Withdrawals From Oil Fund to Plug Deficits,2015-10-07,Bloomberg,"That implies a withdrawal from the fund of 3.7 billion kroner, after an inflow of 38 billion kroner this year. More From Bloomberg. Iran War Strait of Hormuz.",https://www.bloomberg.com/news/articles/2015-10-06/norway-budget-proposes-boosting-oil-spending-by-14-nrk-says
oil,"Blowtorch Beach, Turkey: Where Old Offshore Oil Rigs Go to Die",2015-10-08,Bloomberg,"Blowtorch Beach, Turkey: Where Old Offshore Oil Rigs Go to Die ... Aliaga beach, Turkey, where obsolete rigs are waiting their turn with ships to be taken apart.",https://www.bloomberg.com/news/articles/2015-10-07/blowtorch-beach-turkey-where-old-offshore-oil-rigs-go-to-die
oil,Iran's Even More Tempting for Big Oil After Price Crop,2015-10-14,Bloomberg,"The world is awash in crude, but big oil companies are lining up to develop new fields in Iran even as they slash spending and abandon exploration elsewhere.",https://www.bloomberg.com/news/articles/2015-10-14/iran-is-even-more-tempting-for-big-oil-after-the-price-slump
oil,Saudi Arabia's Oil War With Russia,2015-10-16,Bloomberg,Saudi Arabia is starting to attack on Russia's traditional stomping ground by supplying lower-priced crude oil to Poland.,https://www.bloomberg.com/view/articles/2015-10-16/saudi-arabia-s-oil-war-with-russia
oil,BP Said to Appoint Dan Wise as Global Head of Crude Oil Trading,2015-10-20,Bloomberg,BP Said to Appoint Dan Wise as Global Head of Crude Oil Trading ... This article is for subscribers only. BP Plc appointed Dan Wise as its new global head of...,https://www.bloomberg.com/news/articles/2015-10-20/bp-said-to-appoint-dan-wise-as-global-head-of-crude-oil-trading
oil,Oil's Big Slump Looks Like the 1980s 'Lost Decade',2015-10-22,Bloomberg,Crude oil's collapse is bringing back memories of the decade of low prices that started in 1985 when Saudi Arabia began targeting market share.,https://www.bloomberg.com/news/articles/2015-10-22/oil-slump-resembles-lost-decade-as-saudi-targets-market-share
oil,Oklahoma Earthquakes Are a National Security Threat,2015-10-23,Bloomberg,"North America's biggest commercial oil storage hub is already on guard against terrorism, but quakes could prove the bigger risk.",https://www.bloomberg.com/news/articles/2015-10-23/oklahoma-earthquakes-are-a-national-security-threat
oil,"Shell Failing to Clean Nigeria Oil-Spill Sites, Amnesty Says",2015-11-03,Bloomberg,"Royal Dutch Shell Plc has failed to clean up four oil-spill sites in the crude-producing Niger River delta, three of which an under-resourced Nigerian...",https://www.bloomberg.com/news/articles/2015-11-03/shell-fails-to-clean-four-nigeria-oil-spill-sites-amnesty-says
oil,That Time I Tried to Buy an Actual Barrel of Crude Oil,2015-11-03,Bloomberg,"After revealing a long-held plan to try to buy a barrel of crude, I was now receiving a disappointingly stern lecture on the dangers of hydrogen sulfides.",https://www.bloomberg.com/news/articles/2015-11-03/that-time-i-tried-to-buy-some-crude-oil
oil,Watch Jobs Report and Fed: What'd You Miss? (Full Show 11/06),2015-11-07,Bloomberg,"Full episode of ""What'd You Miss?"" Guests: Jonathan Golub, RBC Capital Markets' chief U.S. market strategist, Conor Sen, New River Investments portfolio...",https://www.bloomberg.com/news/videos/2015-11-07/jobs-report-and-fed-what-d-you-miss-full-show-11-06-
oil,How the Unshackled Ruble Has Changed Russia's Economy Forever,2015-11-09,Bloomberg,The weaker currency has hit consumers hard but helped oil producers.,https://www.bloomberg.com/news/articles/2015-11-10/how-the-unshackled-ruble-has-changed-russia-s-economy-forever
oil,Nigeria's Buhari Picks Ex-Banker Adeosun as Finance Minister,2015-11-11,Bloomberg,"Nigerian President Muhammadu Buhari appointed former investment banker Kemi Adeosun as finance minister as he swore in his cabinet on Wednesday, more than...",https://www.bloomberg.com/news/articles/2015-11-11/nigeria-s-buhari-appoints-kemi-adeosun-as-finance-minister
oil,"First Venezuela Lost the Concorde, Now It's Losing to Bolivia",2015-11-13,Bloomberg,The country's vast oil reserves aren't saving Venezuela from a plunge in growth.,https://www.bloomberg.com/news/articles/2015-11-13/first-venezuela-lost-the-concorde-now-it-s-losing-to-bolivia
oil,Oil Producers Hungry for Deals Drool Over West Texas `Tiramisu',2015-11-16,Bloomberg,"The worst oil market in decades would be hard to spot in West Texas, where two-lane county roads are still jammed with trucks and energy companies are on...",https://www.bloomberg.com/news/articles/2015-11-16/oil-producers-hungry-for-deals-drool-over-west-texas-tiramisu-
oil,Crude Storage Tanks Nearing Their Brim Spur `Super Contango',2015-11-25,Bloomberg,Surging U.S. crude stockpiles that have filled storage tanks near capacity are widening the discount on immediate oil deliveries.,https://www.bloomberg.com/news/articles/2015-11-24/crude-storage-tanks-nearing-their-brim-spur-super-contango-
oil,Boom and Bust in the Bakken Oil Fields,2015-11-29,Bloomberg,The discovery last decade that fossil fuels could be tapped from rock deep beneath the windswept prairies of North Dakota acted like a magnet on American...,https://www.bloomberg.com/news/photo-essays/2015-11-30/boom-and-bust-in-the-bakken-oil-fields
oil,Vitol Joins Glencore Backing Libya's Tripoli Oil Company,2015-11-30,Bloomberg,"Tripoli-based NOC is the “sole legal supplier of fuels to all of Libya” and Vitol is close to concluding a contract for 2016 in the next few days, the world's...",https://www.bloomberg.com/news/articles/2015-11-30/vitol-joins-glencore-backing-libya-s-tripoli-oil-unit-over-rival
oil,Oil Rich Dubai Wants Solar Panels on All Buildings by 2030,2015-12-01,Bloomberg,"The ruler of Dubai, Sheikh Mohammed bin Rashid al-Maktoum, wants to go green in a characteristically monumental way. He wants to put solar panels on all the...",https://www.bloomberg.com/news/articles/2015-12-01/oil-rich-dubai-s-clean-energy-push-seeks-solar-panels-on-all-buildings-by-2030
oil,"Azeri Oil Worker Dies, 30 Missing After Rig Fire, Company Says",2015-12-05,Bloomberg,"An oil worker died and 30 were missing in Azerbaijan after an offshore platform caught fire, the State Oil Co. of Azerbaijan said in a statement.",https://www.bloomberg.com/news/articles/2015-12-05/azeri-oil-worker-dies-30-missing-after-rig-fire-company-says
oil,Watch How Chesapeake Can Erase Oil From Its Books,2015-12-10,Bloomberg,"In an instant, Chesapeake Energy Corp. will erase the equivalent of 1.1 billion barrels of oil from its books. Bloomberg's Asjylyn Loder explains how on...",https://www.bloomberg.com/news/videos/2015-12-10/how-chesapeake-can-erase-oil-from-its-books
oil,Crude Falls Below $35 per Barrel in New York for First Time Since 2009,2015-12-14,Bloomberg,Crude climbed a second day after tumbling to a six-year low amid signs the U.S. may allow unfettered exports for the first time in 40 years.,https://www.bloomberg.com/news/articles/2015-12-14/oil-falls-below-35-in-new-york-for-first-time-since-2009
oil,Oil Approaching $35 Final Blow to Greenland's Exploration Dreams,2015-12-14,Bloomberg,"After decades of estimates that Greenland may be sitting on oil reserves big enough to meet almost two years of European demand, the Arctic island is...",https://www.bloomberg.com/news/articles/2015-12-14/oil-approaching-35-final-nail-in-greenland-s-exploration-dreams
oil,"For Saudi Aramco, a Pivot to Asia",2015-12-17,Bloomberg,"At the heart of Korea's Onsan refinery lies a street called A.I. Naimi Road, an homage to Saudi Arabia's oil minister. State-owned Saudi Arabian Oil Co.",https://www.bloomberg.com/news/articles/2015-12-17/for-saudi-aramco-a-pivot-to-asia
oil,U.S. Crude Oil Export Ban,2015-12-18,Bloomberg,Congress voted in December to lift the 40-year-old ban on crude oil exports as part of a broader spending bill that averted the possibility of a government...,https://www.bloomberg.com/view/quicktake/u-s-crude-oil-export-ban
oil,U.S. Reverses Decades of Oil-Export Limits With Obama's Backing,2015-12-18,Bloomberg,President Barack Obama on Friday ended 40 years of US crude oil export limits by signing off on a repeal passed by Congress earlier in the day.,https://www.bloomberg.com/news/articles/2015-12-18/house-votes-to-repeal-u-s-oil-export-limits-senate-vote-next
oil,Oil-Producing States Battered as Tax-Gushing Wells Are Shut Down,2015-12-29,Bloomberg,"In Kern County, California, one of the nation's biggest oil producers, tumbling energy prices have wiped more than $8 billion from its property-tax base,...",https://www.bloomberg.com/news/articles/2015-12-29/oil-producing-states-battered-as-tax-gushing-wells-are-shut-down
oil,Malaysia's Top Stock Ready to Ride Another Year of Crude Turmoil,2016-01-04,Bloomberg,"Malaysian fuel company Petronas Dagangan Bhd., the country's top-performing stock in 2015, will focus this year on managing inventories to help cut...",https://www.bloomberg.com/news/articles/2016-01-04/malaysia-s-top-stock-ready-to-ride-another-year-of-crude-turmoil
oil,Too Big to Value: Why Saudi Aramco Is in a League of Its Own,2016-01-07,Bloomberg,"By any measure, Saudi Arabian Oil Co. is in a league of its own. Take its oil reserves -- roughly 260 billion barrels, nearly 10 times those of the global...",https://www.bloomberg.com/news/articles/2016-01-07/too-big-to-value-why-saudi-aramco-is-in-a-league-of-its-own
oil,Oil's Big Bang: Saudis Mull IPO of World's Biggest Producer,2016-01-07,Bloomberg,Oil's Big Bang: Saudis Mull IPO of World's Biggest Producer · Decision is likely to be taken in the next few months · Saudi Aramco controls a tenth of world oil...,https://www.bloomberg.com/news/articles/2016-01-07/saudi-arabia-is-considering-aramco-ipo-deputy-crown-prince-says
oil,Modi Seen Failing to Lower India Subsidy Bill Despite Oil's Fall,2016-01-11,Bloomberg,Don't count on falling global oil prices to bolster India's finances. Prime Minister Narendra Modi's administration will spend all of the 300 billion rupees...,https://www.bloomberg.com/news/articles/2016-01-12/modi-seen-failing-to-lower-india-subsidy-bill-despite-oil-s-fall
oil,The Woman Shaping Iran’s Oil Future,2016-01-13,Bloomberg,"Raised in a pistachio-farming family in tradition-minded southern Iran, Hassanzadeh, 31, earned her law degree and Ph.D. in the U.K. on scholarships. She...",https://www.bloomberg.com/news/articles/2016-01-13/the-woman-shaping-iran-s-oil-future
oil,"Watch Oil May Rise to $60 in 12 Months, UBS's Purcell Says",2016-01-13,Bloomberg,"James Purcell, a cross-asset strategist at UBS Chief Investment Office Wealth Management, talks about oil prices and demand. He speaks with Angie Lau on...",https://www.bloomberg.com/news/videos/2016-01-13/oil-may-rise-to-60-in-12-months-ubs-s-purcell-says-video-
oil,The North Dakota Crude Oil That's Worth Almost Nothing,2016-01-18,Bloomberg,The North Dakota Crude Oil That's Worth Almost Nothing · Flint Hills values North Dakota Sour crude at $1.50 a barrel · Crude prices based on sulfur content and...,https://www.bloomberg.com/news/articles/2016-01-18/the-north-dakota-crude-oil-that-s-worth-less-than-nothing
oil,"1 Country, 1 Promise: 1 Million Barrels a Day",2016-01-21,Bloomberg,Iran says it's ready to sell 1 million more barrels of oil a day this year. The deal Iran implemented with the US and five other global powers on Jan. 16 opens...,https://www.bloomberg.com/news/articles/2016-01-21/iran-s-oil-goal-selling-1-million-more-barrels-a-day
oil,India's State Oil Refiners Plan Plant to Rival Ambani's Reliance,2016-01-25,Bloomberg,"India's state-run refiners plan to build one of the world's largest oil-processing plants on the country's west coast, potentially rivaling the facility...",https://www.bloomberg.com/news/articles/2016-01-25/india-s-state-oil-refiners-plan-plant-to-rival-ambani-s-reliance
oil,Why You're Still Paying Fuel Surcharges After the Oil Crash,2016-02-01,Bloomberg,"Yet many of the surcharges that truckers, railroads, and—especially—airlines tacked on during the years of expensive oil have proven resilient. Travelers and...",https://www.bloomberg.com/news/articles/2016-02-01/why-you-re-still-paying-fuel-surcharges-after-the-oil-crash
oil,Oil Plunge Awakens Violence in Africa's Top Crude Producer,2016-02-02,Bloomberg,"Almost seven years after an amnesty ended an era of bombings, kidnappings and theft, the Niger Delta is nervous once again.",https://www.bloomberg.com/news/articles/2016-02-02/oil-pipeline-bombings-in-nigeria-signal-new-threat
oil,"It's the 1980s Again, Thanks to the Oil Glut",2016-02-02,Bloomberg,"The distribution of growth across the US is strikingly similar to what took place in the mid-1980s, which is the last time the country grappled with fallout.",https://www.bloomberg.com/news/articles/2016-02-02/it-s-the-1980s-again-thanks-to-the-oil-glut
oil,Oil Seen `Lower for Longer' by Morgan Stanley as Forecasts Cut,2016-02-03,Bloomberg,"Low oil prices will persist for longer than previously expected, according to Morgan Stanley, which reduced its quarterly crude forecasts for this year by as...",https://www.bloomberg.com/news/articles/2016-02-04/oil-seen-lower-for-longer-by-morgan-stanley-as-forecasts-cut
oil,Oil Is the Cheap Date From Hell,2016-02-11,Bloomberg,"Just in time for Valentine's Day, it appears that oil and stocks have developed an unhealthy, codependent relationship. They're way too deep into each other.",https://www.bloomberg.com/news/articles/2016-02-11/oil-is-the-cheap-date-from-hell
oil,Venezuela Expanding Military Influence Over Oil and Mining,2016-02-12,Bloomberg,Venezuela Expanding Military Influence Over Oil and Mining · President Maduro creates new military oil and mining company · Camimpeg to conduct oil services and...,https://www.bloomberg.com/news/articles/2016-02-12/venezuela-expanding-military-influence-over-oil-and-mining
oil,The Robber Baron Who Botched the World's First Oil Storage Trade,2016-02-18,Bloomberg,"In 1862, Andrew Carnegie and a partner bought several oil wells in western Pennsylvania and dug a giant hole in the ground to hold the crude. That year, oil was...",https://www.bloomberg.com/news/articles/2016-02-19/the-robber-baron-who-botched-the-world-s-first-oil-storage-trade
oil,Oil Rout Leaves Billionaire Shipping Magnate With Other Fish to Fry,2016-02-24,Bloomberg,"When the price of a 10-pound (4.5-kilogram) Atlantic salmon jumped above the cost of a barrel of crude last month, nobody in the oil industry was...",https://www.bloomberg.com/news/articles/2016-02-23/billionaire-shipping-magnate-has-other-fish-to-fry-in-oil-rout
oil,"Total, Vitol Fined in Iraq Oil-For-Food Case by French Court",2016-02-26,Bloomberg,"Total, Vitol Fined in Iraq Oil-For-Food Case by French Court ... This article is for subscribers only. French oil company Total SA was fined 750,000 euros ($...",https://www.bloomberg.com/news/articles/2016-02-26/total-vitol-fined-in-iraq-oil-for-food-case-by-french-court-il3hhk41
oil,"Petronas May Cut 1,000 Jobs as Oil Slump Prompts Reorganization",2016-03-01,Bloomberg,"Petronas, as the company is known, said its new business structure is expected to result in the loss of about 1,000 jobs, according to a statement on its...",https://www.bloomberg.com/news/articles/2016-03-01/petronas-may-cut-1-000-jobs-as-oil-slump-prompts-reorganization
oil,Egypt SuMed Pipeline Yet to Accept Iran Oil After Sanctions,2016-03-03,Bloomberg,"Arab Petroleum Pipelines Co., which operates the link known as SuMed, is still reviewing terms of the agreement that removed sanctions on Iran in January,...",https://www.bloomberg.com/news/articles/2016-03-02/egypt-sumed-pipeline-yet-to-accept-iranian-oil-after-sanctions
oil,Cash Can't Fix the Nigeria Village Ruined by Shell's Oil,2016-03-03,Bloomberg,"As canoes glide past mangroves blackened by oil in the Niger River delta, two dozen children splash around in a creek covered by a sheen of crude while...",https://www.bloomberg.com/news/articles/2016-03-03/shell-payments-don-t-bring-quick-fix-after-nigerian-oil-spills
oil,Iran Oil Lands in Europe for First Time Since Sanctions End,2016-03-06,Bloomberg,"On Sunday, the tanker became the first to deliver Iranian crude into Europe since mid-2012, when Brussels imposed an oil embargo in an attempt to force the...",https://www.bloomberg.com/news/articles/2016-03-06/iranian-oil-lands-in-europe-for-first-time-since-sanctions-ended
oil,Christopher Sell,2016-03-17,Bloomberg,"Saudi Crude Exports Set to Rise in July on Stronger China Flows. April 9, 2020. April 9, 2020. How the Pandemic Wiped Out Oil Demand Around the World.",https://bloomberg.com/authors/AR7VZsIV_4U/christopher-sell
oil,"Saudi Aramco, Shell Break Up 18-Year U.S. Refining Marriage",2016-03-17,Bloomberg,Royal Dutch Shell Plc and Saudi Arabian Oil Co. are ending an 18-year refining partnership as the Anglo-Dutch titan prepares to sell billions of dollars of...,https://www.bloomberg.com/news/articles/2016-03-16/saudi-aramco-shell-to-break-up-motiva-refining-partnership
oil,Lockheed Lands Airship Deal as Oil Industry Spurs Blimp Revival,2016-03-30,Bloomberg,Lockheed Lands Airship Deal as Oil Industry Spurs Blimp Revival · Straightline Aviation signs outline agreement to take 12 craft · Model pitched as ideal in...,https://www.bloomberg.com/news/articles/2016-03-30/lockheed-lands-airship-deal-as-oil-industry-spurs-blimp-revival
oil,Ringgit Jumps Most Since 1973 to Defy Bears as Oil Eclipses 1MDB,2016-03-31,Bloomberg,Malaysia's oil exports have turned the ringgit into Asia's best-performing currency even as analysts say it's the least attractive.,https://www.bloomberg.com/news/articles/2016-03-30/ringgit-jumps-most-since-1973-to-defy-bears-as-oil-eclipses-1mdb
oil,Saudi Arabia Plans $2 Trillion Megafund for Post-Oil Era: Deputy Crown Prince,2016-04-01,Bloomberg,"Deputy Crown Prince Mohammed bin Salman laid out his vision for the Public Investment Fund, which will eventually control more than $2 trillion and help wean...",https://www.bloomberg.com/news/articles/2016-04-01/saudi-arabia-plans-2-trillion-megafund-to-dwarf-all-its-rivals
oil,Saudi Arabia to Sell Stake in Parent of State Oil Giant by 2018,2016-04-01,Bloomberg,"Saudi Arabia plans to sell a stake “of less than 5 percent” in the parent of its state-owned oil company, the kingdom's deputy crown prince said,...",https://www.bloomberg.com/news/articles/2016-04-01/saudi-arabia-to-sell-stake-in-parent-of-state-oil-giant-by-2018
oil,Watch Saudi's Plan to Boost Non-Oil Revenue to Balance Budget,2016-04-04,Bloomberg,"The biggest economic shake-up since the founding of Saudi Arabia would accelerate subsidy cuts and impose more levies, a plan to spread the burden of lower...",https://www.bloomberg.com/news/videos/2016-04-04/saudi-s-plan-to-boost-non-oil-revenue-to-balance-budget
oil,Oil Riches Help Azerbaijan Outgun Armenia in Military Spending,2016-04-06,Bloomberg,"Bouyed by a surge in oil revenue, Azerbaijan has raised its military spending by at least 10-fold over the last decade to as much as $4.8 billion last year.",https://www.bloomberg.com/news/articles/2016-04-06/oil-riches-help-azerbaijan-outgun-armenia-in-military-spending
oil,The Invisible Money Makers Who Thrived During 2015 Oil Slump,2016-04-11,Bloomberg,A handful of executives were oil-industry standouts in 2015. They thrived because of -- not despite -- plunging crude prices.,https://www.bloomberg.com/news/articles/2016-04-11/the-invisible-money-makers-who-thrived-during-2015-s-oil-slump
oil,Qatar's Oil-Freeze Letter to Norway Reveals Doha Deal Logic,2016-04-14,Bloomberg,"The preliminary agreement by Russia, Saudi Arabia, Venezuela and Qatar to freeze output has already put a floor under crude prices and a deal this weekend...",https://www.bloomberg.com/news/articles/2016-04-14/qatar-s-oil-freeze-letter-to-norway-reveals-logic-of-doha-deal
oil,"Oil, ahoy! Track U.S. trade flows and plot vessel movements",2016-04-15,Bloomberg,Existing users can run AHOY <GO> to search US oil trade of flows for shipping vessels entering and leaving the country with cargo and BMAP NEW <GO> to generate...,https://www.bloomberg.com/professional/insights/commodities/oil-ahoy-track-u-s-trade-flows-and-plot-vessel-movements/
oil,The $2 Trillion Project to Get Saudi Arabia’s Economy Off Oil,2016-04-21,Bloomberg,"The $2 Trillion Project to Get Saudi Arabia's Economy Off Oil. Eight unprecedented hours with “Mr. Everything,” Prince Mohammed bin Salman.",https://www.bloomberg.com/news/features/2016-04-21/the-2-trillion-project-to-get-saudi-arabia-s-economy-off-oil
oil,Decades-Old Oil Reliance May Stymie Saudi Prince’s ‘Vision’,2016-04-24,Bloomberg,"Saudi Arabia's plan for the post-hydrocarbon era will have to overcome habits developed over decades of relying on crude sales to fuel economic growth,...",https://www.bloomberg.com/news/articles/2016-04-24/decades-old-oil-dependency-may-stymie-saudi-prince-s-vision
oil,"Not So Rich Anymore, Gulf Arabs Enter World of Cuts and Strikes",2016-04-26,Bloomberg,"The oil-rich region is being replaced by something more familiar to the western world: spending cuts, taxation, a scarcity of jobs and even strikes.",https://www.bloomberg.com/news/articles/2016-04-26/not-so-rich-anymore-gulf-arabs-enter-world-of-cuts-and-strikes
oil,Watch Delta CEO: We've Been Burned by Hedging Oil Prices,2016-05-02,Bloomberg,"Playlist · Delta CEO: We've Been Burned by Hedging Oil Prices · GSAM's Calnon on Markets, Investment Strategy · Daniel Yergin Sees a 'Different World' Emerging...",https://www.bloomberg.com/news/videos/2016-05-02/delta-ceo-we-ve-been-burned-by-hedging-oil-prices
oil,Alberta Wildfires Approach Suncor Oil Site as Blaze Spreads,2016-05-07,Bloomberg,Wildfires ravaging the center of Canada's oil patch in northern Alberta may double in size as warm temperatures and swirling winds push the inferno close to...,https://www.bloomberg.com/news/articles/2016-05-07/alberta-wildfires-may-double-as-flames-head-toward-oil-sands
oil,Dubai Seen Riding Out Oil Slump Hurting Oil-Rich Neighbors,2016-05-09,Bloomberg,"Dubai, the emirate that teetered on the brink of default during the global recession, is bucking the economic slowdown afflicting most of its oil-rich Gulf...",https://www.bloomberg.com/news/articles/2016-05-09/imf-sees-rapid-growth-in-dubai-following-slowdown-in-2016
oil,Iranian Oil Production Soars to Pre-Sanctions Levels: Chart,2016-05-12,Bloomberg,Iran's crude production has returned to levels last seen before sanctions were imposed over its nuclear program as the nation ramps up output to regain market...,https://www.bloomberg.com/news/articles/2016-05-12/iranian-oil-production-soars-to-pre-sanctions-levels-chart
oil,Noisy Mumbai Car Lots Show How India Is Becoming Oil’s New Star,2016-05-17,Bloomberg,"Investors looking for a break from the doom and gloom of the past two years in the oil market need only turn to a hot, noisy lot in Mumbai.",https://www.bloomberg.com/news/articles/2016-05-17/india-s-car-lots-leading-the-way-in-supporting-global-oil-market
oil,"Occidental, Mubadala Set to End Bahrain Oil Venture Next Month",2016-05-26,Bloomberg,Occidental Petroleum Co. and Abu Dhabi investor Mubadala Development Co. are pulling out of a partnership to produce crude and natural gas at one of the...,https://www.bloomberg.com/news/articles/2016-05-26/occidental-mubadala-set-to-end-bahrain-oil-venture-next-month
oil,Saudi Aramco Lifted 2015 Oil Output to Record in Market Spat,2016-05-26,Bloomberg,"Saudi Aramco, as the state-owned company is known, produced 10.2 million barrels a day of crude in 2015, up from 9.5 million in 2014, according to an annual...",https://www.bloomberg.com/news/articles/2016-05-26/saudi-aramco-2015-oil-output-rises-to-record-high-annual-review
oil,The Untold Story Behind Saudi Arabia’s 41-Year U.S. Debt Secret,2016-05-30,Bloomberg,A legendary bond trader from Salomon Brothers brokered a do-or-die deal that reshaped US-Saudi relations for generations.,https://www.bloomberg.com/news/features/2016-05-30/the-untold-story-behind-saudi-arabia-s-41-year-u-s-debt-secret
oil,Inside Vitol: How the World's Largest Oil Trader Makes Billions,2016-05-31,Bloomberg,"In its 50-year history, the publicity-shy energy company hasn't seen an annual loss. Now business is becoming more competitive than ever.",https://www.bloomberg.com/news/features/2016-06-01/giant-oil-trader-vitol-makes-billions-in-volatile-times
oil,America Shakes Its Addiction to Oil,2016-06-02,Bloomberg,"By Jeremy Scott Diamond, Lynn Doan, David Marino, Dan Murtaugh / December 11, 2014. America Is Shaking Off Its Addiction To Oil. By Jeremy Scott Diamond,...",https://www.bloomberg.com/graphics/2014-america-shakes-off-oil-addiction/
oil,U.S. Shale Drillers Restart Oil Rigs as Market Improves,2016-06-03,Bloomberg,Oil explorers put drilling rigs back to work in U.S. fields for only the second time this year as supply and demand come closer into balance.,https://www.bloomberg.com/news/articles/2016-06-03/u-s-shale-drillers-restart-oil-rigs-as-market-begins-to-balance
oil,"Putin Devotes Oil Windfall to Guns, Not Butter",2016-06-06,Bloomberg,"The government says it can't afford to raise pensions, but defense spending shows no sign of slowing.",https://www.bloomberg.com/view/articles/2016-06-06/putin-devotes-oil-windfall-to-guns-not-butter
oil,Crude Oil Support,2016-06-10,Investing.com,"Crude oil support levels below.

Original post",https://www.investing.com/analysis/crude-oil-(june-10)-200135197
oil,Biggest U.S. Airlines Miss Cheapest Jet Fuel Prices in 12 Years,2016-06-16,Bloomberg,The biggest U.S. airlines missed their chance to lock in the cheapest energy costs in more than 12 years after jet fuel surged as much as 80 percent since...,https://www.bloomberg.com/news/articles/2016-06-16/biggest-u-s-airlines-miss-cheapest-jet-fuel-prices-in-12-years
oil,50-Year-Old Australia Oil Fields Spurned in Cheap Crude Age,2016-06-16,Bloomberg,They're among the oldest oil fields in Australia still in production. Now they are proving superfluous to some of the world's biggest producers that are...,https://www.bloomberg.com/news/articles/2016-06-16/50-year-old-australia-oil-fields-spurned-in-age-of-cheap-crude
oil,U.S. Oil Rig Increase Shows Producers Are Drilling Again: Chart,2016-06-19,Bloomberg,"An oil tanker passes near DCOR LLC's Edith offshore oil and gas platform in the Beta Field off the coast of Long Beach, California, U.S., on Tuesday,...",https://www.bloomberg.com/news/articles/2016-06-20/u-s-oil-rig-increase-shows-producers-are-drilling-again-chart
oil,Saudi Arabia Declares Cease-Fire in Oil War,2016-06-23,Bloomberg,"The new Saudi oil minister, Khalid Al-Falih, says the oil glut is over. That means the kingdom's war against U.S. shale producers is coming to an end, too.",https://www.bloomberg.com/view/articles/2016-06-23/saudi-arabia-declares-cease-fire-in-oil-war
oil,The Rotten State of U.S. Oil Reserves,2016-06-23,Bloomberg,"Bryan Mound, nestled in a 500-acre marshland south of Houston, is among the heavily guarded salt caverns on the Gulf Coast of Texas and Louisiana.",https://www.bloomberg.com/news/articles/2016-06-23/the-rotten-state-of-u-s-oil-reserves
oil,Oil Is Still Heading to $10 a Barrel,2016-06-28,Bloomberg,"Back in February 2015, the price of West Texas Intermediate stood at about $52 per barrel, half of its 2014 peak. I argued then that a renewed decline was...",https://www.bloomberg.com/view/articles/2016-06-28/why-oil-is-still-headed-as-low-as-10-a-barrel
oil,Saudi-Iran Conflict ‘Minefield’ for Japan Oil Refiner Merger,2016-06-30,Bloomberg,The conflict between Middle East oil suppliers Iran and Saudi Arabia is playing out between the founding family of one of Japan's largest refiners and its...,https://www.bloomberg.com/news/articles/2016-06-30/saudi-iran-conflict-minefield-for-japanese-oil-refiner-merger
oil,Libya Oil Deal Doesn’t Mean It’s Ready to Pump More Oil,2016-07-04,Bloomberg,Control of oil fields are split between factions while energy facilities are vulnerable to attack by Islamic State.,https://www.bloomberg.com/news/articles/2016-07-04/libya-oil-squeezed-by-political-stalemate-and-islamic-state
oil,"U.S. Holds More Oil Than Saudi Arabia or Russia, Rystad Energy Says",2016-07-05,Bloomberg,"More than 50 percent of the remaining oil reserves is in unconventional shale oil, according to new data from Oslo-based consultant Rystad Energy.",https://www.bloomberg.com/news/articles/2016-07-05/u-s-holds-more-oil-than-saudi-arabia-or-russia-rystad-energy-says
oil,Einstein Never Knew He’d Help Shell Discover Oil,2016-07-07,Bloomberg,"While it's a safe assumption he wasn't thinking about how building a wave observatory might lead to finding oil and gas, two physicists in Amsterdam have...",https://www.bloomberg.com/news/articles/2016-07-07/shell-is-using-innoseis-s-sensors-to-detect-gravitational-waves
oil,Iran Plans to Double Crude Exports to Regain Market Share,2016-07-11,Bloomberg,"Iran plans to double crude exports so long as the increase in shipments is absorbed by global markets, which it sees as stable for the rest of the year,...",https://www.bloomberg.com/news/articles/2016-07-11/oil-price-seen-stable-even-as-iran-plans-to-boost-crude-exports
oil,Nexen to Cut 350 Jobs in Canada After Oil-Sands Explosion,2016-07-12,Bloomberg,Nexen to Cut 350 Jobs in Canada After Oil-Sands Explosion ... This article is for subscribers only. Cnooc Ltd.'s Nexen Energy unit will eliminate 350 jobs this...,https://www.bloomberg.com/news/articles/2016-07-12/nexen-to-cut-350-jobs-in-canada-after-oil-sands-upgrader-blast
oil,India First Quarter Oil Demand Grows at Fastest Pace in a Decade,2016-07-12,Bloomberg,India's oil demand in the three months of the financial year that began April 1 grew at the fastest pace for any first quarter period in the past 10 years.,https://www.bloomberg.com/news/articles/2016-07-12/india-first-quarter-oil-demand-grows-at-fastest-pace-in-a-decade
oil,A New Netflix Documentary About Tony Robbins Omits What We Want Most,2016-07-14,Bloomberg,But if there's a silver lining—and when you're a life coach with a net worth of $480 million and a client list that once included Mother Teresa and Nelson...,https://www.bloomberg.com/news/articles/2016-07-14/netflix-s-tony-robbins-documentary-sells-self-help-snake-oil
oil,Watch Iran Prepares Oil Contract Model,2016-08-02,Bloomberg,Iran is stepping up its presence in the market. It's expected to approve a new model for oil contracts as part of a push to attract billions in foreign...,https://www.bloomberg.com/news/videos/2016-08-02/iran-prepares-oil-contract-model
oil,Oil And Dollar March in Step Again After Trading at Odds: Chart,2016-08-03,Bloomberg,"The correlation between Brent crude, the benchmark for more than half the world's oil, and the dollar has turned positive for the first time in five months.",https://www.bloomberg.com/news/articles/2016-08-04/oil-and-dollar-march-in-step-again-after-trading-at-odds-chart
oil,BP Suit Over Supply Deal Spurs Claim of Oil-Market Rigging,2016-08-08,Bloomberg,BP Suit Over Supply Deal Spurs Claim of Oil-Market Rigging · Refinery owners allege BP drove down deal price by $33 million · BP says market-manipulation case '...,https://www.bloomberg.com/news/articles/2016-08-08/bp-suit-over-supply-deal-spurs-claim-of-oil-market-rigging
oil,Watch Iran Set to Lose India Oil Market Share,2016-08-10,Bloomberg,"Sorry, something went wrong ... Iran's biggest oil buy in India is ready to lower imports from the Persian Gulf nation once a new supply deal kicks in.",https://www.bloomberg.com/news/videos/2016-08-10/iran-set-to-lose-india-oil-market-share
oil,Oil Drillers Bring Back Rigs in Longest Streak Since 2014,2016-08-12,Bloomberg,"US oil producers added rigs for the seventh week in a row, the longest period of expansion since the final days of the drilling boom in early 2014.",https://www.bloomberg.com/news/articles/2016-08-12/oil-drillers-bring-back-rigs-in-longest-streak-since-2014
oil,Aramco's Path From One Oil Well to World's Most Valuable Company,2016-08-16,Bloomberg,"The world's most valuable company, which supplies about one in every nine barrels of crude produced and runs refineries from the US Gulf coast to the South...",https://www.bloomberg.com/news/articles/2016-08-16/aramco-s-path-from-one-oil-well-to-world-s-most-valuable-company
oil,Louisiana’s Sinking Coast Is a $100 Billion Nightmare for Big Oil,2016-08-17,Bloomberg,"Louisiana's sinking coast is a $100 billion nightmare for big oil. The state can't pay, so someone has to. And the water keeps rising.",https://www.bloomberg.com/news/features/2016-08-17/louisiana-s-sinking-coast-is-a-100-billion-nightmare-for-big-oil
oil,Barrick Signs on to Venezuela Gold Push as Oil Sinks Economy,2016-08-26,Bloomberg,Barrick Signs on to Venezuela Gold Push as Oil Sinks Economy ... This article is for subscribers only. Barrick Gold Corp. agreed to form a joint venture in...,https://www.bloomberg.com/news/articles/2016-08-26/barrick-signs-on-to-venezuela-mining-push-as-oil-pummels-economy
oil,Watch Oil Discoveries Lowest Since 1947,2016-08-31,Bloomberg,"Wood Mackenzie principal analyst Benjamin Shattuck discusses why oil discoveries are at a seventy-year low on ""Bloomberg Markets.” (Source: Bloomberg)",https://www.bloomberg.com/news/videos/2016-08-31/oil-discoveries-lowest-since-1947
oil,Louisiana Ports Awash in ‘Dead Iron’ as Oil Manufacturing Drops,2016-08-31,Bloomberg,Unlock the global benchmark for business news. Get unlimited access for just $1.99 your first month. Claim This Offer. Sign In Terms of ServicePrivacy Policy Do...,https://www.bloomberg.com/news/articles/2016-08-31/louisiana-ports-awash-in-dead-iron-as-oil-manufacturing-drops
oil,Watch Russia Economy Weak Before Oil and Ukraine: Gevorgyan,2016-09-05,Bloomberg,"Russia's central bank can let a stronger ruble drain what's left of inflation pressure in the economy. A surge of almost 14 percent this year,...",https://www.bloomberg.com/news/videos/2016-09-05/russia-economy-weak-before-oil-and-ukraine-gevorgyan
oil,Watch Oil Falls as IEA Amends View of Persistent Oil Glut,2016-09-13,Bloomberg,"The International Energy Association changed its view on the global oil supply, causing a decline in the price of oil. The IEA now sees the oil glut lasting...",https://www.bloomberg.com/news/videos/2016-09-13/oil-falls-as-iea-amends-view-of-persistent-oil-glut
oil,"Trump Caught Between Corn, Oil Interests on Renewable Fuels",2016-09-15,Bloomberg,This article is for subscribers only. Donald Trump is trying to walk a fine line between Iowa corn interests and the oil industry. The Republican presidential...,https://www.bloomberg.com/news/articles/2016-09-15/trump-caught-between-corn-oil-interests-on-renewable-fuels
oil,Watch Tiberius Group’s Eibl: OPEC Has Become a Toothless Tiger,2016-09-20,Bloomberg,"Christoph Eibl, co-founder and chief executive officer at Tiberius Group, discusses a possible supply freeze in oil and outlook for commodities as a whole.",https://www.bloomberg.com/news/videos/2016-09-20/tiberius-group-s-eibl-opec-has-become-a-toothless-tiger
oil,U.A.E. Oil Port at Fujairah Opens Crude Jetty to Boost Hub Role,2016-09-21,Bloomberg,"Fujairah, a rocky ribbon of land between the Hajar Mountains and the Indian Ocean coast of the United Arab Emirates, plans to boost its influence as an...",https://www.bloomberg.com/news/articles/2016-09-21/u-a-e-oil-port-at-fujairah-opens-crude-jetty-to-boost-hub-role
oil,A Top Permian Oil Producer Says Rig Counts in the Region Are Going to Soar,2016-09-22,Bloomberg,Pioneer Natural Resources Co. Chief Executive Scott Sheffield predicted that 100 oil rigs will be added in the area considered to be US shale drillers' version...,https://www.bloomberg.com/news/articles/2016-09-22/the-top-permian-oil-producer-says-rig-counts-in-the-region-are-going-to-soar
oil,Watch Ian Roper Taylor on Oil From Boom to Bust,2016-09-28,Bloomberg,"Playlist · Ian Roper Taylor on Oil From Boom to Bust · Anthony Scaramucci on Trump, MAGA and the Midterms · Gundlach Warns About the Risks Facing Private Credit.",https://www.bloomberg.com/news/videos/2016-09-28/ian-roper-taylor-on-oil-from-boom-to-bust
oil,OPEC Agrees to First Oil Output Cut in Eight Years,2016-09-28,Bloomberg,OPEC Agrees to First Oil Output Cut in Eight Years · Oil club to cut output to as low as 32.5 million barrels a day · Deal indicates Saudi Arabia and Iran...,https://www.bloomberg.com/news/articles/2016-09-28/opec-said-to-agree-on-first-oil-output-cut-in-eight-years
oil,Satellite Data Show China May Have Stored More Crude Than Estimated,2016-09-29,Bloomberg,"China, the world's largest energy consumer, may have stored more oil than official estimates, according to an analysis of satellite images by Orbital Insight...",https://www.bloomberg.com/news/articles/2016-09-29/satellite-data-show-china-oil-reserves-may-top-official-estimate
oil,Crude Oil Shows Bullishness,2016-10-03,Investing.com,"Crude Oil:
Short-term bullish.
Original post",https://www.investing.com/analysis/crude-oil-(oct-3)-200156665
oil,Oil Major BP Buys First Iranian Oil Since Sanctions Eased,2016-10-05,Bloomberg,"Sorry, something went wrong ... This article is for subscribers only. Iran's state-owned oil company sold condensate to BP Plc for the first time since sanctions...",https://www.bloomberg.com/news/articles/2016-10-05/oil-major-bp-buys-first-iranian-oil-since-lifting-of-sanctions
oil,US Oil and Gas PLC,2016-10-07,Bloomberg,"Stock analysis for US Oil and Gas PLC (USLGF:US) including stock price, stock chart, company news, key statistics, fundamentals and company profile.",https://www.bloomberg.com/quote/USLGF:US
oil,Saudi Arabia Sees Its Oil Reserves Lasting Another 70 Years,2016-10-11,Bloomberg,"Sorry, something went wrong ... This article is for subscribers only. Saudi Arabia, the biggest oil exporter, sees its crude reserves of 266.5 billion barrels...",https://www.bloomberg.com/news/articles/2016-10-11/saudi-arabia-sees-its-oil-reserves-lasting-another-70-years
oil,Iran Is Stuck With China to Finance Its Oil Dreams,2016-10-13,Bloomberg,"Iran Is Stuck With China to Finance Its Oil Dreams ... This article is for subscribers only. Amid the snake-infested marshlands on Iran's border with Iraq, the...",https://www.bloomberg.com/news/articles/2016-10-12/tired-of-china-s-grip-iran-confronts-a-harsh-oil-market-reality
oil,Oil From $50 Billion Kashagan Field Starts Flowing to Export,2016-10-14,Bloomberg,"Oil From $50 Billion Kashagan Field Starts Flowing to Export ... This article is for subscribers only. Kashagan, a vast oil field in the Caspian Sea, sent its...",https://www.bloomberg.com/news/articles/2016-10-14/oil-from-50-billion-kashagan-field-starts-flowing-for-export
oil,Oil Rebound’s Dirty Little Secret Threatens U.S. Gas Bulls,2016-10-14,Bloomberg,One of the biggest threats to an extended rally in U.S. natural gas prices is lurking in the oil patch.,https://www.bloomberg.com/news/articles/2016-10-13/oil-rebound-s-dirty-little-secret-threatens-u-s-gas-bulls
oil,"Rosneft, Trafigura to Spend $13 Billion to Buy Indian Refiner",2016-10-15,Bloomberg,"India's billionaire Ruia brothers agreed to sell a 98 percent stake in their refinery unit to Rosneft PJSC, Russia's biggest listed oil producer,...",https://www.bloomberg.com/news/articles/2016-10-15/rosneft-trafigura-to-buy-98-stake-in-essar-oil-for-13-billion
oil,Watch Gunvor CEO: OPEC Managed to Put a Floor on Oil Market,2016-10-19,Bloomberg,"Playlist · Gunvor CEO: OPEC Managed to Put a Floor on Oil Market · Ackman Talks Succession Plan, Universal Music Bid and Mamdani · Carlyle's $5B Private Equity...",https://www.bloomberg.com/news/videos/2016-10-19/gunvor-ceo-opec-managed-to-put-a-floor-on-oil-market
oil,"BP, Shell Help Lift Oil-Trading Profitability to 6-Year High",2016-10-26,Bloomberg,"BP, Shell Help Lift Oil-Trading Profitability to 6-Year High ... This article is for subscribers only. The trading arms of Royal Dutch Shell Plc and BP Plc...",https://www.bloomberg.com/news/articles/2016-10-26/bp-shell-help-lift-profitability-of-oil-trading-to-6-year-high
oil,GE Creates $32 Billion Oil-Services Giant With Baker Hughes Deal,2016-10-31,Bloomberg,"Sorry, something went wrong ... This article is for subscribers only. General Electric Co. is creating a $32 billion oil business by combining its petroleum-...",https://www.bloomberg.com/news/articles/2016-10-31/ge-to-merge-oil-division-with-baker-hughes-in-bet-on-energy
oil,MicroSectors Oil & Gas Exploration & Production -3X Inverse Leveraged ETN,2016-10-31,Bloomberg,"Performance charts for MicroSectors Oil & Gas Exploration & Production -3X Inverse Leveraged ETN (OILD - Type ETF) including intraday, historical and...",https://www.bloomberg.com/quote/OILD:US
oil,Crude Oil Selling The Rallies,2016-11-08,Investing.com,"Crude Oil selling the rallies
Original post",https://www.investing.com/analysis/crude-oil-(nov-8)-200163369
oil,Oil Tankers Used to Store Millions of Barrels as Land Sites Fill,2016-11-11,Bloomberg,Oil Tankers Used to Store Millions of Barrels as Land Sites Fill ... This article is for subscribers only. Oil companies booked tankers to store as many as 9...,https://www.bloomberg.com/news/articles/2016-11-11/oil-tankers-used-to-store-millions-of-barrels-as-land-sites-fill
oil,A $900 Billion Oil Treasure Lies Beneath West Texas Desert,2016-11-15,Bloomberg,"One portion of the giant field, known as the Wolfcamp formation, was found to hold 20 billion barrels of oil trapped in four layers of shale beneath the desert...",https://www.bloomberg.com/news/articles/2016-11-15/permian-s-wolfcamp-holds-20-billion-barrels-of-oil-u-s-says
oil,Crude Oil: Bullish Outlook,2016-11-17,Investing.com,"Crude Oil looks bullish

Original post",https://www.investing.com/analysis/crude-oil-(nov-17)-200165169
oil,The Risky Oil ETF That Millennials Loved Is Getting Delisted,2016-11-18,Bloomberg,"Earlier this year, research from online brokerage TD Ameritrade Holding Corp. showed that a particularly risky ETF was attracting investors from the millennial...",https://www.bloomberg.com/news/articles/2016-11-18/the-risky-oil-etf-that-millennials-loved-is-getting-delisted
oil,U.S. Oil Drillers Coming Back to Life,2016-11-18,Bloomberg,Growing confidence that crude prices will rise in coming months is sustaining the expansion of oil drilling in the shale patch.,https://www.bloomberg.com/news/articles/2016-11-18/u-s-oil-shale-drillers-add-rigs-on-rising-market-optimism
oil,Global Gasoline Consumption Has All But Peaked,2016-11-22,Bloomberg,The International Energy Agency forecasts that global gasoline consumption has all but peaked as more efficient cars and the advent of electric vehicles from...,https://www.bloomberg.com/news/articles/2016-11-22/the-tesla-shock-global-gasoline-consumption-has-all-but-peaked
oil,Oil Tanker Analysts Waiting on OPEC Plot Cuts of Their Own,2016-11-24,Bloomberg,"As OPEC discusses the deepest cuts to oil production in years, one group of people in the energy supply chain are preparing reductions of their own:...",https://www.bloomberg.com/news/articles/2016-11-25/oil-tanker-watchers-plot-cuts-of-their-own-as-they-wait-on-opec
oil,Kuwaitis Head to the Polls to Vote for Members of Parliament,2016-11-26,Bloomberg,"Kuwait City (AP) -- Kuwaitis voted Saturday for representatives in the tiny, oil-rich country's parliament as the Gulf nation struggles to cope with a slump...",https://www.bloomberg.com/news/articles/2016-11-26/kuwaitis-head-to-the-polls-to-vote-for-members-of-parliament
oil,OPEC Cut Output in Bid to End Record Glut,2016-11-30,Bloomberg,"Sorry, something went wrong ... Is OPEC Back After Oil Production Cut Deal? ... This article is for subscribers only. OPEC confounded its doubters and sent crude...",https://www.bloomberg.com/news/articles/2016-11-30/opec-said-to-agree-oil-production-cuts-as-saudis-soften-on-iran
oil,"30 Years of Oil and Gas Pipeline Accidents, Mapped",2016-11-30,Bloomberg,"CityLab mapped out all significant pipeline accidents between 1986 and 2016, based on data compiled by Richard Stover, an environmental advocate.",https://www.bloomberg.com/news/articles/2016-11-30/30-years-of-oil-and-gas-pipeline-spills-mapped
oil,Watch OPEC's Impact on Blackstone's Energy Investments,2016-12-01,Bloomberg,"David Foley, chief executive officer and senior managing director at Blackstone Energy Partners, explains how OPEC's agreement to cut production impacts the...",https://www.bloomberg.com/news/videos/2016-12-01/opec-s-impact-on-blackstone-s-energy-investments
oil,North Dakota’s Pipe Dreams Are the Key to Its Future,2016-12-01,Bloomberg,"Without the Dakota Access Pipeline, North Dakota's abundant but hard-to-reach oil resources likely won't be fully developed, potentially leaving millions of...",https://www.bloomberg.com/news/articles/2016-12-01/north-dakota-s-pipe-dreams-are-the-key-to-its-future
oil,Watch Oil Markets: From Contango to Backwardation,2016-12-05,Bloomberg,Playlist · Oil Markets: From Contango to Backwardation · Iran Can Sustain the War for Months: Johns Hopkins' Slim · JPMorgan and Citi Push Ahead With New...,https://www.bloomberg.com/news/videos/2016-12-05/oil-markets-from-contango-to-backwardation
oil,Shell Returns to Iran With Deal to Assess Oil and Gas Fields,2016-12-07,Bloomberg,"Shell signed a memorandum of understanding to evaluate the Azadegan and Yadavaran oil fields near the Iraqi border, and the Kish gas deposit in the Persian Gulf...",https://www.bloomberg.com/news/articles/2016-12-07/shell-and-total-said-to-sign-initial-oil-deals-with-iran
oil,Shell’s CFO Pick Leaves Most Analysts Asking Simply ‘Who?’,2016-12-15,Bloomberg,Royal Dutch Shell Plc's appointment of Jessica Uhl as finance chief on Thursday posed one simple question for many of the analysts who follow Europe's...,https://www.bloomberg.com/news/articles/2016-12-15/shell-s-cfo-pick-leaves-most-analysts-asking-simply-who
oil,Libya’s ‘Elephant’ Oil Field Reopens as Biggest Port Set to Ship,2016-12-15,Bloomberg,Libya reopened one of its biggest oil fields and is preparing for the first time in two years to ship crude from its largest export terminal.,https://www.bloomberg.com/news/articles/2016-12-14/libya-s-biggest-oil-port-field-said-poised-to-reopen-this-week
oil,How Global Oil Flows Might Look After OPEC’s Supply Shock,2016-12-16,Bloomberg,OPEC's quest to end a global crude glut already snapped a two-year slump in oil prices. Now attention is turning to how the group's surprise decision to cut...,https://www.bloomberg.com/news/articles/2016-12-16/what-global-oil-flows-might-look-like-after-opec-s-supply-shock
oil,"Mongolia Pegs $1 Billion From India for Oil Refinery, Pipelines",2016-12-18,Bloomberg,"The government intends to use $700 million of the loan for an oil refinery and $264 million for oil pipelines, according to a statement on its website last week...",https://www.bloomberg.com/news/articles/2016-12-19/mongolia-pegs-1-billion-from-india-for-oil-refinery-pipelines
oil,Saudi Arabia Considers Rise in Retail Fuel Prices in 2017,2016-12-20,Bloomberg,"Saudi Arabia is considering increasing retail gasoline and diesel prices in 2017 for the second year in a row, as the world's top crude exporter pursues a...",https://www.bloomberg.com/news/articles/2016-12-20/saudi-arabia-said-to-consider-rise-in-retail-fuel-prices-in-2017-iwxu7w3z
oil,Killer Whales Pose Newest Threat to Kinder Morgan Oil Pipeline,2016-12-20,Bloomberg,Kinder Morgan Inc. will have to address the fate of one more group before completing its Trans Mountain pipeline expansion: killer whales.,https://www.bloomberg.com/news/articles/2016-12-21/killer-whales-pose-newest-threat-to-kinder-morgan-oil-pipeline
oil,Tullow CEO Heavey Steps Down After Building African Oil Explorer,2017-01-11,Bloomberg,"Aidan Heavey, an Irish accountant who spent three decades building Tullow Oil Plc into one of the world's leading independent oil explorers, is stepping down...",https://www.bloomberg.com/news/articles/2017-01-11/tullow-oil-founder-heavey-becomes-chairman-mcdade-appointed-ceo
oil,Noble Buys Clayton for $2.7 Billion to Expand in Permian,2017-01-17,Bloomberg,Noble Energy Inc. agreed to buy Clayton Williams Energy Inc. for $2.7 billion in stock and cash to expand in America's hottest shale play.,https://www.bloomberg.com/news/articles/2017-01-16/noble-buys-clayton-williams-for-2-7-billion-to-grow-in-permian
oil,Top Oil Traders Disclosed Trump Campaign Donations of Just $168,2017-01-18,Bloomberg,"U.S. executives, traders and support staff at trading houses including Vitol Group, Trafigura Group, Mercuria Energy Group Ltd., Gunvor Group Ltd., Castleton...",https://www.bloomberg.com/news/articles/2017-01-18/top-oil-traders-disclosed-trump-campaign-donations-of-just-168
oil,Dubai Airport Traffic Slows as Oil Slump Hits Emirates,2017-01-23,Bloomberg,"Dubai International Airport predicted passenger growth will slow for a second year in 2017, underscoring the challenges facing the aviation industry in the...",https://www.bloomberg.com/news/articles/2017-01-24/dubai-airport-passenger-gains-slow-as-oil-economy-hurt-emirates
oil,Watch How Iron Roughnecks Are Taking Over Oil Rigs,2017-01-24,Bloomberg,Bloomberg's David Wethe discusses the impact of automation on the oil industry and the rise of robots in energy. He speaks on “Bloomberg Markets.,https://www.bloomberg.com/news/videos/2017-01-24/how-iron-roughnecks-are-taking-over-oil-rigs
oil,Europe Chomps Most Iran Oil in Years With Supertankers Due in Days,2017-01-25,Bloomberg,Europe is poised to receive the most Iranian crude in about five years this month in a sign that the Persian Gulf nation may be regaining its share of a...,https://www.bloomberg.com/news/articles/2017-01-25/europe-chomps-most-iran-oil-in-years-with-huge-snow-due-in-days
oil,Shell Sells $4.7 Billion of Fields as Disposals Accelerate,2017-01-31,Bloomberg,"Royal Dutch Shell Plc, looking to pare debt swollen by last year's acquisition of BG Group Plc, accelerated its drive to shed assets on Tuesday.",https://www.bloomberg.com/news/articles/2017-01-31/shell-sells-some-north-sea-oil-assets-for-up-to-3-8-billion
oil,This Is Who Will Pay for Shutting Down North Sea Oil Rigs,2017-01-31,Bloomberg,"USS Rafael Peralta during US blockade operations near an Iranian-flagged ship on, April. Trump Rues State of Iran Talks, Says Prefers Not to Strike.",https://www.bloomberg.com/news/articles/2017-01-31/shell-shows-how-to-remove-obstacles-to-north-sea-oil-deals
oil,Saudi Arabia Raises March Crude Oil Pricing for All Buyers,2017-02-02,Bloomberg,"Saudi Arabia, the world's largest crude exporter, raised pricing for March sales to buyers from the US to Asia as output cuts by OPEC and other producers shore...",https://www.bloomberg.com/news/articles/2017-02-02/saudi-arabia-raises-march-crude-oil-pricing-for-all-buyers
oil,Trump’s Vow To “Unleash An Energy Revolution” May Send Oil and Gas Tumbling In 2018,2017-02-06,Bloomberg,"President Trump's vow to “unleash an energy revolution” by reversing regulations may send oil and natural gas prices tumbling in 2018, according to Bank of...",https://www.bloomberg.com/news/articles/2017-02-06/u-s-oil-gas-prices-seen-falling-with-trump-energy-revolution
oil,Watch Oil Magnate Bulgheroni Builds International Wine Empire,2017-02-08,Bloomberg,Top Video · Iran's New Supreme Leader Vows to 'Guard' Nuclear Tech · Trump Says He Doesn't Care If Powell Stays on Fed Board · House Votes to End DHS Shutdown...,https://www.bloomberg.com/news/videos/2017-02-08/oil-magnate-bulgheroni-builds-international-wine-empire
oil,Olive Oil Prices Are Going Through the Roof,2017-02-09,Bloomberg,"Hoarding oil of a new kind after terrible harvests in Italy, Spain and Greece.",https://www.bloomberg.com/news/articles/2017-02-09/olive-oil-prices-surging-after-bad-weather-in-italy-spain-and-greece-iyyeqk1j
oil,"Frenzied Betting, Sleeping Market: Something Must Give in Oil",2017-02-16,Bloomberg,"As hedge funds and money managers place record trades on a rally in oil, the price itself has fallen asleep. Logic dictates that something should give.",https://www.bloomberg.com/news/articles/2017-02-16/frenzied-betting-sleeping-market-something-must-give-in-oil
oil,Shale Drilling Is on a Roll as OPEC Cuts Keep Oil Above $50,2017-02-17,Bloomberg,Shale wildcatters pushed ahead on the biggest surge in US oil drilling since 2012 as the explorers take advantage of prices above $50 for more than two months.,https://www.bloomberg.com/news/articles/2017-02-17/u-s-oil-drilling-stays-on-a-roll-as-opec-cuts-prop-up-prices
oil,Shell Shakes Up Oil Trading World With Brash Buying Sprees,2017-02-20,Bloomberg,Shell Shakes Up Oil Trading World With Brash Buying Sprees ... This article is for subscribers only. The giant tankers anchored along the Scottish coast in the...,https://www.bloomberg.com/news/articles/2017-02-20/shell-shakes-up-oil-trading-world-with-brash-brent-buying-sprees
oil,Crude Oil: Still Range Bound,2017-02-22,Investing.com,"Crude Oil still range bound

Original post",https://www.investing.com/analysis/crude-oil-(feb-22)-200176536
oil,Saudi Arabia $2 Trillion Aramco Vision Runs Into Market Reality,2017-02-23,Bloomberg,"Sorry, something went wrong ... Saudi Arabia has said oil giant Saudi Aramco is worth more than $2 trillion, enough to consume Apple Inc. twice, and still have...",https://www.bloomberg.com/news/articles/2017-02-23/saudi-arabia-2-trillion-aramco-vision-runs-into-market-reality
oil,Bloomberg Billionaires Index - Aliko Dangote,2017-03-01,Bloomberg,"Africa's richest person controls Dangote Industries, a closely held conglomerate. The Lagos, Nigeria-based company owns sub-Saharan Africa's biggest cement...",https://www.bloomberg.com/billionaires/profiles/aliko-dangote/
oil,Saudi Arabia Oil Tanker Tracking Shows Exports Slide in February,2017-03-01,Bloomberg,"Saudi Arabia's shipments of crude oil fell last month, indicating OPEC's biggest producer is continuing to cut supplies by more than it pledged.",https://www.bloomberg.com/news/articles/2017-03-01/saudi-arabia-oil-tanker-tracking-shows-another-slide-in-exports
oil,Bloomberg Billionaires Index - Mukesh Ambani,2017-03-01,Bloomberg,"View profiles for each of the world's 500 richest people, see the biggest movers, and compare fortunes or track returns.",https://www.bloomberg.com/billionaires/profiles/mukesh-d-ambani/
oil,Watch U.S. Oil Drilling Collapse—and Rise Again,2017-03-02,Bloomberg,The number of oil and gas rigs drilling in the US has almost doubled since bottoming out at the lowest level in more than 75 years of records.,https://www.bloomberg.com/graphics/2017-oil-rigs/
oil,"Nigeria Charges Shell, Eni With Corruption Over Oil License",2017-03-03,Bloomberg,"Nigeria's anti-graft agency filed new charges against Royal Dutch Shell Plc and Eni SpA, alleging the companies “corruptly” paid $801 million in 2011 when...",https://www.bloomberg.com/news/articles/2017-03-03/nigeria-charges-shell-eni-with-corruption-over-asset-purchase
oil,IEA Doubles Forecast for New OPEC Oil by 2022 as Iraq Ramps Up,2017-03-06,Bloomberg,"OPEC will increase its production capacity by about twice as much as previously thought, led by expansion in Iran and Iraq, the International Energy Agency...",https://www.bloomberg.com/news/articles/2017-03-06/iea-doubles-forecast-for-new-opec-oil-by-2022-as-iraq-ramps-up-izyalxvl
oil,U.S. Oil Industry Becomes Refiner to World as Exports Boom,2017-03-06,Bloomberg,"When PBF Energy Inc. scooped up a refinery from Exxon Mobil Corp. on the Mississippi River in 2015, it wasted no time sprucing up the plant with an eye...",https://www.bloomberg.com/news/articles/2017-03-06/u-s-oil-industry-becomes-refiner-to-the-world-as-exports-boom
oil,Iran's Crude-Oil Exports Increase to Level Last Seen in 1970s,2017-03-07,Bloomberg,"Sorry, something went wrong ... This article is for subscribers only. Iran's crude-oil exports touched 3 million barrels a day for the first time since the 1979...",https://www.bloomberg.com/news/articles/2017-03-07/iran-s-crude-oil-exports-increase-to-level-last-seen-in-1970s
oil,GE Sells Water Unit in $3.4 Billion Deal to Smooth Oil Merger,2017-03-08,Bloomberg,The all-cash sale to French utility Suez SA and a Canadian pension fund manager comes about four months after GE put the water unit on the market amid concerns...,https://www.bloomberg.com/news/articles/2017-03-08/ge-sells-water-unit-in-3-4-billion-deal-to-smooth-oil-merger
oil,Crude Oil: Support And Resistance,2017-03-15,Investing.com,"Crude Oil
",https://www.investing.com/analysis/crude-oil:-support-and-resistance-200179023
oil,Watch EnQuest CEO Says Oil Industry Restructured to Lower Price,2017-03-21,Bloomberg,"Playlist · EnQuest CEO Says Oil Industry Restructured to Lower Price · Ackman Talks Succession Plan, Universal Music Bid and Mamdani · Carlyle's $5B Private...",https://www.bloomberg.com/news/videos/2017-03-21/enquest-ceo-on-oil-industry-prices-investment-video
oil,Chevron's $1 Billion Sale of China Oil Fields Stalls,2017-03-21,Bloomberg,"Bids that Chevron received for its interests in three fields in China's Bohai Bay didn't meet its expectations, according to the people. Chevron had aimed to...",https://www.bloomberg.com/news/articles/2017-03-21/chevron-s-1-billion-sale-of-offshore-china-fields-said-to-stall
oil,Cenovus Drops Most Ever as $13.3 Billion Deal Ramps Up Risks,2017-03-30,Bloomberg,Cenovus Energy Inc. fell the most since its trading debut more than seven years ago after agreeing to buy Canadian oil assets from ConocoPhillips for C$17.7...,https://www.bloomberg.com/news/articles/2017-03-29/cenovus-pays-13-3-billion-to-acquire-conoco-canadian-assets
oil,Libya's Oil Production Set to Rebound as Biggest Field Reopens,2017-04-03,Bloomberg,"Force majeure on the Zawiya export terminal was lifted after pumping resumed Sunday at Sharara, the nation's biggest oil field, Mustafa Sanalla, chairman of...",https://www.bloomberg.com/news/articles/2017-04-03/libya-s-oil-production-said-to-rebound-as-biggest-field-reopens
oil,Watch Why to Keep an Eye on the Gasoline Crack Spread,2017-04-04,Bloomberg,"Prestige Economics President and Chief Economist Jason Schenker discusses oil prices, product inventories and demand for oil from refiners.",https://www.bloomberg.com/news/videos/2017-04-04/why-to-keep-an-eye-on-the-gasoline-crack-spread-video
oil,Saudi Arabia to Switch Crude Oil Pricing for European Refiners,2017-04-04,Bloomberg,Saudi Arabia to Switch Crude Oil Pricing for European Refiners ... This article is for subscribers only. Saudi Arabia is to tweak the benchmark it uses to sell...,https://www.bloomberg.com/news/articles/2017-04-04/saudi-arabia-to-switch-crude-oil-pricing-for-european-refiners
oil,Canadian Oil Disruption Sends Ripples From Alberta to Louisiana,2017-04-05,Bloomberg,Canadian Oil Disruption Sends Ripples From Alberta to Louisiana ... The Syncrude Canada Ltd. oil sands upgrading plant. ... This article is for subscribers only. An...,https://www.bloomberg.com/news/articles/2017-04-05/canadian-oil-prices-soar-as-upgrader-work-restricts-production
oil,China Opens Delayed Myanmar Oil Pipeline to Get Mideast Crude Faster,2017-04-11,Bloomberg,China Opens Delayed Myanmar Oil Pipeline to Get Mideast Crude Faster ... This article is for subscribers only. A crude pipeline to southwestern China through its...,https://www.bloomberg.com/news/articles/2017-04-11/china-opens-delayed-myanmar-oil-link-to-get-mideast-crude-faster
oil,Watch Natixis' Deshpande Says Oil Markets Are Rebalancing,2017-04-12,Bloomberg,"Abhishek Deshpande, chief energy analyst at Natixis, discusses OPEC's strategy to reduce global supply with Bloomberg's Guy Johnson and Matt Miller on...",https://www.bloomberg.com/news/videos/2017-04-12/natixis-deshpande-says-oil-markets-are-rebalancing-video
oil,Billionaire Bets on Old-School Energy in $3 Billion Conoco Deal,2017-04-13,Bloomberg,"With a $3 billion purchase from ConocoPhillips, billionaire oilman Jeffrey Hildebrand is once again trying to succeed in a corner of the oil and gas world...",https://www.bloomberg.com/news/articles/2017-04-13/billionaire-bets-on-old-school-energy-in-3-billion-conoco-deal
oil,Aramco CEO Sees Oil Market Closer to Balance Despite U.S. Boom,2017-04-14,Bloomberg,"The global oil market is moving closer to balance even as increases in US oil production push prices down in the short-term, Saudi Arabian Oil Co. Chief...",https://www.bloomberg.com/news/articles/2017-04-14/aramco-ceo-sees-oil-market-closer-to-balance-despite-u-s-boom
oil,"BP Kills Alaska Well After Capping Oil, Natural Gas Leaks",2017-04-17,Bloomberg,"BP Kills Alaska Well After Capping Oil, Natural Gas Leaks.",https://www.bloomberg.com/news/articles/2017-04-16/bp-races-to-shut-alaska-north-slope-well-after-finding-a-leak
oil,WTI Crude Oil Technicals,2017-04-26,Investing.com,"Crude Oil
",https://www.investing.com/analysis/wti-crude-oil-technicals-200185335
oil,"Trump to Order Oil Drilling Study Off California Coast, Sources Say",2017-04-26,Bloomberg,President Donald Trump will open the door to new oil and natural gas drilling in Pacific waters off the coast of California with a directive Friday that...,https://www.bloomberg.com/politics/articles/2017-04-25/trump-said-to-order-review-of-oil-drilling-off-california-coast
oil,"Saudis to Control Crude Reserves, Output After Aramco IPO",2017-05-03,Bloomberg,Saudi Arabia's giant oil and gas reserves and any decisions about producing from them will remain solely in government hands after Saudi Aramco's initial...,https://www.bloomberg.com/news/articles/2017-05-02/saudi-to-keep-full-control-of-reserves-output-after-aramco-ipo
oil,India Oil Demand Rises 3.3% in April After Falling for 3 Months,2017-05-12,Bloomberg,"India's oil demand bounced back in April after falling for three consecutive months, recovering from the impact of the country's move to withdraw high-value...",https://www.bloomberg.com/news/articles/2017-05-12/india-oil-demand-rises-3-3-in-april-after-falling-for-3-months
oil,Even Clean Energy Has Its Little Oil Spills,2017-05-12,Bloomberg,Even Clean Energy Has Its Little Oil Spills ... This article is for subscribers only. Wind turbines were planted along a strip of Mexico's southern coast to make...,https://www.bloomberg.com/news/articles/2017-05-12/wind-power-pollution-turbine-oil-seeps-into-the-land-in-mexico
oil,Guide to $400 Billion in Saudi-U.S. Deals: Black Hawks to Oil,2017-05-22,Bloomberg,"Sorry, something went wrong ... This article is for subscribers only. Saudi Arabia signed billions of dollars of deals with U.S. companies during President Donald...",https://www.bloomberg.com/news/articles/2017-05-22/guide-to-400-billion-in-saudi-u-s-deals-black-hawks-to-oil
oil,Watch China Falls for U.S. Natural Gas,2017-05-22,Bloomberg,"China released long-awaited guidelines on how the world's biggest energy consumer plans to reform its oil and gas industry, part of broader efforts by...",https://www.bloomberg.com/news/videos/2017-05-22/china-falls-for-u-s-natural-gas-video
oil,Why the Permian Basin Is OPEC's New Headache: QuickTake Q&A,2017-05-22,Bloomberg,A dry expanse straddling the Texas-New Mexico border has become such a bounty of energy that it's now a threat to OPEC. Surging output from the Permian...,https://www.bloomberg.com/politics/articles/2017-05-22/why-the-permian-basin-is-opec-s-new-headache-quicktake-q-a
oil,"Watch Saudis to Do Whatever It Takes on Oil, Says Farren-Price",2017-05-24,Bloomberg,"Video Player is loading. ... Sorry, something went wrong. Check your internet connection or refresh the page. Try Again. Ad0:00. May 24th, 2017. Saudis...",https://www.bloomberg.com/news/videos/2017-05-24/saudis-to-do-whatever-it-takes-on-oil-says-ppi-ceo-video
oil,Trump's Bid to Sell U.S. Reserve Oil Could Temper OPEC Cuts,2017-05-24,Bloomberg,"A budget proposal released Tuesday includes a plan to sell 270 million barrels of oil from the Strategic Petroleum Reserve over the next decade, a move the...",https://www.bloomberg.com/news/articles/2017-05-23/trump-s-bid-to-sell-u-s-reserve-oil-could-undermine-opec-cuts
oil,Watch KKR's Rockecharlie: Two 'Good Years' for Oil Investing,2017-05-25,Bloomberg,"David Rockecharlie, head of energy real assets at KKR & Co. LLP, talks about oil companies' ability to make money in the current price range and how he...",https://www.bloomberg.com/news/videos/2017-05-25/rockecharlie-two-good-years-for-oil-investing-video
oil,Dealmaker Who Bet Big on Duterte Is Building a Casino-to-Oil Empire,2017-05-26,Bloomberg,"Dennis Uy, an oil trader from Davao City who counts Duterte as a family friend, has rapidly expanded into industries from shipping to casinos since last year's...",https://www.bloomberg.com/news/articles/2017-05-25/dealmaker-who-bet-big-on-duterte-is-forging-casino-to-oil-empire
oil,Crude Oil On Short-Term Support,2017-06-06,Investing.com,"Crude Oil

source: Investing.com",https://www.investing.com/analysis/crude-oil-on-short-term-support-200193557
oil,Iraqi Oil Floods Into U.S. After Saudi Arabia Cuts Back,2017-06-07,Bloomberg,"Move over, Saudi Arabia: here comes Iraq. The country's crude flooded into the U.S. at the fastest rate in five years during the week ended June 2,...",https://www.bloomberg.com/news/articles/2017-06-07/iraqi-oil-floods-into-u-s-as-saudi-arabia-cuts-back-chart
oil,Palm Oil Industry Going High Tech to Boost Output,2017-06-07,Bloomberg,"Palm oil has a huge edge over alternatives squeezed out of canola, soybeans or sunflowers. It's more versatile -- found in everything from chocolates to...",https://www.bloomberg.com/news/articles/2017-06-07/building-a-better-knife-to-solve-rot-problem-for-palm-oil-trees
oil,The Lonely Drifting Oil Tanker That Signals OPEC's Struggle,2017-06-13,Bloomberg,"If a single ship can capture the current state of the global oil market, it's the supertanker Saiq, floating idly about 850 kilometers (530 miles) south of...",https://www.bloomberg.com/news/articles/2017-06-13/the-lonely-drifting-oil-tanker-that-signals-opec-s-struggle
oil,"Iraq Is New Oil King, Beats Saudis in Fastest Growing Market",2017-06-14,Bloomberg,Iraq is gaining the edge over Saudi Arabia in the world's fastest-growing oil consumer amid an intensifying race among producers to retain their most-prized...,https://www.bloomberg.com/news/articles/2017-06-14/iraq-beats-saudis-to-become-oil-king-in-fastest-growing-market
oil,Oil Posts Longest Run of Weekly Losses Since 2015 Amid Glut,2017-06-15,Bloomberg,Oil posted the longest run of weekly losses since August 2015 as OPEC member Libya restored production and the surplus in the U.S. shows little sign of...,https://www.bloomberg.com/news/articles/2017-06-15/oil-set-for-longest-run-of-weekly-losses-since-2015-amid-glut
oil,The Forward Curve for Oil Prices Suddenly Looks Awful for OPEC,2017-06-16,Bloomberg,"As if a mini-collapse in oil prices wasn't bad enough for OPEC, the pattern in which futures contracts are trading years from now has flipped into the worst...",https://www.bloomberg.com/news/articles/2017-06-16/the-forward-curve-for-oil-prices-suddenly-looks-awful-for-opec
oil,Oil Bears Are Back as Prices Fall and Driller Shares Take a Hit,2017-06-19,Bloomberg,"Oil slid into its first bear market in 10 months, falling 21 percent from its high for the year. The swoon dragged down driller shares amid concern.",https://www.bloomberg.com/news/articles/2017-06-19/oil-s-slide-stalls-as-investors-weigh-stockpiles-against-libya
oil,"Oil Tanker Flips And Explodes, Killing Over 100 in Pakistan",2017-06-25,Bloomberg,"Bahawalpur, Pakistan (AP) -- Alerted by an announcement over a mosque's loudspeaker that an overturned tanker truck had sprung a leak, scores of villagers...",https://www.bloomberg.com/news/articles/2017-06-25/urgent-oil-tanker-flips-and-explodes-killing-over-100-in-pakistan
oil,Hailey Waller,2017-06-27,Bloomberg,"U.S. banks have already cut credit lines for oil and gas producers, and the squeeze is likely to continue in the next round of loan reviews.",https://bloomberg.com/authors/ATR8FaXqh8Y/hailey-waller
oil,Inside Saudi Arabia’s Big Bet on Plastics,2017-07-02,Bloomberg,"Under a tent in the Saudi desert, Ziad Al-Labban's showing off his vision for the world's largest oil supplier—and it looks like an Ikea store...",https://www.bloomberg.com/news/articles/2017-07-02/from-oil-gushers-to-golf-balls-saudi-aramco-bets-on-chemicals
oil,World’s Top Oil Traders Bet American Shale Is Here to Stay,2017-07-07,Bloomberg,European trading houses from Trafigura Group Pte. to Mercuria Energy Group Ltd. and Vitol Group have invested in U.S. infrastructure and struck supply deals to...,https://www.bloomberg.com/news/articles/2017-07-07/world-s-top-oil-traders-bet-american-shale-is-here-to-stay
oil,Top Oil Traders Sell Bespoke Crude From a Supermarket at Sea,2017-07-11,Bloomberg,The biggest oil traders feeling the squeeze in a world awash with crude are seeking an edge by offering tailor-made cargoes in an offshore megastore. More From...,https://www.bloomberg.com/news/articles/2017-07-11/oil-traders-tailor-bespoke-cargoes-in-a-crude-supermarket-at-sea
oil,Billion-Barrel Mexico Find Could Spur Rush on Next Oil Auctions,2017-07-12,Bloomberg,A billion-barrel crude discovery in Mexico could be just the lure the country needs to boost investment from oil majors as it lacks the wherewithal to...,https://www.bloomberg.com/news/articles/2017-07-12/sierra-oil-led-group-announces-oil-discovery-in-mexico-waters
oil,Crude Oil: Trading The Channel,2017-07-13,Investing.com,"Crude oil trading the channel

Original post",https://www.investing.com/analysis/crude-oil-(july-13)-200200818
oil,Oil Sands Help Shale Stymie OPEC's Effort to Rebalance Market,2017-07-13,Bloomberg,OPEC producers are finding that shale oil drillers aren't their only adversaries in their battle to drain a three-year crude glut.,https://www.bloomberg.com/news/articles/2017-07-13/oil-sands-helps-shale-stymie-opec-s-effort-to-rebalance-market
oil,Here’s How to Invest in Oil Without Taking a Risk,2017-07-13,Bloomberg,"How to Invest in Oil Without Taking a Risk · Private equity firms snap up mineral rights to get royalties · More pay up front to secure steady income on oil,...",https://www.bloomberg.com/news/articles/2017-07-13/collecting-cash-from-shale-without-spending-a-penny-on-drilling
oil,Crude Oil: Following The Downtrend,2017-07-19,Investing.com,"Crude oil: Following the downtrend

Original post",https://www.investing.com/analysis/crude-oil-(july-19)-200201992
oil,Oil Slides Most in Two Weeks as OPEC Production Is Seen Rising,2017-07-21,Bloomberg,Oil dropped the most in two weeks as a report that OPEC's July supply will be the highest this year fueled worries over a global glut.,https://www.bloomberg.com/news/articles/2017-07-21/oil-trades-near-47-as-rising-u-s-output-counters-supply-drop
oil,Kuwait Seeks Energy Venture With Traders From Glencore to Vitol,2017-07-25,Bloomberg,"OPEC member Kuwait plans to start trading energy and not just producing it, joining other Middle Eastern producers eager to claw back some of the profit...",https://www.bloomberg.com/news/articles/2017-07-25/kuwait-seeks-energy-venture-with-traders-from-glencore-to-vitol
oil,Watch S&P Global's Cullinan Says Oil Still Driving Ratings,2017-07-27,Bloomberg,"S&P Global Ratings Sovereign Credit Analyst Trevor Cullinan discusses geopolitics and its impact on ratings. He speaks on ""Bloomberg Markets: Middle East.",https://www.bloomberg.com/news/videos/2017-07-27/s-p-global-s-cullinan-oil-still-driving-ratings-video
oil,Saudis Weigh Oil-Price Linked Tax for Aramco Before IPO,2017-07-31,Bloomberg,"Saudi Arabia is considering a flexible tax system for state-owned oil company Aramco that would increase royalty payments when crude prices rise,...",https://www.bloomberg.com/news/articles/2017-07-31/saudis-said-to-weigh-oil-price-linked-tax-for-aramco-before-ipo
oil,"Rick George, Suncor CEO Who Helped Pioneer Oil Sands, Dies at 67",2017-08-02,Bloomberg,"Rick George, who helped pioneer Canada's oil-sands industry during two decades at the helm of Suncor Energy Inc., died on Tuesday after a year-and-a-half...",https://www.bloomberg.com/news/articles/2017-08-02/rick-george-oil-sands-pionneer-dies-at-67-after-battling-aml
oil,Crude Oil Technicals: 08/03/17,2017-08-03,Investing.com,"Crude Oil

source: Investing.com",https://www.investing.com/analysis/crude-oil-technicals-080317-200205079
oil,The Oil Trader Known as ‘God’ Is Closing Down His Main Hedge Fund,2017-08-03,Bloomberg,The Oil Trader Known as 'God' Is Closing Down His Main Hedge Fund · Renowned investor Andy Hall is said to close Astenbeck fund · His wrong-way bet on crude...,https://www.bloomberg.com/news/articles/2017-08-03/oil-trader-andy-hall-is-said-to-close-main-astenbeck-hedge-fund
oil,Saudi Arabia Builds Cities in the Sand to Move Beyond Oil,2017-08-07,Bloomberg,"After relying on oil to fuel its economy for more than half a century, Saudi Arabia is turning to its other abundant natural resource to take it beyond the...",https://www.bloomberg.com/news/articles/2017-08-06/saudi-arabia-builds-cities-in-the-sand-to-take-economy-past-oil
oil,Army Seizes South Sudanese Rebel Stronghold in Oil-Rich Region,2017-08-07,Bloomberg,"South Sudanese troops seized a rebel stronghold in the oil-rich northeast, the latest territorial gain for President Salva Kiir's forces in the African...",https://www.bloomberg.com/politics/articles/2017-08-07/army-seizes-south-sudanese-rebel-stronghold-in-oil-rich-region
oil,Shell Aims to Restart Most Units at Pernis Before End-August,2017-08-10,Bloomberg,"Royal Dutch Shell Plc said it is aiming to restart most units at its Pernis refinery in Rotterdam by the end of this month, potentially helping to ease supply...",https://www.bloomberg.com/news/articles/2017-08-10/shell-is-said-to-aim-for-full-restart-of-pernis-by-end-of-august
oil,Big Oil Follows Silicon Valley Into Backing Green Energy Firms,2017-08-14,Bloomberg,"From Royal Dutch Shell Plc to Total SA and Exxon Mobil Corp., the biggest investor-owned oil companies are dribbling money into ventures probing the edge of...",https://www.bloomberg.com/news/articles/2017-08-15/big-oil-follows-silicon-valley-into-backing-green-energy-firms
oil,"Africa’s Richest Man Dangote Has a Plan: Cement, Then Oil—Then Arsenal FCC",2017-08-17,Bloomberg,"Dangote, who was worth $12.3 billion as of mid-August, according to the Bloomberg Billionaires Index, is modest in his personal life but bold in business.",https://www.bloomberg.com/features/2017-aliko-dangote-interview/
oil,Crude Market Shows Enduring Strength Beyond Seasonal Peak,2017-08-18,Bloomberg,"The market for physical barrels of crude from places as far apart as Oman and Colombia is strengthening beyond the traditional seasonal peak in demand,...",https://www.bloomberg.com/news/articles/2017-08-18/crude-market-shows-enduring-strength-beyond-usual-seasonal-peak
oil,Harvey Brings ‘Catastrophic’ Flooding to the Texas Coast,2017-08-26,Bloomberg,"Harvey smashed ashore as a Category 4 hurricane Friday near Rockport, Texas. Two deaths have been attributed to the storm, which has also halted about one...",https://www.bloomberg.com/news/articles/2017-08-26/harvey-hammers-u-s-oil-hub-with-torrential-rain-as-winds-weaken
oil,Angola Oil Minister Says Nation Needs Crude to Rebound to $60,2017-08-30,Bloomberg,Angola's Petroleum Minister Jose Maria Botelho de Vasconcelos said it's essential for the southern African nation's economy that oil prices rebound to $60 a...,https://www.bloomberg.com/news/articles/2017-08-30/angola-oil-minister-says-nation-needs-crude-to-rebound-to-60-j6zkfx6u
oil,WIT Crude Oil: Support And Resistance,2017-08-30,Investing.com,"WTI Crude Oil
",https://www.investing.com/analysis/wit-crude-oil-support-and-resistance-200210484
oil,U.K. North Sea Oil Field Startups Surge to 10-Year High,2017-09-04,Bloomberg,"The U.K. North Sea is on track for the biggest year of oil and gas field startups in a decade, continuing the aging province's surprising resilience to the...",https://www.bloomberg.com/news/articles/2017-09-04/u-k-north-sea-oil-field-startups-surge-to-highest-in-10-years-j75n10pi
oil,Oil Climbs to Four-Week High as Refinery Demand for Crude Rises,2017-09-06,Bloomberg,"Oil closed at a four-week high as refiners revved up plants pounded by Hurricane Harvey, sparking demand for crude.",https://www.bloomberg.com/news/articles/2017-09-06/oil-holds-gains-as-refinery-restart-revives-u-s-crude-demand
oil,"Colombia Has Oil, but Voters Want to Keep It Underground",2017-09-07,Bloomberg,"Communities are exercising their constitutional right to block oil and mining projects, jeopardizing the country's future as a petroleum exporter.",https://www.bloomberg.com/news/articles/2017-09-07/colombia-needs-oil-colombians-say-no
oil,"Crude Oil Technicals: Sept. 8, 2017",2017-09-08,Investing.com,"Crude oil volatility expansion is expected.
",https://www.investing.com/analysis/crude-oil-sep-8-200212129
oil,Tanker King’s Trading House in Big Retreat From Oil,2017-09-08,Bloomberg,"Arcadia Petroleum Ltd., the commodities house owned by shipping billionaire John Fredriksen, is dramatically scaling back in oil trading and cutting jobs,...",https://www.bloomberg.com/news/articles/2017-09-08/fredriksen-s-oil-trader-arcadia-is-said-to-scale-back-business
oil,Crude Oil: Testing The Downtrend,2017-09-14,Investing.com,"Crude Oil testing the downtrend

Original post",https://www.investing.com/analysis/crude-oil-sep-14-200213215
oil,UBS CMCI Oil SF hCHF ETF,2017-09-14,Bloomberg,"Performance charts for UBS CMCI Oil SF hCHF ETF (UFUT - Type ETF) including intraday, historical and comparison charts, technical analysis and trend lines.",https://www.bloomberg.com/quote/UFUT:GR
oil,Here's How North Korea May Get Through a Total Oil Ban,2017-09-15,Bloomberg,"As the U.S. and its allies look to impose even stricter measures against North Korea, leader Kim Jong Un could find inspiration from oppressive regimes of...",https://www.bloomberg.com/politics/articles/2017-09-15/north-korea-may-copy-nazi-germany-if-total-oil-ban-takes-effect
oil,Crude Oil: Downtrend Broken,2017-09-18,Investing.com,"Crude Oil Downtrend broken

Original post",https://www.investing.com/analysis/crude-oil-sep-18-200213821
oil,Oil Traders Empty Key Crude Storage Hub,2017-09-20,Bloomberg,"Total SA, Vitol Group and Mercuria Energy Group Ltd. are selling crude they hoarded in Saldanha Bay, South Africa, during the 2015-2016 glut when the market...",https://www.bloomberg.com/news/articles/2017-09-20/oil-traders-empty-key-crude-storage-hub-as-global-demand-booms
oil,"In World’s Hottest Oil Patch, Fears are Mounting That a Bust Is Near",2017-09-25,Bloomberg,Ups and downs are so ingrained in this business that crazy success in the Permian Basin is seen as an omen that a crash looms. Oil pump jacks adjacent to...,https://www.bloomberg.com/news/features/2017-09-25/in-world-s-hottest-oil-patch-jitters-mount-that-a-bust-is-near
oil,Asia Develops a Taste for U.S. Oil Exports,2017-09-26,Bloomberg,Asia Develops a Taste for U.S. Oil Exports · Region has imported 1 in 3 barrels U.S. has exported in 2017 · Weak American benchmark versus other markers seen...,https://www.bloomberg.com/news/articles/2017-09-26/from-houston-with-love-asia-s-bitten-by-the-u-s-oil-export-bug
oil,Watch Financing Canada's Future,2017-09-26,Bloomberg,"Alberta Treasury Board and Finance Assistant Treasury Minister, Treasury Risk and Finance, Lowell Epp and Saskatchewan Ministry of Finance Associate Deputy...",https://www.bloomberg.com/news/videos/2017-09-26/financing-canada-s-future-video
oil,The Permian Basin Still Has an Awful Lot of Oil,2017-09-27,Bloomberg,"I spent the weekend in Austin at the University of Texas, where I drove past what is arguably the most important oil well in American history, the Santa...",https://www.bloomberg.com/view/articles/2017-09-27/the-permian-basin-still-has-an-awful-lot-of-oil
oil,Putin Hosts Saudi King on ‘Landmark’ Russia Visit,2017-10-04,Bloomberg,Russia and Saudi Arabia struck a deal on weapons sales during an historic visit to Moscow by King Salman bin Abdulaziz as the two energy superpowers also...,https://www.bloomberg.com/politics/articles/2017-10-05/saudi-king-seeks-oil-pact-extension-on-epochal-russia-visit
oil,Cheap Option to the Oil Sands Emerges as Hot Play in Canada,2017-10-04,Bloomberg,There's a land grab quietly taking place in a little-known corner of the Canadian oil sands.,https://www.bloomberg.com/news/articles/2017-10-04/here-s-the-hot-canadian-oil-play-you-probably-never-heard-about
oil,Crude Oil Weakness,2017-10-05,Investing.com,"Crude oil is in a weak uptrend.
",https://www.investing.com/analysis/crude-oil-oct-5-200217124
oil,Kurdish Oil Tensions Show Iran Was a Trump Sideshow,2017-10-16,Bloomberg,Kurdish Oil Tensions Show Iran Was a Trump Sideshow. Kurdish referendum fallout could quickly spiral into substantial disruption of oil exports. ... Julian Lee is...,https://www.bloomberg.com/gadfly/articles/2017-10-15/iran-s-a-distraction-the-urgent-problem-is-kurdish-oil
oil,Oil’s Biggest Rigs Head to the Junkyard,2017-10-18,Bloomberg,"Transocean Ltd. is finally sending Pathfinder to its grave, after two years in a Caribbean purgatory that cost about $15000 a day.",https://www.bloomberg.com/news/articles/2017-10-18/oil-s-biggest-rigs-get-sent-to-junkyard-as-daily-losses-mount
oil,How Asia's Oil Hub Is Going Green,2017-10-23,Bloomberg,Singapore plans to develop solar power and energy-storage technologies as the oil-trading hub of Asia pushes to generate more of its power from renewable...,https://www.bloomberg.com/news/articles/2017-10-23/asia-s-oil-hub-going-green-with-floating-solar-storage-systems
oil,Venezuelan Oil Cargoes to U.S. Ports Plunge as Sanctions Bite,2017-10-24,Bloomberg,Venezuelan Oil Cargoes to U.S. Ports Plunge as Sanctions Bite · Refiners are said to find letters of credit tough to obtain · Quality problems also prompting...,https://www.bloomberg.com/news/articles/2017-10-24/venezuelan-oil-cargoes-to-u-s-ports-plunge-as-sanctions-bite
oil,Iraq Works With Kurdish Company to Help Restart Two Oil Fields,2017-10-25,Bloomberg,Bai Hassan and Avana oil fields are still not exporting since forces of the central government in Baghdad overtook areas in Kirkuk province from Kurdish troops...,https://www.bloomberg.com/news/articles/2017-10-25/iraq-works-with-kurdish-company-to-help-restart-two-oil-fields
oil,Oil Refiners Shrug Off Harvey to Rake in Fat Post-Storm Profits,2017-10-25,Bloomberg,The consensus of industry analysts who expect the five largest pure-play refiners to post double-digit profit increases starting on Thursday.,https://www.bloomberg.com/news/articles/2017-10-25/oil-refiners-shrug-off-harvey-to-rake-in-fat-post-storm-profits
oil,Saudi Crown Prince Backs Extending OPEC Cuts Into 2018,2017-10-26,Bloomberg,"Saudi Arabian Crown Prince Mohammed bin Salman backed the extension of OPEC production cuts beyond March 2018, making it all but certain the cartel and its...",https://www.bloomberg.com/news/articles/2017-10-26/saudi-crown-prince-backs-extending-opec-output-cuts-into-2018-j987r4ea
oil,Crude Oil Bull,2017-10-27,Investing.com,"Crude oil bull

Original post",https://www.investing.com/analysis/crude-oil-oct-27-200221391
oil,U.S. to Exit Global Anti-Corruption Effort Aimed at Oil Cash,2017-11-02,Bloomberg,U.S. to Exit Global Anti-Corruption Effort Aimed at Oil Cash ... This article is for subscribers only. The Trump administration said it will exit a global anti-...,https://www.bloomberg.com/news/articles/2017-11-02/u-s-to-exit-global-anti-corruption-effort-aimed-at-oil-money
oil,"Venezuelan Oil Too Big to Fail, at Least for China and Russia",2017-11-03,Bloomberg,"Venezuela's sudden demand to renegotiate its billions in debt could complicate life for its two biggest oil patrons, China and Russia.",https://www.bloomberg.com/news/articles/2017-11-03/venezuelan-oil-too-big-to-fail-at-least-for-china-and-russia
oil,Venezuelan Oil Output Heads to 29-Year Low,2017-11-10,Bloomberg,"This article is for subscribers only. Venezuela is set to pump the least oil in almost three decades, just when it needs petrodollars the most. Output is...",https://www.bloomberg.com/news/articles/2017-11-10/venezuelan-oil-output-heads-to-29-year-low-as-cash-crunch-grows
oil,World’s Biggest Wealth Fund Wants Out of Oil and Gas,2017-11-16,Bloomberg,The $1 trillion fund that Norway has amassed pumping oil and gas over the past two decades wants out of petroleum stocks.,https://www.bloomberg.com/news/articles/2017-11-16/norway-s-1-trillion-wealth-fund-wants-out-of-oil-and-gas-stocks
oil,For Sale: $20 Billion of Unwanted Big-Oil Shares Seek New Owner,2017-11-16,Bloomberg,"Video Player is loading. ... Sorry, something went wrong. Check your internet connection or refresh the page. Try Again. Ad0:00. Norway and the Long-...",https://www.bloomberg.com/news/articles/2017-11-16/for-sale-20-billion-of-unwanted-big-oil-shares-seek-new-owner
oil,Norway Idea to Exit Oil Stocks Is ‘Shot Heard Around the World’,2017-11-17,Bloomberg,"Sorry, something went wrong ... This article is for subscribers only. Norway's proposal to sell off $35 billion in oil and natural gas stocks brings sudden and...",https://www.bloomberg.com/news/articles/2017-11-17/norway-idea-to-exit-oil-stocks-is-shot-heard-around-the-world
oil,The Mastermind Behind Singer's Argentine Bet Warns Venezuela's Oil Company's Debt May be Worthless,2017-11-17,Bloomberg,"The Mastermind Behind Singer's Argentine Bet Warns Venezuela's Oil Company's Debt May be Worthless · Venezuela could transfer oil rights to new entity, Newman...",https://www.bloomberg.com/news/articles/2017-11-17/pdvsa-looks-like-a-zero-to-man-who-ran-elliott-s-argentina-bet
oil,Top Palm Oil Growers Go on Defensive Against EU Curb Threat,2017-11-19,Bloomberg,"As concerns about palm oil's sustainability simmer in Europe, the world's second-biggest grower is ramping up its defense of the most-consumed edible oil.",https://www.bloomberg.com/news/articles/2017-11-20/top-palm-oil-growers-go-on-defensive-against-europe-curb-threat
oil,"Aramco, Sabic Sign Pact for $20 Billion Oil-to-Chemicals Project",2017-11-26,Bloomberg,"Saudi Arabia's two biggest companies signed an initial agreement to build a plant to process crude oil directly into chemicals, a project the partners...",https://www.bloomberg.com/news/articles/2017-11-26/aramco-sabic-sign-pact-for-20-billion-oil-to-chemicals-project
oil,Watch Emirates NBD's Elborno Sees Oil at $56 in 2018,2017-11-29,Bloomberg,"Playlist · Emirates NBD's Elborno Sees Oil at $56 in 2018 · Moderna CEO on Earnings, Flu Shots and Skin Cancer Trials · Why 'India Has Lost Its Way' · US...",https://www.bloomberg.com/news/videos/2017-11-29/emirates-nbd-s-elborno-sees-oil-at-56-in-2018-video
oil,Crude Oil Looking Bullish,2017-12-01,Investing.com,"Crude Oil: Preferably bullish here
Original Post",https://www.investing.com/analysis/crude-oil-dec-1-200269687
oil,"Crude Oil: December 6, 2017",2017-12-06,Investing.com,"Crude Oil support and resistance

Original post",https://www.investing.com/analysis/crude-oil-dec-6-200270882
oil,Africa's Richest Woman Prepares Deals After Losing Oil Post,2017-12-09,Bloomberg,"Africa's Richest Woman Prepares Deals After Losing Oil Post · Angola's Dos Santos says Banco Bic, BFA seek new investors · Says dismissal from Sonangol won't...",https://www.bloomberg.com/news/articles/2017-12-08/africa-s-richest-woman-prepares-new-deals-after-losing-oil-post
oil,The Arctic Threat to the Price of Oil,2017-12-10,Bloomberg,"Russia's oil flows from its frozen north are soaring, which will test its adherence to the OPEC output deal.",https://www.bloomberg.com/gadfly/articles/2017-12-10/the-arctic-threat-to-oil-s-grand-bargain
oil,Nodding Donkeys Fail as Long Shale Wells Make Pumping Oil Harder,2017-12-11,Bloomberg,Imagine trying to slurp a thick chocolate shake through a J-shaped straw four miles long. That's the kind of cheek-puckering test the American shale...,https://www.bloomberg.com/news/articles/2017-12-11/nodding-donkeys-fail-as-long-shale-wells-make-pumping-oil-harder
oil,Aramco Can Learn From Oil's School of Hard NOCs,2017-12-11,Bloomberg,"National oil giants usually trade at big discounts, and for good reason.",https://www.bloomberg.com/gadfly/articles/2017-12-11/saudi-aramco-lessons-from-oil-s-school-of-hard-nocs
oil,Crude Oil On An Uptrend,2017-12-11,Investing.com,"Crude oil on an uptrend

Original post",https://www.investing.com/analysis/crude-oil-dec-11-200272090
oil,Crude Oil: December 13 Analysis,2017-12-13,Investing.com,"Crude oil (Dec 13)
13Dec

Original post",https://www.investing.com/analysis/crude-oil-dec-13-200272781
oil,"Watch Oil Consolidation Happening Without M&A, Says Della Vigna",2017-12-14,Bloomberg,"Playlist · Oil Consolidation Happening Without M&A, Says Della Vigna · Alabbar: Dubai Property Market Resilient Amid War Turmoil · Segantii Insider Trading...",https://www.bloomberg.com/news/videos/2017-12-14/della-vigna-sees-oil-consolidation-with-no-m-a-video
oil,Canadian Oil Shippers Find Rail Space Is Scarce as Prices Slide,2017-12-15,Bloomberg,The trains are running late for Canada's oil producers just when they need them the most. After a two-week shutdown of one of the largest export pipelines...,https://www.bloomberg.com/news/articles/2017-12-15/canadian-oil-shippers-find-rail-space-is-scarce-as-prices-slide
oil,Satellites Are Reshaping How Traders Track Earthly Commodities,2017-12-17,Bloomberg,Companies like Ursa Space Systems Inc. and Orbital Insight Inc. are using satellites to try to shed light on tightly held secrets in the commodity trading...,https://www.bloomberg.com/news/articles/2017-12-16/satellites-are-reshaping-how-traders-track-earthly-commodities
oil,Crude Rally Loses Steam as Threat to Nigerian Oil Supply Eases,2017-12-18,Bloomberg,Crude lingered near $57 a barrel for a third day as oil workers in Nigeria suspended a strike and repairs to a crucial North Sea pipeline proceeded apace.,https://www.bloomberg.com/news/articles/2017-12-17/oil-holds-gains-near-57-as-u-s-drillers-trim-crude-rig-count
oil,Sanctions-Proof Oil Rig Thwarts U.S. Policy From Cuba to Russia,2017-12-19,Bloomberg,The oil rig was built mostly in China and drilled its first well in Cuba. Now it's delivering a victory for Russia in its fight against U.S. sanctions.,https://www.bloomberg.com/politics/articles/2017-12-19/sanctions-proof-oil-rig-thwarts-u-s-policy-from-cuba-to-russia
oil,Big Oil Looks on as Italian Giant Completes ‘Mission Impossible’,2017-12-22,Bloomberg,The fact even senior managers privately described the plan as “Mission Impossible” showed the scale of the task: Italian energy giant Eni SpA wanted to...,https://www.bloomberg.com/news/articles/2017-12-22/eni-s-mission-impossible-points-to-a-seismic-shift-for-big-oil
oil,"Crude Oil: Dec 22, 2017",2017-12-22,Investing.com,"Crude oil is fighting resistance.
Original Post",https://www.investing.com/analysis/crude-oil-dec-22-200275319
oil,Russia Tightens Oil Grip With China's Second Pipeline,2018-01-01,Bloomberg,"China can now import 30 million tons annually (about 600,000 barrels a day) of Russian ESPO crude via pipeline, up from 15 million tons before the second branch...",https://www.bloomberg.com/news/articles/2018-01-01/second-chinese-crude-oil-pipeline-linked-to-russia-s-espo-opens
oil,Why Africa's Top Oil Producer Is Low on Gasoline,2018-01-07,Bloomberg,"Part of the problem is that, despite pumping 1.8 million barrels a day of crude, Nigeria has to import almost all its fuel because of the decrepit state of its...",https://www.bloomberg.com/news/articles/2018-01-08/why-africa-s-top-oil-producer-is-low-on-gasoline-quicktake-q-a
oil,"Crude Oil Prices Are Up 49%, and It’s Not All Thanks to OPEC",2018-01-10,Bloomberg,"OPEC may get the credit for the longest winter decline in U.S. crude stockpiles in a decade, but other factors are also at play, including strong refining...",https://www.bloomberg.com/news/articles/2018-01-10/more-than-just-opec-underpins-49-surge-in-crude-oil-pricing
oil,Crude Oil: Breakout Attempt ,2018-01-10,Investing.com,"Crude oil breakout attempt!

Original post",https://www.investing.com/analysis/crude-oil-jan-10-200279073
oil,Iran Awaits Trump Verdict on Oil Sanctions Deal: What's at Stake,2018-01-11,Bloomberg,"World oil markets are about to get a clearer idea of what Donald Trump's presidency means for one of the biggest crude exporters, Iran.",https://www.bloomberg.com/news/articles/2018-01-11/iran-awaits-trump-verdict-on-oil-sanctions-deal-what-s-at-stake
oil,Oil Spill at Sea From Burned Ship off China Spreads ‘Noticeably’,2018-01-16,Bloomberg,"The oil slick caused by the stricken Iranian tanker in the East China Sea has spread “noticeably,” raising the prospect for wider environmental damage from...",https://www.bloomberg.com/news/articles/2018-01-16/oil-spill-at-sea-from-burned-ship-off-china-spreads-noticeably
oil,BP's $60 Billion Gulf Spill Tab Rises as Lawsuits Wind Down,2018-01-16,Bloomberg,BP Plc raised the amount it will pay this year for the Deepwater Horizon accident as thousands of lawsuits related to the biggest oil spill in U.S. history...,https://www.bloomberg.com/news/articles/2018-01-16/bp-takes-1-7-billion-charge-on-deepwater-horizon-claims-closure
oil,This Oil Major Has a Supercomputer the Size of a Soccer Field,2018-01-18,Bloomberg,"In the multimillion-dollar pursuit of the world's most powerful computers, the Italian explorer says it's taken the lead. Its new machine, located outside Milan...",https://www.bloomberg.com/news/articles/2018-01-18/eni-takes-on-total-and-bp-as-oil-majors-crank-up-computing-power
oil,The World’s Oil Kings Are Under Threat,2018-01-18,Bloomberg,Uneasy lies the head that wears a crown in the world's biggest oil market. Middle East producers who for decades reigned as the undisputed leaders of oil...,https://www.bloomberg.com/news/articles/2018-01-18/kings-of-oil-rethink-their-age-old-price-habits-as-rivals-emerge
oil,Crude Oil Resistance,2018-01-19,Investing.com,"Crude oil still above resistance.
",https://www.investing.com/analysis/crude-oil-jan-19-200281688
oil,India’s Top Oil Explorer May Raise $5.48 Billion to Buy Hindustan Petroleum,2018-01-21,Bloomberg,India's biggest oil and gas explorer has widened its first debt-raising plan to as much as $5.48 billion to buy state-run refiner Hindustan Petroleum Corp.,https://www.bloomberg.com/news/articles/2018-01-21/india-s-top-explorer-raises-debt-plan-to-5-48b-for-hpcl-stake
oil,Shell Is Closing In on Exxon's Crown,2018-01-24,Bloomberg,"Even in the dynamic world of business, some things always hold true: the Big Mac outsells the Whopper, Google gets more searches than Bing, and Exxon Mobil...",https://www.bloomberg.com/news/articles/2018-01-25/shell-is-closing-in-on-exxon-s-crown
oil,Crude Oil Trending Upwards: 01.02.18,2018-02-01,Investing.com,"Crude Oil (Feb 1)

Original post",https://www.investing.com/analysis/crude-oil-feb-1-200285795
oil,Aramco's Asia Light Oil Pricing Steady in Sign of Slower Demand,2018-02-04,Bloomberg,Saudi Arabia kept pricing for its main crude grade to Asia unchanged for a second month as the world's largest crude exporter responds to slower seasonal...,https://www.bloomberg.com/news/articles/2018-02-04/aramco-s-oil-pricing-in-asia-unchanged-in-sign-of-slower-demand
oil,Crude Eases Losses as Industry Sees Surprise Stockpile Decline,2018-02-06,Bloomberg,Oil pared losses after an industry report was said to show an unexpected decline in U.S. crude stockpiles.,https://www.bloomberg.com/news/articles/2018-02-06/oil-drops-near-63-as-markets-slump-u-s-stockpiles-seen-rising
oil,Watch Vitol CEO Taylor Sees Lots of Drivers to Oil Run,2018-02-06,Bloomberg,"Vitol CEO Ian Taylor discusses the price and production of oil. He speaks with Manus Cranny on ""Bloomberg Daybreak: Europe."" (Source: Bloomberg)",https://www.bloomberg.com/news/videos/2018-02-06/vitol-ceo-taylor-sees-lots-of-drivers-to-oil-run-video
oil,"ONGC Is Said to Plan $4.8 Billion Indian Oil, GAIL Stake Sale",2018-02-07,Bloomberg,"ONGC Is Said to Plan $4.8 Billion Indian Oil, GAIL Stake Sale · ONGC may sell IOC, GAIL stake in multiple tranches over a year · Stake sales may help ONGC repay...",https://www.bloomberg.com/news/articles/2018-02-07/ongc-is-said-to-plan-4-8-billion-indian-oil-gail-stake-sale
oil,China Ends 25-Year Wait as Yuan Oil Futures to Start Trading,2018-02-09,Bloomberg,"After a wait of about a quarter of a century, the world's biggest oil buyer is finally getting its own crude-futures contract.",https://www.bloomberg.com/news/articles/2018-02-09/china-ends-25-year-wait-as-yuan-oil-futures-set-to-start-trading
oil,Guyana Is About to Open Up Pandora's Barrel,2018-02-16,Bloomberg,Expats hold the key to whether its big offshore oil deposits bring riches -- or ruin.,https://www.bloomberg.com/view/articles/2018-02-16/guyana-s-big-oil-find-could-lead-to-riches-or-ruin
oil,Hungry Venezuelan Workers Are Collapsing On the Job,2018-02-22,Bloomberg,"Hungry Venezuelan Workers Are Collapsing. So Is the Oil Industry. Starving employees are growing too weak for heavy labor, hobbling the refineries that keep the...",https://www.bloomberg.com/news/features/2018-02-22/hungry-venezuelan-workers-are-collapsing-so-is-the-oil-industry
oil,What Women Really Want in a Job? Ask Big Oil's Only Female CEO,2018-02-23,Bloomberg,What Women Really Want in a Job? Ask Big Oil's Only Female CEO. Occidental's Vicki Hollub says career is the top priority; Only about 20 percent of the...,https://www.bloomberg.com/news/articles/2018-02-23/what-women-really-want-on-the-job-ask-big-oil-s-only-female-ceo
oil,Libya Oil Field Halted Amid Still-Fragile Recovery,2018-02-23,Bloomberg,"A Libyan oil field halted production due to a labor dispute, underscoring the still-fragile nature of the North African country's recovery from a domestic...",https://www.bloomberg.com/news/articles/2018-02-23/libya-oil-field-is-said-to-be-halted-amid-still-fragile-recovery
oil,Japan's Inpex Wins Abu Dhabi Oil Stake for $600 Million,2018-02-26,Bloomberg,Japan's Inpex Corp. extended development rights for offshore oil fields in Abu Dhabi as the Middle Eastern producer seeks to replace a concession expiring...,https://www.bloomberg.com/news/articles/2018-02-26/japan-s-inpex-wins-abu-dhabi-offshore-oil-stake-for-600-million
oil,Frenemies: OPEC Finds U.S. Shale Oil an Intractable Problem,2018-03-04,Bloomberg,"In front of the Petroleum Club of Midland, Texas -- capital of the booming Permian shale region -- an electronic display flashes two crucial pieces of...",https://www.bloomberg.com/news/articles/2018-03-03/frenemies-opec-finds-u-s-shale-oil-an-intractable-problem
oil,Libya's Biggest Oil Field Sharara Resumes Production,2018-03-05,Bloomberg,Libya's biggest oil field began pumping again after the reopening of a pipeline to a refinery on the coast.,https://www.bloomberg.com/news/articles/2018-03-05/libya-s-biggest-oil-field-sharara-is-said-to-resume-production-jee2ktn1
oil,Saudi Aramco Says Fears of ‘Peak Oil Demand’ Are Overblown,2018-03-06,Bloomberg,"Saudi Arabia's oil company isn't afraid of electric vehicles. As it prepares to sell a stake in the company to investors, the CEO reassured a Houston audience.",https://www.bloomberg.com/news/articles/2018-03-06/saudi-aramco-ceo-isn-t-losing-sleep-because-of-electric-vehicles
oil,Crude Oil: Trendlines Converge,2018-03-07,Investing.com,"Coverging trendlines in Crude Oil.

Original post",https://www.investing.com/analysis/crude-oil-mar-7-200296288
oil,Watch Vista Oil & Gas' Miguel Galuccio on Argentina's Shale Revolution,2018-03-09,Bloomberg,Playlist · Vista Oil & Gas' Miguel Galuccio on Argentina's Shale Revolution · SpaceX IPO 'Will Be Volatile' Says Ark Invest's Cathie Wood · Germany's Wadephul...,https://www.bloomberg.com/news/videos/2018-03-09/vista-oil-gas-miguel-galuccio-on-argentina-s-shale-revolution-video
oil,"Watch Oil 'Underinvestment' Leading to Supply Gap, RBC's Tran says",2018-03-13,Bloomberg,"Playlist · Oil 'Underinvestment' Leading to Supply Gap, RBC's Tran says · Why 'India Has Lost Its Way' · Moderna CEO on Earnings, Flu Shots and Skin Cancer...",https://www.bloomberg.com/news/videos/2018-03-13/oil-underinvestment-leading-to-supply-gap-rbc-s-tran-says-video
oil,India's Palm Oil Imports Seen Climbing on Summer Season Demand,2018-03-13,Bloomberg,India's palm oil imports probably advanced in February as rising demand before the summer season outweighed higher prices.,https://www.bloomberg.com/news/articles/2018-03-13/india-s-palm-oil-imports-seen-climbing-on-summer-season-demand
oil,Statoil No Longer Wants ‘Oil’ in Its Name,2018-03-15,Bloomberg,"“The world is changing, and so is Statoil,” said Chairman Jon Erik Reinhardsen in a statement. “The biggest transition our modern-day energy systems have ever...",https://www.bloomberg.com/news/articles/2018-03-15/statoil-changes-name-to-remove-oil-in-renewable-energy-push
oil,"Foreigners Buy Saudi Stocks as Index Calls Loom, Oil Gains",2018-03-20,Bloomberg,"Foreign investors are piling into Saudi Arabian stocks, counting on the country's inclusion in emerging-markets indexes at a time when the outlook for oil...",https://www.bloomberg.com/news/articles/2018-03-20/foreigners-pile-into-saudi-stocks-as-index-calls-loom-oil-gains
oil,Why Oil-Rich Saudi Arabia Is Turning to Nuclear Power,2018-03-20,Bloomberg,The largest oil exporter plans to build at least 16 nuclear reactors over the next 25 years at a cost of more than $80 billion.,https://www.bloomberg.com/news/articles/2018-03-20/why-oil-rich-saudi-arabia-is-turning-to-nuclear-power-quicktake
oil,China's CNPC Pays $1.18 Billion to Pump Oil in Abu Dhabi,2018-03-21,Bloomberg,China boosted its hold on Middle Eastern crude supply in a $1.18 billion deal for stakes in two oil and natural gas concessions in Abu Dhabi.,https://www.bloomberg.com/news/articles/2018-03-21/cnpc-is-said-to-be-poised-to-win-stakes-in-abu-dhabi-oil-fields
oil,Crude Oil: Uptrend Intact,2018-04-02,Investing.com,"Crude Oil: Uptrend intact

Original post",https://www.investing.com/analysis/crude-oil-apr-2-200302307
oil,Aramco Wants More India Deals in Plan to Double Refining Output,2018-04-11,Bloomberg,"Saudi Arabian Oil Co. is looking for more crude refining partnerships in India, the world's fastest-growing oil market, as part of a plan to double capacity...",https://www.bloomberg.com/news/articles/2018-04-11/aramco-wants-more-india-deals-in-plan-to-double-refining-output
oil,"A City Reaching for the Sky, Without the Help of Oil",2018-04-15,Bloomberg,Think Middle East economies and you think oil. Yet Dubai—the most populated of the United Arab Emirates and home to the world's tallest building—gets less...,https://www.bloomberg.com/news/photo-essays/2018-04-16/a-city-reaching-for-the-sky-without-the-help-of-oil
oil,Canada Oil Recovery Faces Threat From Potential Rail Strike,2018-04-18,Bloomberg,A potential strike by Canadian Pacific Railway Ltd. workers threatens to derail a recovery in Alberta's beaten-down heavy oil prices.,https://www.bloomberg.com/news/articles/2018-04-17/canadian-oil-recovery-faces-new-threat-from-possible-rail-strike
oil,Trump Iran Tweets May Have Helped Oil to Rally This High,2018-04-20,Bloomberg,Oil dropped after President Donald Trump tweeted a bearish statement that attacked OPEC for inflating prices. But his very own tweets may have had something...,https://www.bloomberg.com/news/articles/2018-04-20/trump-iran-tweets-may-have-helped-oil-to-rally-this-high-chart
oil,"Trump’s Oil Rant Misses New Reality: High Prices Can Help, Too",2018-04-20,Bloomberg,"President Donald Trump may have a problem with oil prices being “very high,” but a decline would be a mixed bag for the U.S. economy, thanks to the boom in...",https://www.bloomberg.com/news/articles/2018-04-20/trump-s-wish-for-lower-oil-prices-wouldn-t-be-clear-boon-to-u-s
oil,Abu Dhabi Hires Ex-HSBC Banker to Head New Oil Trading Unit,2018-04-23,Bloomberg,"Khoury was one of the HSBC executives working on the potential initial public offering of Saudi Aramco. Prior to joining the bank, he also worked for the French...",https://www.bloomberg.com/news/articles/2018-04-23/abu-dhabi-hires-ex-hsbc-banker-to-head-new-oil-trading-unit
oil,"Ports, Cinemas and Palm Oil: Vincent Bollore's African Holdings",2018-04-24,Bloomberg,Vincent Bollore's vast African holdings are suddenly in the spotlight after the billionaire was hauled in for questioning by French judicial police on...,https://www.bloomberg.com/news/articles/2018-04-25/ports-cinemas-and-palm-oil-vincent-bollore-s-african-holdings
oil,Shell Makes Investors Wait for Reward From Surging Oil Prices,2018-04-26,Bloomberg,"Royal Dutch Shell Plc rode the surge in oil prices to even greater heights, posting a profit not seen since the days of $100 a barrel.",https://www.bloomberg.com/news/articles/2018-04-26/shell-profit-jumps-to-level-not-seen-since-days-of-100-crude
oil,Even Old Oil Refiners Get This Disruption Thing,2018-04-30,Bloomberg,"For all its painful ubiquity, “disruption” is not a word usually thrown around when discussing oil refining. The business of taking toxic raw materials and...",https://www.bloomberg.com/gadfly/articles/2018-04-30/marathon-andeavor-deal-shows-old-refiners-get-disruption
oil,Iran's Surge in Oil Exports Doesn't Mean Output Is on the Rise,2018-05-03,Bloomberg,Iran is seeing bumper oil exports. But that doesn't mean production is on a similar trend.,https://www.bloomberg.com/news/articles/2018-05-03/iran-s-surge-in-oil-exports-doesn-t-mean-output-is-on-the-rise
oil,One of Exxon's Top Women Tests If Big Oil Can Win Big in Shale,2018-05-04,Bloomberg,Exxon Mobil Corp.'s Sara Ortwein has delivered some of the energy industry's biggest engineering feats over a 38-year career. Her newest challenge: Winning...,https://www.bloomberg.com/news/articles/2018-05-04/taming-shale-is-just-the-latest-exxon-challenge-for-sara-ortwein
oil,Algeria Readies to Splash Cash as Oil Prices Rise,2018-05-07,Bloomberg,"OPEC member Algeria is looking to boost spending outlined in its 2018 budget by 6 percent, capitalizing on high oil prices ahead of presidential elections...",https://www.bloomberg.com/news/articles/2018-05-07/opec-exporter-readies-to-splash-cash-as-oil-prices-rise
oil,Here's How the Biggest Oil Buyers Can Tackle Trump's Iran Action,2018-05-09,Bloomberg,"For the world's biggest oil buyers, the imposition of U.S. sanctions on Iran will be a case of deja vu.",https://www.bloomberg.com/news/articles/2018-05-09/how-the-biggest-oil-buyers-tackled-u-s-sanctions-on-iran-before
oil,Trump Seen Facing Rebellion From Biggest Iran Oil Customers,2018-05-09,Bloomberg,"Some of Iran's biggest customers will probably oppose U.S. sanctions, according to MUFG Bank. Shipments to top buyer China are seen staying the same , given...",https://www.bloomberg.com/news/articles/2018-05-09/trump-seen-facing-rebellion-from-iran-s-biggest-oil-customers
oil,"Watch Oil Prices Likely to Trend Higher, BMO's Delledonne Says",2018-05-11,Bloomberg,"Playlist · Oil Prices Likely to Trend Higher, BMO's Delledonne Says · Stocks Can Handle 'Stalemate Situation' in Iran, Yardeni Says · How to Get a Deal With...",https://www.bloomberg.com/news/videos/2018-05-11/oil-prices-likely-to-trend-higher-bmo-s-delledonne-says-video
oil,JPMorgan Expands Oil & Gas Practice With Morgan Stanley Hires,2018-05-24,Bloomberg,"Jonathan Cox is joining the New York bank as global co-head of oil and gas investment banking and co-head of its Houston office, according to an internal memo...",https://www.bloomberg.com/news/articles/2018-05-24/jpmorgan-expands-oil-gas-practice-with-morgan-stanley-hires
oil,Offshore-Oil Hub Ladol to Consider Stock Listing in Nigeria,2018-05-28,Bloomberg,"Ladol, a logistics hub for the offshore oil industry in Lagos, Nigeria, is mulling a stock-market listing and corporate bonds to expand its facilities.",https://www.bloomberg.com/news/articles/2018-05-28/nigerian-offshore-oil-hub-ladol-to-consider-bonds-stock-listing
oil,"OPEC Strife Likely at June Meeting, Ex-Algeria Minister Says",2018-05-30,Bloomberg,"Saudi Arabia and Russia have a difficult month ahead, according to Nordine Ait-Laoussine, president of Geneva-based consultant Nalcosa and former energy...",https://www.bloomberg.com/news/articles/2018-05-30/opec-strife-looms-as-ex-algeria-oil-minister-sees-policy-strain
oil,Oman Oil Seeks Buyers for Stake in Khazzan Gas Field,2018-05-30,Bloomberg,"The holding in the Khazzan gas field, which is 60 percent owned by energy giant BP Plc, could be worth about $1 billion or more, the people said, asking not to...",https://www.bloomberg.com/news/articles/2018-05-30/oman-oil-is-said-to-seek-buyers-for-stake-in-khazzan-gas-field
oil,A Tiny Gas Firm’s Big Lesson on Bosses’ Pay,2018-06-04,Bloomberg,A Tiny Gas Firm's Big Lesson on Bosses' Pay. Comstock Resources exemplifies the skewed incentives in the E&P sector. ... Liam Denning is a Bloomberg Opinion...,https://www.bloomberg.com/view/articles/2018-06-04/comstock-resources-a-lesson-on-oil-gas-executive-pay
oil,Crude Oil: Below Support Line (June 12) ,2018-06-12,Investing.com,"Crude Oil below support line

Original post",https://www.investing.com/analysis/crude-oil-june-12-200324102
oil,Exxon Takes Baby Steps to Expand Oil Trading Unit,2018-06-12,Bloomberg,"Nelson Lee, the former head of oil trading at Cheniere Energy Inc., joined in June, according to Lee's LinkedIn profile. More From Bloomberg. UAE And...",https://www.bloomberg.com/news/articles/2018-06-12/exxon-is-said-to-take-baby-steps-to-expand-oil-trading-unit
oil,"U.S. Asked Japan to Halt Iran Oil Buying, Sources Say",2018-06-22,Bloomberg,"While American government officials made the request during talks with Japanese counterparts in Tokyo this week, no decision has been reached and discussions...",https://www.bloomberg.com/news/articles/2018-06-22/u-s-said-to-ask-japan-to-halt-iran-oil-buying-in-harder-stance
oil,Watch Oil Will Hit Triple Digits Says Mizuho's Sankey,2018-06-22,Bloomberg,"Playlist · Oil Will Hit Triple Digits Says Mizuho's Sankey · Stocks Can Handle 'Stalemate Situation' in Iran, Yardeni Says · How to Get a Deal With Iran · DOJ...",https://www.bloomberg.com/news/videos/2018-06-22/oil-goes-back-to-triple-digits-in-next-two-years-says-mizuho-s-sankey-video
oil,Watch SocGen's Haigh Sees Oil Spare Capacity Declining,2018-06-25,Bloomberg,"Playlist · SocGen's Haigh Sees Oil Spare Capacity Declining · Why 'India Has Lost Its Way' · Moderna CEO on Earnings, Flu Shots and Skin Cancer Trials · US...",https://www.bloomberg.com/news/videos/2018-06-25/socgen-s-haigh-sees-oil-spare-capacity-declining-video
oil,U.S. Stocks Slide as Trade Angst Grows; Oil Climbs: Markets Wrap,2018-06-26,Bloomberg,US stocks fell to the lowest level since May and Treasuries rallied amid renewed concern that the Trump administration will crack down on Chinese investment.,https://www.bloomberg.com/news/articles/2018-06-26/asian-stocks-set-for-mixed-start-oil-rallies-markets-wrap
oil,"U.S. Pressing Allies to End Iran Oil Imports by Nov. 4, Official Says",2018-06-26,Bloomberg,"The U.S. is pressing allies to end all imports of Iranian oil by a Nov. 4 deadline and doesn't want to offer any extensions or waivers to that timeline,...",https://www.bloomberg.com/news/articles/2018-06-26/u-s-is-said-to-press-allies-to-end-iran-oil-imports-by-nov-4
oil,"Gorilla Refuge, Rainforest May Be Opened in Congo Oil Search",2018-06-27,Bloomberg,The Democratic Republic of Congo is considering whether to open up swathes of two world-famous national parks to oil exploration.,https://www.bloomberg.com/news/articles/2018-06-27/gorilla-refuge-rainforest-may-be-opened-to-oil-search-in-congo
oil,Pemex Races Ahead in Hunt for Partners as Election Approaches,2018-06-27,Bloomberg,Petroleos Mexicanos is accelerating efforts to bring on partners before an election that could slow foreign investment in Mexico's oil industry.,https://www.bloomberg.com/news/articles/2018-06-27/pemex-races-ahead-in-hunt-for-partners-as-election-approaches
oil,BP Buys Britain’s Largest Electric Vehicle Charging Company,2018-06-28,Bloomberg,"BP Plc plans to acquire the U.K.'s largest electric vehicle charging company, the latest in a string of acquisitions by major oil companies in the growing...",https://www.bloomberg.com/news/articles/2018-06-28/bp-to-buy-u-k-s-largest-electric-vehicle-charging-company-jiy6ycbw
oil,Trump's Tweets Hurt Oil Prices More Than Help,2018-07-03,Bloomberg,Trump's Tweets Hurt Oil Prices More Than Help ... This article is for subscribers only. U.S. President Donald Trump's tweets about OPEC and oil prices are more...,https://www.bloomberg.com/news/articles/2018-07-03/trump-tweets-do-more-harm-than-good-to-oil-prices-stanchart
oil,Abu Dhabi Says It's Ready to Pump More Oil Under OPEC Deal,2018-07-03,Bloomberg,"Abu Dhabi said it's ready to increase oil output in line with guidance set by OPEC and allied producers, echoing comments by Saudi Arabia that it will boost...",https://www.bloomberg.com/news/articles/2018-07-03/abu-dhabi-says-ready-to-boost-oil-production-along-with-opec
oil,China Bails Out Petrobras's $14 Billion Refinery Misadventure,2018-07-04,Bloomberg,China National Petroleum Corp plans to help complete a refinery in Rio de Janeiro that already cost Brazil's state-controlled oil company Petrobras $14 billion...,https://www.bloomberg.com/news/articles/2018-07-04/china-bails-out-petrobras-14-billion-refinery-misadventure
oil,Libya Oil Chief Warns Output to Drop Every Day as Ports Halted,2018-07-09,Bloomberg,"Libya's oil output will keep dropping day by day if major ports remain closed after clashes last month led to a political deadlock, the head of the...",https://www.bloomberg.com/news/articles/2018-07-09/libya-oil-chief-warns-output-to-drop-every-day-as-ports-halted
oil,Longshot Oil Riches Draw Wildcatters to the Utah Desert,2018-07-17,Bloomberg,"Sorry, something went wrong ... This article is for subscribers only. On hot days in Utah's Uinta basin, rocks weep oil. Rivulets of black tar hint at the...",https://www.bloomberg.com/news/articles/2018-07-17/oil-oozes-from-rocks-in-utah-fueling-dreams-of-untold-riches
oil,Nigerian Oil Executives' Firms Ordered to Pay $680 Million,2018-07-17,Bloomberg,Nigerian Oil Executives' Firms Ordered to Pay $680 Million ... This article is for subscribers only. Nigerian oil executive Wale Tinubu and his deputy at Oando...,https://www.bloomberg.com/news/articles/2018-07-16/u-k-court-orders-nigeria-s-oando-ceo-to-pay-680m-debt
oil,China Sits on the World’s Biggest Shale Gas Prize. Pumping It Out Is the Hard Part,2018-07-19,Bloomberg,"China's shale gas industry began with a long shot. Guo Xusheng, a stout and affable chief geologist at a unit of China Petroleum & Chemical Corp.,...",https://www.bloomberg.com/news/features/2018-07-19/petrochina-sinopec-are-chasing-an-elusive-shale-boom
oil,Shell in Talks to Sell $2 Billion Nigeria Oil Assets,2018-07-20,Bloomberg,Royal Dutch Shell Plc is in talks to sell two Nigerian oil licenses in an area that's at the heart of environmental and human rights controversies for $2...,https://www.bloomberg.com/news/articles/2018-07-20/shell-said-to-be-in-talks-to-sell-2-billion-nigeria-oil-assets
oil,"Bab el-Mandeb, an Emerging Chokepoint for Middle East Oil Flows",2018-07-26,Bloomberg,"The Bab el-Mandeb, or ""Gate of Tears"", is a narrow neck of water that separates the Red Sea from the Indian Ocean. It's bordered to the northeast by Yemen and...",https://www.bloomberg.com/news/articles/2018-07-26/bab-el-mandeb-an-emerging-chokepoint-for-middle-east-oil-flows
oil,Here’s How America Uses Its Land,2018-07-31,Bloomberg,"The 48 contiguous states alone are a 1.9 billion-acre jigsaw puzzle of cities, farms, forests and pastures that Americans use to feed themselves, power their...",https://www.bloomberg.com/graphics/2018-us-land-use/
oil,Oil Tanker Owners Are Scrapping the Most Ships in Decades,2018-08-02,Bloomberg,"Oil tanker owners are giving up. A 19-month curtailment of OPEC cargoes, and environmental regulations that are proving uneconomical to comply with,...",https://www.bloomberg.com/news/articles/2018-08-01/oil-tanker-owners-scrap-most-ships-in-decades-as-imo-2020-awaits
oil,Biggest Vietnam Oil Refinery Boosts Output as Defects Fixed,2018-08-07,Bloomberg,Biggest Vietnam Oil Refinery Boosts Output as Defects Fixed ... This article is for subscribers only. The biggest oil refinery in one of Asia's fastest-growing...,https://www.bloomberg.com/news/articles/2018-08-07/vietnam-s-biggest-oil-refinery-boosts-output-after-defects-fixed
oil,Welcome to the ‘Man Camps’ of West Texas,2018-08-07,Bloomberg,Thousands of oil workers are living in dormitory-like compounds in the Permian Basin.,https://www.bloomberg.com/news/articles/2018-08-07/welcome-to-the-man-camps-of-west-texas
oil,Iran's Reliance on Own Oil Tankers Grows Even as Flows Slump,2018-08-08,Bloomberg,"It is still nearly three months until U.S. sanctions on Iran's oil exports snap back into force, but they are already having a big impact on the Persian...",https://www.bloomberg.com/news/articles/2018-08-08/iran-forced-to-rely-on-own-crude-tankers-even-as-volumes-fall
oil,Elon Musk’s Vast Oil Conspiracy Ends With Saudi Billions,2018-08-14,Bloomberg,"After a week of playing coy about who he's been trying to enlist to help buy out Tesla's publicly traded shares, Musk revealed at least one potential partner:...",https://www.bloomberg.com/news/articles/2018-08-14/elon-musk-s-vast-oil-conspiracy-ends-with-saudi-billions
oil,How the Oil Crisis Gave Norway's Giant Field a $10 Billion Boost,2018-08-23,Bloomberg,"Right before Norway's biggest oil project in decades got the go-ahead in 2015, crude prices fell off a cliff. That turned out to be perfect timing.",https://www.bloomberg.com/news/articles/2018-08-22/how-the-oil-crisis-gave-norway-s-giant-field-a-10-billion-boost
oil,Iran's Tanker Fleet Gives Oil-Export Lifeline as Sanctions Loom,2018-08-24,Bloomberg,Iran's own fleet of tankers may provide a lifeline for its crude and condensate exports that'll be slashed as U.S. sanctions against the Persian Gulf nation...,https://www.bloomberg.com/news/articles/2018-08-24/iran-s-tanker-fleet-gives-oil-export-lifeline-as-sanctions-loom
oil,Ruble Bucks the Oil Price Rally Thanks to Geopolitics: Chart,2018-08-29,Bloomberg,The ruble has bucked the rally in oil prices over the past year. Partly that's because geopolitical risk has come to the fore.,https://www.bloomberg.com/news/articles/2018-08-29/ruble-bucks-the-oil-price-rally-thanks-to-geopolitics-chart
oil,Oil Seen Getting $4 a Barrel Boost on Tough New Ship-Fuel Rules,2018-08-30,Bloomberg,"New regulations to curb pollution from the world's shipping fleet could lift crude prices by $4 a barrel when the measures come into effect in 2020,...",https://www.bloomberg.com/news/articles/2018-08-30/oil-seen-getting-4-a-barrel-boost-on-tough-new-ship-fuel-rules
oil,Oil Trader Mercuria's Ownership Structure Revealed in Filing,2018-08-31,Bloomberg,"Oil Trader Mercuria's Ownership Structure Revealed in Filing · Three top executives Dunand, Jaeggi and Shenouda own 34.4% · Public Citizen says filing fails to...",https://www.bloomberg.com/news/articles/2018-08-31/oil-trader-mercuria-s-ownership-structure-revealed-in-filing
oil,Iran's Oil Exports Slump to 2 1/2 Year Low Before U.S. Sanctions,2018-09-02,Bloomberg,Iran's Oil Exports Slump to 2 1/2 Year Low Before U.S. Sanctions · Crude and condensate flows plunge to lowest since March 2016 · Flow plunged 755k b/d since...,https://www.bloomberg.com/news/articles/2018-09-02/iran-s-oil-exports-slump-to-2-1-2-year-low-before-u-s-sanctions
oil,Electric Trucks Could Save Europe 11 Billion Barrels of Oil,2018-09-05,Bloomberg,Transforming the European Union's truck fleet to electric and hydrogen vehicles from diesel-powered engines could cut oil use by as much as 11 billion...,https://www.bloomberg.com/news/articles/2018-09-05/electric-trucks-could-save-europe-11-billion-barrels-of-oil
oil,South Korea Grants U.S. Wish for Zero Oil Imports From Iran,2018-09-10,Bloomberg,South Korea has become the first of Iran's top-three oil customers to fulfill a hard-line U.S. demand that buyers cut imports to zero.,https://www.bloomberg.com/politics/articles/2018-09-09/u-s-wish-for-zero-oil-imports-from-iran-granted-by-south-korea
oil,Iran Resorts to Storing Oil in Fleet of Supertankers. Again,2018-09-12,Bloomberg,Iran is starting to store oil on its fleet of supertankers again as impending US sanctions force the Persian Gulf country to revive a strategy it deployed...,https://www.bloomberg.com/news/articles/2018-09-11/iran-resorts-to-floating-storage-for-its-oil-as-buyers-retreat
oil,Russia Says Ready to Pump Oil at Record Rate If Market Requires,2018-09-12,Bloomberg,"Russia has the capacity to set a new oil-production record, but won't decide whether the market needs those additional supplies before a meeting later this...",https://www.bloomberg.com/news/articles/2018-09-12/russia-can-beat-post-soviet-oil-output-record-if-market-needs-it
oil,"In Big Win for Trump, U.S. Sanctions Cripple Iranian Oil Exports",2018-09-18,Bloomberg,"In Big Win for Trump, U.S. Sanctions Cripple Iranian Oil Exports · Iranian crude exports have dropped about 35% since April · Bigger-than-expected plunge in...",https://www.bloomberg.com/news/articles/2018-09-18/in-big-win-for-trump-u-s-sanctions-cripple-iranian-oil-exports
oil,Brent Benchmark Set for Revamp With Oil From Around the World,2018-09-23,Bloomberg,North Sea Brent crude could see the biggest overhaul since it became a major benchmark more than 30 years ago as the industry considers including oil from...,https://www.bloomberg.com/news/articles/2018-09-24/brent-benchmark-set-for-major-revamp-with-oil-from-around-world
oil,"Watch Oil Market Will Rebalance Next Year, BP's Janet Kong Says",2018-09-24,Bloomberg,"Playlist · Oil Market Will Rebalance Next Year, BP's Janet Kong Says · Anthony Scaramucci on Trump, MAGA and the Midterms · Gundlach Warns About the Risks...",https://www.bloomberg.com/news/videos/2018-09-24/oil-market-will-rebalance-next-year-bp-s-janet-kong-says-video
oil,Major Traders Are Talking About $100 Oil Again,2018-09-24,Bloomberg,"Sorry, something went wrong ... This article is for subscribers only. Major oil trading houses are predicting the return of $100 crude for the first time since...",https://www.bloomberg.com/news/articles/2018-09-24/major-traders-see-return-of-100-oil-due-to-u-s-iran-sanctions
oil,What Oil at $100 a Barrel Would Mean for the Global Economy,2018-09-29,Bloomberg,"Exporters of the fuel would enjoy bumper returns, giving a fillip to companies and government coffers. By contrast, consuming nations would bear the cost at the...",https://www.bloomberg.com/news/articles/2018-09-30/what-oil-at-100-a-barrel-would-mean-for-the-world-economy
oil,New Nafta Drops a Relic of Energy Crises Past,2018-10-02,Bloomberg,"With the U.S. gushing oil at record levels, America apparently no longer needs to preserve Canada as its emergency crude supplier.",https://www.bloomberg.com/news/articles/2018-10-02/new-nafta-drops-relic-of-energy-crises-past-assuring-oil-exports
oil,Why Iran's Lost Oil Sales Could Be Met by These Three Producers,2018-10-02,Bloomberg,"With the noose of U.S. sanctions already tightening on Iran's oil exports, buyers and traders of crude are asking who can make up for the expected shortfall...",https://www.bloomberg.com/news/articles/2018-10-02/why-iran-s-lost-oil-sales-could-be-met-by-these-three-producers
oil,New Dwarf Trees Set to Revolutionize Palm Oil Market,2018-10-03,Bloomberg,The dwarf trees at a government research center in Malaysia's southern state of Johor are clones of a new variety bred to be 30 percent smaller than regular oil...,https://www.bloomberg.com/news/articles/2018-10-03/short-and-skinny-oil-palms-to-boost-world-s-most-used-edible-oil
oil,Saudi Crown Prince to Trump: We've Replaced All Iran's Lost Oil,2018-10-05,Bloomberg,"“The request that America made to Saudi Arabia and other OPEC countries is to be sure that if there is any loss of supply from Iran, that we will supply that,”...",https://www.bloomberg.com/news/articles/2018-10-05/saudi-crown-prince-to-trump-we-ve-replaced-all-iran-s-lost-oil
oil,Oil Tanker Rates Surge as Iran Rivals Look to Be Boosting Supply,2018-10-08,Bloomberg,The oil tanker market is surging amid signs that impending US sanctions against Iran are prompting rival producers in the Middle East to ramp up shipments.,https://www.bloomberg.com/news/articles/2018-10-08/oil-tanker-rates-surge-as-iran-rivals-look-to-be-boosting-supply
oil,World’s Longest Flight Is a Triumph Over Oil Prices,2018-10-12,Bloomberg,"Oil (and jet fuel) prices are cyclical, but technological improvement is structural, and the numbers suggest that's what brought the flight back. More From...",https://www.bloomberg.com/view/articles/2018-10-12/world-s-longest-flight-a-triumph-of-tech-over-oil-prices-jn6bhx2a
oil,100 Million Barrels: The World Hit a Daily Oil and Liquids Record,2018-10-12,Bloomberg,"100 Million Barrels: The World Hit a Daily Oil and Liquids Record · 3Q production rises to 100.3 million barrels a day, IEA says · OPEC, Americas and biofuels...",https://www.bloomberg.com/news/articles/2018-10-12/100-million-barrels-the-world-hit-a-daily-oil-liquids-record
oil,The Permian Oil Boom Is Showing Signs of Overheating,2018-10-16,Bloomberg,"The Permian Oil Boom Is Showing Signs of Overheating. Shortages of sand, pipelines, and manpower could jeopardize America's future as an energy superpower.",https://www.bloomberg.com/news/articles/2018-10-16/the-permian-oil-boom-is-showing-signs-of-overheating
oil,Permian Drillers Are Said to Sell New Lighter Crude Oil Grade,2018-10-18,Bloomberg,"Oil producers in the Permian Basin have started selling a new stream of light crude, said people familiar with the matter.",https://www.bloomberg.com/news/articles/2018-10-17/permian-drillers-are-said-to-sell-new-lighter-crude-oil-grade
oil,"Watch Halliburton CEO Sees Start of 'Strong Cycle' For Oil, Gas and Services",2018-11-05,Bloomberg,"Playlist · Halliburton CEO Sees Start of 'Strong Cycle' For Oil, Gas and Services · Moderna CEO on Earnings, Flu Shots and Skin Cancer Trials · Why 'India Has...",https://www.bloomberg.com/news/videos/2018-11-05/halliburton-ceo-sees-start-of-strong-cycle-for-oil-gas-and-services-video
oil,Oil's Rapid Run of Declines Kicks Up Pressure as OPEC Gathers,2018-11-09,Bloomberg,"It's all eyes on OPEC as U.S. oil prices fell for 10 consecutive days, wiping out any gains for the year.",https://www.bloomberg.com/news/articles/2018-11-09/oil-in-bear-market-set-for-5th-weekly-loss-on-supply-glut-fears
oil,Trump’s Tweet Makes OPEC Cuts Even More Likely,2018-11-12,Bloomberg,Oil exporters have to show they won't be pushed around in their own market.,https://www.bloomberg.com/view/articles/2018-11-12/trump-s-oil-tweet-makes-opec-production-cuts-more-likely-joeqo7ws
oil,Watch BP CEO Says Saudi Oil-Output Cut Is Likely to ‘Firm the Price,2018-11-12,Bloomberg,"Support · 2x · 1.75x · 1.5x · 1.25x · 1x, selected · 0.75x · 0.5x · 0.25x. captions off, selected. Sorry, something went wrong. Check your internet connection...",https://www.bloomberg.com/news/videos/2018-11-12/bp-ceo-says-saudi-oil-output-cut-is-likely-to-firm-the-price-video
oil,Missing President Threatens Power Struggle in Oil-Rich Gabon,2018-11-13,Bloomberg,"Bongo, 59, is being treated for an unspecified illness in Riyadh since attending an economic summit on Oct. 24. Two weeks after saying he was suffering from...",https://www.bloomberg.com/news/articles/2018-11-13/bongo-s-illness-threatens-opening-power-vacuum-in-oil-rich-gabon
oil,"Putin Says $70 Crude Suits Russia Fine, Talked Oil With Trump",2018-11-15,Bloomberg,"President Vladimir Putin said he discussed the price of oil with U.S. counterpart Donald Trump when they met in Paris briefly on Sunday, adding that Russia...",https://www.bloomberg.com/news/articles/2018-11-15/putin-says-70-oil-suits-russia-fine-won-t-commit-to-cut-output
oil,Watch What the Correlation Between Crude Oil and the S&P 500 Signals About Equities,2018-11-21,Bloomberg,"Support · 2x · 1.75x · 1.5x · 1.25x · 1x, selected · 0.75x · 0.5x · 0.25x. captions off, selected. Sorry, something went wrong. Check your internet connection...",https://www.bloomberg.com/news/videos/2018-11-21/what-the-correlation-between-crude-oil-and-the-s-p-500-signals-about-equities-video
oil,Saudi Oil Production Surges to Record in Early November,2018-11-21,Bloomberg,Saudi Arabian oil production surged to a record near 11 million barrels a day this month after the kingdom received stronger-than-usual demand from clients...,https://www.bloomberg.com/news/articles/2018-11-21/saudi-oil-production-said-to-surge-to-record-in-early-november
oil,Oil's Sell-Off Below $60 Ripples All the Way Along the Curve,2018-11-23,Bloomberg,The tumult in crude prices is resonating through next year and the years after that. Brent crude futures fell below $60 a barrel for the first time since...,https://www.bloomberg.com/news/articles/2018-11-23/oil-s-sell-off-below-60-ripples-all-the-way-along-the-curve
oil,"Exxon Will Use Wind, Solar to Produce Crude Oil in Texas",2018-11-29,Bloomberg,"Under 12-year agreements with Denmark's Orsted A/S, Exxon will buy 500 megawatts of wind and solar power in the Permian Basin, the fastest growing U.S. oil...",https://www.bloomberg.com/news/articles/2018-11-28/oil-giant-exxon-turns-to-wind-solar-for-home-state-operations
oil,Fracking Slump Deepens as Schlumberger Walks Oil `Tightrope',2018-12-05,Bloomberg,Schlumberger Ltd. expects sales in the US and Canada to drop 15 percent in the final three months of the year compared with the third quarter.,https://www.bloomberg.com/news/articles/2018-12-04/schlumberger-delivers-lump-of-coal-with-year-end-frack-forecast
oil,OPEC’s Oil-Cuts Headache Evident in Brent Futures Curve: Chart,2018-12-06,Bloomberg,Oil fell as much as 5 percent as OPEC met to discuss possible output cuts at its headquarters in Vienna. Crude futures curves have slumped into a bearish...,https://www.bloomberg.com/news/articles/2018-12-06/opec-s-oil-cuts-headache-evident-in-brent-futures-curve-chart
oil,Ex-Venezuelan Oil Minister Nelson Martinez Dies While in Custody,2018-12-12,Bloomberg,"Ex-Venezuelan Oil Minister Nelson Martinez Dies While in Custody ... This article is for subscribers only. Nelson Martinez, a former Venezuelan oil minister and...",https://www.bloomberg.com/news/articles/2018-12-13/ex-citgo-head-nelson-martinez-dies-under-custody-in-venezuela
oil,Premier Oil Said to Eye Bid for Chevron's U.K. North Sea Assets,2018-12-13,Bloomberg,Premier Oil Plc is considering a bid for a package of North Sea oil and gas assets put on the block by US oil major Chevron Corp. that's worth about $2 billion.,https://www.bloomberg.com/news/articles/2018-12-13/premier-oil-said-to-eye-bid-for-chevron-s-u-k-north-sea-assets
oil,Occidental CEO Wants to Keep Rigs Running Even After Oil's Slump,2018-12-14,Bloomberg,"Occidental Petroleum Corp. will look for ways to cut costs other than dropping rigs, in response to the recent slump in oil prices, according to Chief...",https://www.bloomberg.com/news/articles/2018-12-14/occidental-ceo-wants-to-keep-rigs-running-even-after-oil-s-slump
oil,Watch Andy Hall: U.S. Shale Output is 'The Great Imponderable',2018-12-14,Bloomberg,"Andy Hall's commodity career spans over 30 years and includes stints at BP Plc, legendary merchant house Phibro Energy Inc. and Citigroup Inc.,...",https://www.bloomberg.com/news/videos/2018-12-14/andy-hall-u-s-shale-output-is-the-great-imponderable-video
oil,Watch Andy Hall: I Didn't Want to Go to My Grave Trading Oil,2018-12-14,Bloomberg,Playlist · Andy Hall: I Didn't Want to Go to My Grave Trading Oil · SpaceX IPO 'Will Be Volatile' Says Ark Invest's Cathie Wood · Germany's Wadephul on Iran War...,https://www.bloomberg.com/news/videos/2018-12-14/andy-hall-i-didn-t-want-to-go-to-my-grave-trading-oil-video
oil,India Plans to Pay Five Iran Banks for Oil Purchases,2018-12-19,Bloomberg,Iran will use part of the deposits for purchasing essential goods from India and to meet expenditure incurred by its diplomatic missions in the South Asian...,https://www.bloomberg.com/news/articles/2018-12-18/india-is-said-to-plan-paying-five-iran-banks-for-oil-purchases
oil,Trump Outlines Plans for Oil Drilling in Arctic Wildlife Refuge,2018-12-20,Bloomberg,"The Trump administration outlined plans for selling drilling rights on every acre of the Arctic National Wildlife Refuge's coastal plain,...",https://www.bloomberg.com/news/articles/2018-12-20/trump-outlines-plans-for-oil-drilling-in-arctic-wildlife-refuge
oil,Canada’s Rig Count Plunges by More Than Half in Two Weeks,2018-12-28,Bloomberg,"Where have all the rigs gone? While the U.S. continues to add oil and natural gas drilling rigs despite the recent swoon in crude prices, Canada's count in...",https://www.bloomberg.com/news/articles/2018-12-28/canada-s-rig-count-plunges-by-more-than-half-in-two-weeks
oil,"Trump Credits His ‘Talent’ for Gas Price Drop, Suggests OPEC Monopoly",2019-01-04,Bloomberg,"President Donald Trump said OPEC “is essentially a monopoly,” even as he credited his own “talent” for having brought down oil prices.",https://www.bloomberg.com/news/articles/2019-01-04/did-trump-just-lend-his-support-to-nopec-legislation
oil,"If You Can't Pipe It, Refine It: Alberta Seeks Oil Glut Solution",2019-01-07,Bloomberg,"What's worse: Too much oil, or too much gasoline? The government of Alberta, weighing the potential of a new refinery for the province, may be on its way to...",https://www.bloomberg.com/news/articles/2019-01-06/if-you-can-t-pipe-it-refine-it-alberta-seeks-oil-glut-solution
oil,Ex-Halliburton Chairman Dave Lesar to Start New Oil-Services Company,2019-01-14,Bloomberg,Ex-Halliburton Chairman Dave Lesar to Start New Oil-Services Company · Lesar retired from the oilfield services giant at end of 2018 · Private equity firm CSL...,https://www.bloomberg.com/news/articles/2019-01-14/ex-halliburton-chairman-lesar-to-start-new-oil-services-company
oil,"Nigeria's $15 Billion Oil Refinery Is on Track, Dangote Says",2019-01-21,Bloomberg,"Nigerian billionaire Aliko Dangote said he's on schedule to finish by next year his $15 billion oil refinery, which will be one of the world's biggest,...",https://www.bloomberg.com/news/articles/2019-01-21/dangote-says-on-schedule-to-finish-nigeria-oil-refinery-in-2020
oil,Venezuela Oil Sanctions Likely to Hit Some U.S. Refiners,2019-01-23,Bloomberg,"Refiners in Texas and Louisiana would be hard hit by sanctions on Venezuelan crude under consideration at the White House, a move that would leave U.S. oil...",https://www.bloomberg.com/news/articles/2019-01-23/venezuela-oil-sanctions-likely-to-hit-some-u-s-refiners-hard
oil,Venezuela’s in Crisis. The Oil Market Doesn’t Care,2019-01-23,Bloomberg,"When former President Hugo Chavez briefly disappeared amid an abortive 2002 coup, West Texas Intermediate oil fell 10 percent in two days on the prospect that a...",https://www.bloomberg.com/view/articles/2019-01-24/venezuela-s-in-crisis-the-oil-market-doesn-t-care
oil,Aramco's $1.6 Billion Korea Deal Deepens Asian Refining Ties,2019-01-27,Bloomberg,"Saudi Arabian Oil Co. is taking a nearly 20 percent stake in South Korean oil refiner Hyundai Oilbank Co. for $1.6 billion, tightening the grip of the...",https://www.bloomberg.com/news/articles/2019-01-28/saudi-aramco-plans-to-buy-hyundai-oilbank-stake-for-1-6-billion
oil,Trump Slaps De-Facto Oil Ban on Venezuela,2019-01-28,Bloomberg,"Sorry, something went wrong ... This article is for subscribers only. The Trump administration dealt its toughest blow yet to the authoritarian Venezuelan leader...",https://www.bloomberg.com/news/articles/2019-01-28/trump-sanctions-venezuela-oil-company-pdvsa-rubio-announces
oil,Venezuela Needs to Dilute Its Oil. That’s Going to Become Harder,2019-01-29,Bloomberg,"Much of the country's output has been diluted for years with heavy naphtha from the U.S., thinning the crude so that it can be piped to export terminals and...",https://www.bloomberg.com/news/articles/2019-01-29/venezuela-needs-to-dilute-its-oil-that-s-going-to-become-harder
oil,Petro Rio Buys Chevron's Frade Field in Brazil Expansion,2019-01-30,Bloomberg,Independent Brazilian oil producer Petro Rio SA will take control of the Frade field off the country's coast after agreeing to buy Chevron Corp.,https://www.bloomberg.com/news/articles/2019-01-30/chevron-is-said-to-sell-brazil-oil-field-stake-to-petro-rio
oil,Oil Tankers Float in Limbo as U.S. Bars Venezuela Payments,2019-02-01,Bloomberg,U.S. oil refiners won't be allowed to complete shipments of Venezuelan crude they booked before the Trump administration slapped new sanctions on the Latin...,https://www.bloomberg.com/news/articles/2019-02-01/oil-tankers-floating-in-limbo-as-u-s-bars-payments-to-venezuela
oil,The Curious Case of Norway’s 60 Million Barrels of Missing Oil,2019-02-03,Bloomberg,"Norway has built a reputation as one of the calmest and most predictable corners of the global oil industry, but lately it's been full of surprises.",https://www.bloomberg.com/news/articles/2019-02-03/the-curious-case-of-norway-s-60-million-barrels-of-missing-oil
oil,Oil Is His Middle Name: Moncrief Clan Wants to Help Landowners,2019-02-05,Bloomberg,"John “Jammer” Moncrief and R. Wesley Moncrief Jr., scions of a dynasty family of Texas wildcatters, are expanding from drilling land to also helping manage it.",https://www.bloomberg.com/news/articles/2019-02-05/oil-is-his-middle-name-moncrief-clan-wants-to-help-landowners
oil,Texas City Takes on Trading Giant in Testy Fight for Oil Exports,2019-02-07,Bloomberg,"Trafigura Group Ltd., the world's third-largest independent oil trader, is fine as a customer. But the Port of Corpus Christi doesn't want to see it as a...",https://www.bloomberg.com/news/articles/2019-02-08/texas-port-takes-on-trafigura-in-a-fierce-fight-for-oil-exports
oil,Kuwait Petroleum Is Said to Reassess $500 Billion Spending Plan,2019-02-11,Bloomberg,Kuwait Petroleum Corp. is reassessing plans to spend about $500 billion in capital investment and may decide this year to combine its eight business units...,https://www.bloomberg.com/news/articles/2019-02-10/kuwait-petroleum-said-to-reassess-500-billion-investment-plan
oil,Poland Detains Oil Executives in Widening Corporate Crackdown,2019-02-12,Bloomberg,Poland Detains Oil Executives in Widening Corporate Crackdown ... This article is for subscribers only. A former chief executive of Poland's largest refiner was...,https://www.bloomberg.com/news/articles/2019-02-12/poland-detains-oil-executives-in-widening-corporate-crackdown
oil,Venezuelan Oil Finds Home in India as U.S. Shuns Shipments,2019-02-15,Bloomberg,"India is feasting on Venezuelan oil, after the U.S. imposed a de facto ban on crude imports from the Latin American nation.",https://www.bloomberg.com/news/articles/2019-02-15/venezuelan-oil-finds-home-in-india-as-u-s-shuns-shipments
oil,California's Dirty Oil Gets Pricey Amid Venezuela Sanctions,2019-02-19,Bloomberg,"California doesn't usually come to mind when talking about the U.S. oil boom, but the state's dirty oil is commanding an increasingly large premium amid an...",https://www.bloomberg.com/news/articles/2019-02-19/california-s-dirty-oil-gets-pricey-amid-venezuela-sanctions
oil,How Pemex Became the Most Indebted Oil Company in the World,2019-02-26,Bloomberg,"How Pemex Became the Most Indebted Oil Company in the World ... This article is for subscribers only. After more than a decade of declining production, wasteful...",https://www.bloomberg.com/news/articles/2019-02-26/how-pemex-became-the-most-indebted-oil-company-in-the-world
oil,CARBO Ceramics Inc,2019-02-27,Bloomberg,CARBO Ceramics Inc. produces and supplies ceramic proppants for use in the oil and gas industry. The Company also provides foundry metal casting and industrial...,https://www.bloomberg.com/profile/company/CRR:US
oil,Granite Oil Corp,2019-02-28,Bloomberg,Granite Oil Corp. is involved in the exploration and production of oil and natural gas. The Company owns interest in Bakken properties located in the...,https://www.bloomberg.com/profile/company/GXO:CN
oil,Seven Generations Energy Ltd,2019-02-28,Bloomberg,"Seven Generations Energy Ltd., operates for the oil and gas industries. The Company explores and produces oil and gas resources.",https://www.bloomberg.com/profile/company/VII:CN
oil,Black Stallion Oil & Gas Inc,2019-03-02,Bloomberg,"Company profile page for Black Stallion Oil & Gas Inc including stock price, company news, executives, board members, and contact information.",https://www.bloomberg.com/profile/company/BLKG:US
oil,Pallas Group AB,2019-03-02,Bloomberg,"Pallas Group AB is a diversified company. The Company operates within shipping and shipowning, the oil sector, and credit operations on the West Coast of...",https://www.bloomberg.com/profile/company/PALSB:SS
oil,Capital Oil PLC,2019-03-02,Bloomberg,"Company profile page for Capital Oil PLC including stock price, company news, executives, board members, and contact information.",https://www.bloomberg.com/profile/company/CAPOIL:NL
oil,Fuji Oil Co Ltd,2019-03-02,Bloomberg,"Company profile page for Fuji Oil Co Ltd including stock price, company news, executives, board members, and contact information.",https://www.bloomberg.com/profile/company/5017:JP
oil,Boso Oil & Fat Co Ltd,2019-03-03,Bloomberg,"Company profile page for Boso Oil & Fat Co Ltd including stock price, company news, executives, board members, and contact information.",https://www.bloomberg.com/profile/company/2608:JP
oil,Colorado Lawmakers Weigh Dramatic Overhaul of Oil Drilling Laws,2019-03-05,Bloomberg,"A proposal to overhaul Colorado's drilling laws has its first hearing today, pushing the bill one step closer to a vote by the Democrat-controlled state...",https://www.bloomberg.com/news/articles/2019-03-05/colorado-lawmakers-weigh-dramatic-overhaul-of-oil-drilling-laws
oil,Norway’s Oil Disposal Drama Descends Into Farce,2019-03-08,Bloomberg,"Norway's central bank advised ditching oil and gas stocks from the country's trillion-dollar sovereign wealth fund, to mitigate the risk from a permanent drop...",https://www.bloomberg.com/opinion/articles/2019-03-08/norway-s-sovereign-wealth-fund-oil-divestment-descends-into-farce
oil,Nikron Technologies Inc,2019-03-10,Bloomberg,Nikron Technologies Inc. offers oil and gas services. The Company provides oil recovery services to extract additional heavy oil from mature oil fields.,https://www.bloomberg.com/profile/company/NKRN:US
oil,Bangchak Sriracha PCL - Company Profile and News,2019-03-12,Bloomberg,Bangchak Sriracha Public Company Limited is an integrated petroleum refining and distribution company. The Company operates an oil refinery and aromatics...,https://www.bloomberg.com/profile/company/JAV:GR
oil,Maritime Resources Corp,2019-03-12,Bloomberg,Maritime Resources Corp. is a mineral exploration and production company. The Company explores for gold at the Orion Gold deposit located northwest of...,https://www.bloomberg.com/profile/company/MAE:CN
oil,"Targets Needed to Get More Women in Oil, Shell's U.S. Head Says",2019-03-13,Bloomberg,"Targets Needed to Get More Women in Oil, Shell's U.S. Head Says ... Gretchen Watkins, president and chairman of the U.S. Unit of Shell Oil Co. ... This article is...",https://www.bloomberg.com/news/articles/2019-03-13/targets-needed-to-get-more-women-in-oil-shell-s-u-s-head-says
oil,American Restaurant Partners LP,2019-03-14,Bloomberg,"American Restaurant Partners, LP owns and operates Pizza Hut restaurants. The Partnership operates its franchises in Texas, Louisiana, Montana, Wyoming,...",https://www.bloomberg.com/profile/company/ICTPU:US
oil,"Scattered Across Globe, PDVSA Roughnecks Wonder About Going Home",2019-03-15,Bloomberg,"Now that Juan Guaido has put a shadow board of directors for Petroleos de Venezuela on standby, he needs a few thousand employees in the wings ready to come...",https://www.bloomberg.com/news/articles/2019-03-15/scattered-across-globe-pdvsa-roughnecks-wonder-about-going-home
oil,Libya Oil Boss Sees Output Gain With Hope of BP Pumping Soon,2019-03-18,Bloomberg,"Libya boosted crude production by a third after restarting its biggest field, and its top oil official sees further gains when companies like BP Plc invest...",https://www.bloomberg.com/news/articles/2019-03-18/libya-oil-boss-sees-output-gain-with-hope-of-bp-pumping-soon
oil,Commodity Traders Turn to LNG as Big Oil Profits Prove Elusive,2019-03-27,Bloomberg,"Gunvor, Vitol and Trafigura are doing for natural gas what they did in the oil market in the 1970s.",https://www.bloomberg.com/news/articles/2019-03-27/lng-grows-for-trading-houses-from-gunvor-to-trafigura-glencore
oil,Faith-Based Investing Needed for Oil Frackers,2019-03-27,Bloomberg,There's a reason E&P stocks aren't following crude prices higher.,https://www.bloomberg.com/view/articles/2019-03-27/oil-fracker-stock-prices-investors-lack-faith
oil,Aramco's Big Reveal: What We Learned About the Saudi Oil Giant,2019-04-01,Bloomberg,"Sorry, something went wrong ... This article is for subscribers only. It was always suspected, and now it's official. Saudi Aramco is the world's most profitable...",https://www.bloomberg.com/news/articles/2019-04-01/aramco-s-big-reveal-what-we-learned-about-the-saudi-oil-giant
oil,The Biggest Saudi Oil Field Is Fading Faster Than Anyone Guessed,2019-04-02,Bloomberg,"The market finally knows: Ghawar in Saudi Arabia, the world's largest conventional oil field, can produce a lot less than almost anyone believed.",https://www.bloomberg.com/news/articles/2019-04-02/saudi-aramco-reveals-sharp-output-drop-at-super-giant-oil-field
oil,Libya Fighting Has Erupted Again. Here’s the Oil Impact,2019-04-07,Bloomberg,"Amid fighting near the Libyan capital of Tripoli, the risk of oil-supply outages from the OPEC member remains high. The country has been in disarray since...",https://www.bloomberg.com/news/articles/2019-04-07/libya-fighting-erupts-again-here-s-the-oil-impact-quicktake
oil,Norway Is Walking Away From Billions of Barrels of Oil,2019-04-08,Bloomberg,Norway Is Walking Away From Billions of Barrels of Oil · Opposition Labor Party shifts position on Lofoten drilling · Raises fears in the oil industry that...,https://www.bloomberg.com/news/articles/2019-04-08/norway-is-walking-away-from-billions-of-barrels-of-oil-and-gas
oil,Fear Grips Norway's Oil Industry as Political Risk Explodes,2019-04-11,Bloomberg,Oil companies in Norway may pay some of the highest taxes and wages in the world but they could always count on support in the halls of power.,https://www.bloomberg.com/news/articles/2019-04-12/fear-grips-norway-s-oil-industry-as-political-risk-explodes
oil,U.S. Sanctions Firms That Carry Much of Venezuela's Oil to Cuba,2019-04-12,Bloomberg,U.S. Sanctions Firms That Carry Much of Venezuela's Oil to Cuba · Four firms that own nine vessels are named and targeted · The goal is to make Cuba's support...,https://www.bloomberg.com/news/articles/2019-04-12/u-s-sanctions-firms-that-carry-much-of-venezuela-s-oil-to-cuba
oil,Credit Suisse Seeks to Seize Oil Trader's Three London Homes,2019-04-16,Bloomberg,"The Swiss bank is owed about $3 million by Sanomi, who was a guarantor for a credit facility extended to one of his companies, Credit Suisse's lawyer Andrew...",https://www.bloomberg.com/news/articles/2019-04-16/credit-suisse-seeks-to-seize-oil-trader-s-three-london-homes
oil,Saudi Aramco Sells First LNG as Oil Giant Expands Into Gas,2019-04-25,Bloomberg,"Aramco sold the shipment of liquefied natural gas from Singapore, Chief Executive Officer Amin Nasser told reporters, without giving additional details.",https://www.bloomberg.com/news/articles/2019-04-25/saudi-aramco-sells-first-lng-as-oil-behemoth-expands-into-gas
oil,Linda Garcia Kept Pollution Out of Her Neighborhood—And Just Won the 'Green Nobel',2019-04-29,Bloomberg,"Linda Garcia, 51, going as she fought what would have been North America's largest oil-by-rail terminal from coming to her neighborhood of Fruit Valley in...",https://www.bloomberg.com/news/articles/2019-04-29/how-one-woman-stopped-an-oil-by-rail-terminal
oil,Bechtel Oil Gas and Chemicals Inc,2019-05-09,Bloomberg,"Company profile page for Bechtel Oil Gas and Chemicals Inc including stock price, company news, executives, board members, and contact information.",https://www.bloomberg.com/profile/company/0194664D:US
oil,Kairos Oil Trading Pte Ltd,2019-05-10,Bloomberg,"Company profile page for Kairos Oil Trading Pte Ltd including stock price, company news, executives, board members, and contact information.",https://www.bloomberg.com/profile/company/1303346D:SP
oil,Muanda International Oil Co,2019-05-10,Bloomberg,"Company profile page for Muanda International Oil Co including stock price, company news, executives, board members, and contact information.",https://www.bloomberg.com/profile/company/362021Z:SJ
oil,Just Oil & Grain Pte Ltd - Company Profile and News,2019-05-10,Bloomberg,"Company profile page for Just Oil & Grain Pte Ltd including stock price, company news, executives, board members, and contact information.",https://www.bloomberg.com/profile/company/6079726Z:SP
oil,BIG D Oil Co - Company Profile and News,2019-05-10,Bloomberg,"Company profile page for BIG D Oil Co including stock price, company news, executives, board members, and contact information.",https://www.bloomberg.com/profile/company/0605130D:US
oil,Anthem Oil & Gas Inc - Company Profile and News,2019-05-10,Bloomberg,"Company profile page for Anthem Oil & Gas Inc including stock price, company news, executives, board members, and contact information.",https://www.bloomberg.com/profile/company/1270117D:US
oil,Canada Imperial Oil Ltd,2019-05-10,Bloomberg,"Company profile page for Canada Imperial Oil Ltd including stock price, company news, executives, board members, and contact information.",https://www.bloomberg.com/profile/company/5008437Z:CN
oil,Cargill Oil Packers BVBA,2019-05-10,Bloomberg,"Company profile page for Cargill Oil Packers BVBA including stock price, company news, executives, board members, and contact information.",https://www.bloomberg.com/profile/company/3726474Z:BB
oil,ETC Texas Pipeline Ltd,2019-05-10,Bloomberg,"ETC Texas Pipeline, Ltd. was founded in 2002. The Company's line of business involves the construction of oil, gas pipeline, and related structures.",https://www.bloomberg.com/profile/company/0823989D:US
oil,Bomin Bunker Oil Corp,2019-05-10,Bloomberg,"Company profile page for Bomin Bunker Oil Corp including stock price, company news, executives, board members, and contact information.",https://www.bloomberg.com/profile/company/0130531D:US
oil,Dana Petroleum Netherlands BV,2019-05-10,Bloomberg,Dana Petroleum Netherlands BV provides oil and gas exploration and production. The Company operates offshore and onshore oil and gas exploration projects.,https://www.bloomberg.com/profile/company/0750249D:NA
oil,Emirates National Oil Co Singapore Pvt Ltd - Company Profile and News,2019-05-10,Bloomberg,"Company profile page for Emirates National Oil Co Singapore Pvt Ltd including stock price, company news, executives, board members, and contact information.",https://www.bloomberg.com/profile/company/774513Z:SP
oil,United Oil Packers Inc,2019-05-10,Bloomberg,"Company profile page for United Oil Packers Inc including stock price, company news, executives, board members, and contact information.",https://www.bloomberg.com/profile/company/9274490Z:US
oil,Midnight Oil Agency Inc,2019-05-10,Bloomberg,"Company profile page for Midnight Oil Agency Inc including stock price, company news, executives, board members, and contact information.",https://www.bloomberg.com/profile/company/1415289D:US
oil,Young Living Essential Oils Lc,2019-05-10,Bloomberg,"Company profile page for Young Living Essential Oils Lc including stock price, company news, executives, board members, and contact information.",https://www.bloomberg.com/profile/company/5041437Z:US
oil,Afren PLC,2019-05-10,Bloomberg,"Afren PLC operates as an independent oil and gas exploration and production company. The Company focuses on countries in West Africa, East Africa, and the...",https://www.bloomberg.com/profile/company/AFR:LN
oil,Mcdonald Oil Co - Company Profile and News,2019-05-10,Bloomberg,"Company profile page for Mcdonald Oil Co including stock price, company news, executives, board members, and contact information.",https://www.bloomberg.com/profile/company/0600856D:US
oil,Synergy Oil & Gas LP,2019-05-11,Bloomberg,"Company profile page for Synergy Oil & Gas LP including stock price, company news, executives, board members, and contact information.",https://www.bloomberg.com/profile/company/1355365D:US
oil,Eddie's Oil Ltd,2019-05-11,Bloomberg,"Company profile page for Eddie's Oil Ltd including stock price, company news, executives, board members, and contact information.",https://www.bloomberg.com/profile/company/1326992D:CN
oil,Glenn Oil Co,2019-05-11,Bloomberg,"Company profile page for Glenn Oil Co including stock price, company news, executives, board members, and contact information.",https://www.bloomberg.com/profile/company/4484219Z:US
oil,Offshore Oil Engineering Qingdao Co Ltd,2019-05-11,Bloomberg,"Company profile page for Offshore Oil Engineering Qingdao Co Ltd including stock price, company news, executives, board members, and contact information.",https://www.bloomberg.com/profile/company/TUALSZ:CH
oil,MMC Oil & Gas Engineering Sdn Bhd - Company Profile and News,2019-05-11,Bloomberg,"Company profile page for MMC Oil & Gas Engineering Sdn Bhd including stock price, company news, executives, board members, and contact information.",https://www.bloomberg.com/profile/company/1483020D:MK
oil,BST Ltd,2019-05-11,Bloomberg,"BST Limited manufactures audio equipment, radio cassette recorders, television sets and tape deck mechanisms and components.",https://www.bloomberg.com/profile/company/NBPLST:IN
oil,Church Oil Co Inc,2019-05-11,Bloomberg,"Company profile page for Church Oil Co Inc including stock price, company news, executives, board members, and contact information.",https://www.bloomberg.com/profile/company/0942450D:US
oil,China Oil Japan Co Ltd,2019-05-11,Bloomberg,"Company profile page for China Oil Japan Co Ltd including stock price, company news, executives, board members, and contact information.",https://www.bloomberg.com/profile/company/0208675D:JP
oil,Endau Palm Oil Mill Sdn Bhd,2019-05-11,Bloomberg,"Company profile page for Endau Palm Oil Mill Sdn Bhd including stock price, company news, executives, board members, and contact information.",https://www.bloomberg.com/profile/company/0921323D:MK
oil,Dinoco Inc,2019-05-11,Bloomberg,"Dinoco Oil, Inc. is an oil and natural gas company. The Company focuses on the acquisition, development, and exploration of crude oil and natural gas...",https://www.bloomberg.com/profile/company/1087240D:US
oil,Murphy Oil Co Ltd - Company Profile and News,2019-05-12,Bloomberg,"Company profile page for Murphy Oil Co Ltd including stock price, company news, executives, board members, and contact information.",https://www.bloomberg.com/profile/company/0133600D:CN
oil,BTIG Ltd,2019-05-12,Bloomberg,"Btig Ltd is headquartered in England. The company's line of business includes the purchase, sale, and brokerage of securities.",https://www.bloomberg.com/profile/company/0383203D:LN
oil,BP Oil UK Ltd,2019-05-12,Bloomberg,"Company profile page for BP Oil UK Ltd including stock price, company news, executives, board members, and contact information.",https://www.bloomberg.com/profile/company/1311714Z:LN
oil,Hinson Oil Co - Company Profile and News,2019-05-12,Bloomberg,"Company profile page for Hinson Oil Co including stock price, company news, executives, board members, and contact information.",https://www.bloomberg.com/profile/company/0898271D:US
oil,General Oil Co Inc,2019-05-12,Bloomberg,"Company profile page for General Oil Co Inc including stock price, company news, executives, board members, and contact information.",https://www.bloomberg.com/profile/company/0814051D:US
oil,Brooks Oil Co/FL - Company Profile and News,2019-05-12,Bloomberg,"Company profile page for Brooks Oil Co/FL including stock price, company news, executives, board members, and contact information.",https://www.bloomberg.com/profile/company/1000126D:US
oil,Abraham & Co Inc - Company Profile and News,2019-05-12,Bloomberg,"Abraham & Co., Inc. provides securities brokerage and dealership services. The Company offers equities, options, futures, commodity derivatives, ETFs, and...",https://www.bloomberg.com/profile/company/1374920D:US
oil,Arnold Oil Co of Austin LP - Company Profile and News,2019-05-12,Bloomberg,"Company profile page for Arnold Oil Co of Austin LP including stock price, company news, executives, board members, and contact information.",https://www.bloomberg.com/profile/company/6759649Z:US
oil,Superior Oil Co Inc,2019-05-12,Bloomberg,"Company profile page for Superior Oil Co Inc including stock price, company news, executives, board members, and contact information.",https://www.bloomberg.com/profile/company/3648527Z:US
oil,Abarta Oil & Gas Co LLC,2019-05-12,Bloomberg,"Company profile page for Abarta Oil & Gas Co LLC including stock price, company news, executives, board members, and contact information.",https://www.bloomberg.com/profile/company/0669333D:US
oil,Meyer Oil Co - Company Profile and News,2019-05-12,Bloomberg,"Company profile page for Meyer Oil Co including stock price, company news, executives, board members, and contact information.",https://www.bloomberg.com/profile/company/0363634Z:US
oil,Louis Dreyfus Natural Gas Corp,2019-05-12,Bloomberg,"Louis Dreyfus Natural Gas Corp. activites included the acquisition development,exploration, production and marketing of natural gas and crude oil.",https://www.bloomberg.com/profile/company/2867220Q:US
oil,Robinson Oil Corp - Company Profile and News,2019-05-12,Bloomberg,"Company profile page for Robinson Oil Corp including stock price, company news, executives, board members, and contact information.",https://www.bloomberg.com/profile/company/3645135Z:US
oil,Titanium Oil & Gas Ltd - Company Profile and News,2019-05-12,Bloomberg,"Company profile page for Titanium Oil & Gas Ltd including stock price, company news, executives, board members, and contact information.",https://www.bloomberg.com/profile/company/2617Z:CN
oil,Link Oil Co Inc - Company Profile and News,2019-05-12,Bloomberg,"Company profile page for Link Oil Co Inc including stock price, company news, executives, board members, and contact information.",https://www.bloomberg.com/profile/company/6764601Z:US
oil,Fuji Oil Co Ltd/Tokyo - Company Profile and News,2019-05-12,Bloomberg,"Company profile page for Fuji Oil Co Ltd/Tokyo including stock price, company news, executives, board members, and contact information.",https://www.bloomberg.com/profile/company/FJOZ:JP
oil,International Oil Trading Co LLC - Company Profile and News,2019-05-12,Bloomberg,"Company profile page for International Oil Trading Co LLC including stock price, company news, executives, board members, and contact information.",https://www.bloomberg.com/profile/company/0007921D:US
oil,Phoenix Oil & Gas Corp - Company Profile and News,2019-05-12,Bloomberg,"Company profile page for Phoenix Oil & Gas Corp including stock price, company news, executives, board members, and contact information.",https://www.bloomberg.com/profile/company/0835605D:US
oil,Freeport-McMoRan Oil & Gas Inc,2019-05-12,Bloomberg,"Company profile page for Freeport-McMoRan Oil & Gas Inc including stock price, company news, executives, board members, and contact information.",https://www.bloomberg.com/profile/company/FMOG:US
oil,United Olive Oil Import Corp,2019-05-13,Bloomberg,"Company profile page for United Olive Oil Import Corp including stock price, company news, executives, board members, and contact information.",https://www.bloomberg.com/profile/company/1357964D:US
oil,Shirtcliff Oil Co,2019-05-13,Bloomberg,"Company profile page for Shirtcliff Oil Co including stock price, company news, executives, board members, and contact information.",https://www.bloomberg.com/profile/company/3930980Z:US
oil,EPL Oil & Gas Inc - Company Profile and News,2019-05-14,Bloomberg,"Company profile page for EPL Oil & Gas Inc including stock price, company news, executives, board members, and contact information.",https://www.bloomberg.com/profile/company/EPL:US
oil,Schlumberger Oilfield Services,2019-05-16,Bloomberg,"Schlumberger Oilfield Services provides technology, integrated project management, and information services. The Company offers seismic and geophysical,...",https://www.bloomberg.com/profile/company/0857399D:US
oil,Citco Nederland BV,2019-05-17,Bloomberg,"Citco Nederland BV was founded in 1989. The Company's line of business includes the purchase, sale, and brokerage of securities.",https://www.bloomberg.com/profile/company/7353306Z:NA
oil,Nordic Oil & Gas Ltd,2019-05-18,Bloomberg,"Company profile page for Nordic Oil & Gas Ltd including stock price, company news, executives, board members, and contact information.",https://www.bloomberg.com/profile/company/NOG:CN
oil,"Ling Lu Kuang, Sarawak Oil Palms BHD: Profile and Biography",2019-06-06,Bloomberg,"Ling Lu Kuang is Chairman at Sarawak Oil Palms BHD. See Ling Lu Kuang's compensation, career history, education, & memberships.",https://www.bloomberg.com/profile/person/16145228
oil,A Tiny Tyranny in Equatorial Guinea Sustained by Oil Riches,2019-06-12,Bloomberg,"The 16-mile drive suggests the country's oil reserves have enriched this tiny 11,000-square-mile West African nation, which has been ruled for almost 40 years...",https://www.bloomberg.com/news/articles/2019-06-13/a-tiny-tyranny-in-equatorial-guinea-sustained-by-oil-riches
oil,Nigeria Plans to Invest $500 Million to Boost Palm Oil Production,2019-06-14,Bloomberg,"The new policy will boost local production to about five million tons from 600,000 tons a year by investing as much as 180 billion naira ($500 million)...",https://www.bloomberg.com/news/articles/2019-06-14/nigeria-targets-raising-palm-oil-production-sevenfold-by-2027
oil,Palm Oil Importers Won't Meet Zero Deforestation Goals by 2020,2019-06-18,Bloomberg,"European palm oil importers are unlikely to be able to ensure that the products they sell are “deforestation-free” by the self-imposed goal of 2020,...",https://www.bloomberg.com/news/articles/2019-06-19/palm-oil-importers-won-t-meet-zero-deforestation-goals-by-2020
oil,Iran Exposes Oil's Sea Change in the Persian Gulf,2019-06-20,Bloomberg,Iran exposes oil's sea change in the Persian Gulf. The market can no longer depend on American military might to protect free trade.,https://www.bloomberg.com/view/articles/2019-06-20/iran-tensions-expose-oil-sea-change-in-the-persian-gulf
oil,A U.S.-Iran Conflict Could Impact Gas Markets Much More Than Oil,2019-06-21,Bloomberg,A U.S.-Iran Conflict Could Impact Gas Markets Much More Than Oil · A quarter of the world's LNG passes through Strait of Hormuz · Spike in LNG would likely be...,https://www.bloomberg.com/news/articles/2019-06-21/a-u-s-iran-conflict-could-impact-gas-markets-much-more-than-oil
oil,Billionaire General Bets on Property With Fortune Forged in Oil,2019-06-26,Bloomberg,"In this most English of settings, it's fitting the owner is a retired military man still referred to as “General.” But for Theophilus Danjuma, this is just one...",https://www.bloomberg.com/news/articles/2019-06-26/his-fortune-forged-in-oil-a-billionaire-general-turns-to-london
oil,"Five Years After Crude’s Collapse, Shale Patch Still Struggles",2019-06-28,Bloomberg,It's been five years since crude started a precipitous drop that eventually saw it hit a low of $26 a barrel. While prices have recovered some of the lost...,https://www.bloomberg.com/news/articles/2019-06-28/five-years-after-crude-s-collapse-shale-patch-still-struggles
oil,Palm Oil Posts Its Longest Quarterly Slump on Record,2019-06-28,Bloomberg,Palm oil's stuck in a rut and unlikely to escape anytime soon. Benchmark futures capped a 7.4% loss this quarter as the world's most-used edible oil...,https://www.bloomberg.com/news/articles/2019-06-27/palm-oil-posts-longest-quarterly-slump-on-record-on-demand-woes
oil,Baseline Oil & Gas Corp - Company Profile and News,2019-06-30,Bloomberg,"Company profile page for Baseline Oil & Gas Corp including stock price, company news, executives, board members, and contact information.",https://www.bloomberg.com/profile/company/COKV:US
oil,Primex Oil Production Inc - Company Profile and News,2019-06-30,Bloomberg,"Company profile page for Primex Oil Production Inc including stock price, company news, executives, board members, and contact information.",https://www.bloomberg.com/profile/company/YPO:GR
oil,Connacher Oil and Gas Ltd,2019-06-30,Bloomberg,"Connacher Oil and Gas Limited owns and operates oil sands. The Company offers oil and gas exploration, development, bitumen resources, and production...",https://www.bloomberg.com/profile/company/CLL:CN
oil,Pan Andean Resources Ltd,2019-06-30,Bloomberg,PanAndean Resources Ltd. is an oil and gas exploration and production company which holds concessions in Bolivia and in the United States.,https://www.bloomberg.com/profile/company/RQA:GR
oil,BP Says Some of Its Oil ‘Won’t See the Light of Day’,2019-07-03,Bloomberg,"Oil companies are under increasing pressure to bring fuel to market faster and cheaper, leading BP Plc to conclude some of its resources “won't see the...",https://www.bloomberg.com/news/articles/2019-07-02/bp-says-some-of-its-oil-won-t-see-the-light-of-day
oil,Cancen Oil Processors Inc - Company Profile and News,2019-07-05,Bloomberg,"Company profile page for Cancen Oil Processors Inc including stock price, company news, executives, board members, and contact information.",https://www.bloomberg.com/profile/company/2879026Z:US
oil,How Each Country Contributed to the Explosion in Energy Consumption,2019-07-09,Bloomberg,"The world has almost doubled its energy consumption since 1980. While renewable energy resources such as solar and wind power are getting cheaper to build,...",https://www.bloomberg.com/graphics/2019-international-energy-use-renewables-coal-oil/
oil,Chevron Is Playing a Long Game in Venezuela’s Oil Fields,2019-07-09,Bloomberg,"The American petro giant is helping prop up the embattled nation's energy industry, positioning itself for post-Maduro prosperity. A sculpture&nbsp;depicting an...",https://www.bloomberg.com/news/articles/2019-07-09/chevron-is-playing-a-long-game-in-venezuela-s-oil-fields
oil,Iran's Tanker Harassment Is a Very British Problem,2019-07-11,Bloomberg,"The stakes just rose for UK oil tankers passing through the Strait of Hormuz from the Persian Gulf, after a Royal Navy frigate warned off three Iranian patrol...",https://www.bloomberg.com/view/articles/2019-07-11/iran-strait-of-hormuz-oil-tanker-incident-is-very-british-problem
oil,Libya Oil Output at Lowest in Five Months as Some Exports Halted,2019-07-21,Bloomberg,"Libyan oil production dropped to about 1 million barrels a day, its lowest in roughly five months, after an unidentified group reportedly closed a valve and...",https://www.bloomberg.com/news/articles/2019-07-21/libya-oil-output-at-lowest-in-five-months-as-some-exports-halted
oil,What It’s Like to Steer a Giant Tanker Through the Strait of Hormuz,2019-07-22,Bloomberg,A firsthand account from a captain navigating the perilous waters of the Persian Gulf as U.S.-Iran tensions rise.,https://www.bloomberg.com/news/articles/2019-07-23/what-it-s-like-to-steer-an-oil-tanker-through-the-strait-of-hormuz
oil,Energy Transfer Crude Oil Co LLC,2019-07-25,Bloomberg,"Company profile page for Energy Transfer Crude Oil Co LLC including stock price, company news, executives, board members, and contact information.",https://www.bloomberg.com/profile/company/1432094D:US
oil,CoJax Oil and Gas Corp,2019-07-29,Bloomberg,"Company profile page for CoJax Oil and Gas Corp including stock price, company news, executives, board members, and contact information.",https://www.bloomberg.com/profile/company/1735964D:US
oil,Oil Tankers’ Tracking Signals Are Vanishing in the Strait of Hormuz,2019-07-31,Bloomberg,"At least 20 ships turned off their transponders while passing through the strait this month, tanker-tracking data compiled by Bloomberg show.",https://www.bloomberg.com/news/articles/2019-07-31/oil-tankers-perform-vanishing-act-in-hormuz-as-tensions-escalate
oil,"Watch Oil Market Doesn’t Perceive Risk Right Now, Mizuho's Sankey Says",2019-08-05,Bloomberg,"Paul Sankey, oil analyst at Mizuho Securities, examines the state of the global oil market. He speaks on ""Bloomberg Daybreak: Americas."" (Source: Bloomberg)",https://www.bloomberg.com/news/videos/2019-08-05/oil-market-doesn-t-perceive-risk-right-now-mizuho-s-sankey-says-video
oil,Behind Alaska’s Big Fight Over Oil Money,2019-08-07,Bloomberg,"Behind Alaska's Big Fight Over Oil Money. For decades, the state paid its bills through a natural-resource windfall. Now the money's running out. ... Justin Fox...",https://www.bloomberg.com/view/articles/2019-08-07/alaska-s-big-fight-over-oil-and-gas-revenue
oil,"Watch Airguide’s Langford Is Bullish Gold, Bearish Oil",2019-08-12,Bloomberg,"Playlist · Airguide's Langford Is Bullish Gold, Bearish Oil · Trump Recounts Shooting Incident at Correspondents' Dinner · How to Get a Deal With Iran · Trump...",https://www.bloomberg.com/news/videos/2019-08-12/airguide-s-langford-is-bullish-gold-bearish-oil-video
oil,Saudi Oil Fields Are in the Firing Line as Gulf Conflicts Rage,2019-08-19,Bloomberg,Saudi Oil Fields Are in the Firing Line as Gulf Conflicts Rage.,https://www.bloomberg.com/news/articles/2019-08-18/saudi-oil-fields-are-in-the-firing-line-as-gulf-conflicts-rage
oil,Saudi Arabia Could Probably Just Use the Money,2019-08-20,Bloomberg,"If you're wondering why the Saudi Aramco IPO machine is clanking back into action even as oil prices are idling below $60 a barrel, maybe it has something...",https://www.bloomberg.com/view/articles/2019-08-20/why-saudi-aramco-ipo-country-can-probably-just-use-the-money
oil,The Trade War Is Creating a Windfall for Rivals of U.S. Soy in China,2019-08-22,Bloomberg,"China is likely to import a record 6.7 million tons of palm oil in the year from October, according to the China National Grain and Oils Information Center.",https://www.bloomberg.com/news/articles/2019-08-23/trade-blow-for-u-s-soy-farmers-is-godsend-for-palm-oil-growers
oil,The $30 Billion Exodus: Foreign Oil Firms Bail on Canada,2019-08-22,Bloomberg,"Pembina Pipeline Corp., based in Calgary, is snapping up Kinder's Canadian assets and a cross-border pipeline in a $3.3 billion deal. For Houston-based Kinder,...",https://www.bloomberg.com/news/articles/2019-08-21/the-30-billion-exodus-foreign-oil-firms-are-bailing-on-canada
oil,"Nigerian Court Orders Shell Oil Lease be Renewed, Punch Says",2019-08-24,Bloomberg,A Nigerian high court ordered the government to renew Shell Petroleum Development Co.'s operating license for the Oil Mineral Lease 11 field.,https://www.bloomberg.com/news/articles/2019-08-24/nigerian-court-orders-shell-oil-lease-be-renewed-punch-says
oil,"Watch ANZ's Hynes Discusses Oil, Iron Ore, Steel, Gold",2019-08-27,Bloomberg,"Daniel Hynes, senior commodity strategist at Australia & New Zealand Banking Group Ltd., talks about oil, iron ore, silver and gold.",https://www.bloomberg.com/news/videos/2019-08-27/anz-s-hynes-discusses-oil-iron-ore-steeel-gold-video
oil,Thai Oil Giant PTT Seeks Partnerships With Middle East Producers,2019-08-28,Bloomberg,Thailand's state-controlled oil and gas company PTT Pcl is looking to resource-rich countries in the Middle East to help meet the country's growing energy...,https://www.bloomberg.com/news/articles/2019-08-28/thai-oil-giant-ptt-seeks-partnerships-with-middle-east-producers
oil,What We Do | Bloomberg L.P.,2019-08-29,Bloomberg,"Global customers rely on us to deliver accurate, real-time business and market-moving information that helps them make critical financial decisions.",https://www.bloomberg.com/company/what-we-do/
oil,Shell Leads Big Oil in the Race to Invest in Clean Energy,2019-09-04,Bloomberg,Shell Leads Big Oil in the Race to Invest in Clean Energy ... This article is for subscribers only. Major oil companies are poised to do a record number of clean-...,https://www.bloomberg.com/news/articles/2019-09-04/shell-leads-big-oil-in-the-race-to-invest-in-clean-energy-tech
oil,It’s 1986 Again as Saudi King Removes Energy Chief: Oil Strategy,2019-09-08,Bloomberg,It's 1986 Again as Saudi King Removes Energy Chief: Oil Strategy · Replacement of Khalid al-Falih echoes removal of Zaki Yamani · Appointment of a prince puts...,https://www.bloomberg.com/news/articles/2019-09-08/it-s-1986-again-as-saudi-king-removes-energy-chief-oil-strategy
oil,Saudi Arabia’s New Prince of Oil Is Lifelong Energy Insider,2019-09-09,Bloomberg,"In June last year, a crunch OPEC meeting was on the edge of collapse. Iran had threatened to storm out and sink a deal on production quotas, accusing the...",https://www.bloomberg.com/news/articles/2019-09-09/saudi-arabia-s-royal-oil-minister-is-the-ultimate-opec-insider
oil,Iraq Is Committed to OPEC+ Cuts but Has ‘Difficulties’ Complying,2019-09-10,Bloomberg,"Iraq is committed to curbing its oil output in compliance with the OPEC+ agreement, but persistent divisions with the regional Kurdish administration over...",https://www.bloomberg.com/news/articles/2019-09-10/iraq-is-committed-to-opec-cuts-but-has-difficulties-complying
oil,Watch Eni CEO Descalzi Sees Brent Crude at $60-$65 in 2020,2019-09-13,Bloomberg,"Claudio Descalzi, chief executive officer of Eni SpA, discusses the price of oil, debt issuance and investment. He spoke Sept. 9 with Bloomberg Television's...",https://www.bloomberg.com/news/videos/2019-09-13/eni-ceo-descalzi-sees-brent-crude-at-60-65-in-2020-video
oil,Saudi Attacks Reveal Oil Supply Fragility in Asymmetric War,2019-09-15,Bloomberg,The latest and most destructive attacks on Saudi oil facilities provide stark evidence of the vulnerability of global crude supply in an age of disruptive...,https://www.bloomberg.com/news/articles/2019-09-15/saudi-attacks-reveal-oil-supply-s-fragility-in-asymmetric-war
oil,Saudi Arabia Partially Restores Output at Damaged Oil Plant,2019-09-17,Bloomberg,"Sorry, something went wrong ... This article is for subscribers only. Saudi Arabia attempted to move beyond the worst oil disruption in its history, assuring the...",https://www.bloomberg.com/news/articles/2019-09-17/saudi-arabia-partially-restores-output-at-damaged-oil-facility
oil,Saudi Arabia Still Doesn’t Know Launch Site for Oil Attacks,2019-09-18,Bloomberg,Saudi Arabia said attacks on its critical oil infrastructure were “unquestionably sponsored by Iran” but stopped short of saying the strikes were launched...,https://www.bloomberg.com/news/articles/2019-09-18/iran-says-it-s-not-looking-for-war-warns-u-s-against-action
oil,Watch Saudi Aramco Reveals Damage to Oil Field From Drones Attack,2019-09-20,Bloomberg,"Playlist · Saudi Aramco Reveals Damage to Oil Field From Drones Attack · Ackman Talks Succession Plan, Universal Music Bid and Mamdani · Carlyle's $5B Private...",https://www.bloomberg.com/news/videos/2019-09-20/saudi-aramco-reveals-damage-to-abqaiq-oil-field-video
oil,Why Vladimir Putin Suddenly Believes in Global Warming,2019-09-28,Bloomberg,"Russia was happy that global warming opened up Arctic oil, but the melting of permafrost poses a huge threat to its hydrocarbon heartlands.",https://www.bloomberg.com/view/articles/2019-09-29/climate-change-russia-s-oil-and-gas-heartlands-are-under-threat
oil,Exxon Mobil Weighs Sale of Malaysian Offshore Assets,2019-10-09,Bloomberg,Exxon Mobil Corp. is considering a sale of its oil-producing offshore assets in Malaysia as part of the U.S. energy giant's global divestiture program.,https://www.bloomberg.com/news/articles/2019-10-09/exxon-mobil-is-said-to-weigh-sale-of-malaysian-offshore-assets
oil,Brazil Says Oil Polluting Its Coast Probably Came From Venezuela,2019-10-09,Bloomberg,Brazil's efforts to uncover the origin of oil washing up on more than 130 beaches along its pristine northeastern coastline are pointing to Venezuela as the...,https://www.bloomberg.com/news/articles/2019-10-09/brazil-says-oil-polluting-its-coast-probably-came-from-venezuela
oil,From Binge to Bust: A Canadian Oil Town Lines Up at the Food Bank,2019-10-11,Bloomberg,"Now, he and his staff help feed four times that. Before, the clientele was mostly folks struggling to pay rents that shot up during the oil boom. Today, it's...",https://www.bloomberg.com/news/features/2019-10-11/from-binge-to-bust-a-canadian-oil-town-lines-up-at-the-food-bank
oil,"One Month After Worst Oil-Supply Halt, Aramco Says All Clear",2019-10-14,Bloomberg,"In the early hours of a sweltering Saturday in September, a volley of missiles pierced the heart of Saudi Arabia's oil industry, knocking out 5% of global...",https://www.bloomberg.com/news/articles/2019-10-14/one-month-after-worst-oil-supply-halt-aramco-says-all-clear
oil,Oil Trading in U.S. Gulf Dries Up as Tanker Rates Skyrocket,2019-10-16,Bloomberg,"Soaring oil-tanker costs are drying up activity in the US export market as sellers are slow to lower offers and buyers are skittish, according to market...",https://www.bloomberg.com/news/articles/2019-10-15/u-s-crude-export-trading-dries-up-as-tanker-rates-skyrocket
oil,Kuwait Sees Neutral Zone Oil Pact With Saudis Within 45 Days,2019-10-19,Bloomberg,"Kuwait expects to sign an agreement with Saudi Arabia to restart oil production from the neutral zone along their border within 30 to 45 days, according to...",https://www.bloomberg.com/news/articles/2019-10-19/kuwait-sees-pact-on-oil-output-resumption-in-shared-saudi-zone
oil,Crude Oil Update: No Bulls To Be Found,2019-10-23,Investing.com,"crude oil daily.
	
		
		
	
Original Post",https://www.investing.com/analysis/crude-oil-update-no-bulls-to-be-found-200476535
oil,"After Decades of Fracking, We Finally Know How the Fluid Spreads Underground",2019-10-25,Bloomberg,"Given how profound an effect hydraulic fracturing has had on the U.S. economically in recent years, it can come something of a shock to discover how little...",https://www.bloomberg.com/graphics/2019-how-fracking-works/
oil,China Goes Through UAE ‘Backdoor’ to Buy Canadian Canola Oil,2019-10-28,Bloomberg,"China Goes Through UAE 'Backdoor' to Buy Canadian Canola Oil · Canola exports to UAE jumped 533% in September, analyst says · Asian giant previously was top...",https://www.bloomberg.com/news/articles/2019-10-28/china-going-through-uae-backdoor-to-acquire-canada-canola-oil
oil,Big Oil Investors Bracing for Bad News as Headwinds Gather,2019-10-28,Bloomberg,"Slumping energy prices, sluggish global demand and shrinking chemical margins are weighing on the oil industry as its biggest names prepare to announce...",https://www.bloomberg.com/news/articles/2019-10-28/big-oil-investors-bracing-for-bad-news-as-headwinds-gather
oil,U.S. Keeps Eye on Iran Oil Buyers as Sanctions Squeeze Flows,2019-10-30,Bloomberg,The U.S. has a message for buyers of sanctioned Iranian crude: we're watching you.,https://www.bloomberg.com/news/articles/2019-10-30/u-s-keeping-eye-on-iran-oil-buyers-as-sanctions-squeeze-flows
oil,Saudi Aramco’s Nine-Month Profit Falls 18% as IPO Starts,2019-11-04,Bloomberg,Saudi Aramco's nine-month profit fell 18% as lower oil prices eroded sales ahead of a share sale that could be the world's largest.,https://www.bloomberg.com/news/articles/2019-11-04/saudi-aramco-s-nine-month-profit-falls-18-as-ipo-starts
oil,"Joseph Lee Ambrose, Borneo Oil BHD: Profile and Biography",2019-11-08,Bloomberg,"Joseph Lee Ambrose is Managing Director at Borneo Oil BHD. See Joseph Lee Ambrose's compensation, career history, education, & memberships.",https://www.bloomberg.com/profile/person/21332543
oil,U.K. Billionaire Pulls Insider-Trading Case Against Oil Exec,2019-11-11,Bloomberg,An investment firm controlled by British billionaire Michael Spencer reached an 11th-hour settlement with an oil executive and his wife in a case that saw...,https://www.bloomberg.com/news/articles/2019-11-11/u-k-billionaire-pulls-insider-trading-case-against-oil-exec
oil,"Global Oil Demand to Hit a Plateau Around 2030, IEA Predicts",2019-11-12,Bloomberg,"Global oil demand will hit a plateau around 2030 as the use of more efficient cars and electric vehicles ends an expansion that dominated the past century,...",https://www.bloomberg.com/news/articles/2019-11-13/global-oil-demand-to-hit-a-plateau-around-2030-iea-predicts
oil,Crude Oil: Nov. 14 Preview,2019-11-13,Investing.com,"Crude oil inside the bear flag.
	
	
		
		
	
",https://www.investing.com/analysis/crude-oil-nov-14-preview-200485087
oil,Venezuela Is Secretly Exporting Millions of Barrels of Oil,2019-11-14,Bloomberg,"The Dragon, a massive oil tanker flying the Liberian flag, is supposed to be floating somewhere off the coast of France, according to its last GPS signal.",https://www.bloomberg.com/news/articles/2019-11-14/secret-ships-boost-venezuelan-oil-exports-despite-u-s-sanctions
oil,"This Fish-Oil Heart Drug Will Be Big, Could Be Huge",2019-11-15,Bloomberg,"Drugmaker Amarin Corp Plc shocked the world last year when a long-running clinical trial showed that its medicine derived from purified fish oil, Vascepa,...",https://www.bloomberg.com/view/articles/2019-11-15/fda-panel-clears-amarin-fish-oil-drug-for-heart-for-wider-release
oil,Legendary Oil Trader Says the End of Demand Growth in Sight,2019-11-15,Bloomberg,"Legendary Oil Trader Says the End of Demand Growth in Sight ... This article is for subscribers only. Andy Hall, one of the most successful oil traders of his...",https://www.bloomberg.com/news/articles/2019-11-15/legendary-oil-trader-hall-says-end-of-demand-growth-in-sight
oil,Shell Traders Post $1 Billion Profit in Fuel Oil Market,2019-11-15,Bloomberg,"Shell traders celebrated hitting the $1 billion mark so far, likely the biggest by any one company in fuel oil this year, by ringing a bell on the company's...",https://www.bloomberg.com/news/articles/2019-11-15/shell-traders-ring-bell-for-1-billion-profit-in-fuel-oil-market
oil,Satellite Studying Volcanoes Finds Giant Oilfield Methane Plume,2019-11-22,Bloomberg,The monitoring of pollution from oil and gas fields achieved a major breakthrough after a satellite company discovered a methane leak in Central Asia...,https://www.bloomberg.com/news/articles/2019-11-22/satellite-studying-volcanoes-finds-giant-oilfield-methane-plume
oil,Ex-Petrobras Trader ‘Phil Collins’ Says Vitol Bribed Him,2019-11-23,Bloomberg,A former Petroleo Brasileiro SA oil trader who went by the code name “Phil Collins” told a Brazilian judge he received bribes from Vitol Group to favor the...,https://www.bloomberg.com/news/articles/2019-11-23/ex-petrobras-trader-phil-collins-tells-judge-vitol-bribed-him
oil,Faded Texas Oil Field Offers Austerity Lesson for U.S. Shale,2019-12-02,Bloomberg,"There are six wells on the parcel of land -- three drilled in 2013 and three from 2016 -- and together they churn out just 130 barrels of crude daily, worth...",https://www.bloomberg.com/news/articles/2019-12-02/faded-texas-oil-field-offers-austerity-lesson-for-u-s-shale
oil,Fate of Oil Tankers Idling Off China Holds Key to Shipping Rates,2019-12-04,Bloomberg,The fate of at least 15 oil tankers idling off the coast of China holds the key to determining the path of global freight rates.,https://www.bloomberg.com/news/articles/2019-12-05/fate-of-oil-tankers-idling-off-china-holds-key-to-shipping-rates
oil,Abu Dhabi’s Go-To Man Builds $229 Billion Fund for Post-Oil Era,2019-12-08,Bloomberg,Abu Dhabi's go-to man builds $229 billion fund for post-oil era. Khaldoon Al Mubarak leads the state-owned investment fund Mubadala.,https://www.bloomberg.com/news/articles/2019-12-09/abu-dhabi-s-go-to-man-builds-229-billion-fund-for-post-oil-era
oil,Saudi Aramco IPO: $2 Trillion Dream Isn't Really About Oil,2019-12-09,Bloomberg,"The kingdom's valuation goal reflects, and depends on, patriotism.",https://www.bloomberg.com/view/articles/2019-12-09/saudi-aramco-ipo-2-trillion-dream-isn-t-really-about-oil
oil,Saudi Aramco Set to Pay Banks Only $64 Million for Record IPO,2019-12-12,Bloomberg,"Saudi Aramco is poised to pay a combined $64 million to the banks that arranged the world's largest initial public offering, a letdown for the Wall Street...",https://www.bloomberg.com/news/articles/2019-12-12/saudi-aramco-is-said-pay-banks-only-64-million-for-record-ipo
oil,Eni CEO Sees Oil Market Stabilizing on U.S.-China Trade Deal,2019-12-14,Bloomberg,"The partial trade deal that the U.S. reached with China should help make the global oil market more stable, Eni SpA Chief Executive Officer Claudio Descalzi...",https://www.bloomberg.com/news/articles/2019-12-14/eni-ceo-sees-oil-market-stabilizing-on-u-s-china-trade-deal
oil,Malaysia to Publish Oil-Palm Concession Maps in Traceability Bid,2019-12-15,Bloomberg,"Malaysia, the world's second-largest grower of palm oil, plans to publish concession maps and make them accessible to the public, according to the Malaysian...",https://www.bloomberg.com/news/articles/2019-12-15/malaysia-to-publish-oil-palm-concession-maps-in-traceability-bid
oil,The CEO Trying to Fix Palm Oil Says He’s No Orangutan Killer,2019-12-16,Bloomberg,"The CEO Trying to Fix Palm Oil Says He's No Orangutan Killer ... This article is for subscribers only. Carl Bek-Nielsen, who's about to give a tour...",https://www.bloomberg.com/news/articles/2019-12-16/the-ceo-trying-to-fix-palm-oil-says-he-s-no-orangutan-killer
oil,China’s Oil Imports Are Most World’s Ever Seen And Still Growing,2019-12-17,Bloomberg,China is breaking records for crude oil imports and isn't likely to stop soon as new refineries ramp up and hopes grow that the easing of trade tensions with...,https://www.bloomberg.com/news/articles/2019-12-17/china-s-oil-imports-are-most-world-s-ever-seen-and-still-growing
oil,"Shale's Amazing, World-Changing, Lousy Decade",2019-12-27,Bloomberg,"Shale's Amazing, World-Changing, Lousy Decade. A historic boom in production was a bust for stock prices. ... Liam Denning is a Bloomberg Opinion columnist...",https://www.bloomberg.com/opinion/articles/2019-12-27/shale-s-2010s-a-boom-for-oil-a-bust-for-stock-prices
oil,Soleimani Strike Isn’t Business as Usual for Oil,2020-01-03,Bloomberg,"Few outside of Iran will weep at the violent demise of Qassem Soleimani. The oil market, never sentimental, joined those cheering the sudden end of the...",https://www.bloomberg.com/view/articles/2020-01-03/qassem-soleimani-s-death-isn-t-business-as-usual-for-oil-market
oil,Watch EM FX Is a Good Opportunity for First-Half of 2020: Alphabook’s Malone,2020-01-13,Bloomberg,"Martin Malone, chief economic adviser at Alphabook, discusses his outlook for oil, commodities and emerging markets. He speaks on “Bloomberg Daybreak:...",https://www.bloomberg.com/news/videos/2020-01-13/em-fx-is-a-good-opportunity-for-first-half-of-2020-alphabook-s-malone-video
oil,Wall Street’s Biggest Oil Hedge Is Declared a State Secret,2020-01-13,Bloomberg,Wall Street's Biggest Oil Hedge Is Declared a State Secret ... This article is for subscribers only. Mexico has made key data on its sovereign oil hedge a state...,https://www.bloomberg.com/news/articles/2020-01-13/mexico-makes-oil-hedge-data-a-state-secret-to-thwart-speculators
oil,Iraqi Oil Field Halts as Reform-Driven Protests Escalate,2020-01-19,Bloomberg,Iraq temporarily stopped work on an oil field on Sunday and supply from a second production site is at risk as widespread unrest escalates.,https://www.bloomberg.com/news/articles/2020-01-19/iraqi-oil-field-halts-as-protests-calling-for-reforms-escalate
oil,Oil-Rich Family Bets Its Millions on Cleaner Fuel in Indonesia,2020-01-22,Bloomberg,"For much of Juchiro Tampi's life, black gold from Indonesia's resource-rich soils powered his family's business -- one of the country's few privately held...",https://www.bloomberg.com/news/articles/2020-01-22/oil-rich-family-bets-its-millions-on-cleaner-fuel-in-indonesia
oil,Oil Traders Made Billions in 2019 as Conflict Shook the Market,2020-01-27,Bloomberg,Oil Traders Made Billions in 2019 as Conflict Shook the Market ... This article is for subscribers only. The world's largest energy traders enjoyed one of their...,https://www.bloomberg.com/news/articles/2020-01-27/oil-traders-made-billions-in-2019-as-conflict-shook-the-market
oil,"Hadar Bino Shmueli, Paz Oil Co Ltd: Profile and Biography",2020-01-27,Bloomberg,"Hadar Bino Shmueli is Former Board Member at Paz Oil Co Ltd. See Hadar Bino Shmueli's compensation, career history, education, & memberships.",https://www.bloomberg.com/profile/person/4679704
oil,Oil Data From SARS Era Offers Clues to Impact of China Virus,2020-01-29,Bloomberg,"The 2003 outbreak of Severe Acute Respiratory System, or SARS, did indeed crimp demand, according to figures provided to Bloomberg by the International Energy...",https://www.bloomberg.com/news/articles/2020-01-29/oil-data-from-sars-era-offers-clues-to-impact-of-china-outbreak
oil,"Anastasia Demosthenous, Independent Oil & Resources PLC: Profile and Biography",2020-01-30,Bloomberg,"Anastasia Demosthenous is Former Board Member at Independent Oil & Resources PLC. See Anastasia Demosthenous's compensation, career history, education,...",https://www.bloomberg.com/profile/person/18811618
oil,China Demand for Latin America Oil Grinds to Halt on Virus Fear,2020-01-30,Bloomberg,Sales of Latin American oil cargoes to China have ground to a halt this week as the deepening crisis around the coronavirus further stifles an already quiet...,https://www.bloomberg.com/news/articles/2020-01-30/virus-scare-grinds-to-a-halt-china-demand-for-latin-american-oil
oil,Pompeo Offers Oil-Strapped Belarus All the Crude It May Need,2020-02-01,Bloomberg,US Secretary of State Michael Pompeo suggested his country may help Belarus satisfy its demand for crude as the former Soviet nation scrambles to find...,https://www.bloomberg.com/news/articles/2020-02-01/pompeo-offers-oil-strapped-belarus-all-the-crude-it-may-need
oil,Exxon Partner Fires Back at Papua New Guinea in Gas Fall-Out,2020-02-02,Bloomberg,Exxon Mobil Corp.'s partner on a Papua New Guinea gas project that's threatened by failed talks with the government hit back at the state's position on...,https://www.bloomberg.com/news/articles/2020-02-03/exxon-partner-fires-back-at-papua-new-guinea-in-gas-fall-out
oil,Chevron Boosts Venezuela Oil Output While U.S. Is Eyeing New Sanctions,2020-02-11,Bloomberg,"Chevron Corp. has ramped up output at a key Venezuela oil project to levels not seen in almost a year, offering a thorny reminder of how U.S. sanctions are...",https://www.bloomberg.com/news/articles/2020-02-10/chevron-boosts-venezuela-oil-while-u-s-is-eyeing-new-sanctions
oil,Chinese Refiners Go on Buying Spree as Oil Too Cheap to Ignore,2020-02-14,Bloomberg,A sudden oil buying spree by China's independent refiners has taken Asian traders by surprise.,https://www.bloomberg.com/news/articles/2020-02-14/chinese-refiners-go-on-buying-spree-as-oil-too-cheap-to-ignore
oil,Russia Faces $50 Billion Payout From Seizure of Oligarch Oil Assets,2020-02-18,Bloomberg,Russia Faces $50 Billion Payout From Seizure of Oligarch Oil Assets · Court said there was no question of conflict with Russian law · Former Yukos owners say...,https://www.bloomberg.com/news/articles/2020-02-18/dutch-court-reinstates-50-billion-yukos-judgment-against-russia
oil,U.S. Sanctions Rosneft Unit for Ties to Venezuelan Oil Trade,2020-02-18,Bloomberg,"The U.S. sanctioned a unit of Russia's largest oil producer, Rosneft PJSC, for maintaining ties with Venezuela's Nicolas Maduro and state-run oil company...",https://www.bloomberg.com/news/articles/2020-02-18/u-s-sanctions-rosneft-unit-for-ties-to-venezuela-oil-production
oil,The Hollywood-Style Trader Running Russia’s Sanctioned Oil Deal,2020-02-19,Bloomberg,The Hollywood-Style Trader Running Russia's Sanctioned Oil Deal · Rosneft Trading CEO Didier Casimiro: a polyglot veteran trader · He's expanded Rosneft's...,https://www.bloomberg.com/news/articles/2020-02-19/the-hollywood-style-trader-running-russia-s-sanctioned-oil-deal
oil,Sanctions on Rosneft Unit Threaten Venezuela’s Vital Oil Trade,2020-02-19,Bloomberg,"US sanctions on Rosneft Trading SA threaten Venezuela's ability to export oil, but pose only a limited threat to the Russian energy giant's wider business.",https://www.bloomberg.com/news/articles/2020-02-18/sanctions-on-rosneft-unit-threaten-venezuela-cash-cow-oil-trade
oil,‘Nail in the Coffin’: Era of Big Oil Sands Mines May Be Over,2020-02-25,Bloomberg,Canada's oil sands industry may have already built its last big mine. The cancellation of Teck Resources Ltd.'s Frontier project in northern Alberta.,https://www.bloomberg.com/news/articles/2020-02-24/-nail-in-the-coffin-era-of-big-oil-sands-mines-may-be-over
oil,Watch The Winners & Losers of Oil's Plunge,2020-02-28,Bloomberg,"Playlist · The Winners & Losers of Oil's Plunge · Starbucks CEO on Earnings, Sales Growth, Speedy Service · Pershing Square's Ackman Talks IPO, State of Markets.",https://www.bloomberg.com/news/videos/2020-02-28/the-winners-losers-of-oil-s-plunge-video
oil,Oil’s Historic Tumble Illustrated in Charts,2020-03-08,Bloomberg,"Video Player is loading. ... Sorry, something went wrong. Check your internet connection or refresh the page. Try Again. Ad0:00. Winners and Losers From Oil's...",https://www.bloomberg.com/news/articles/2020-03-09/these-five-charts-show-how-opec-breakup-is-roiling-oil-markets
oil,Why the OPEC-Russia Blowup Sparked All-Out Oil Price War,2020-03-09,Bloomberg,"A petroleum price war exploded in March after the dramatic collapse of an alliance between the OPEC cartel and Russia, a pact that had underpinned world oil...",https://www.bloomberg.com/news/articles/2020-03-09/why-opec-russia-blowup-sparked-all-out-oil-price-war-quicktake
oil,Trump Spoke to Saudi Crown Prince Before Oil Production Hike,2020-03-10,Bloomberg,U.S. President Donald Trump spoke with Mohammed bin Salman by phone before the Saudi crown prince escalated the oil-price war Tuesday by increasing...,https://www.bloomberg.com/news/articles/2020-03-10/trump-spoke-to-saudi-crown-prince-over-oil-price-war
oil,China Considers Boosting State Oil Reserves After Crash,2020-03-11,Bloomberg,"Oil's historic price crash is prompting the Chinese government to consider buying more crude for state reserves, according to people with knowledge of the...",https://www.bloomberg.com/news/articles/2020-03-11/china-considers-boosting-state-oil-reserves-after-price-crash
oil,"No Respite Seen for Loonie With Oil War, Pandemic Raging On",2020-03-12,Bloomberg,Bad news for the Canadian dollar is piling up with strategists seeing no end in sight.,https://www.bloomberg.com/news/articles/2020-03-11/new-normal-for-canadian-dollar-as-oil-war-pandemic-rage-on
oil,Trump Orders U.S. to Stock Up Oil Reserve After Price Crash,2020-03-13,Bloomberg,Replenishing the Strategic Petroleum Reserve -- as proposed by some oil lobbyists earlier this week in light of the collapse in prices -- would enable the...,https://www.bloomberg.com/news/articles/2020-03-13/trump-says-going-to-buy-large-quantities-of-oil-for-reserve-k7qlrbck
oil,"World Is Heading for Biggest Ever Oil Surplus, Says IHS Markit",2020-03-16,Bloomberg,"After a dizzying drop in demand and an about-face in Saudi Arabian production policy, global oil markets face the possibility of the biggest crude surplus...",https://www.bloomberg.com/news/articles/2020-03-16/world-is-heading-for-biggest-ever-oil-surplus-says-ihs-markit
oil,When Will The Oil War End? History Signals a Long Wait,2020-03-17,Bloomberg,"The battle will be a long one. Riyadh has waged four price wars, including the current one, over the last 35 years. All of them lasted at least a year, and...",https://www.bloomberg.com/news/articles/2020-03-18/when-will-the-oil-war-end-history-signals-a-long-wait
oil,Canadian Crude Is So Cheap It Costs More to Ship Than to Buy,2020-03-26,Bloomberg,"Canadian heavy crude has become so cheap that the cost of shipping it to refineries exceeds the value of the oil itself, a situation that may result in even...",https://www.bloomberg.com/news/articles/2020-03-26/canadian-crude-is-so-cheap-it-costs-more-to-ship-it-than-buy-it
oil,Some American Oil Is Going for Less Than $10 a Barrel,2020-03-30,Bloomberg,"Some American Oil Is Going for Less Than $10 a Barrel · Canadian heavy oil fast approaching zero as refineries cut · Bakken oil at lowest on record, Permian at...",https://www.bloomberg.com/news/articles/2020-03-30/more-american-oil-sinks-below-10-a-barrel-with-demand-vanishing
oil,Trump and Putin Are All Talk on Plunging Oil Prices,2020-04-01,Bloomberg,No amount of bullying or half-hearted diplomacy can stop the plunge in oil demand — and prices — brought on by coronavirus lockdowns worldwide.,https://www.bloomberg.com/view/articles/2020-03-31/trump-and-putin-are-all-talk-on-plunging-oil-prices
oil,Trump’s 10 Million Oil Barrel Tweet Is Performance Art,2020-04-02,Bloomberg,"Trump's 10 Million Barrel Tweet Is Performance Art. The president, Russia and Saudi Arabia all gain from pretending to have power over an oil market already out...",https://www.bloomberg.com/opinion/articles/2020-04-02/trump-s-10-million-oil-barrel-tweet-is-performance-art
oil,"In Gulf’s Oil Rigs, Crews Fight Virus to Keep Crude Flowing",2020-04-07,Bloomberg,"Sorry, something went wrong ... This article is for subscribers only. Inside more than a thousand offshore drilling rigs and oil production platforms that dot the...",https://www.bloomberg.com/news/articles/2020-04-07/in-gulf-s-offshore-rigs-crews-fight-virus-to-keep-oil-flowing
oil,Putin Makes Painful Climbdown as He Sues for Peace in Oil War,2020-04-13,Bloomberg,"Vladimir Putin's deal with OPEC to cut oil output and boost prices three years ago was a triumph for the Russian leader, bolstering his clout on the global...",https://www.bloomberg.com/news/articles/2020-04-13/putin-makes-painful-climbdown-as-he-sues-for-peace-in-oil-war
oil,Aramco Cuts Oil Pricing to Asia Even After OPEC+ Output Deal,2020-04-13,Bloomberg,"State-run Saudi Aramco reduced official selling prices for May exports to Asia and the Mediterranean region, according to a price list seen by Bloomberg. The...",https://www.bloomberg.com/news/articles/2020-04-13/aramco-cuts-all-may-oil-pricing-to-asia-raises-pricing-to-u-s
oil,Unprecedented Fall in Demand Most to Blame for Oil Slump: Chart,2020-04-16,Bloomberg,Oil prices have fallen by $36 per barrel so far this year: BE estimates that $22 of this drop is due to weak demand resulting from the coronavirus pandemic.,https://www.bloomberg.com/news/articles/2020-04-16/unprecedented-fall-in-demand-most-to-blame-for-oil-slump-chart
oil,Just How Big Is the Biggest-Ever Slump in World Oil Demand?,2020-04-17,Bloomberg,How low can you go? That seems to be the question bothering the world's big-three oil forecasting agencies as they grapple to come to terms with the size of...,https://www.bloomberg.com/news/articles/2020-04-17/just-how-big-is-the-biggest-ever-slump-in-world-oil-demand
oil,How an Epic Gamble Exposed the Rot Inside an Oil Empire,2020-04-21,Bloomberg,"Hin Leong, one of the most powerful and secretive names in oil trading. Founded in 1963 by a young immigrant from China known to everyone in the industry as OK...",https://www.bloomberg.com/news/articles/2020-04-21/how-an-epic-gamble-exposed-the-rot-inside-ok-lim-s-oil-empire
oil,Oil Falls After Major Index Bails Out of June WTI Contract,2020-04-27,Bloomberg,"Sorry, something went wrong ... This article is for subscribers only. Oil fell following wild price swings set off when a major index tracked by billions of...",https://www.bloomberg.com/news/articles/2020-04-27/oil-hangs-on-near-13-as-etf-selloff-exacerbates-glut-concerns
oil,"Saudi Oil Exports Soar Ahead of OPEC+ Cuts on China, U.S. Demand",2020-04-30,Bloomberg,"The oil-price war that Saudi Arabia started last month may be over, but the effects are still rippling through the market.",https://www.bloomberg.com/news/articles/2020-04-30/saudi-oil-exports-soar-ahead-of-opec-cuts-on-china-u-s-demand
oil,Diamond Offshore Drilling Inc - Company Profile and News,2020-05-01,Bloomberg,"Diamond Offshore Drilling, Inc. is an offshore oil and gas drilling contractor. The Company provides offshore drilling services in the deepwater,...",https://www.bloomberg.com/profile/company/DOFSQ:US
oil,Iran’s Veteran OPEC Governor in Coma After Brain Hemorrhage,2020-05-03,Bloomberg,"Iran's governor at OPEC, Hossein Kazempour Ardebili, went into a coma at a hospital in Tehran after suffering a brain hemorrhage, an official at the...",https://www.bloomberg.com/news/articles/2020-05-03/iran-s-veteran-opec-governor-in-coma-after-brain-hemorrhage
oil,"In Historic Oil Shutdown, Hard Part Is Picking Which Well Closes",2020-05-04,Bloomberg,"Producers are shutting wells at a tremendous rate with oil prices sitting at historic lows. On Friday, Exxon Mobil Corp. said it will cut the number of its rigs...",https://www.bloomberg.com/news/articles/2020-05-04/idling-an-oil-well-is-latest-dilemma-for-beleaguered-producers
oil,Turning Oil Wells Back on Is Trickier Than Shutting Them Off,2020-05-07,Bloomberg,Turning Oil Wells Back on Is Trickier Than Shutting Them Off · Reviving shuttered oil wells presents entirely new challenges · Millions of barrels of North...,https://www.bloomberg.com/news/articles/2020-05-07/shale-sector-faces-great-unknown-when-time-comes-to-reopen-wells
oil,Oil Crash Busted Broker’s Computers and Inflicted Big Losses,2020-05-08,Bloomberg,Oil's first trip into negative pricing had broken Interactive Brokers Group Inc. Its software couldn't cope with that pesky minus sign.,https://www.bloomberg.com/news/articles/2020-05-08/oil-crash-busted-a-broker-s-computers-and-inflicted-huge-losses
oil,Oil Posts Five-Week High After U.S. Cuts Production Outlook,2020-05-11,Bloomberg,Oil climbed to the highest level since early April after the U.S. government lowered its output forecast for the year.,https://www.bloomberg.com/news/articles/2020-05-11/oil-rebounds-as-deeper-output-cuts-seen-easing-storage-pressure
oil,Saudi Aramco Weighs Staggering Payments for Sabic Deal,2020-05-11,Bloomberg,Saudi Aramco is in early talks about further staggering payments for a controlling stake in local petrochemical giant Saudi Basic Industries Corp.,https://www.bloomberg.com/news/articles/2020-05-10/saudi-aramco-is-said-to-weigh-staggering-payments-for-sabic-deal
oil,Vitol’s Americas Head Mike Loya Leaves Oil Trading Giant,2020-05-18,Bloomberg,"Miguel “Mike” Loya, the long-time head of Vitol Group's operations in the Americas, has exited the high-profile role as Ben Marshall takes over in Houston at...",https://www.bloomberg.com/news/articles/2020-05-18/vitol-s-americas-head-mike-loya-leaves-oil-trading-giant
oil,"A Month After Oil Plunged Into the Abyss, Prices Are Surging",2020-05-20,Bloomberg,"For the world's most important commodity, there's never been a month like it. Just a few weeks ago, crude oil was akin to industrial waste in some parts of...",https://www.bloomberg.com/news/articles/2020-05-19/a-month-after-oil-plunged-into-the-abyss-prices-are-surging
oil,"Sasol Slumps as Lower Oil, Virus Crimp Full-Year Profit",2020-05-22,Bloomberg,"Sasol Slumps as Lower Oil, Virus Crimp Full-Year Profit · Headline earnings expected to drop at least 20% this year · Cash conservation, potential rights offer...",https://www.bloomberg.com/news/articles/2020-05-22/sasol-slumps-as-lower-oil-prices-virus-crimp-full-year-profit
oil,"Chevron Plans Sweeping Job Cuts With 6,000 Employees at Risk",2020-05-28,Bloomberg,"Chevron Corp. is planning a 10% to 15% reduction in its global workforce this year, the biggest cut to headcount yet among global oil majors following the...",https://www.bloomberg.com/news/articles/2020-05-27/chevron-sees-up-to-15-reduction-in-workforce-across-company
oil,Old U.S. Oil Refinery to Pursue New Green Life After Crude Crash,2020-06-02,Bloomberg,"HollyFrontier Corp.'s Cheyenne refinery will stop using crude oil and be repurposed to pump out renewable diesel, which is typically made from soybean oil,...",https://www.bloomberg.com/news/articles/2020-06-01/old-u-s-oil-refinery-to-pursue-new-green-life-after-crude-crash
oil,Malaysia Farms Face $3 Billion Hit From Palm Oil Worker Shortage,2020-06-05,Bloomberg,"Malaysia's economy relies on palm oil, its most important agricultural commodity, but palm oil needs migrant workers from Indonesia, Bangladesh and India to do...",https://www.bloomberg.com/news/articles/2020-06-04/malaysia-farms-face-3-billion-hit-from-palm-oil-worker-shortage
oil,Largest Libyan Oil Field Resumes Output Amid Cease-Fire Push,2020-06-07,Bloomberg,Libya's biggest oilfield is gradually resuming production after a five-month shutdown as regional powers push to end the country's civil war.,https://www.bloomberg.com/news/articles/2020-06-06/libya-s-largest-oil-field-is-resuming-production-official-says
oil,Asian Crude Oil Buyers Shocked by Saudi Arabia’s Price Hike,2020-06-08,Bloomberg,Saudi Arabia's steep hikes to its crude prices for July have shocked some Asian refiners even as the region leads a rebound in global energy consumption...,https://www.bloomberg.com/news/articles/2020-06-08/saudi-oil-hike-shocks-some-asian-buyers-without-better-options
oil,Goldman Traders Reap $1 Billion in Commodities on Oil Tumult,2020-06-10,Bloomberg,Goldman Traders Reap $1 Billion in Commodities on Oil Tumult · Oil-price collapse drives the desk's best start in a decade · Commodities trading unit faced...,https://www.bloomberg.com/news/articles/2020-06-10/goldman-traders-score-1-billion-in-commodities-after-oil-tumult
oil,Oil Giant Saudi Aramco Completes $70 Billion Takeover of Sabic,2020-06-17,Bloomberg,Oil Giant Saudi Aramco Completes $70 Billion Takeover of Sabic ... Source: Saudi Basic Industries Corp. ... This article is for subscribers only. Follow us @...,https://www.bloomberg.com/news/articles/2020-06-17/oil-giant-saudi-aramco-completes-69-billion-takeover-of-sabic
oil,Virus Takes Root in Venezuela Oil Town Already in Collapse,2020-06-24,Bloomberg,"Blood stains on the walls and floors. Cockroaches and rats in hallways. And several dozen Covid-19 patients per ward, but only two nurses and one bathroom.",https://www.bloomberg.com/news/articles/2020-06-24/virus-takes-root-in-venezuela-oil-town-already-in-collapse
oil,Nigeria’s Behemoth State Oil Company Sheds Cloak of Secrecy,2020-06-26,Bloomberg,"Nigeria's powerful state oil company, whose finances and operations have been shrouded in secrecy for decades, is opening itself up to greater public scrutiny.",https://www.bloomberg.com/news/articles/2020-06-27/nigeria-s-behemoth-state-oil-company-sheds-cloak-of-secrecy
oil,Saudi Aramco's Dividend Math Doesn't Add Up Considering Oil Price,2020-06-27,Bloomberg,The $75 billion that Saudi Aramco doles out in dividends every year dwarfs what any other listed company gives to shareholders.,https://www.bloomberg.com/opinion/articles/2020-06-28/saudi-aramco-s-dividend-math-doesn-t-add-up-considering-oil-price
oil,Watch Fracking: From Revolution to Money Pit,2020-07-02,Bloomberg,"For most any nation, let alone a superpower, energy independence is considered the geopolitical holy grail. So when fracking lured in American investors,...",https://www.bloomberg.com/news/videos/2020-07-02/fracking-from-revolution-to-money-pit-video
oil,Lost in Oil Rally: $2 Trillion-a-Year Refining Industry Pain,2020-07-06,Bloomberg,"Lost in Oil Rally: $2 Trillion-a-Year Refining Industry Pain ... This article is for subscribers only. Crude oil is the world's most important commodity, but it's...",https://www.bloomberg.com/news/articles/2020-07-05/lost-in-oil-s-rally-2-trillion-a-year-refining-industry-crisis
oil,Grim Day for Pipelines Shows They’re Almost Impossible to Build,2020-07-06,Bloomberg,"To be an energy superpower, U.S. oil and natural gas requires a suitably gargantuan pipeline network that stretches for millions of miles.",https://www.bloomberg.com/news/articles/2020-07-06/demise-of-gas-project-shows-u-s-pipelines-becoming-unbuildable
oil,Venezuela Oil Minister Gets Covid-19 Days After Meeting Maduro,2020-07-10,Bloomberg,Venezuela's Oil Minister Tareck El Aissami said he's tested positive for Covid-19 five days after a televised meeting alongside President Nicolas Maduro.,https://www.bloomberg.com/news/articles/2020-07-10/venezuela-oil-minister-gets-covid-19-days-after-meeting-maduro
oil,"A Wild Oil Market, Reliance’s Cash Flood Hold Up Aramco Deal",2020-07-16,Bloomberg,"Saudi Aramco, the world's biggest oil producer, was set to buy a 20% stake in Reliance Industries Ltd.'s refining and petrochemicals business, valuing it at $...",https://www.bloomberg.com/news/articles/2020-07-16/a-wild-oil-market-flowing-cash-for-reliance-hold-up-aramco-deal
oil,Rulers of Oil-Rich Saudi Arabia and Kuwait Are Hospitalized,2020-07-20,Bloomberg,"King Salman bin Abdulaziz of Saudi Arabia has been admitted to a hospital in Riyadh early Monday for medical tests, the second elderly ruler of an oil-rich...",https://www.bloomberg.com/news/articles/2020-07-20/saudi-king-salman-checks-into-hospital-for-medical-tests-spa
oil,"Frackers Are in Crisis, Endangering America’s Energy Renaissance",2020-07-21,Bloomberg,"Even before the pandemic, West Texas was reeling and Wall Street was running out of patience with the industry.",https://www.bloomberg.com/news/features/2020-07-21/u-s-oil-shale-industry-faces-extinction-amid-shutdowns
oil,Indonesia’s Palm Oil Reserves Seen Slumping to 16-Month Low,2020-07-23,Bloomberg,"Palm oil stockpiles in Indonesia, the world's top grower, will probably plunge to their smallest in 16 months by the end of July as production hits the lowest...",https://www.bloomberg.com/news/articles/2020-07-22/indonesia-s-palm-reserves-set-to-slump-to-16-month-low-on-floods
oil,Glencore Follows Oil Majors Reaping Bumper Trading Profits,2020-07-31,Bloomberg,Glencore Plc said trading profit will be at the top end of its target this year as the commodities giant joins big oil companies enjoying a bonanza from...,https://www.bloomberg.com/news/articles/2020-07-31/glencore-follows-oil-majors-reaping-bumper-trading-profits
oil,Marathon Petroleum Won’t Restart Two Idled Oil Refineries,2020-08-01,Bloomberg,"Marathon Petroleum Corp, the largest U.S. independent oil refiner, said it won't restart two refineries in California and New Mexico amid concerns that...",https://www.bloomberg.com/news/articles/2020-08-01/marathon-petroleum-to-close-two-oil-refineries-as-virus-rages
oil,Oil Giant Vitol Handed Record $2.2 Billion Payout to Its Traders,2020-08-01,Bloomberg,Oil Giant Vitol Handed Record $2.2 Billion Payout to Its Traders ... This article is for subscribers only. Vitol Group paid a record $2.2 billion to its...,https://www.bloomberg.com/news/articles/2020-08-01/oil-giant-vitol-handed-record-2-2-billion-payout-to-its-traders
oil,Money Stuff: Some People Made Money on Negative Oil Prices,2020-08-04,Bloomberg,"These people are not looking to buy oil futures at whatever the settlement price is, they don't need any oil futures, they just do that trade because other...",https://www.bloomberg.com/news/newsletters/2020-08-04/money-stuff-some-people-made-money-on-negative-oil-prices
oil,"Exxon Says 20% of Oil, Gas Reserves Threatened by Low Prices",2020-08-06,Bloomberg,Exxon Mobil Corp. warned that low energy prices may wipe as much as one-fifth of its oil and natural gas reserves off the books.,https://www.bloomberg.com/news/articles/2020-08-05/exxon-20-of-its-oil-gas-reserves-threatened-by-low-prices
oil,Struggling Iran Wants Its People to Invest Their Money in Oil,2020-08-12,Bloomberg,"Iran plans to enable members of the public to invest in oil on its capital markets for the first time, as the government looks for ways to strengthen an...",https://www.bloomberg.com/news/articles/2020-08-12/struggling-iran-wants-its-people-to-invest-their-money-in-oil
oil,Massive Refiners Are Turning into Biofuel Plants in the West,2020-08-13,Bloomberg,The latest sign of a worldwide energy transition: Massive oil refineries across the western U.S. are being converted into biofuel plants.,https://www.bloomberg.com/news/articles/2020-08-12/phillips-66-is-latest-refiner-to-shun-crude-oil-in-favor-of-fat
oil,U.S. Seizes Four Iranian Tankers Carrying Fuel to Venezuela,2020-08-14,Bloomberg,The U.S. seized four tankers carrying Iranian gasoline bound for Venezuela in an unprecedented move by the Trump administration that carries the potential...,https://www.bloomberg.com/news/articles/2020-08-14/u-s-seizes-four-tankers-carrying-iranian-oil-to-venezuela
oil,China Ramps Up U.S. Oil Purchases Before Trade Deal Review,2020-08-17,Bloomberg,"Supply Lines is a daily newsletter that tracks Covid-19's impact on trade. Sign up here, and subscribe to our Covid-19 podcast for the latest news and...",https://www.bloomberg.com/news/articles/2020-08-18/china-ramps-up-u-s-oil-purchases-before-trade-deal-review
oil,Ben and Jerry’s Maker Uses Phones to Track Sustainable Palm Oil,2020-08-18,Bloomberg,"The maker of Ben & Jerry's ice cream, Hellmann's mayonnaise and Dove soap will use cell phone geo-location data to track palm oil moving across thousands of...",https://www.bloomberg.com/news/articles/2020-08-17/unilever-uses-satellites-phones-to-track-sustainable-palm-oil
oil,Traders Suspect Venezuela Oil in China as Bitumen Flows Soar,2020-08-23,Bloomberg,Traders Suspect Venezuela Oil in China as Bitumen Flows Soar · Bitumen-mix from Malaysia to China jumps more than 10-fold · Material is chemically similar to...,https://www.bloomberg.com/news/articles/2020-08-24/china-s-bitumen-import-boom-has-traders-smelling-venezuelan-oil
oil,Exxon’s Imperial Shuts Oil-Sands Mine After Pipeline Spill,2020-09-02,Bloomberg,"Exxon Mobil Corp.'s Imperial Oil shut down its oil-sands mine after a spill from a pipeline that supplies diluent to the operation, adding to the woes of...",https://www.bloomberg.com/news/articles/2020-09-01/canadian-oil-rises-after-spill-shuts-diluent-pipeline-in-alberta
oil,Venezuela Has Hard Time Emptying Tanker at Risk of Sinking,2020-09-03,Bloomberg,"Venezuela is finding it difficult to secure a vessel on which to empty an oil tanker at risk of sinking off its coast because of U.S. sanctions,...",https://www.bloomberg.com/news/articles/2020-09-03/venezuela-sanctions-hinder-plans-to-take-oil-from-listing-tanker
oil,A Worthless Oil Field and the CEO’s $100 Million Windfall,2020-09-09,Bloomberg,The meeting would mark the beginning of the end of Lea Frye's career in oil and gas.,https://www.bloomberg.com/news/articles/2020-09-09/anadarko-s-100-million-ceo-ensnared-in-oilfield-fraud-lawsuit
oil,How AMLO’s Crown Jewel Became the World’s Deadliest Covid Company,2020-09-10,Bloomberg,"More employees have died at Pemex than at any other company in the world—and Mexico's president wants to keep the oil producer pumping, no matter what...",https://www.bloomberg.com/news/features/2020-09-10/oil-producer-pemex-has-the-most-covid-19-deaths-of-any-company-in-the-world
oil,Turkey Discussing Oil and Gas Exploration in Libya,2020-09-10,Bloomberg,"Turkey is in talks over oil and gas exploration in Libya, as President Recep Tayyip Erdogan's administration seeks business opportunities in the conflict-...",https://www.bloomberg.com/news/articles/2020-09-10/turkey-said-to-be-discussing-oil-and-gas-exploration-in-libya
oil,Why We Still Can’t Stop Oil Spills From Damaging the Environment,2020-09-10,Bloomberg,It has been more than half a century since the world looked on in horror as the Torrey Canyon spilled some 100000 tons of crude oil onto the coast of...,https://www.bloomberg.com/news/articles/2020-09-10/why-we-still-can-t-stop-oil-spills-from-damaging-the-environment
oil,Venezuela Is Tearing Apart Oil Pipelines to Sell as Scrap Metal,2020-09-11,Bloomberg,"Venezuela's capacity to produce some much-needed gasoline and diesel of its own hinges on a single oil play. To tap it, the Nicolas Maduro regime is willing...",https://www.bloomberg.com/news/articles/2020-09-11/venezuela-is-plucking-pieces-off-oil-pipelines-to-sell-as-scrap
oil,Oil Traders Snap Up Tankers in Sign Second-Wave Glut Is Near,2020-09-12,Bloomberg,"Some of the world's biggest oil traders are gearing up for a possible resurgence of a coronavirus-induced glut of crude and fuels, snapping up giant tankers...",https://www.bloomberg.com/news/articles/2020-09-11/oil-traders-snap-up-tankers-in-sign-second-wave-glut-may-be-near
oil,Libya to Restart Oil Exports at a Third Port as War Abates,2020-09-24,Bloomberg,"Libya to Restart Oil Exports at a Third Port as War Abates ... This article is for subscribers only. Libya's state oil company reopened another port, the third to...",https://www.bloomberg.com/news/articles/2020-09-23/libya-restarting-oil-exports-at-a-third-port-as-conflict-abates
oil,Threat of Venezuela Sanctions Has Reliance Buying Canadian Crude,2020-09-30,Bloomberg,Venezuela's dwindling oil exports were dealt another blow as one of India's top refiners secured millions of barrels of Canadian crude on concern that the...,https://www.bloomberg.com/news/articles/2020-09-29/top-refiner-pre-empts-new-oil-sanctions-against-venezuela
oil,The World’s Biggest Oil Trader Wants to Buy Your Used Car,2020-10-05,Bloomberg,"The World's Biggest Oil Trader Wants to Buy Your Used Car · Vitol starts second-hand vehicle venture in Turkey, Pakistan · Crude traders are diversifying amid...",https://www.bloomberg.com/news/articles/2020-10-06/the-world-s-biggest-oil-trader-wants-to-buy-your-used-car
oil,Mars Drops Palm-Oil Suppliers Who Can’t Meet Deforestation Goals,2020-10-05,Bloomberg,The company said on Tuesday that it has reached the point where its palm-oil use is no longer contributing to the clearing of tropical forests -- a practice...,https://www.bloomberg.com/news/articles/2020-10-06/mars-says-its-m-ms-are-no-longer-contributing-to-deforestation
oil,Premier Oil Swallowed by Chrysaor After Long Debt Struggle,2020-10-06,Bloomberg,Premier Oil Swallowed by Chrysaor After Long Debt Struggle · Takeover marks end of tough time for indebted U.K. oil company · Premier shareholders to hold just...,https://www.bloomberg.com/news/articles/2020-10-06/premier-oil-to-merge-with-chrysaor-holdings-via-reverse-takeover-kfxl9t9c
oil,Putin Oil Ally Gennady Timchenko Takes Fight for Frozen Funds to Top Swiss Court,2020-10-06,Bloomberg,"Putin's Oil Ally Takes Fight for Frozen Funds to Top Swiss Court ... This article is for subscribers only. Gennady Timchenko, a billionaire ally of Vladimir Putin...",https://www.bloomberg.com/news/articles/2020-10-06/putin-s-oil-ally-takes-fight-for-frozen-funds-to-top-swiss-court
oil,Oil’s Three-Speed Recovery Has Turned the Industry Upside Down,2020-10-07,Bloomberg,"The global network of tankers, pipelines and refineries that makes useful fuels out of crude oil is built on long-standing patterns of consumption: so much...",https://www.bloomberg.com/news/articles/2020-10-07/oil-s-three-speed-recovery-has-turned-the-industry-upside-down
oil,Nigerian Protesters Defy Ban in Oil Hub as Casualties Climb,2020-10-13,Bloomberg,"Nigerian Protesters Defy Ban in Oil Hub as Casualties Climb · Government to address all demands, prohibits use of force · Presidential panel to oversee further...",https://www.bloomberg.com/news/articles/2020-10-13/nigerian-oil-hub-braces-for-protests-against-police-brutality
oil,Nigeria’s Oil Giant Pares Annual Loss After Slashing Costs,2020-10-15,Bloomberg,Nigeria's state oil company said its annual loss shriveled to just a few million dollars last year as costs shrank across its operations.,https://www.bloomberg.com/news/articles/2020-10-15/nigeria-s-state-oil-giant-pares-annual-loss-after-slashing-costs
oil,Russia and Saudi Arabia Step Up Oil Diplomacy,2020-10-17,Bloomberg,"Russia and Saudi Arabia held a second, and unusual, phone call this week to discuss the OPEC+ agreement after officials from the group warned on Friday of the...",https://www.bloomberg.com/news/articles/2020-10-17/russia-saudi-arabia-ready-to-keep-energy-market-stable-kremlin
oil,Aramco Scales Back $20 Billion Chemicals Plant to Cost Cuts,2020-10-18,Bloomberg,Follow us @middleeast for more news on the region. Saudi Aramco will scale back a planned $20 billion crude-to-chemicals plant as it seeks to cut spending...,https://www.bloomberg.com/news/articles/2020-10-18/aramco-sabic-to-reassess-20-billion-crude-to-chemicals-project
oil,Europe’s Top Trucking Firm Says Pandemic Demand Is Booming,2020-10-23,Bloomberg,"Girteka Logistics, owner of Europe's largest fleet of trucks, said it will deliver about 800,000 full loads this year, up about 10% on 2019. The company has...",https://www.bloomberg.com/news/articles/2020-10-23/europe-s-top-trucking-firm-sees-demand-booming-in-boost-for-oil
oil,Mukesh Ambani Loses $6.5 Billion as Oil Sinks Reliance Stock,2020-11-02,Bloomberg,"Mukesh Ambani, Asia's richest man, saw $6.5 billion wiped from his net worth as Reliance Industries Ltd.'s shares tumbled the most in over seven months...",https://www.bloomberg.com/news/articles/2020-11-02/reliance-tumbles-to-three-month-low-after-profit-hit-by-oil
oil,Republican Insurgent Wright Wins Texas Oil Regulator Post,2020-11-04,Bloomberg,Republican Insurgent Wright Wins Texas Oil Regulator Post ... This article is for subscribers only. Republican Jim Wright was elected as one of three powerful...,https://www.bloomberg.com/news/articles/2020-11-04/republican-insurgent-jim-wright-wins-texas-oil-regulator-post
oil,Wind Power to Run Giant Green Hydrogen Plant at BP Oil Refinery,2020-11-10,Bloomberg,"Two of Europe's largest energy companies, BP Plc and Orsted A/S, said they'd join to develop an industrial-scale electrolyzer to make hydrogen as a green...",https://www.bloomberg.com/news/articles/2020-11-10/hydrogen-project-in-germany-gets-support-from-bp-orsted
oil,Dining-Out Drought Means Less Food Grease to Fuel Biofuel Hopes,2020-11-12,Bloomberg,"With fewer people eating out, refiners with millions on the line are racing to secure used cooking oil to feed their plants.",https://www.bloomberg.com/news/articles/2020-11-12/covid-restaurant-shutdowns-threaten-oil-refiners-biofuel-dreams
oil,UAE Escalates OPEC Dispute as Tensions on Output Quotas Grow,2020-11-19,Bloomberg,"The United Arab Emirates ratcheted up tension with oil allies in OPEC+, with officials privately questioning the benefits of being in the producers'...",https://www.bloomberg.com/news/articles/2020-11-18/uae-escalates-opec-dispute-as-tensions-on-output-quotas-mount
oil,America’s Biggest Oil Storage Hub Is Filling to the Brim Again,2020-11-20,Bloomberg,"Oil tanks in America's most important crude storage hub are filling to the brim once again, quickly approaching the critical levels reached in May after prices...",https://www.bloomberg.com/news/articles/2020-11-20/america-s-biggest-oil-storage-hub-is-filling-to-the-brim-again
oil,Abu Dhabi Plans $122 Billion in Oil Spending to Boost Output,2020-11-23,Bloomberg,"Follow us @middleeast for more news on the region. The United Arab Emirates is boosting investment to make good on pledges to increase output capacity,...",https://www.bloomberg.com/news/articles/2020-11-22/abu-dhabi-plans-to-spend-122-billion-on-oil-in-next-five-years
oil,Ex-Hockey Player Steers Hedge Fund to Record Bullish Bet on Oil,2020-11-23,Bloomberg,Ex-Hockey Player Steers Hedge Fund to Record Bullish Bet on Oil · Maple Rock boosted energy-stock bets as oil weakened · 'Inevitable that oil prices have to go...,https://www.bloomberg.com/news/articles/2020-11-23/hedge-fund-sees-chance-of-200-gain-for-energy-bets-at-55-oil
oil,Oil Surges With Weaker Dollar Compounding U.S. Supply Draw,2020-11-24,Bloomberg,Oil closed at an eight-month high amid a weakening dollar and optimism surrounding a surprise decline in US crude supplies and recent breakthroughs on a Covid-...,https://www.bloomberg.com/news/articles/2020-11-24/oil-rally-pauses-after-report-points-to-rising-u-s-stockpiles
oil,BP to Invest More in Middle East’s ‘World-Leading’ Oil Fields,2020-11-26,Bloomberg,BP Plc said it will invest more money in Middle Eastern oil and natural-gas fields even as it transitions to renewable energy and tries to lower emissions.,https://www.bloomberg.com/news/articles/2020-11-26/bp-to-invest-more-in-middle-east-s-world-leading-oil-fields
oil,Alaska Oil Exports Soar as China Picks Up Slack From West Coast,2020-12-03,Bloomberg,"The state is set to export the most crude in two decades, with volumes more than doubling from last year to 15.6 million barrels so far in 2020, according to...",https://www.bloomberg.com/news/articles/2020-12-03/alaska-oil-exports-soar-as-china-picks-up-slack-from-west-coast
oil,Denmark to End North Sea Oil Production in Milestone Deal,2020-12-04,Bloomberg,"Denmark, the European Union's biggest oil producer, will stop offering new licenses in the North Sea and phase out production altogether in 2050 as it takes...",https://www.bloomberg.com/news/articles/2020-12-03/denmark-ends-north-sea-oil-exploration-drops-production-in-2050
oil,‘An MBA in Corruption’: How Top Oil Trader Paid Bribes for Years,2020-12-07,Bloomberg,"'An MBA in Corruption': How Top Oil Trader Paid Bribes for Years ... This article is for subscribers only. For years, the world's largest oil trading firm has...",https://www.bloomberg.com/news/articles/2020-12-08/-an-mba-in-corruption-how-top-oil-trader-paid-bribes-for-years
oil,Lipow Oil Associates LLC,2020-12-10,Bloomberg,"Company profile page for Lipow Oil Associates LLC including stock price, company news, executives, board members, and contact information.",https://www.bloomberg.com/profile/company/1814617D:US
oil,Exxon Sets New Emissions Goals Following Investor Criticism,2020-12-14,Bloomberg,Exxon Mobil Corp. entered 2020 with a multiyear growth plan projected to significantly increase its greenhouse-gas emissions.,https://www.bloomberg.com/news/articles/2020-12-14/exxon-announces-new-emissions-targets-after-investor-criticism
oil,Toxic Spills in Venezuela Offer a Bleak Vision of the End of Oil,2020-12-15,Bloomberg,Toxic spills in Venezuela offer a bleak vision of the end of oil. Maduro's government is squeezing what it can from the collapsing industry.,https://www.bloomberg.com/news/features/2020-12-15/oil-spills-in-venezuela-offer-bleak-vision-of-what-lies-ahead
oil,Watch Are New Pipelines Doomed? Oil and Gas Delivery Explained,2020-12-16,Bloomberg,"Video Player is loading. ... Sorry, something went wrong. Check your internet connection or refresh the page. Try Again. Ad0:00. Dec 16th, 2020. Are...",https://www.bloomberg.com/news/videos/2020-12-16/are-new-pipelines-doomed-oil-and-gas-delivery-explained-video
oil,Shell Oil Site Seized by Nigerian State Over Unpaid Damages,2020-12-24,Bloomberg,An oil site operated by Royal Dutch Shell Plc's Nigerian unit has been seized by one of the country's state governments due to a dispute over an oil spill that...,https://www.bloomberg.com/news/articles/2020-12-23/shell-oil-site-seized-by-nigerian-state-over-unpaid-damages
oil,Venezuelan Oil Exports Crater as OPEC+ Set to Unleash More Crude,2020-12-31,Bloomberg,Venezuelan oil exports plummeted last month as U.S. sanctions have left some of the South American country's cargoes stranded in Asia and competition with...,https://www.bloomberg.com/news/articles/2020-12-31/venezuelan-oil-exports-crater-as-opec-set-to-unleash-more-crude
oil,"Oman Plans 2021 Borrowing as Oil Price, Virus Batter Economy",2021-01-01,Bloomberg,Oman's government will finance most of its budget shortfall in 2021 by borrowing to plug a fiscal gap battered by a decline in oil prices and the...,https://www.bloomberg.com/news/articles/2021-01-01/oman-plans-2021-borrowing-as-low-oil-price-virus-batter-economy
oil,Oil Has Best Week in Four Months With Saudi Cut Buoying Prices,2021-01-07,Bloomberg,Oil posted the biggest weekly gain since late September as Saudi Arabia's plan to slice output spurred a surge in physical crude buying.,https://www.bloomberg.com/news/articles/2021-01-07/oil-heads-for-weekly-gain-on-saudi-cuts-and-democratic-sweep
oil,Almost Half of South Africa’s Oil Refining Seen Shut Until 2022,2021-01-10,Bloomberg,South African plants owned by Glencore Plc and Petroliam Nasional Bhd that make up 43% of the nation's oil-refining capacity are expected to stay shut until...,https://www.bloomberg.com/news/articles/2021-01-11/almost-half-of-south-africa-s-oil-refining-seen-shut-until-2022
oil,Saudi Arabia's Output Cuts Will Protect Its Riches,2021-01-10,Bloomberg,"By holding back on oil production, the kingdom can preserve revenue while sacrificing minimal market share.",https://www.bloomberg.com/view/articles/2021-01-10/saudi-arabia-s-oil-production-cuts-will-end-up-protecting-revenue
oil,Palm Set for Best Year Since 2011 With La Nina in Spotlight,2021-01-14,Bloomberg,Palm oil prices are set to have their best annual showing in a decade even as the coronavirus pandemic rages on.,https://www.bloomberg.com/news/articles/2021-01-15/palm-oil-set-for-best-year-since-2011-with-la-nina-in-spotlight
oil,Saudi Oil Giant Understates Carbon Footprint by Up to 50%,2021-01-21,Bloomberg,The world's biggest oil company has been excluding most refineries and chemical plants from its carbon disclosures to investors.,https://www.bloomberg.com/news/articles/2021-01-21/how-much-does-aramco-pollute-missing-emissions-might-double-carbon-footprint
oil,India Still Hopes Oil Majors Will Join Race for Biggest Sale,2021-01-21,Bloomberg,India expects global oil majors to team up with investment funds that are already in the race for the nation's biggest asset sale -- state-owned refiner...,https://www.bloomberg.com/news/articles/2021-01-21/india-still-hopes-oil-majors-will-join-race-for-biggest-sale
oil,"Mohammed Azlan Shah, New Britain Palm Oil Ltd: Profile and Biography",2021-01-22,Bloomberg,"Mohammed Azlan Shah is Chief Executive Officer at New Britain Palm Oil Ltd. See Mohammed Azlan Shah's compensation, career history, education,...",https://www.bloomberg.com/profile/person/22128155
oil,Texas Oil Hub Gears Up for More Exports to China Despite Virus,2021-01-26,Bloomberg,America's main oil-export hub sees demand picking up from China this year even as a resurgence in the coronavirus clouds the outlook for consumption in the...,https://www.bloomberg.com/news/articles/2021-01-26/texas-oil-hub-gears-up-for-more-exports-to-china-despite-virus
oil,Chevron's Unusual 2020 Shows Big Oil's New Normal,2021-01-29,Bloomberg,"Chevron Corp. is first out of the gate with oil-major results for 2020, AKA the year oil closed in the red. And the company served up a another first.",https://www.bloomberg.com/opinion/articles/2021-01-29/chevron-4q-2020-earnings-unusual-year-is-big-oil-s-new-normal
oil,How China’s Private Refiners Upended the Oil Market: QuickTake,2021-02-01,Bloomberg,"Known as teapots because they started out as small and simple refineries, the industry has evolved over the years and now includes larger and more sophisticated...",https://www.bloomberg.com/news/articles/2021-02-01/how-china-s-private-refiners-upended-the-oil-market-quicktake
oil,"Office Glut Comes to Houston, Texas With Oil Bust Leaving Towers Empty",2021-02-03,Bloomberg,"After years of construction to accommodate an oil boom that's now gone bust, buildings are sitting empty, values are plunging and mortgage defaults are piling...",https://www.bloomberg.com/news/articles/2021-02-03/office-glut-comes-to-texas-with-oil-bust-leaving-towers-empty
oil,Indian Billionaire’s Refiner Buys First Cargo of Carbon-Offset Oil,2021-02-03,Bloomberg,Indian refiner Reliance Industries Ltd. has taken delivery of 2 million barrels of crude from Occidental Petroleum Corp. that the U.S. oil producer says is...,https://www.bloomberg.com/news/articles/2021-02-04/indian-billionaire-s-refiner-buys-1st-cargo-of-carbon-offset-oil
oil,Biggest Oil Refineries in U.S. Are Going Dark Amid the Cold,2021-02-15,Bloomberg,"The largest refineries in North America were shutting down Monday because of arctic conditions that have cut electricity, water and fuel supplies across Texas.",https://www.bloomberg.com/news/articles/2021-02-15/biggest-u-s-oil-refinery-shutting-down-because-of-cold-weather
oil,Restarting Texas’ Damaged Oil Refineries Is Going to Take Weeks,2021-02-18,Bloomberg,"Exxon Mobil Corp.'s Baytown and Beaumont plants, Marathon Petroleum Corp.'s Galveston Bay refinery and Total SE's Port Arthur facility all face at least several...",https://www.bloomberg.com/news/articles/2021-02-18/gulf-coast-fuel-makers-could-take-a-week-to-restart-after-freeze
oil,Supercharged Commodity Boom: Definitely. Supercycle? Not Exactly,2021-02-22,Bloomberg,"A surge in commodity prices has Wall Street banks gearing up for the arrival of a new supercycle, but underlying dynamics suggest it isn't going to be a...",https://www.bloomberg.com/news/articles/2021-02-23/supercharged-commodity-boom-definitely-supercycle-not-exactly
oil,"Ahmed Zaki Yamani, Who Helped Lead 1973 Oil Embargo, Dies",2021-02-23,Bloomberg,"Ahmed Zaki Yamani, Who Helped Lead 1973 Oil Embargo, Dies ... Sheikh Ahmed Yamani in 1973. ... This article is for subscribers only. Sheikh Ahmed Zaki Yamani, the...",https://www.bloomberg.com/news/articles/2021-02-23/former-saudi-oil-minister-ahmed-yamani-has-died-ekhbariya-says
oil,China’s Oil Reserves Are Close to Reaching Storage Capacity,2021-02-26,Bloomberg,Beijing set a goal of increasing government stockpiles to hold&nbsp;at least 90 days&nbsp;. Beijing set a goal of increasing government stockpiles to hold at...,https://www.bloomberg.com/news/articles/2021-02-26/china-s-oil-reserves-are-close-to-reaching-storage-capacity
oil,Dangers of Big Oil Spending Cuts Are Visible in Angola’s Slump,2021-02-26,Bloomberg,"Dangers of Big Oil Spending Cuts Are Visible in Angola's Slump ... This article is for subscribers only. The decline of Angola, from being Africa's top crude...",https://www.bloomberg.com/news/articles/2021-02-27/dangers-of-big-oil-spending-cuts-are-visible-in-angola-s-slump
oil,Don’t Believe the U.S. Energy Independence Hype,2021-02-27,Bloomberg,"Simply producing more than you consume might qualify as self-sufficiency, but not true independence.",https://www.bloomberg.com/opinion/articles/2021-02-28/what-energy-dependence-the-u-s-still-needs-russian-oil-and-middle-east-peace
oil,Venezuela Oil Exports Drop After U.S. Sanctions on Key Traders,2021-03-01,Bloomberg,Venezuela oil exports dropped in February after the U.S. sanctioned key trading houses and individuals that had been propping up exports of the commodity...,https://www.bloomberg.com/news/articles/2021-03-01/venezuela-oil-exports-drop-after-u-s-sanctions-on-key-traders
oil,Apache Corp,2021-03-02,Bloomberg,"Apache Corporation operates as an independent energy company. The Company develops and produces crude oil, natural gas, and liquids. Apache operates worldwide.",https://www.bloomberg.com/profile/company/9990302D:US
oil,"Yemen’s Houthis Claim Strike on Saudi Base, Aramco Oil Depot",2021-03-04,Bloomberg,"The Houthis, who are backed by Iran in Yemen's civil war, said they bombed King Khalid Air Base in Saudi Arabia's southwestern city of Khamis Mushait with a...",https://www.bloomberg.com/news/articles/2021-03-04/yemen-s-houthis-claim-missile-attack-on-saudi-aramco-in-jeddah
oil,"Malaysia Offers 8,600 Jobs for Locals Who Can Pick Fruit for Palm Oil Giants",2021-03-08,Bloomberg,Malaysia is taking the hunt for palm oil workers online as the world's second-biggest producer struggles to ease an acute labor shortage that's costing...,https://www.bloomberg.com/news/articles/2021-03-09/malaysia-hunts-for-local-palm-oil-workers-with-online-jobs-fair
oil,Saudi Arabia Vows to Protect Oil Facilities After Drone Attack,2021-03-10,Bloomberg,"The attack on the kingdom's Ras Tanura port on Sunday caused a brief spike in oil prices and was claimed by Iran-backed Houthi fighters in neighboring Yemen,...",https://www.bloomberg.com/news/articles/2021-03-10/saudi-arabia-to-take-measures-to-ensure-oil-supply-after-attack
oil,Nigerian State Oil Company Rows Back Regulator’s Fuel-Price Hike,2021-03-12,Bloomberg,"Nigeria's state oil company ruled out higher gasoline prices this month, less than a day after the fuel regulator signaled the first increase since November.",https://www.bloomberg.com/news/articles/2021-03-12/nigeria-raises-gasoline-price-by-29-to-212-61-naira-a-liter
oil,"At a Hotel in Caracas, Oil Executives Weigh a Return to Venezuela",2021-03-19,Bloomberg,Promises of more autonomy to tap the world's biggest crude reserves are drawing the oil industry to meetings with the Nicolas Maduro regime.,https://www.bloomberg.com/news/articles/2021-03-19/at-a-hotel-in-caracas-oil-executives-weigh-a-return-to-venezuela
oil,U.S. Thirst for Russian Oil Hits Record High Despite Tough Talk,2021-03-24,Bloomberg,U.S. Thirst for Russian Oil Hits Record High Despite Tough Talk. Even as Washington champions energy independence and warns European allies against becoming too...,https://www.bloomberg.com/news/articles/2021-03-24/russia-oil-demand-hits-record-high-in-u-s-amid-rising-tensions
oil,What a Long Suez Canal Closure Means for the Oil Price,2021-03-25,Bloomberg,Faltering demand isn't the only reason crude markets have been unmoved by the Suez blockage. The waterway just isn't what it once was for oil tankers.,https://www.bloomberg.com/opinion/articles/2021-03-25/suez-canal-blocked-what-a-lengthy-closure-will-mean-for-the-oil-price
oil,"Iraq Discussing $7 Billion Energy Deal With Total, Minister Says",2021-03-27,Bloomberg,"Iraq is discussing a “giant” agreement with French oil giant Total SE to build large infrastructure installations, develop oil fields and produce gas,...",https://www.bloomberg.com/news/articles/2021-03-27/iraq-discussing-7-billion-oil-deal-with-total-minister-says
oil,Watch Abu Dhabi Hopes Murban Crude Becomes Global Benchmark,2021-03-29,Bloomberg,"Khaled Salmeen, executive director of supply and trading at Abu Dhabi National Oil Co., discusses Murban crude, produced by the Abu Dhabi emirate.",https://www.bloomberg.com/news/videos/2021-03-29/abu-dhabi-hopes-murban-crude-becomes-global-benchmark-video
oil,How Saudi Arabia Can Thrive in a Post-Oil World,2021-04-05,Bloomberg,"How Saudi Arabia Can Thrive in a Post-Oil World. The country has a surprising amount to gain in a low-carbon future, while staying on the current path could...",https://www.bloomberg.com/opinion/articles/2021-04-05/how-saudi-arabia-can-thrive-in-a-post-oil-world
oil,Planters Ordered to Destroy Oil-Palm as Sri Lanka Joins Boycott,2021-04-06,Bloomberg,Planters Ordered to Destroy Oil-Palm as Sri Lanka Joins Boycott ... This article is for subscribers only. Palm oil suffered another blow as Sri Lanka banned...,https://www.bloomberg.com/news/articles/2021-04-06/planters-ordered-to-destroy-oil-palm-as-sri-lanka-joins-boycott
oil,New Niger President Picks His Predecessor’s Son as Oil Minister,2021-04-07,Bloomberg,"Niger President Mohamed Bazoum, who promised continuity, named his predecessor's son, Mahamane Sani Mahamadou, to become the country's new oil and energy...",https://www.bloomberg.com/news/articles/2021-04-07/new-niger-president-picks-his-predecessor-s-son-as-oil-minister
oil,India Preparing to Buy Iranian Oil Once U.S. Sanctions Eased,2021-04-08,Bloomberg,"India's state-run oil refiners are ready to snap up Iranian crude the moment U.S. sanctions are eased, according to a government official.",https://www.bloomberg.com/news/articles/2021-04-08/india-preparing-to-buy-iranian-crude-once-u-s-sanctions-eased
oil,Selling Its Alaskan Oil Business Was a Green Win for BP—Not the Planet,2021-04-14,Bloomberg,"Back on Earth, counting carbon gets complicated. · That means BP must quickly slash 54.4M tons of CO2 and other greenhouse gas · The fastest solution: get rid...",https://www.bloomberg.com/graphics/2021-tracking-carbon-emissions-BP-hilcorp/
oil,Historic Oil Glut Amassed in the Pandemic Almost Gone,2021-04-18,Bloomberg,"The unprecedented oil inventory glut that amassed during the coronavirus pandemic is almost gone, underpinning a price recovery that's rescuing producers but...",https://www.bloomberg.com/news/articles/2021-04-18/historic-oil-glut-amassed-during-the-pandemic-has-almost-gone
oil,Soybeans With More Oil Are Coming Amid Renewable Diesel Boom,2021-04-21,Bloomberg,"A soybean seed that can produce more oil than normal is in the works by one California startup, just in time to help meet accelerating demand for renewable...",https://www.bloomberg.com/news/articles/2021-04-21/soybeans-with-more-oil-are-coming-amid-renewable-diesel-boom
oil,"Big Oil Sees Cash Rolling In, But Investors Won’t Get It Yet",2021-04-25,Bloomberg,"After one of the most difficult years in the oil industry's history, crude prices have recovered and major producers are finally generating spare cash.",https://www.bloomberg.com/news/articles/2021-04-25/big-oil-sees-cash-rolling-in-but-investors-won-t-get-it-yet
oil,Deepest Backwardation Since ‘07 Shows World Short on Commodities,2021-04-30,Bloomberg,"For an idea of exactly how strong the fundamentals are for commodities such as metals, agriculture and oil today, consider this: These markets are now...",https://www.bloomberg.com/news/articles/2021-04-30/deepest-backwardation-since-07-shows-world-short-on-commodities
oil,Record Metals Prices Catapult Mining Profits Beyond Big Oil,2021-05-01,Bloomberg,"Major oil producers, for decades the natural resource industry's top earners, are being eclipsed by once-smaller mining peers who are churning out record...",https://www.bloomberg.com/news/articles/2021-05-01/record-metals-prices-catapult-mining-profits-beyond-big-oil
oil,Marathon Oil Ditches Corporate Jets While Doubling Debt Cuts,2021-05-06,Bloomberg,Marathon Oil Corp. is giving up its corporate aircraft as the shale driller escalates cost cuts.,https://www.bloomberg.com/news/articles/2021-05-06/marathon-oil-ditches-corporate-jetting-while-doubling-debt-cuts
oil,Watch FIM Partners's Mlouka: KSA Well Placed With Current Oil Price,2021-05-06,Bloomberg,Playlist · FIM Partners's Mlouka: KSA Well Placed With Current Oil Price · SpaceX IPO 'Will Be Volatile' Says Ark Invest's Cathie Wood · Germany's Wadephul on...,https://www.bloomberg.com/news/videos/2021-05-06/fim-partners-s-mlouka-ksa-well-placed-with-current-oil-price-video
oil,Big Oil’s Chemical Profits Show Inflationary Double Whammy,2021-05-07,Bloomberg,Drive down any highway in the world and you'll see countless reminders that the price of Big Oil's primary product is rising. What's less obvious is how the...,https://www.bloomberg.com/news/articles/2021-05-06/big-oil-s-fat-chemical-profits-signal-inflationary-double-whammy
oil,The Oil That Cooked Your Fries Is Now Refueling Your Aircraft,2021-05-18,Bloomberg,The world's biggest maker of renewable diesel says it's creating a new market for low-carbon jet fuel as passengers slowly return to the skies.,https://www.bloomberg.com/news/articles/2021-05-19/the-oil-that-cooked-your-fries-is-now-refueling-your-aircraft
oil,Iran to Start Oil Exports From Port Skirting Troubled Strait,2021-05-19,Bloomberg,Iran to Start Oil Exports From Port Skirting Troubled Strait · NIOC said it will begin crude shipments from Jask terminal · Announcement comes as Iran says...,https://www.bloomberg.com/news/articles/2021-05-19/iran-plans-oil-exports-next-month-from-new-port-beyond-hormuz
oil,Banks Always Backed Fossil Fuel Over Green Projects—Until This Year,2021-05-19,Bloomberg,"Green bonds and loans from the global banking sector exceed the value of fossil financing so far this year, an unprecedented reversal since the clinching of...",https://www.bloomberg.com/graphics/2021-wall-street-banks-ranked-green-projects-fossil-fuels/
oil,"Oil Little Changed as Investors Weigh Iran Talks, Demand Bump",2021-05-25,Bloomberg,"Oil Little Changed as Investors Weigh Iran Talks, Demand Bump ... This article is for subscribers only. Oil inched up with the prospect of a continued recovery in...",https://www.bloomberg.com/news/articles/2021-05-24/oil-holds-two-day-surge-as-investors-weigh-iran-talks-demand
oil,"In Desperate Move, Venezuela Tries to Make Fuel in Oil Upgraders",2021-05-26,Bloomberg,"In the latest desperate attempt to deal with fuel shortages that have crippled Venezuela's economy, government leaders are trying to repurpose two massive...",https://www.bloomberg.com/news/articles/2021-05-26/in-desperate-move-venezuela-tries-to-make-fuel-in-oil-upgraders
oil,Iran to Sign Deals With Local Firms to Study Azadegan Oil Field,2021-05-30,Bloomberg,National Iranian Oil Co. will sign three agreements with local firms on Monday to study the giant Azadegan oil field that it shares with Iraq.,https://www.bloomberg.com/news/articles/2021-05-30/iran-to-sign-deals-with-local-firms-to-study-azadegan-oil-field
oil,Exxon May Be Corporate America’s Canary in the Coal Mine,2021-06-01,Bloomberg,Last week's shakeup of Exxon Mobil Corp.'s board of directors is by most accounts a clear signal to corporate America that ambivalence and greenwashing will no...,https://www.bloomberg.com/news/articles/2021-06-01/exxon-mobil-may-be-big-oil-s-canary-in-the-coal-mine-green-insight
oil,Rosneft Warns of ‘Severe’ Oil Shortage Amid Hasty Energy Shift,2021-06-05,Bloomberg,Russian oil giant Rosneft PJSC warned of an impending shortfall in supply as global producers increasingly channel funds into a “hasty” energy transition.,https://www.bloomberg.com/news/articles/2021-06-05/rosneft-warns-of-severe-oil-shortage-amid-hasty-energy-shift
oil,Oil Traders Keep North Sea Crude on Tankers Despite Rally to $72,2021-06-07,Bloomberg,Here's something for oil bulls to chew on as Brent crude trades near $72: tankers are holding several million barrels of oil in the North Sea in what is...,https://www.bloomberg.com/news/articles/2021-06-07/oil-traders-keep-north-sea-crude-on-tankers-despite-rally-to-72
oil,Climate Change: Bashing Big Oil Won't Save the Planet,2021-06-12,Bloomberg,"Bashing Big Oil Won't Save the Planet. As long as we depend on CO2-emitting cars, ships and heating, lots of companies will be willing to keep pumping crude...",https://www.bloomberg.com/opinion/articles/2021-06-13/climate-change-bashing-big-oil-won-t-save-the-planet
oil,"After Blowing $300 Billion, U.S. Shale Oil Is Finally Making Money",2021-06-17,Bloomberg,"After Blowing $300 Billion, U.S. Shale Finally Makes Money ... This article is for subscribers only. Marathon Oil Corp. used to represent everything that was...",https://www.bloomberg.com/news/articles/2021-06-17/after-blowing-300-billion-u-s-shale-is-finally-making-money
oil,Empty Oil Tanks at Key Storage Hub Show Speedy Demand Rebound,2021-06-19,Bloomberg,Crude storage tanks that were brimming a year ago when the pandemic grounded flights and kept drivers at home are beginning to empty in the main U.S....,https://www.bloomberg.com/news/articles/2021-06-18/empty-oil-tanks-at-key-storage-hub-show-speedy-demand-rebound
oil,Watch Goldman's Damien Courvalin Discusses Oil Market,2021-06-21,Bloomberg,"Playlist · Goldman's Damien Courvalin Discusses Oil Market · IAEA Believes It Knows Where Iran's Buried Uranium Is · Pershing Square's Ackman Talks IPO, State...",https://www.bloomberg.com/news/videos/2021-06-21/goldman-s-damien-courvalin-discusses-oil-market-video
oil,Reliance to Finalize Tie-Up With Oil Giant Aramco This Year,2021-06-24,Bloomberg,Reliance Industries Ltd. will appoint the chairman of Saudi Aramco to its board as the Indian conglomerate expects to finalize an investment deal with the...,https://www.bloomberg.com/news/articles/2021-06-24/major-indian-oil-refiner-reliance-adds-aramco-chairman-to-board
oil,Commodity Traders and Hedge Funds Make Billions While Prices Rise for Everyone Else,2021-06-28,Bloomberg,"From oil to steel, raw material prices are surging. As the world economy recovers, how much further does the boom have to run?",https://www.bloomberg.com/news/features/2021-06-29/commodity-traders-make-billions-as-oil-copper-battery-metals-prices-rise
oil,How Last Century’s Oil Wells Are Messing With Texas Right Now,2021-06-29,Bloomberg,"Noxious wastewater from oil drilling began leaching across the ground, endangering people and livestock. By her count, the pollution has killed four cows and...",https://www.bloomberg.com/news/features/2021-06-29/how-last-century-s-oil-wells-are-messing-with-texas
oil,Oil Price Spike Risks Wider Market Swings Amid Inflation Fears,2021-07-05,Bloomberg,A spike in oil prices risks fanning wider moves across asset classes should inflation-sensitive investors believe the crude market will tighten further.,https://www.bloomberg.com/news/articles/2021-07-06/oil-price-spike-risks-wider-market-swings-amid-inflation-fears
oil,Top Energy Producer Excited by Nigeria’s New Petroleum Law,2021-07-12,Bloomberg,"Seplat Energy Plc, Nigeria's biggest oil and gas exploration and production company said it hopes passage of the country's long-awaited Petroleum Industry...",https://www.bloomberg.com/news/articles/2021-07-12/top-energy-producer-excited-by-nigeria-s-new-petroleum-law
oil,Kuwait Looks to Gas Imports as Gulf States Aim to Burn Less Oil,2021-07-13,Bloomberg,"Kuwait has opened its first permanent facility to import liquefied natural gas, as oil-rich Persian Gulf states accelerate efforts to wean their power...",https://www.bloomberg.com/news/articles/2021-07-13/kuwait-looks-to-gas-imports-as-gulf-states-aim-to-burn-less-oil
oil,Oil Pares Gains After API Reports Surprise Supply Increase,2021-07-20,Bloomberg,This article is for subscribers only. Oil pared earlier gains after the American Petroleum Institute was said to report an unexpected U.S. crude inventory gain...,https://www.bloomberg.com/news/articles/2021-07-19/oil-steadies-near-seven-week-low-after-broader-market-selloff
oil,Oil Giant Vitol Hands Record $2.9 Billion Payout to Its Traders,2021-07-23,Bloomberg,Oil Giant Vitol Hands Record $2.9 Billion Payout to Its Traders ... This article is for subscribers only. Vitol Group has paid a record $2.9 billion to its...,https://www.bloomberg.com/news/articles/2021-07-23/oil-giant-vitol-hands-record-2-9-billion-payout-to-its-traders
oil,$3 a Gallon! Who Can Do Something About Gas Prices?,2021-07-24,Bloomberg,The U.S.'s emergency oil stockpile is twice as big as it needs to be. Now would be a good time to put some of it on the market.,https://www.bloomberg.com/opinion/articles/2021-07-25/gasoline-prices-can-the-u-s-keep-summer-road-trip-costs-down
oil,"Iraq and France’s Total to Work on Gas Production, Solar Deals",2021-07-25,Bloomberg,Iraq's cabinet gave approval for TotalEnergies SE to develop a natural-gas field and help boost the country's oil output.,https://www.bloomberg.com/news/articles/2021-07-24/iraq-agrees-to-sign-deal-with-total-to-execute-energy-projects
oil,Oil Majors Hunt for One Last Big Discovery Along Coast of Brazil,2021-07-26,Bloomberg,"The world may be turning its back on fossil fuels, but in cash-starved, resource-rich nations like Brazil, oil remains king.",https://www.bloomberg.com/news/features/2021-07-26/global-oil-giants-hunt-for-that-one-last-big-hit-along-brazil-s-offshore-fields
oil,"Devon, Conoco Said to Study $10 Billion Shell Permian Assets",2021-07-30,Bloomberg,"Devon Energy Corp. and ConocoPhillips are among potential suitors studying Royal Dutch Shell Plc's portfolio of Permian Basin oil fields, which could be...",https://www.bloomberg.com/news/articles/2021-07-30/devon-conoco-said-to-study-10-billion-shell-permian-portfolio
oil,"Israel-Linked Oil Tanker Was Targeted by Drones, U.S. Says",2021-07-31,Bloomberg,Sign up for our Middle East newsletter and follow us @middleeast for news on the region. U.S. Navy experts believe a drone struck an oil tanker with links...,https://www.bloomberg.com/news/articles/2021-07-31/israel-linked-oil-tanker-was-targeted-by-drones-u-s-says
oil,"Russia’s July Oil, Condensate Output Rises Amid Higher OPEC+ Quotas",2021-08-01,Bloomberg,"Russia increased oil production in July for the first time in three months, after more generous quotas were extended to the entire OPEC+ alliance.",https://www.bloomberg.com/news/articles/2021-08-02/russia-s-oil-condensate-output-rises-amid-higher-opec-quotas
oil,"Oil Search, Santos to Merge Into $16 Billion LNG Powerhouse",2021-08-02,Bloomberg,Australia's second- and third-biggest oil and gas companies are set to merge to become one of the largest in the region and in the top 20 globally.,https://www.bloomberg.com/news/articles/2021-08-01/santos-sweetens-oil-search-takeover-offer-to-seal-board-support
oil,Watch Pioneer CEO Doesn't See Oil Going to $100 a Barrel,2021-08-04,Bloomberg,"Pioneer Natural Resources CEO Scott Sheffield discusses the state of the oil market, the company's hedging and dividend plans, and says that Pioneer doesn't...",https://www.bloomberg.com/news/videos/2021-08-04/pioneer-ceo-doesn-t-see-oil-going-to-100-a-barrel-video
oil,"Aramco Raises Asia, U.S. Oil Prices in Sign Demand Seen Rising",2021-08-04,Bloomberg,This article is for subscribers only. Saudi Arabia raised oil prices for buyers in Asia and the U.S. for September in a sign the world's largest crude exporter...,https://www.bloomberg.com/news/articles/2021-08-04/saudi-aramco-raises-all-oil-prices-for-asia-amid-tight-market
oil,Thailand’s Oil Giant Is Going on a Green Spending Spree,2021-08-12,Bloomberg,"Thailand's oil giant, whose sales account for about 10% of the nation's economic output, is suddenly spending billions of dollars on electric-vehicle and...",https://www.bloomberg.com/news/articles/2021-08-12/thailand-s-oil-giant-is-going-on-a-green-spending-spree
oil,Shell Will Pay $111 Million to End Nigerian Oil-Spill Case,2021-08-12,Bloomberg,Royal Dutch Shell Plc's Nigerian unit agreed to pay a local community $111 million to resolve a long-running dispute over an oil spill that occurred more...,https://www.bloomberg.com/news/articles/2021-08-11/shell-to-pay-110-million-to-end-30-year-nigeria-oil-spill-case
oil,"BHP Quits Oil, Piles Into Potash in Overhaul for CEO Henry",2021-08-17,Bloomberg,"BHP will sell its oil and gas operations to Woodside Petroleum Ltd. in exchange for shares that it will distribute to its own investors, it announced Tuesday.",https://www.bloomberg.com/news/articles/2021-08-17/bhp-agrees-to-exit-oil-business-approves-giant-new-potash-mine
oil,One Way to Tackle Extreme Poverty: Replace Dirt Floors,2021-08-23,Bloomberg,"Nonprofits are creating innovative housing solutions to cut cases of diarrhea and other illness, but more than a billion people still live on earth floors that...",https://www.bloomberg.com/news/features/2021-08-23/one-way-to-tackle-extreme-poverty-flaxseed-oil-floors
oil,"BP, PetroChina Spin Out Iraq’s Rumaila Field to New Company",2021-08-25,Bloomberg,"BP Plc and PetroChina Co. formed a joint venture to manage the giant Rumaila field in Iraq, an operating structure the British oil major has adopted in...",https://www.bloomberg.com/news/articles/2021-08-25/bp-petrochina-spin-out-iraq-s-rumaila-field-into-new-company
oil,U.S. Gulf Onshore Oil Base Sees Weeks for Recovery After Ida,2021-08-31,Bloomberg,"Port Fourchon, America's biggest base supporting the US Gulf of Mexico offshore oil industry, appears to have largely withstood a powerful punch left by...",https://www.bloomberg.com/news/articles/2021-08-31/u-s-gulf-s-onshore-oil-base-sees-weeks-for-recovery-after-ida
oil,China’s Top Oil Producer Prepares to Revive Venezuela Operations,2021-09-01,Bloomberg,China's Top Oil Producer Prepares to Revive Venezuela Operations ... This article is for subscribers only. China's top oil producer is laying the groundwork to...,https://www.bloomberg.com/news/articles/2021-09-01/china-s-top-oil-producer-prepares-to-revive-venezuela-operations
oil,"Iraq, TotalEnergies Agree $27 Billion of Oil, Solar Projects",2021-09-05,Bloomberg,Iraq's government and TotalEnergies SE agreed on a $27 billion package of investment deals aimed at boosting oil and gas output and reducing power outages...,https://www.bloomberg.com/news/articles/2021-09-05/iraq-totalenergies-agree-on-27b-of-oil-solar-projects
oil,Corrupt Oil Trader Turns On Colleagues in Massive Africa Bribe Case,2021-09-13,Bloomberg,"Anthony Stimler left Glencore Plc in August 2019, he had two big secrets: For a dozen years, he'd paid millions in bribes to African officials and...",https://www.bloomberg.com/news/articles/2021-09-14/glencore-trader-africa-bribe-case-2021
oil,Chevron Sees Clean Energy Making Just as Much Money as Oil Does,2021-09-14,Bloomberg,This article is for subscribers only. Chevron Corp. expects its $10 billion of investment on low carbon technologies through 2028 to offer double digit returns...,https://www.bloomberg.com/news/articles/2021-09-14/chevron-sees-high-returns-on-new-energy-matching-oil-and-gas
oil,Oil Investor Warwick Buys $450 Million of Texas Shale Assets,2021-09-15,Bloomberg,"Warwick Investment Group LLC, which owns stakes in more than 5,000 oil and gas wells, said Wednesday in a statement it has agreed to buy producing oil and gas...",https://www.bloomberg.com/news/articles/2021-09-15/oil-investing-giant-buys-450-million-of-texas-shale-assets
oil,Shell Plans Dutch Biofuels Plant in Retreat From Refining Crude,2021-09-16,Bloomberg,"Royal Dutch Shell Plc signed off on plans for a large biofuels plant in the Netherlands, stepping up investment in cleaner energy as it retreats from...",https://www.bloomberg.com/news/articles/2021-09-16/shell-plans-dutch-biofuels-plant-in-retreat-from-refining-crude
oil,Crude Sinks With Broader Market on China Crackdown Fears,2021-09-19,Bloomberg,Oil declined amid growing concerns over the health of China's economy that have triggered massive losses in equities.,https://www.bloomberg.com/news/articles/2021-09-19/oil-edges-lower-for-a-second-session-with-focus-on-fed-stimulus
oil,Libya National Oil Co. Opens London Office to Help Raise Output,2021-09-21,Bloomberg,"Murzuq Oil Services Ltd. will act as the oversees arm of Libya's National Oil Corp. and a hub for U.K. engineering, procurement and construction contractors,...",https://www.bloomberg.com/news/articles/2021-09-21/libya-national-oil-co-opens-london-office-to-help-raise-output
oil,HITE Hedge Fund Bets Oil Just Saw ‘Biggest Dead-Cat Bounce’,2021-09-24,Bloomberg,"When it comes to being skeptical about oil stocks, few are more bearish than James Jampel. Jampel manages HITE Carbon Offset, a $187 million hedge fund with...",https://www.bloomberg.com/news/articles/2021-09-24/hedge-fund-hite-bets-oil-just-saw-biggest-dead-cat-bounce
oil,Brent Rises to Highest Since 2018 on Global Energy Crunch,2021-09-26,Bloomberg,Brent closed at the highest in nearly three years amid signs the crude market is rapidly tightening from a global energy crunch.,https://www.bloomberg.com/news/articles/2021-09-26/oil-extends-rally-as-wti-nears-75-a-barrel-on-energy-crunch
oil,Watch Essar Oil's Chandra On Implications Of India's Natural Gas Price Hike,2021-10-04,Bloomberg,Playlist · Essar Oil's Chandra On Implications Of India's Natural Gas Price Hike · SpaceX IPO 'Will Be Volatile' Says Ark Invest's Cathie Wood · Carlyle's $5B...,https://www.bloomberg.com/news/videos/2021-10-04/essar-oil-s-chandra-on-implications-of-india-s-natural-gas-price-hike
oil,UAE Oil Reliance at Multi-Year High Despite Lower Production,2021-10-04,Bloomberg,"Oil's share in the United Arab Emirates' economy last year spiked to the highest since 2016 even though crude production fell around 18% on an annual basis,...",https://www.bloomberg.com/news/articles/2021-10-04/uae-oil-reliance-at-multi-year-high-despite-lower-production
oil,U.S. Shale Producers to See Minimal Expansion Despite Oil Rally,2021-10-06,Bloomberg,"US shale oil production will expand at a “modest rate” over the next 18 months even as prices touch multiyear highs, according to BloombergNEF.",https://www.bloomberg.com/news/articles/2021-10-06/shale-restraint-means-modest-oil-growth-in-2022-bnef-says
oil,Global Supply Chain Nightmare May Be Behind California Oil Spill,2021-10-06,Bloomberg,"'The more ships you have at anchor, the more risk there is that something could happen,' one expert says.",https://www.bloomberg.com/news/articles/2021-10-06/california-oil-spill-cause-may-have-been-ship-anchor-crowded-port
oil,Oil Market Needs Half-Trillion-Dollar Injection to Ensure Supply,2021-10-06,Bloomberg,"Oil explorers need to raise drilling budgets by 54% to more than half a trillion dollars to forestall a significant supply deficit in the next few years,...",https://www.bloomberg.com/news/articles/2021-10-07/oil-market-needs-half-trillion-dollar-injection-to-ensure-supply
oil,Nigeria’s Aiteo Sues Shell Over Wells as Legal Disputes Escalate,2021-10-07,Bloomberg,"A Nigerian oil producer sued Royal Dutch Shell Plc for more than $2 billion over the ownership of oil wells, intensifying a dispute around an asset sale...",https://www.bloomberg.com/news/articles/2021-10-07/nigeria-s-aiteo-sues-shell-over-wells-as-legal-disputes-escalate
oil,Meet the 23-Year-Old Oil Scion Turned SPAC King,2021-10-08,Bloomberg,"Meet the 23-year-old oil scion turned SPAC king. Historic oil rout breaks shale, Trump's energy dominance.",https://www.bloomberg.com/news/newsletters/2021-10-08/meet-the-23-year-old-oil-scion-turned-spac-king
oil,Shale Oil Is Booming Again in the Permian,2021-10-11,Bloomberg,"With publicly traded producers such as Occidental and Chevron preaching discipline, privately owned operators are leading the surge in production.",https://www.bloomberg.com/news/articles/2021-10-11/shale-oil-production-back-near-pre-pandemic-levels-in-u-s-permian-region
oil,Brent Oil Hits $85 a Barrel With Global Energy Costs Soaring,2021-10-15,Bloomberg,"Brent oil futures topped $85 a barrel for the first time since October 2018, the latest milestone in a global energy crunch that has seen prices soar.",https://www.bloomberg.com/news/articles/2021-10-15/brent-oil-hits-85-a-barrel-with-global-energy-costs-soaring
oil,Iraq Oil Minister Joins Bulls Seeing $100-a-Barrel Crude,2021-10-20,Bloomberg,Add Iraq's oil minister to the list of people discussing oil hitting $100 a barrel again. Crude prices could hit triple digits for the first time since 2014...,https://www.bloomberg.com/news/articles/2021-10-20/iraq-s-oil-minister-joins-a-growing-100-a-barrel-chorus
oil,Halliburton Bandied About as Exxon Replacement in Iraq Field,2021-11-01,Bloomberg,Exxon Mobil Corp.'s multiyear effort to extricate itself from a groundbreaking Iraqi oil deal may hinge on the involvement of one of the world's biggest...,https://www.bloomberg.com/news/articles/2021-11-01/halliburton-bandied-about-as-exxon-replacement-in-iraqi-oilfield
oil,"Oil Tanker Explodes in Sierra Leone, Killing at Least 92",2021-11-06,Bloomberg,"An oil tanker truck exploded near Sierra Leone's capital, killing at least 98 people and severely injuring dozens of others after large crowds gathered to...",https://www.bloomberg.com/news/articles/2021-11-06/oil-tanker-explodes-in-sierra-leone-scores-feared-dead
oil,"Oil Demand Is Back at 2019 Levels and Set to Rise, Vitol CEO Says",2021-11-09,Bloomberg,"The head of Vitol Group, the world's biggest independent oil trader, said global demand has recovered to 2019 pre-pandemic levels and is poised to go even...",https://www.bloomberg.com/news/articles/2021-11-09/vitol-ceo-says-oil-demand-back-at-2019-levels-and-set-to-rise
oil,Cost of Capital Spikes for Fossil-Fuel Producers,2021-11-09,Bloomberg,"Ten years ago, developing oil and gas projects was about the same as renewable endeavors. Not anymore.",https://www.bloomberg.com/news/articles/2021-11-09/cost-of-capital-widens-for-fossil-fuel-producers-green-insight
oil,"Reena Jaitley, Oil & Natural Gas Corp Ltd: Profile and Biography",2021-11-15,Bloomberg,"Reena Jaitley is Former Board Member at Oil & Natural Gas Corp Ltd. See Reena Jaitley's compensation, career history, education, & memberships.",https://www.bloomberg.com/profile/person/22555282
oil,"An Oil Company Went Up in Flames, Burning Lenders and the Planet",2021-11-18,Bloomberg,"It was an unusual origin story for an oilman. But Siffin, 71, was no ordinary wildcatter. Sitting in an office in Houston on a rainy day last year, wearing navy...",https://www.bloomberg.com/news/features/2021-11-18/as-oil-drilling-picks-up-after-a-post-pandemic-lull-this-company-s-foray-in-the
oil,Oil Advances With Global SPR Release Smaller Than Expected,2021-11-22,Bloomberg,Oil climbed by the most in two weeks as a landmark plan from consumer countries to tap their strategic oil reserves was less severe than markets expected.,https://www.bloomberg.com/news/articles/2021-11-22/oil-slips-as-investors-assess-opec-response-to-reserve-release
oil,India Plans 5 Million Barrel Oil Reserve Sale With Odds of More,2021-11-23,Bloomberg,India plans to sell about 5 million barrels of oil from its strategic petroleum stockpiles as part of a coordinated move with the US and other allies to...,https://www.bloomberg.com/news/articles/2021-11-23/india-plans-5-million-barrel-oil-reserve-sale-with-odds-of-more
oil,Oil Traders Pile Into $70-a-Barrel Longer-Term Crude Price,2021-11-24,Bloomberg,Oil Traders Pile Into $70-a-Barrel Longer-Term Crude Price · Futures for end '22 and end '23 have held up amid slump · Demand has rebounded with investment in...,https://www.bloomberg.com/news/articles/2021-11-24/oil-traders-pile-into-70-a-barrel-longer-term-crude-price
oil,Oil’s Black Friday: Algos and Options Turn a Tumble Into a Crash,2021-11-26,Bloomberg,The day after Thanksgiving has been choppy before -- fewer traders can mean more volatility -- but nothing like this year. The prospect of the freshly named...,https://www.bloomberg.com/news/articles/2021-11-26/oil-s-black-friday-algos-and-options-turn-a-tumble-into-a-crash
oil,"Women Hold Just 22% of Oil Industry Jobs, Survey Says",2021-12-07,Bloomberg,The oil industry just can't seem to hold on to women workers. That's the conclusion of an industry survey presented at the World Petroleum Congress.,https://www.bloomberg.com/news/articles/2021-12-07/oil-diversity-stalls-with-women-holding-22-of-jobs-survey-says
oil,Former Oil Trader Is Now Betting on Lumber for Skyscrapers,2021-12-08,Bloomberg,Former Oil Trader Is Now Betting on Lumber for Skyscrapers. The man who helped start a fossil-fuel giant is now investing in a timber mill that he says can be...,https://www.bloomberg.com/news/features/2021-12-08/former-oil-trader-invests-big-in-uruguay-lumber-mill
oil,Venezuela Is Resurrecting Its Oil Fields With Backpacks of Cash,2021-12-08,Bloomberg,"State-owned Petroleos de Venezuela SA has been pumping about 908,000 barrels a day in the past week, according to people familiar with the matter. With crude...",https://www.bloomberg.com/news/articles/2021-12-08/venezuela-is-resurrecting-its-oil-fields-with-backpacks-of-cash
oil,Egypt Oil Pipeline Sees Flows Surge as Poland Becomes Biggest Buyer,2021-12-08,Bloomberg,"More than 700,000 barrels a day of crude were shipped from the line's storage tanks at Sidi Kerir in November, according to vessel-tracking data monitored by...",https://www.bloomberg.com/news/articles/2021-12-08/egypt-oil-pipeline-sees-flows-surge-with-poland-biggest-buyer
oil,Saudi Oil Minister Says Global Production Could Plunge 30% This Decade,2021-12-13,Bloomberg,Saudi Arabia said global oil production could drop 30% by the end of the decade due to falling investment in fossil fuels.,https://www.bloomberg.com/news/articles/2021-12-13/saudi-oil-minister-says-global-output-may-plunge-this-decade
oil,Big Oil Gets a Second Chance for Giant Offshore Fields in Brazil,2021-12-16,Bloomberg,Brazil is giving Big Oil a second chance to join two massive offshore oil prospects in a test of the industry's appetite for expansion as the world...,https://www.bloomberg.com/news/articles/2021-12-16/big-oil-gets-a-second-chance-for-giant-offshore-fields-in-brazil
oil,Oil Prices Could Hit $100 By 2023 Despite Omicron Concerns,2021-12-17,Bloomberg,"Oil at $100 a barrel was considered inevitable not too long ago, as Wall Street strategists predicted a commodities supercycle. And it still remains in play...",https://www.bloomberg.com/news/articles/2021-12-17/oil-at-100-by-2023-is-on-the-table-with-inflation-dueling-covid
oil,Oil Futures Rise With Equities in Volatile Year-End Trading,2021-12-20,Bloomberg,Oil climbed with equities as traders resumed buying risk assets following a two-day rout.,https://www.bloomberg.com/news/articles/2021-12-20/oil-edges-higher-after-two-day-drop-as-investors-assess-demand
oil,Militias Shut Down Libya’s Biggest Oil Field Before Election,2021-12-20,Bloomberg,Libya suspended crude exports from two ports after militias shut down the OPEC member's biggest field days before an election.,https://www.bloomberg.com/news/articles/2021-12-20/libya-s-biggest-oil-field-of-sharara-is-temporarily-shut-down
oil,Venezuela Says Oil Output Topped More Than 1 Million Barrels a Day,2021-12-27,Bloomberg,Venezuela says it's pumping the most oil since harsh U.S. sanctions strangled state-owned oil company Petroleos de Venezuela SA more than two years ago.,https://www.bloomberg.com/news/articles/2021-12-27/venezuela-says-it-topped-crucial-million-barrel-oil-threshold
oil,OPEC Picks Kuwait’s Haitham Al-Ghais as Next Top Diplomat,2022-01-03,Bloomberg,"OPEC chose veteran Kuwaiti oil executive Haitham al-Ghais to become the organization's top diplomat, as the group and its allies navigate a delicate recovery...",https://www.bloomberg.com/news/articles/2022-01-03/opec-selects-kuwait-s-haitham-al-ghais-as-next-top-diplomat
oil,Canada's Oil Sands Exports to Asia Reach Record With New Link,2022-01-07,Bloomberg,Canada's oil sands producers were able to export a record amount of crude to overseas markets thanks to a new link to the U.S. Gulf Coast.,https://www.bloomberg.com/news/articles/2022-01-07/canadian-exports-of-crude-from-the-u-s-hit-a-record-last-month
oil,Nigerian State Disputes Blame for Oil Spill in Quest for Damages,2022-01-12,Bloomberg,"A local government in the Niger Delta is disputing the conclusion of an investigation over who was to blame for a five-week oil spill, with potentially...",https://www.bloomberg.com/news/articles/2022-01-12/nigerian-state-disputes-blame-for-oil-spill-in-quest-for-damages
oil,Swedish Power Plant Burns Lots More Dirty Fuel to Keep Lights On,2022-01-14,Bloomberg,A Swedish power plant that's vital to keeping the country's lights on used almost eight times more oil last year as the energy crunch boosted demand for the...,https://www.bloomberg.com/news/articles/2022-01-14/swedish-power-plant-burns-lots-more-dirty-fuel-to-keep-lights-on
oil,One of the World’s Wealthiest Oil Exporters Is Becoming Unlivable,2022-01-15,Bloomberg,"One of the World's Wealthiest Oil Exporters Is Becoming Unlivable. Thanks to climate change, temperatures in Kuwait could become too hot for people and wildlife...",https://www.bloomberg.com/news/articles/2022-01-16/kuwait-a-wealthy-oil-exporter-is-becoming-unlivable
oil,Oil majors BP and Shell Replenish Carbon-Trading Desks After Mass Departures,2022-01-20,Bloomberg,BP Plc and Royal Dutch Shell Plc have hired an array of carbon-emissions traders to replenish their ranks after an exodus of staff to trading houses last...,https://www.bloomberg.com/news/articles/2022-01-19/bp-shell-replenish-carbon-trading-desks-after-mass-departures
oil,Have You Seen 200 Million Barrels of Oil Anywhere?,2022-01-20,Bloomberg,The International Energy Agency is trying to figure out where 200 million barrels of oil went. The adviser to energy-consuming nations said on Wednesday that...,https://www.bloomberg.com/news/articles/2022-01-20/the-iea-goes-hunting-for-200-million-missing-barrels-of-oil
oil,Life After Oil Arrives in Lake That Minted Hundreds of Billions of Dollars,2022-01-24,Bloomberg,"Near the shores of Lake Maracaibo, which helped give birth to Venezuela's oil industry a century ago, thousands of tons of shrimp are being harvested from...",https://www.bloomberg.com/news/features/2022-01-24/in-the-shadow-of-an-oil-slicked-lake-venezuela-is-exporting-shrimp-to-world
oil,Kuwait Oil Refinery Fire Death Toll Rises to Four,2022-01-26,Bloomberg,"Dubai, United Arab Emirates (AP) -- The death toll from a fire at a major oil refinery in Kuwait has been raised to four after two critically injured...",https://www.bloomberg.com/news/articles/2022-01-26/kuwait-death-toll-raised-to-4-in-oil-refinery-fire
oil,Crude Oil: Traders Are Piling Into Bullish Bets on the Oil Futures Curve,2022-01-31,Bloomberg,Oil traders are upping their bets on a stronger crude market. The structure of the global Brent crude benchmark -- price spreads from one month to the next...,https://www.bloomberg.com/news/articles/2022-01-31/traders-are-piling-into-bullish-bets-on-the-oil-futures-curve
oil,Soaring Edible Oil Prices Deal Blow to India’s Inflation Fight,2022-02-08,Bloomberg,"The soaring cost of vegetable oils is an ever-growing threat to India's efforts to bring inflation under control. Prices of palm oil, the most-consumed...",https://www.bloomberg.com/news/articles/2022-02-08/soaring-edible-oil-prices-deal-blow-to-india-s-inflation-fight
oil,Russia and Europe Are Vital to Each Other When It Comes to Oil,2022-02-10,Bloomberg,Russia and Europe Are Vital to Each Other When It Comes to Oil ... This article is for subscribers only. Want the lowdown on European markets? In your inbox...,https://www.bloomberg.com/news/articles/2022-02-10/russia-and-europe-are-vital-to-each-other-when-it-comes-to-oil
oil,Permian Roughneck Shortage Clouds Outlook for Oil Output Growth,2022-02-15,Bloomberg,"Oil drillers set to increase U.S. production in the coming years face considerable headwinds from labor shortages in America's most prolific shale patch,...",https://www.bloomberg.com/news/articles/2022-02-15/permian-roughneck-shortage-clouds-outlook-for-oil-output-growth
oil,How Rebounding Oil Is Making U.S. Shale More Viable: QuickTake,2022-02-18,Bloomberg,"How Rebounding Oil Is Making U.S. Shale More Viable: QuickTake ... This article is for subscribers only. Oil's surge to its highest level in seven years, along...",https://www.bloomberg.com/news/articles/2022-02-19/how-rebounding-oil-is-making-u-s-shale-more-viable-quicktake
oil,Vitol CEO Sees Oil Above $100 for a ‘Prolonged Period’ This Year,2022-02-20,Bloomberg,"Sorry, something went wrong ... This article is for subscribers only. Oil prices could be set for a “prolonged period” above $100 a barrel over the next six to...",https://www.bloomberg.com/news/articles/2022-02-20/vitol-ceo-sees-oil-above-100-for-a-prolonged-period-this-year
oil,Deadly Nigerian Oil-Blast Ship Has Peers All Over the World,2022-02-21,Bloomberg,"Deadly Nigerian Oil-Blast Ship Has Peers All Over the World · Over 30 registered ships used to hold oil first built pre-1977 · Trinity Spirit exploded, spilling...",https://www.bloomberg.com/news/articles/2022-02-21/deadly-nigerian-oil-blast-ship-has-peers-all-over-the-world
oil,India Seeks More Oil for Strategic Reserves as Prices Top $100,2022-02-24,Bloomberg,"India is seeking to expand its emergency oil stockpiles, adding to already-strong demand from domestic refiners that are cranking up run rates amid a...",https://www.bloomberg.com/news/articles/2022-02-24/india-seeks-more-oil-for-strategic-reserves-as-prices-top-100
oil,War in Ukraine: U.S. Fracking Is a Powerful Weapon Against Russia,2022-02-24,Bloomberg,The technology can increase the total supply of oil and keep a lid on prices.,https://www.bloomberg.com/opinion/articles/2022-02-24/war-in-ukraine-u-s-fracking-is-a-powerful-weapon-against-russia
oil,BP to Exit Rosneft Stake and May Take a $25 Billion Hit,2022-02-27,Bloomberg,"BP Plc moved to dump its shares in oil giant Rosneft PJSC, taking a financial hit of as much as $25 billion by joining the campaign to isolate Russia's...",https://www.bloomberg.com/news/articles/2022-02-27/bp-to-exit-its-20-shareholding-in-russian-oil-producer-rosneft
oil,"As BP and Shell Exit Russia, These Companies Still Have Ties",2022-02-28,Bloomberg,The invasion of Ukraine has prompted oil giant BP Plc and Shell Plc to quit Russia in a historic move that will bring billions of dollars of impairments.,https://www.bloomberg.com/news/articles/2022-02-28/as-bp-and-shell-leave-russia-these-companies-still-have-stakes
oil,Russian Oil Is Increasingly Becoming Untouchable for Traders,2022-03-07,Bloomberg,Russian Oil Is Increasingly Becoming Untouchable for Traders · U.S. potentially banning Russian oil imports is fanning fear · Traders say criticism of Shell has...,https://www.bloomberg.com/news/articles/2022-03-07/russia-oil-becomes-a-pariah-on-embargo-threat-and-shell-backlash
oil,Here’s How Surging Oil Prices Shift the Economic Outlook in Asia,2022-03-08,Bloomberg,"This article is for subscribers only. Sign up for the New Economy Daily newsletter, follow us @economics and subscribe to our podcast. Oil's relentless surge...",https://www.bloomberg.com/news/articles/2022-03-09/here-s-how-surging-oil-prices-shift-the-economic-outlook-in-asia
oil,U.S. and U.K. Poised for Ban on Imports of Russian Oil Today,2022-03-08,Bloomberg,"The US and the UK will impose a ban on imports of Russian energy Tuesday without the participation of European allies, according to people familiar with the...",https://www.bloomberg.com/news/articles/2022-03-08/biden-set-to-ban-u-s-imports-of-russian-oil-as-soon-as-today
oil,U.S. Inflation February 2022: Hits Fresh 40-Year High of 7.9% Before Oil Spike,2022-03-10,Bloomberg,"U.S. Inflation Hit Fresh 40-Year High of 7.9% Before Oil Spike · Gasoline, food, rent drove February's monthly price increases · Fed seen starting series of...",https://www.bloomberg.com/news/articles/2022-03-10/u-s-inflation-hits-fresh-40-year-high-of-7-9-before-oil-spike
oil,ProShares Short Oil ETF Had Biggest Inflow Ever Before Price Crash,2022-03-10,Bloomberg,A small exchange-traded fund that makes leveraged bets against oil prices saw its biggest inflow on record the day before prices tanked.,https://www.bloomberg.com/news/articles/2022-03-10/short-oil-fund-had-biggest-inflow-ever-before-price-crash
oil,"Thailand Faces Current Account Blowout on Oil, Tourism Risks",2022-03-23,Bloomberg,Thailand is heading for a rare back-to-back current-account deficit as the outlook for tourist arrivals becomes less rosy with a flare-up in Covid cases...,https://www.bloomberg.com/news/articles/2022-03-22/thailand-faces-current-account-blowout-on-oil-tourism-risks
oil,Saudi-Led Coalition Strikes Yemen After Aramco Depot Attack,2022-03-26,Bloomberg,A Saudi-led coalition fighting Houthi rebels in Yemen launched airstrikes against sites in the southern Arabian country in response to multiple attacks Friday.,https://www.bloomberg.com/news/articles/2022-03-26/saudi-led-coalition-strikes-yemen-after-aramco-fuel-depot-attack
oil,Russia Offers SWIFT Alternative to India for Ruble Payments,2022-03-30,Bloomberg,"India's government is considering a proposal from Russia to use a system developed by the Russian central bank for bilateral payments, according to people...",https://www.bloomberg.com/news/articles/2022-03-30/russia-proposes-swift-alternative-to-india-for-ruble-payments
oil,Oil Drillers Say Scarce Steel a Reason for Flat U.S. Output,2022-03-31,Bloomberg,Add steel shortages to the growing list of reasons U.S. shale producers aren't raising output as fast as needed amid a global energy crisis.,https://www.bloomberg.com/news/articles/2022-03-31/oil-drillers-say-scarce-steel-is-one-reason-for-flat-u-s-output
oil,"Russia Offers Discounts on Oil to India, One of Putin's Few Fuel Buyers",2022-03-31,Bloomberg,"Russia Offers Discounts on Oil to India, One of Putin's Few Fuel Buyers · Offering Urals crude at as much as $35 discount a barrel · Transactions will be routed...",https://www.bloomberg.com/news/articles/2022-03-31/russia-offers-oil-to-india-at-steep-discount-to-pre-war-price
oil,Ukraine’s Top Sunflower Oil Maker Faces Export Squeeze From War,2022-04-05,Bloomberg,"Ukraine's sunflower-oil sector -- the world's largest -- is suffering major cutbacks to plantings and exports because of the Russian invasion,...",https://www.bloomberg.com/news/articles/2022-04-05/ukraine-s-top-sunflower-oil-maker-faces-export-squeeze-from-war
oil,Shell's 13-Year Journey From Discovery to First Oil Shows Why U.S. Output Is Flat,2022-04-08,Bloomberg,"For Shell Plc's highest-ranking U.S. manager, Gretchen Watkins, the answer was 1,600 miles (2,600 kilometers) southwest of Capitol Hill, floating in a shipyard...",https://www.bloomberg.com/news/articles/2022-04-08/shell-s-13-year-journey-from-discovery-to-first-oil-shows-why-u-s-output-is-flat
oil,Putin Says Russia Will Find New Markets as West Rejects Oil Exports,2022-04-13,Bloomberg,"Russia will find new buyers for its oil, natural gas and coal both at home and abroad as some traditional customers reject its deliveries, said President...",https://www.bloomberg.com/news/articles/2022-04-13/putin-says-russia-seeks-new-markets-as-west-rejects-oil-exports
oil,Marathon Petroleum Snaps Up Ecuador’s Oil After Russian Sanctions,2022-04-19,Bloomberg,"Marathon Petroleum Snaps Up Ecuador's Oil After Russian Sanctions ... This article is for subscribers only. Marathon Petroleum Corp., previously the largest U.S....",https://www.bloomberg.com/news/articles/2022-04-19/marathon-petroleum-snaps-up-ecuador-s-oil-amid-sanctions
oil,Churning Oil Has Never Been So Profitable for U.S. Refiners,2022-04-20,Bloomberg,"The 3-2-1 futures crack spread -- a measure of the profitability of turning crude into gasoline and diesel -- shot up to as much as $44.406 on Wednesday, the...",https://www.bloomberg.com/news/articles/2022-04-20/churning-oil-has-never-been-so-profitable-for-u-s-refiners
oil,"TotalEnergies, Shell in Fresh South African Oil Exploration Bid",2022-04-22,Bloomberg,"TotalEnergies, Shell in Fresh South African Oil Exploration Bid ... This article is for subscribers only. TotalEnergies SE and Shell Plc are seeking to drill oil...",https://www.bloomberg.com/news/articles/2022-04-22/totalenergies-shell-in-fresh-south-african-oil-exploration-bid
oil,How Europe’s Main Diesel Exchange Can Help Russia Keep Exporting,2022-04-22,Bloomberg,Europe's main commodities futures exchange is offering an anonymized conduit for Russian diesel to be supplied into the continent's oil trading hub.,https://www.bloomberg.com/news/articles/2022-04-22/how-europe-s-main-diesel-exchange-can-help-russia-keep-exporting
oil,Cargill Says Sime Didn’t Adequately Address Forced Labor Reports,2022-04-22,Bloomberg,"Cargill Inc. said Sime Darby Plantation Bhd. hasn't presented sufficient information to address forced labor allegations by the U.S., which prompted the...",https://www.bloomberg.com/news/articles/2022-04-21/palm-oil-giant-sime-darby-will-submit-labor-report-to-the-u-s
oil,Russia's Seaborne Oil Flows Jump to 4 Million Barrels a Day as Asia Buys,2022-04-25,Bloomberg,Asia is still snapping up cheap Russian oil that European buyers don't want. Seaborne exports of the nation's crude rebounded in the seven days to April 22.,https://www.bloomberg.com/news/articles/2022-04-25/russia-oil-flows-jump-to-four-million-barrels-a-day-as-asia-buys
oil,Africa’s Richest Man Is Betting $21 Billion on Oil and Fertilizer,2022-04-25,Bloomberg,"Aliko Dangote, Africa's richest person, decided to construct a refinery in southern Nigeria on a plot of swampland almost half the size of Manhattan.",https://www.bloomberg.com/news/articles/2022-04-26/africa-s-richest-man-is-betting-21-billion-on-oil-and-fertilizer
oil,‘Essex Boys’ Legal Woes Enter U.K. After Negative Oil Trades Net $700 Million Windfall,2022-05-04,Bloomberg,Judge Alison Foster said the traders at Vega Capital London Ltd. must hand over information and documents about their activities to the U.K.'s Financial Conduct...,https://www.bloomberg.com/news/articles/2022-05-04/-essex-boys-legal-woes-spill-into-u-k-after-negative-oil-trades
oil,Drilling for Shale Oil Is Getting More Expensive at the Worst Possible Time,2022-05-05,Bloomberg,The price spiral has been so swift and dramatic that oil CEOs are being forced to revise annual spending plans higher just to preserve crude and natural gas...,https://www.bloomberg.com/news/articles/2022-05-05/drilling-for-shale-oil-is-getting-more-expensive-at-the-worst-possible-time
oil,"Finland Is Severing Oil Ties With Russia, Trade Data Show",2022-05-06,Bloomberg,Finland managed to cut the amount of oil it imports from Russia just after the invasion of Ukraine started in late February.,https://www.bloomberg.com/news/articles/2022-05-06/finland-is-severing-oil-ties-with-russia-trade-data-show
oil,$650 Billion Worth of Oil Reserves Are Being Auctioned in Congo,2022-05-16,Bloomberg,$650 Billion Worth of Oil Reserves Are Being Auctioned in Congo ... This article is for subscribers only. Oil blocks that the Democratic Republic of Congo plans...,https://www.bloomberg.com/news/articles/2022-05-16/congo-says-oil-block-tenders-hold-16-billion-barrels-of-reserves
oil,Indonesia’s Palm Oil Farmers Rally to Protest Export Ban,2022-05-17,Bloomberg,Palm Oil Farmers Rally to Protest Indonesia's Export Ban ... Indonesian oil palm farmers' association protesters&nbsp;in Jakarta on May 17. Indonesian oil palm...,https://www.bloomberg.com/news/articles/2022-05-17/palm-oil-farmers-rally-in-protest-of-indonesia-s-export-ban
oil,"Sanctions Slow Burn Gives Putin More Time to Be Defiant, for Now",2022-05-18,Bloomberg,"Nearly three months after Vladimir Putin sent his troops into Ukraine, Russia faces more sanctions than any other country. But thanks to surging prices for...",https://www.bloomberg.com/news/articles/2022-05-19/sanctions-slow-burn-gives-putin-more-time-to-be-defiant-for-now
oil,Aramco Touts Trading Ambitions With First West Africa Crude Sale,2022-05-18,Bloomberg,"Aramco Trading Co. sold its first shipment of West African crude, underscoring the Saudi Arabian oil giant's expansion ambitions for its trading arm.",https://www.bloomberg.com/news/articles/2022-05-18/aramco-touts-trading-ambitions-with-first-west-africa-crude-sale
oil,China Spent Over $6 Billion on Russian Energy Imports in April,2022-05-19,Bloomberg,"China kept buying more energy from Russia, with purchases of oil, gas and coal jumping 75% in April to over $6 billion, even as domestic demand slowed due...",https://www.bloomberg.com/news/articles/2022-05-20/china-boosts-energy-imports-from-russia-despite-impact-of-covid
oil,UAE Sends Rare Cargoes of Crude Toward Europe Amid Russia Oil Imports Snub,2022-05-24,Bloomberg,"The United Arab Emirates has started shipping rare cargoes of oil toward Europe, where crude buyers are snubbing imports from Russia in the wake of the...",https://www.bloomberg.com/news/articles/2022-05-24/uae-sends-rare-cargoes-of-crude-toward-europe-amid-russia-snub
oil,South Africa Extends Fuel Subsidy to Offset Soaring Oil Prices,2022-05-31,Bloomberg,South Africa will extend a fuel subsidy by two months to help cushion consumers and businesses against the impact of rising crude prices stemming from...,https://www.bloomberg.com/news/articles/2022-05-31/south-africa-extends-fuel-subsidy-to-offset-soaring-oil-prices
oil,UK Windfall Tax Hits North Sea-Focused Oil Firm Valuations,2022-06-01,Bloomberg,Oil and gas exploration and production companies in the North Sea are set to miss out on billions of dollars of cash after the UK implemented a windfall tax...,https://www.bloomberg.com/news/articles/2022-06-01/uk-windfall-tax-hits-north-sea-focused-oil-firm-valuations
oil,"France Is Talking to UAE About Replacing Russian Oil, Diesel",2022-06-05,Bloomberg,France is talking to the United Arab Emirates about the supply of oil and diesel as it seeks alternatives to Russian energy sources.,https://www.bloomberg.com/news/articles/2022-06-05/france-is-talking-to-uae-about-replacing-russian-oil-diesel
oil,Oil Swings Lower in Thin Trading After Surpassing $120 Earlier,2022-06-07,Bloomberg,"Oil Ends Session at Two-Month High in Volatile, Thin Trading ... This article is for subscribers only. Oil settled at the highest level since March after a...",https://www.bloomberg.com/news/articles/2022-06-06/oil-edges-higher-as-traders-assess-russian-fallout-china-demand
oil,Iran Has Lessons on Grim Survival for Russia Under Sanctions,2022-06-10,Bloomberg,"Tehran's past experiences of collapsed growth, smuggling crude and oil well preservation provide a template for Russia's future.",https://www.bloomberg.com/news/articles/2022-06-11/russia-under-sanctions-can-learn-from-iran-s-grim-survival
oil,Libya’s Oil Output Almost Halts With New Wave of Shutdowns,2022-06-13,Bloomberg,Libya's oil production has almost fully halted as a political crisis leads to more shutdowns of ports and fields.,https://www.bloomberg.com/news/articles/2022-06-13/libya-s-oil-output-plunges-again-on-new-shutdowns-says-minister
oil,"BP Sells Oil Sands to Cenovus, Snaps Up Stake in Canadian Offshore Project",2022-06-13,Bloomberg,"BP Sells Oil Sands to Cenovus, Snaps Up Stake in Canadian Offshore Project ... This article is for subscribers only. BP Plc sold out of Canada's oil sands,...",https://www.bloomberg.com/news/articles/2022-06-13/bp-sells-out-of-oil-sands-snaps-up-canadian-exploration-instead
oil,Aramco’s Net-Zero Plan Will Have Net-Zero Impact Before 2035,2022-06-21,Bloomberg,"The world's largest oil producer plans to increase fossil fuel production in the next decade, while controlling the rise in emissions through measures such...",https://www.bloomberg.com/news/articles/2022-06-21/saudi-aramco-doesn-t-plan-to-cut-absolute-emissions-until-2035
oil,"Russian Crude Flows Slump, But It’s Likely to Prove Temporary",2022-06-27,Bloomberg,"Russia's seaborne crude exports plunged last week, but the drop probably doesn't indicate that sanctions are starting to bite. Flows from Russian ports were...",https://www.bloomberg.com/news/articles/2022-06-27/russian-crude-flows-slump-but-it-s-likely-to-prove-temporary
oil,BP Paid Rural Mexicans a “Pittance” for Wall Street’s Favorite Climate Solution,2022-06-27,Bloomberg,"The oil giant has found a climate bargain in some of Mexico's poorest areas, paying a fraction of market rate for carbon offsets to rural villagers working to...",https://www.bloomberg.com/features/2022-carbon-offset-credits-mexico-forest-bp/
oil,Swiss Trader Says Russia’s Sberbank Caused Antipinsky Oil Refinery Bankruptcy,2022-06-29,Bloomberg,"Sanctioned Russian lender Sberbank PJSC caused the bankruptcy of the Antipinsky Oil Refinery in Western Siberia, according to Swiss trader New Stream Trading...",https://www.bloomberg.com/news/articles/2022-06-29/swiss-trader-says-russia-s-sberbank-caused-refinery-bankruptcy
oil,"India Slaps Windfall Tax on Oil Firms, Hitting Reliance Shares",2022-07-01,Bloomberg,"India Slaps Windfall Tax on Oil Firms, Hitting Reliance Shares · New Delhi puts levies on fuel exports, local crude production · Shares of Ambani's Reliance...",https://www.bloomberg.com/news/articles/2022-07-01/india-imposes-windfall-tax-on-local-oil-output-export-of-fuels
oil,Abu Dhabi’s Taqa to Retain Most Oil and Gas Assets After Review,2022-07-04,Bloomberg,"Abu Dhabi National Energy Co. said it will retain the vast majority of its oil and natural gas assets following a review, citing the strong contribution of...",https://www.bloomberg.com/news/articles/2022-07-05/abu-dhabi-s-taqa-to-retain-most-oil-and-gas-assets-after-review
oil,Two Climate Change Activists Glue Themselves to Constable Masterpiece,2022-07-04,Bloomberg,Two climate change protesters have glued themselves to the frame of John Constable's masterpiece The Hay Wain. The Just Stop Oil (JSO) protesters also...,https://www.bloomberg.com/news/articles/2022-07-04/climate-change-protesters-glue-themselves-to-frame-of-constable-s-hay-wain
oil,UAE Will Keep Using Abu Dhabi’s Oil to Draw Global Investors,2022-07-13,Bloomberg,The United Arab Emirates aims to continue using its hydrocarbon wealth to attract international investors as the Persian Gulf state aims to expand its...,https://www.bloomberg.com/news/articles/2022-07-13/uae-will-keep-using-abu-dhabi-s-oil-to-draw-global-investors
oil,"India’s Diesel, Gasoline Sales Taper Off Adding to Oil’s Gloom",2022-07-17,Bloomberg,India's gasoline and diesel sales during the first half of July dropped from last month as seasonal rains curtailed demand in the world's third-biggest...,https://www.bloomberg.com/news/articles/2022-07-17/india-s-diesel-gasoline-sales-taper-off-adding-to-oil-s-gloom
oil,Sasol Outage Means All South African Oil Refineries Are Now Shut,2022-07-17,Bloomberg,"Sasol Ltd., South Africa's largest fuel producer, declared force majeure on the supply of petroleum products due to delays in deliveries of crude.",https://www.bloomberg.com/news/articles/2022-07-17/sasol-outage-means-all-south-african-oil-refineries-are-now-shut
oil,"India Slashes Windfall Tax on Fuel Exports, Reliance Jumps",2022-07-20,Bloomberg,"Sign up for the New Economy Daily newsletter, follow us @economics and subscribe to our podcast. India slashed windfall taxes on oil companies less than...",https://www.bloomberg.com/news/articles/2022-07-19/india-cuts-windfall-taxes-on-fuel-exports-as-global-prices-fall
oil,Fortunes Start Turning for Asia’s Oil Refiners After Boom Time,2022-07-24,Bloomberg,Oil refiners in Asia are starting to mull a reduction in operating rates after running flat out following the blowout in processing margins triggered by...,https://www.bloomberg.com/news/articles/2022-07-25/fortunes-start-turning-for-asia-s-oil-refiners-after-boom-time
oil,More Oil Middlemen Muscle in to Supply India with Russian Crude,2022-07-28,Bloomberg,"Sorry, something went wrong ... This article is for subscribers only. India is set to get more channels to buy cheap Russian oil, with a new wave of smaller,...",https://www.bloomberg.com/news/articles/2022-07-28/a-new-bench-of-traders-muscle-in-to-supply-russian-oil-to-india
oil,Watch CIBC's Senior Energy Trader Rebecca Babin on Oil Outlook,2022-07-29,Bloomberg,"Sorry, something went wrong ... CIBC's Rebecca Babin breaks down her oil market expectation. She speaks with Caroline Hyde, Sonali Basak and Taylor Riggs on ""...",https://www.bloomberg.com/news/videos/2022-07-29/cibc-s-senior-energy-trader-rebecca-babin-on-oil-outlook-video
oil,Oil Trading Giant Vitol Posts Record Profit of $4.2 Billion,2022-08-02,Bloomberg,Oil Trading Giant Vitol Posts Record Profit of $4.2 Billion · Company handed record $3 billion payout to its traders in 2021 · Trading house says it can't...,https://www.bloomberg.com/news/articles/2022-08-02/oil-trading-giant-vitol-posts-record-profit-of-4-2-billion
oil,Spanish Heatwave Saps Olive Oil Output From World’s Top Exporter,2022-08-02,Bloomberg,"Olive Oil Set to Get Pricier as Spain Heat Wave Hits Production ... Various olive oils on sale in Tarragona, Spain. ... This article is for subscribers only.",https://www.bloomberg.com/news/articles/2022-08-02/spanish-heatwave-saps-olive-oil-output-from-world-s-top-exporter
oil,Russia Finds a New Route to Oil Market Via a Tiny Egyptian Port,2022-08-03,Bloomberg,Russia Finds a New Route to Oil Market Via a Tiny Egyptian Port · Tanker unloads cargo of Urals crude at Mediterranean terminal · Unusual move makes it...,https://www.bloomberg.com/news/articles/2022-08-03/russia-finds-a-new-route-to-oil-market-via-a-tiny-egyptian-port
oil,Germany’s Switch to Diesel From Gas Comes at a Cost,2022-08-03,Bloomberg,"With Russian gas supplies still at risk, German industry is turning to oil to power its factories. It may just be swapping one problem for another.",https://www.bloomberg.com/opinion/articles/2022-08-04/european-energy-crisis-germany-s-switch-to-diesel-comes-at-a-cost
oil,Russia Undercuts Saudi Oil in India as Competition Heats Up,2022-08-04,Bloomberg,"A fierce battle is brewing in India where Russia has undercut the price of oil from its OPEC+ ally Saudi Arabia, paving the way for Moscow to expand market...",https://www.bloomberg.com/news/articles/2022-08-04/russia-undercuts-saudi-oil-in-india-as-competition-heats-up
oil,"Ashutosh Pant, Indian Oil Corp Ltd: Profile and Biography",2022-08-05,Bloomberg,"Ashutosh Pant is Former Board Member at Indian Oil Corp Ltd. See Ashutosh Pant's compensation, career history, education, & memberships.",https://www.bloomberg.com/profile/person/22965707
oil,"Oman Posts $2 Billion Surplus in First Half on High Oil, Gas",2022-08-07,Bloomberg,"Oman recorded a budget surplus of 784 million rials ($2 billion) in the first half, driven by higher sales for oil and natural gas.",https://www.bloomberg.com/news/articles/2022-08-07/oman-posts-2-billion-surplus-in-first-half-on-high-oil-gas
oil,Watch JTD Energy's Driscoll on Oil Markets,2022-08-17,Bloomberg,"Sorry, something went wrong ... John Driscoll, Director at JTD Energy Services, discusses his outlook for oil and energy markets. He speaks with Shery Ahn and...",https://www.bloomberg.com/news/videos/2022-08-17/jtd-energy-s-driscoll-on-oil-markets-video
oil,Crown Prince MBS’s Saudi Arabia Is Booming and This Time It Isn’t Only About Oil,2022-08-21,Bloomberg,"The more than 300 apartments in Almajdiah Residence's new Riyadh complex sold in just a month for cash, without the company even having to advertise.",https://www.bloomberg.com/news/articles/2022-08-21/saudi-arabia-s-booming-and-this-time-it-isn-t-only-about-oil
oil,Saudi Arabia Makes a Push for $100 Oil: Elements by Javier Blas,2022-08-23,Bloomberg,"Hi, I'm Javier Blas and this is Elements, Bloomberg's daily energy and commodities newsletter. We bring you a blend of commentary from Bloomberg Opinion...",https://www.bloomberg.com/opinion/articles/2022-08-23/saudi-arabia-makes-a-push-for-100-oil-elements-by-javier-blas
oil,Shortage of Frack Gear Is Helping to Hold Back US Oil Production,2022-09-02,Bloomberg,"In a dusty corner of Oklahoma, close to where Erle Halliburton founded his eponymous oil services empire 103 years ago, a group of workers shows why US oil...",https://www.bloomberg.com/news/articles/2022-09-02/shortage-of-frack-gear-is-helping-to-hold-back-us-oil-production
oil,Saudi Arabia Cuts Oil Prices for Asia and Europe as Demand Cools,2022-09-06,Bloomberg,Saudi Arabia cut oil prices for customers in Asia and Europe as coronavirus lockdowns and sagging economies cool energy demand in the two regions.,https://www.bloomberg.com/news/articles/2022-09-06/saudi-arabia-lowers-oil-prices-for-asia-as-regional-demand-cools
oil,Malaysian Palm Oil Output to Drop for Third Year on Labor Crunch,2022-09-08,Bloomberg,Malaysian Palm Oil Output to Drop for Third Year on Labor Crunch · Country's main growers group cuts forecast to 18 million tons · Foreign workers returning at...,https://www.bloomberg.com/news/articles/2022-09-08/malaysian-palm-oil-output-to-drop-for-third-year-on-labor-crunch
oil,Biden May Buy Oil Just Below $80; Democrats Stymied Trump at $24,2022-09-13,Bloomberg,"Sorry, something went wrong ... This article is for subscribers only. The Biden administration is considering replenishing the Strategic Petroleum Reserve when...",https://www.bloomberg.com/news/articles/2022-09-13/biden-may-buy-oil-just-below-80-democrats-stymied-trump-at-24
oil,Germany Seizes Assets of Russian Oil Giant Rosneft’s Local Unit,2022-09-16,Bloomberg,"Sorry, something went wrong ... This article is for subscribers only. Germany seized the local unit of Russian oil major Rosneft PJSC as Berlin moves to take...",https://www.bloomberg.com/news/articles/2022-09-16/germany-takes-control-over-rosneft-s-three-german-oil-refineries
oil,Dubai’s Next-Gen Leaders,2022-09-19,Bloomberg,"With Sheikh Hamdan as the political operator and Sheikh Maktoum as the numbers man, their father has tasked them with safeguarding Dubai's status as the Middle...",https://www.bloomberg.com/news/newsletters/2022-09-19/dubai-s-princes-ipo-rush-erdogan-s-plans-saudi-oil-output
oil,China Is Poised to Export a Lot More Fuel to an Energy-Starved World,2022-09-22,Bloomberg,China is poised to export a lot more fuel as Beijing strives to boost its economy by raising refinery runs amid flagging local consumption.,https://www.bloomberg.com/news/articles/2022-09-23/flood-of-chinese-fuel-exports-to-hit-energy-starved-markets
oil,Kuwait Shakes Up State Firms Ahead of Vote,2022-09-26,Bloomberg,"The country's leadership, which assumed power two years ago, is fulfilling promises for change, including a broad shakeup of major government entities.",https://www.bloomberg.com/news/newsletters/2022-09-26/kuwait-s-sweeping-pre-election-changes-uae-s-oil-output-turkey-s-shock-move
oil,"US Would Trade Reserve Oil for Profit, Invest in EVs Under Democrats’ Bill",2022-09-26,Bloomberg,Democrats are pitching a plan that would allow the US government to buy and sell crude from its emergency reserves for a profit and use that money to fund...,https://www.bloomberg.com/news/articles/2022-09-26/strategic-oil-could-be-money-maker-for-us-under-democrats-bill
oil,Nestlé Says It Will Drop Palm Oil Supplier Accused of Abuses,2022-09-29,Bloomberg,Nestlé Says It Will Drop Palm Oil Supplier Accused of Abuses · Astra Agro Lestari faced previous similar allegations · Consumer-goods companies are under...,https://www.bloomberg.com/news/articles/2022-09-29/nestle-to-drop-palm-oil-supplier-astra-agro-lestari-on-allegations-of-abuses
oil,Malfunction Hits Shell Pernis Refinery Unit Amid Fuel Crunch,2022-10-13,Bloomberg,"Europe's largest oil refinery suffered a malfunction, a potential source of jitters for the continent's refined fuels market where supply has already been...",https://www.bloomberg.com/news/articles/2022-10-13/malfunction-hits-shell-s-pernis-oil-refinery-amid-diesel-crunch
oil,Russian Oil Price Cap May Not Be the Hoped-for Fail-Safe,2022-10-15,Bloomberg,"Expect the oil market to get a lot more volatile in the coming weeks. From Dec. 5, it will be illegal to import Russian crude by sea into the European Union...",https://www.bloomberg.com/opinion/articles/2022-10-16/russian-oil-price-cap-may-not-help-balance-markets-as-hoped
oil,Three Climate Activists Appear in Court After Soup Thrown Over Van Gogh Painting,2022-10-15,Bloomberg,Three Just Stop Oil climate activists have appeared in court over protests - which included soup being thrown over Van Gogh's Sunflowers painting.,https://www.bloomberg.com/news/articles/2022-10-15/three-climate-activists-appear-in-court-after-soup-thrown-over-van-gogh-painting
oil,Transport for London Preparing Injunction Over Just Stop Oil Protests,2022-10-16,Bloomberg,Transport for London is preparing to apply for an injunction against Just Stop Oil activists after a fortnight of protests in the capital.,https://www.bloomberg.com/news/articles/2022-10-16/transport-for-london-preparing-injunction-over-just-stop-oil-protests
oil,"Lukoil Weighs Trading Split, Refinery Sale to Keep Oil Flowing",2022-10-18,Bloomberg,"Russia's biggest private oil producer may restructure its trading unit, Litasco SA, by creating two arms, with one based in Geneva and the other in Dubai,...",https://www.bloomberg.com/news/articles/2022-10-18/lukoil-mulls-trading-split-refinery-sale-to-keep-oil-flowing
oil,Exxon Shares Hit Record High as Energy Sector Outperforms,2022-10-21,Bloomberg,"Exxon Mobil Corp. hit an intraday record high as investors pile into energy equities, undeterred by a recent slump in oil prices.",https://www.bloomberg.com/news/articles/2022-10-21/exxon-hits-record-high-as-energy-sector-outperforms-market-indexes
oil,The US Is Exporting Record Oil and Fuel Even as East Coast Faces Shortages,2022-10-26,Bloomberg,"The US exported a record amount of crude and fuel last week, even as the East Coast grapples with shortages of both diesel and gasoline.",https://www.bloomberg.com/news/articles/2022-10-26/the-us-is-exporting-record-oil-and-fuel-even-as-east-coast-faces-shortages
oil,Iraq Appoints New Oil Minister After Yearlong Political Impasse,2022-10-27,Bloomberg,"Iraq Appoints New Oil Minister After Yearlong Political Impasse. Ministers of the new Iraqi government sworn in during the parliamentary session in Baghdad,...",https://www.bloomberg.com/news/articles/2022-10-27/iraq-appoints-new-oil-minister-after-yearlong-political-impasse
oil,Suncor (TSX:SU) Takes Fort Hills Writedown as It Scoops Up Teck’s Stake,2022-10-27,Bloomberg,"Suncor Energy Inc., searching for a new chief executive officer and under pressure from an activist investor, will take a C$2.6 billion writedown on its...",https://www.bloomberg.com/news/articles/2022-10-27/suncor-takes-fort-hills-writedown-as-it-scoops-up-teck-s-stake
oil,Unwanted Russian Oil Piles Up on Ships Anchored Near Singapore,2022-10-27,Bloomberg,Unwanted Russian Oil Piles Up on Ships Anchored Near Singapore ... This article is for subscribers only. A fleet of tankers filled with Russian fuel oil have...,https://www.bloomberg.com/news/articles/2022-10-27/unwanted-russian-oil-piles-up-on-ships-anchored-near-singapore
oil,Russia’s Crude Shipments Hit Five-Month High Before Sanctions,2022-11-07,Bloomberg,Time is running out for tankers to reach Indian ports before EU and UK bans come into effect.,https://www.bloomberg.com/news/articles/2022-11-07/russia-s-crude-shipments-hit-five-month-high-before-sanctions
oil,Crude Tanker Hauling Russian Oil Sits for Days Off UAE’s Coast,2022-11-07,Bloomberg,"An oil tanker hauling a cargo of Russian crude has been sitting off the coast of the United Arab Emirates for three days, raising the prospect that the gulf...",https://www.bloomberg.com/news/articles/2022-11-07/crude-tanker-hauling-russian-oil-sits-for-days-off-uae-s-coast
oil,The US Northeast Is Hurtling Toward a Winter Heating Crisis,2022-11-07,Bloomberg,"Region is rationing heating oil, warning of natural gas shortages.",https://www.bloomberg.com/news/articles/2022-11-07/the-us-northeast-is-hurtling-toward-a-winter-heating-crisis
oil,Podcast: Guyana Is the Most Exciting Story in the World Oil Market,2022-11-14,Bloomberg,"And we talk a lot about OPEC. But one of the most exciting stories in the global oil industry is the incredible rise of Guyana, which has seen a massive amount...",https://www.bloomberg.com/news/articles/2022-11-14/guyana-is-the-most-exciting-story-in-the-world-oil-market
oil,India’s Oil Buyers Make a Push for Russia Crude Before Sanctions,2022-11-20,Bloomberg,India's oil refiners are looking to pick up a bit more Russian crude in last-minute purchases just weeks before new sanctions take effect.,https://www.bloomberg.com/news/articles/2022-11-21/india-s-oil-buyers-make-a-push-for-russia-crude-before-sanctions
oil,Nigeria GDP: Economy Growth Rate Slows to 2.25% as Oil Production Slumps,2022-11-24,Bloomberg,Nigeria's economy grew 2.25% year-on-year in the third quarter amid a drop in the West African country's oil production.,https://www.bloomberg.com/news/articles/2022-11-24/nigeria-growth-rate-slows-to-2-25-as-oil-production-slumps
oil,What’s the Price of Russian Oil Right Now? Try $52 a Barrel,2022-11-25,Bloomberg,"With European Union diplomats haggling over a price cap on Russian oil, it's worth remembering that the level they're discussing will almost certainly be...",https://www.bloomberg.com/news/articles/2022-11-25/what-s-the-price-of-russian-oil-right-now-try-52-a-barrel
oil,Iraq Plans to Start Expanding Oil Export Capacity From Next Year,2022-11-27,Bloomberg,"Iraq, OPEC's second largest producer, plans to start increasing oil export capacity from its southern ports from next year to add a total of 1 million to...",https://www.bloomberg.com/news/articles/2022-11-27/iraq-plans-to-start-expanding-oil-export-capacity-from-next-year
oil,Ghana in Talks With Dubai Oil Refiner to Barter Gold for Fuel,2022-11-28,Bloomberg,Ghana is in talks with Emirates National Oil Co. for a barter arrangement that will enable the West African nation to buy fuel with gold.,https://www.bloomberg.com/news/articles/2022-11-28/ghanaian-government-in-talks-with-dubai-oil-refiner-to-barter-gold-for-fuel
oil,"UAE Plans Global Energy Push With $150 Billion Oil, Gas Spending",2022-11-28,Bloomberg,UAE Plans Global Energy Push With $150 Billion of Spending · Adnoc to IPO part of natural gas business in Abu Dhabi in 2023 · Company to look at international...,https://www.bloomberg.com/news/articles/2022-11-28/uae-plans-global-energy-push-with-adnoc-s-150-billion-spending
oil,US Seeks Halt to Oil-Reserve Sales to Refill Depleted Stockpiles,2022-12-01,Bloomberg,The Biden administration is seeking to stop sales from the Strategic Petroleum Reserve mandated by Congress so it can refill the emergency reserve.,https://www.bloomberg.com/news/articles/2022-12-01/us-seeks-halt-to-oil-reserve-sales-to-refill-depleted-stockpiles
oil,Athabasca May Beat Pathways Alliance in Oil Sands Carbon Capture,2022-12-07,Bloomberg,"Athabasca, Canada's 10th largest oil producer, has partnered with Entropy Inc. to build a carbon capture and storage facility at its Leismer oil sands site and...",https://www.bloomberg.com/news/articles/2022-12-08/athabasca-may-beat-pathways-alliance-in-oil-sands-carbon-capture
oil,Oil Tankers Stuck Near Turkey Rack Up $13 Million Bill So Far,2022-12-08,Bloomberg,"Based on the delays of tankers currently near the Bosphorus and Dardanelles straits, about $13 million of extra freight costs have been incurred by the ships.",https://www.bloomberg.com/news/articles/2022-12-08/oil-tankers-stuck-near-turkey-rack-up-13-million-bill-so-far
oil,Why Swaths of Russian Oil Trade Far Below G-7’s $60 Cap,2022-12-08,Bloomberg,"Four days into the G-7's cap on Russian oil prices, and it appears most — but not all — of it is trading well below the threshold being imposed on Moscow.",https://www.bloomberg.com/news/articles/2022-12-08/why-swaths-of-russian-oil-is-trading-far-below-g-7-s-60-cap
oil,The US’s New Approach to Venezuela Is Starting to Bear Fruit,2022-12-08,Bloomberg,Talks between the Biden administration and the Maduro government could pave the way for increased oil production and opposition politicians taking part in...,https://www.bloomberg.com/news/articles/2022-12-08/venezuela-us-relations-shift-could-aid-oil-production
oil,Oil Wells Creeping Into Texas Cities Herald Shale Era's Twilight,2022-12-12,Bloomberg,"Oil Wells Creeping Into Texas Cities Herald Shale Era's Twilight. The world can no longer rely on the Permian Basin to keep crude prices in check, with new...",https://www.bloomberg.com/news/articles/2022-12-12/oil-wells-creeping-into-texas-cities-herald-shale-era-s-twilight
oil,Watch Goldman's Currie Says Commodities Will Surge in 2023,2022-12-15,Bloomberg,"Goldman Sachs says commodities will be the best-performing asset class once again in 2023, handing investors returns of more than 40%.",https://www.bloomberg.com/news/videos/2022-12-15/goldman-s-currie-says-commodities-will-surge-in-2023
oil,Watch Where Is Oil Headed in 2023?,2022-12-23,Bloomberg,Oil is poised to end a volatile year modestly higher as traders attempt to gauge the market's trajectory into 2023. Natalia Kniazhevich reports.,https://www.bloomberg.com/news/videos/2022-12-23/where-is-oil-headed-in-2023-video
oil,"Oil Rises as China Loosens Travel Rules, US Battles Winter Freeze",2022-12-26,Bloomberg,Oil clung to a three-week high as storm-hit US refineries restarted and China's further easing of travel restrictions promised to bolster demand.,https://www.bloomberg.com/news/articles/2022-12-26/oil-rises-as-china-loosens-travel-rules-us-battles-freeze
oil,Exxon (XOM) Sues EU in Bid to Block Windfall Tax Against Oil Companies,2022-12-28,Bloomberg,"Exxon Mobil Corp. is suing the European Union in a push to eliminate a new windfall tax against oil groups, arguing the bloc does not have legal authority...",https://www.bloomberg.com/news/articles/2022-12-28/exxon-sues-eu-in-bid-to-block-windfall-tax-against-oil-companies
oil,Oil’s Slump Deepens as Near-Term Weakness Overtakes Market,2023-01-03,Bloomberg,"West Texas Intermediate fell 5.3% to settle below $73, with crude dropping 9.5% in the past two sessions. China's unwinding of its Covid Zero policy is expected...",https://www.bloomberg.com/news/articles/2023-01-03/oil-holds-steep-decline-as-demand-concerns-pushed-to-the-fore
oil,Pierre Andurand’s Hedge Fund Slumps 19% in a Week as Oil Prices Retreat,2023-01-11,Bloomberg,It has been a rocky start to the year for famed oil trader Pierre Andurand.,https://www.bloomberg.com/news/articles/2023-01-11/andurand-s-hedge-fund-slumps-19-in-a-week-as-oil-prices-retreat
oil,Malaysia Mulls Halting Palm Oil Exports to EU to Oppose New Rule,2023-01-11,Bloomberg,The regulation is an act to block market access for palm oil and Malaysia will discuss with Indonesia — the top producer and exporter — about the option of...,https://www.bloomberg.com/news/articles/2023-01-12/malaysia-mulls-halting-palm-oil-exports-to-eu-to-oppose-new-rule
oil,Osage Nation's Massive Oil Estate May Get New US Protections,2023-01-12,Bloomberg,It also proposes updating methods for valuing oil and gas production to prevent price manipulation and “ensure that the Osage Nation receives the full value of...,https://www.bloomberg.com/news/features/2023-01-12/osage-nation-s-oil-estate-may-get-new-protections
oil,An Oil Exec Running COP? This Isn't a Joke,2023-01-12,Bloomberg,The UAE's Sultan Al Jaber has green credentials but also a commitment to pumping more oil. It's a recipe for controversy and slow action.,https://www.bloomberg.com/opinion/articles/2023-01-13/uae-oil-exec-sultan-al-jaber-will-run-cop28-inviting-controversy
oil,India Now Buying 33 Times More Russian Oil Than a Year Earlier,2023-01-16,Bloomberg,India Now Buying 33 Times More Russian Oil Than a Year Earlier · Nation took 1.2 million barrels a day from Moscow last month · Sanctions from G-7 and EU...,https://www.bloomberg.com/news/articles/2023-01-16/india-now-buying-33-times-more-russian-oil-than-a-year-earlier
oil,"Putin’s Cash Flood From Exports Slows Amid Curbs on Oil, Gas",2023-01-17,Bloomberg,Russia had its smallest current-account surplus in more than a year as the flow of goods from abroad and new restrictions on oil exports endanger what's become...,https://www.bloomberg.com/news/articles/2023-01-17/putin-s-cash-flood-from-exports-slows-after-curbs-on-oil-and-gas
oil,"Oil Extends Decline on US Recession Concern, Inventory Build",2023-01-19,Bloomberg,Oil rebounded on Thursday as investors bet that revived demand from China would outweigh swelling US stockpiles.,https://www.bloomberg.com/news/articles/2023-01-18/oil-extends-decline-on-poor-us-data-and-chunky-inventory-build
oil,"Oil Refining Margins Are Sounding the Alarm, Again",2023-01-24,Bloomberg,The WTI '3-2-1 crack spread' touched a three-month high of $42 a barrel — and that could be worrisome for consumers...,https://www.bloomberg.com/opinion/articles/2023-01-24/oil-refining-margins-are-sounding-the-alarm-again
oil,Russian Oil Exports to India May Hit New Highs as Interest Grows,2023-01-26,Bloomberg,"India's oil processors are open to buying even more Russian crude if the price is right, said refinery executives, potentially providing a bigger outlet for...",https://www.bloomberg.com/news/articles/2023-01-26/russian-oil-exports-to-india-may-hit-new-highs-as-interest-grows
oil,Shell Posts Record 2022 Profit as Natural Gas Unit Thrives,2023-02-02,Bloomberg,"Shell Plc posted a fourth-quarter profit that was well ahead of expectations as its natural gas business thrived, lifting the oil major to a record...",https://www.bloomberg.com/news/articles/2023-02-02/shell-posts-record-2022-profit-as-fourth-quarter-beats-estimates
oil,"BP Earnings: Don't Say It Out Loud, But BP Is Back Into Petroleum",2023-02-07,Bloomberg,"When Bernard Looney took over as chief executive officer of BP Plc in 2020, he promised to quickly decarbonize the British oil major, cutting oil and gas...",https://www.bloomberg.com/opinion/articles/2023-02-07/bp-earnings-don-t-say-it-out-loud-but-bp-is-back-into-petroleum
oil,Malaysia Weighs Trade Curbs to Fight EU’s Anti-Palm Oil Policies,2023-02-07,Bloomberg,"Malaysia, the world's second-biggest palm oil producer, is weighing a range of trade curbs to strike back against what it calls unfair policies from the...",https://www.bloomberg.com/news/articles/2023-02-08/malaysia-weighs-trade-curbs-to-fight-eu-s-anti-palm-oil-policies
oil,BP Says Exports of Azeri Oil From Turkey Are Yet to Restart,2023-02-09,Bloomberg,Azeri Oil Exports From Turkey May Not Resume Until Next Week ... This article is for subscribers only. Exports of Azerbaijan's oil from Turkey are unlikely to...,https://www.bloomberg.com/news/articles/2023-02-09/bp-says-unclear-when-exports-of-btc-oil-from-turkey-will-resume
oil,"Osage Nation Rejects Proposed Oil Rules, Citing Red Tape",2023-02-14,Bloomberg,"The draft rules would hamper oil and gas production, according to Osage Principal Chief Geoffrey Standing Bear, reducing a critical source of income for many of...",https://www.bloomberg.com/news/articles/2023-02-14/osage-nation-rejects-bia-proposal-for-managing-oil-wealth
oil,Saudi Aramco Doesn’t Believe Its Own Rhetoric on Oil Demand,2023-02-15,Bloomberg,"The petro giant protests too much. Rather than blaming environmentalists and ESG policies, it should open its checkbook and lift production if the future...",https://www.bloomberg.com/opinion/articles/2023-02-15/saudi-aramco-doesn-t-believe-its-own-rhetoric-on-oil-demand
oil,Starbucks Launches Olive-Oil Coffee Drinks,2023-02-22,Bloomberg,"Starbucks Corp., the world's biggest coffee-shop operator, has launched a range of olive oil-infused beverages in Italy to boost market share in a country...",https://www.bloomberg.com/news/articles/2023-02-22/starbucks-adds-olive-oil-coffee-drinks-to-woo-italy-customers
oil,Poland Says Russia Stops Oil Flows Via Key Druzhba Pipeline,2023-02-25,Bloomberg,Poland Says Russia Stops Oil Flows Via Key Druzhba Pipeline · Halt comes day after Russia's Ukraine invasion hits one year · Company says consumers won't see...,https://www.bloomberg.com/news/articles/2023-02-25/poland-s-orlen-says-russia-cuts-oil-deliveries-via-key-pipeline
oil,The Year That Redrew the Energy Map,2023-02-26,Bloomberg,"Almost exactly a year ago, the worst happened. As dawn broke on Feb. 24, Russian President Vladimir Putin ordered his troops into Ukraine.",https://www.bloomberg.com/graphics/2023-opinion-russia-ukraine-global-energy-transformation/
oil,Mexico's Pemex Reports $9.4 Billion Loss as AMLO Fails to Revive Output,2023-02-27,Bloomberg,Petroleos Mexicanos reported $9.4 billion in losses in the final quarter of last year as the state oil giant failed to revive sinking oil production and...,https://www.bloomberg.com/news/articles/2023-02-27/pemex-reports-9-4-billion-loss-as-amlo-fails-to-revive-output
oil,Oil Investors Get $128 Billion Handout as Doubts Grow About Fossil Fuels,2023-03-04,Bloomberg,Shareholders in US oil companies reaped a $128 billion windfall in 2022 thanks to a combination of global supply disruptions such as Russia's war in Ukraine.,https://www.bloomberg.com/news/articles/2023-03-04/oil-producers-hand-128-billion-to-investors-as-doubts-grow-about-future-of-fossil-fuels
oil,Only 22% of Speakers at Top Oil Conference Are Women,2023-03-06,Bloomberg,"Every year at the energy industry's premier gathering in Houston, speakers lament the lack of women. Yet the lineup at this week's CERAweek by S&P Global...",https://www.bloomberg.com/news/articles/2023-03-06/where-are-the-women-in-oil-not-at-its-premier-industry-event
oil,"Watch Trafigura Group CEO on China, Carbon, Oil, Nickel Fraud",2023-03-07,Bloomberg,"Sorry, something went wrong ... Trafigura Group is carrying out a 'major internal audit' after being hit by an alleged nickel fraud. In his first public comments...",https://www.bloomberg.com/news/videos/2023-03-07/trafigura-group-ceo-on-china-carbon-oil-nickel-fraud-video
oil,Poland’s Top Refiner Orlen Is Weaning Itself Off of Russian Crude Oil,2023-03-08,Bloomberg,"PKN Orlen has all but pivoted away from Russian crude at its refineries in Poland, Lithuania and the Czech Republic a year after its neighbor invaded...",https://www.bloomberg.com/news/articles/2023-03-08/poland-s-top-refiner-is-weaning-itself-off-of-russian-crude-oil
oil,Tanker With Russian Oil Sits Off Ghana Two Weeks After Arriving,2023-03-10,Bloomberg,Tanker With Russian Oil Sits Off Ghana 2 Weeks After Arrival. Tanker Theseus has been waiting off coast of Ghana since Feb. 24. ... This article is for...,https://www.bloomberg.com/news/articles/2023-03-10/tanker-with-russian-oil-sits-off-ghana-two-weeks-after-arriving
oil,US Jobs Report: Wages for Oil Workers Dip as Explorers Tighten Belts,2023-03-10,Bloomberg,Wages for US oil workers slipped for the first time in six months as explorers tighten their spending amid a drop in crude prices.,https://www.bloomberg.com/news/articles/2023-03-10/wages-for-us-oil-workers-dip-as-explorers-tighten-their-belts
oil,Russia’s Oil Trade Is Starting to Show Signs of Clogging Up,2023-03-16,Bloomberg,"Russia's Oil Trade Is Starting to Show Signs of Clogging Up · Ships laden with fuel float off Europe, Africa, Latin America · Tankers bounce between Chinese...",https://www.bloomberg.com/news/articles/2023-03-16/russia-s-oil-trade-is-starting-to-show-signs-of-clogging-up
oil,Can Exxon And Chevron Master Oil Trading? It Won’t Be Easy,2023-03-20,Bloomberg,"They may not say it publicly, but the bigwigs at Exxon Mobil Corp. and Chevron Corp. believe they run superior enterprises. There is, however, one piece of the...",https://www.bloomberg.com/opinion/articles/2023-03-21/can-exxon-and-chevron-master-oil-trading-it-won-t-be-easy
oil,Andurand’s Oil Hedge Fund Slumps 40% as Commodities Retrench,2023-03-22,Bloomberg,Famed oil trader Pierre Andurand is emerging as one of the biggest hedge fund losers this year after the banking crisis sent shock waves through commodities...,https://www.bloomberg.com/news/articles/2023-03-22/andurand-s-oil-hedge-fund-slumps-40-as-commodities-retrench
oil,Chinese Mega-Refinery Lifts Heavy Oil Prices From the Doldrums,2023-03-29,Bloomberg,Chinese Mega-Refinery Lifts Heavy Oil Prices From the Doldrums · New plant in Jieyang was designed to run entirely on heavy oil · End of US refinery maintenance...,https://www.bloomberg.com/news/articles/2023-03-29/chinese-mega-refinery-lifts-heavy-oil-prices-from-the-doldrums
oil,How US-Saudi Relations Are Strained by Oil and Distrust,2023-04-03,Bloomberg,"The relationship's moorings have weakened, with the US no longer as dependent on Saudi oil and the Saudis less trusting of US protection.",https://www.bloomberg.com/news/articles/2023-04-03/what-opec-oil-cuts-mean-for-us-saudi-arabia-relations
oil,Transcript Zero Episode 34: UAE Oil Boss Sultan Al Jaber Has a Plan for COP28,2023-04-05,Bloomberg,Transcript Zero Episode 34: UAE Oil Boss Sultan Al Jaber Has a Plan for COP28. Read a transcript of the conversation between Bloomberg Green's Aaron Rutkoff and...,https://www.bloomberg.com/news/articles/2023-04-05/transcript-zero-episode-34-uae-oil-boss-sultan-al-jaber-has-a-plan-for-cop28
oil,Iran Oil Snapped Up by Chinese Private Refiners as Market Shifts,2023-04-06,Bloomberg,"Private refiners in China, the largest crude importer, are snapping up more Iranian oil as competition for supplies from Russia rises.",https://www.bloomberg.com/news/articles/2023-04-06/iran-oil-snapped-up-by-chinese-private-refiners-as-market-shifts
oil,Musk Puts $4 Trillion Price Tag on Sticking By Fossil Fuels,2023-04-06,Bloomberg,"Converting the world to entirely clean energy will require $10 trillion worth of investment, but continuing to rely on fossil fuels would cost about $14...",https://www.bloomberg.com/news/articles/2023-04-06/elon-musk-sees-a-4-trillion-cost-to-stick-with-fossil-fuels
oil,Cape Verde Becomes the Latest Location for Russian Oil Switching,2023-04-17,Bloomberg,"A cargo of Russian crude oil is being switched between tankers to the north of the Cape Verde islands in the Atlantic ocean, suggesting new locations are...",https://www.bloomberg.com/news/articles/2023-04-17/russian-oil-switched-at-sea-between-tankers-near-cape-verde
oil,Russian Oil Exports Rebound to Reignite Doubts Over Output Cut,2023-04-17,Bloomberg,"Russia's crude oil exports bounced back, with the previous week's sharp decline proving short-lived. Flows from Russian ports rose by 540,000 barrels a day,...",https://www.bloomberg.com/news/articles/2023-04-17/russian-oil-exports-rebound-to-reignite-doubts-over-output-cut
oil,Get Ready for Lower Fuel Prices — and Slower Inflation,2023-04-19,Bloomberg,"The refining industry became a chokepoint, pushing the cost of turning crude into fuels to an all-time high, in turn inflating gasoline and diesel prices.",https://www.bloomberg.com/opinion/articles/2023-04-20/oil-markets-additional-refining-capacity-should-help-curb-inflation
oil,Ecopetrol’s New CEO Seeks to Boost Oil Output Amid Petro Restrictions,2023-04-24,Bloomberg,Ecopetrol SA will invest in technology to boost output at oil fields it operates as the Colombian government sticks to a pledge to ban new drilling...,https://www.bloomberg.com/news/articles/2023-04-24/ecopetrol-s-new-ceo-seeks-to-boost-oil-output-amid-petro-restrictions
oil,Wall Street Is Finally Going to Make Money Off the Permian,2023-04-24,Bloomberg,"The huge electronic display reads like a call to arms: “M.O.G.A. Make Oil Great Again.” The pixels soon become five drilling rigs, crude gushing from the...",https://www.bloomberg.com/opinion/articles/2023-04-24/higher-oil-prices-means-wall-street-s-shale-investments-will-finally-pay-off
oil,Oil Patch Is Poised for Buyout Wave as US Drillers Seek New Land,2023-04-26,Bloomberg,Oil Patch Is Poised for Buyout Wave as US Drillers Seek New Land · Cash-rich oil drillers are well positioned to acquire assets · OPEC+'s surprise cut helps...,https://www.bloomberg.com/news/articles/2023-04-26/oil-patch-is-poised-for-buyout-wave-as-us-drillers-seek-new-land
oil,Burning Oil Tanker From China Off Malaysia Rings Shadow-Fleet Alarm Bells,2023-05-02,Bloomberg,"Three crew members are missing from a Gabon-registered tanker that caught fire on Monday in the South China Sea, a Malaysian maritime enforcement agency...",https://www.bloomberg.com/news/articles/2023-05-02/burning-oil-tanker-off-malaysian-rings-shadow-fleet-alarm-bells
oil,The Americas to Take Crown for Biggest Oil Growth as OPEC Shrinks,2023-05-04,Bloomberg,"Brazil and Guyana are ramping up offshore oil production along with US shale. Altogether, non-OPEC output could rise by 1.9 million barrels a day,...",https://www.bloomberg.com/graphics/2023-americas-not-opec-will-lead-oil-production-growth/
oil,Nigeria’s Dangote Oil Refinery Set to Be Comissioned on May 22,2023-05-07,Bloomberg,Nigeria's Dangote Oil Refinery Set to Be Comissioned on May 22 ... This article is for subscribers only. Nigeria's giant Dangote oil refinery is set for...,https://www.bloomberg.com/news/articles/2023-05-07/nigeria-s-dangote-oil-refinery-set-to-be-comissioned-on-may-22
oil,The Gulf of Mexico Has a $30 Billion Unplugged Oil Well Problem,2023-05-08,Bloomberg,"In the roughly 160 years since Edwin Drake drilled the first US oil well in the hills of northwestern Pennsylvania, more than 4.5 million oil and gas wells...",https://www.bloomberg.com/news/articles/2023-05-08/the-gulf-of-mexico-has-a-30-billion-oil-well-problem
oil,Oil Refiner Eneos Mulls Spinning Off JX Nippon Mining: Nikkei,2023-05-10,Bloomberg,"Japanese oil refiner Eneos Holdings Inc. is considering the spinoff of its metals unit, JX Nippon Mining & Metals Corp., as the company increases its focus...",https://www.bloomberg.com/news/articles/2023-05-10/oil-refiner-eneos-mulls-spinning-off-jx-nippon-mining-nikkei
oil,Norway Raises Oil Wealth Spending to Shield Welfare Services,2023-05-11,Bloomberg,Norway Raises Oil Wealth Spending to Shield Welfare Services ... This article is for subscribers only. Norway plans to raise spending of its $1.4 trillion...,https://www.bloomberg.com/news/articles/2023-05-11/norway-to-raise-oil-wealth-spending-to-protect-welfare-services
oil,How An Aging Armada and Mystery Traders Keep Russian Oil Afloat,2023-05-12,Bloomberg,"Environmental safety fears surround the new trade in Russian oil which is less transparent, involves older ships and is more difficult to monitor.",https://www.bloomberg.com/graphics/2023-russian-oil-flows-after-sanctions/
oil,Safety Fears Surround the New Trade in Russian Oil,2023-05-12,Bloomberg,Oil Trading Europe Team Leader Alaric Nightingale examines a developing risk for crude transportation following sanctions on Russia.,https://www.bloomberg.com/news/newsletters/2023-05-12/safety-fears-surround-the-new-trade-in-russian-oil
oil,Canada Wildfires Raise Threat of Another Oil-Sands Shutdown,2023-05-24,Bloomberg,"Energy analyst counsels clients to “pray for rain,” while Fort McMurray residents rehearse lessons learned from the 2016 blaze.",https://www.bloomberg.com/news/articles/2023-05-24/canada-wildfires-may-cut-natural-gas-output-economic-growth
oil,The World’s Oil Map Is Being Redrawn by Rising Russian Flows to Asia,2023-05-24,Bloomberg,"The World's Oil Map Is Being Redrawn by Rising Russian Flows to Asia ... A tanker&nbsp;sails off towards the East China Sea off the coast of Ningbo,. A tanker...",https://www.bloomberg.com/news/articles/2023-05-24/world-s-oil-map-being-redrawn-by-rising-russian-flows-to-asia
oil,Putin Gains Influence in Oil-Rich Libya as US Struggles to Oust Wagner Group,2023-06-03,Bloomberg,"The Kremlin is reestablishing its diplomatic presence in Tripoli, while Russian mercenaries have access to oil facilities and military bases further east.",https://www.bloomberg.com/news/articles/2023-06-04/putin-gains-in-oil-exporter-libya-as-us-struggles-to-oust-wagner-group
oil,Namibia Becomes Oil Drilling Hot-Spot With 13% of Africa’s Rigs,2023-06-06,Bloomberg,Namibia Becomes Oil Drilling Hot-Spot With 13% of Africa's Rigs ... The Deepsea Mira oil rig. ... This article is for subscribers only. Namibia's status as an oil...,https://www.bloomberg.com/news/articles/2023-06-06/namibia-becomes-oil-drilling-hot-spot-with-13-of-africa-s-rigs
oil,China’s Waste Oil Industry Wants to Come Clean,2023-06-07,Bloomberg,China's waste oil industry wants to come clean. Producers fear the deceptive practices used by some may raise costs and European trade barriers for all.,https://www.bloomberg.com/news/newsletters/2023-06-07/china-s-waste-oil-industry-wants-to-come-clean
oil,Peak Oil Demand Is Coming Soon for Transportation,2023-06-13,Bloomberg,"Electric cars will reverse demand for transportation fuels by 2027, according to a new BloombergNEF report, with further oil reckonings to follow.",https://www.bloomberg.com/news/articles/2023-06-13/peak-oil-demand-is-coming-fast-for-transportation
oil,Singapore Buys Record Amount of Used Cooking Oil for Biofuels From China,2023-06-22,Bloomberg,Singapore Buys Record Amount of Used Cooking Oil From China ... This article is for subscribers only. Chinese exports of used cooking oil to Singapore jumped to a...,https://www.bloomberg.com/news/articles/2023-06-22/singapore-buys-record-amount-of-used-cooking-oil-for-biofuels-from-china
oil,Flotilla of Saudi Oil Tankers Near the Suez Shrinks a Little,2023-06-22,Bloomberg,"A cluster of Saudi Arabian oil tankers that are idling in the Red Sea is showing tentative signs of shrinking, suggesting whatever issue caused the buildup...",https://www.bloomberg.com/news/articles/2023-06-22/that-flotilla-of-saudi-oil-tankers-idling-in-the-red-sea-shrinks-a-little
oil,Andurand’s Oil Hedge Fund Plunge Exceeds 50% in Worst Ever Loss,2023-06-28,Bloomberg,"Oil trader Pierre Andurand's losses deepened this month, with his hedge fund slumping to its worst-ever phase of decline.",https://www.bloomberg.com/news/articles/2023-06-28/andurand-s-oil-hedge-fund-plunge-exceeds-50-in-worst-ever-loss
oil,"OPEC Shuts Bloomberg, Reuters and WSJ Out of Oil Conference",2023-06-28,Bloomberg,"“We are very concerned by the prospect of OPEC excluding certain journalists, including from Bloomberg, from next week's seminar,” Bloomberg News said in a...",https://www.bloomberg.com/news/articles/2023-06-28/opec-shuts-bloomberg-reuters-and-wsj-out-of-oil-conference
oil,Oil-Field Lawsuit Offers Rare Insight Into Harassment Complaints,2023-06-28,Bloomberg,A lawsuit set for trial in July against the world's largest provider of drilling services will offer rare public testimony about the plight of women working...,https://www.bloomberg.com/news/articles/2023-06-28/oil-field-lawsuit-offers-rare-insight-into-harassment-complaints
oil,"In Climate Fight, Curbing Oil Use Safer Bet Than Slashing Supply",2023-06-30,Bloomberg,Oil Strategist Julian Lee examines the different approaches to fossil fuels in the push to stop global warming.,https://www.bloomberg.com/news/newsletters/2023-06-30/in-climate-fight-curbing-oil-use-safer-bet-than-slashing-supply
oil,Russia’s Oil and Gas Revenue Fell by Over a Quarter in June,2023-07-05,Bloomberg,Russia's oil and gas revenue shrank by over a quarter last month amid lower crude prices and capped gas flows to Europe.,https://www.bloomberg.com/news/articles/2023-07-05/russia-s-oil-and-gas-revenue-fell-by-over-a-quarter-in-june
oil,"Oil is Hard to Quit, Even in Norway Where Electric Cars Rule the Road",2023-07-06,Bloomberg,"When it comes to electric vehicles, Norway is very much a trailblazer. It has moved much more rapidly away from the internal combustion engine than its...",https://www.bloomberg.com/news/articles/2023-07-07/oil-is-hard-to-quit-even-in-norway-where-electric-cars-rule-the-road
oil,US to Buy 6 Million More Barrels of Oil for Emergency Reserve,2023-07-07,Bloomberg,The Biden administration announced Friday it's purchasing 6 million more barrels of crude oil for the Strategic Petroleum Reserve as it continues to slowly...,https://www.bloomberg.com/news/articles/2023-07-07/biden-to-purchase-6-million-more-barrels-for-emergency-reserve
oil,Russia-Linked Oil Tanker Fleet Vanishes Even Faster Than It Grew,2023-07-10,Bloomberg,Some of Gatik's fleet then lost access to industry standard insurance after falling foul of a Group of Seven price cap relating to the transportation of Russian...,https://www.bloomberg.com/news/articles/2023-07-10/russia-linked-oil-tanker-fleet-vanishes-even-faster-than-it-grew
oil,Plugging Methane Leaks From Derelict Oil Wells for Carbon Credit,2023-07-10,Bloomberg,Plugging Methane Leaks From Derelict Oil Wells for Carbon Credit. A growing market for offsets has boosted incentives for stopping greenhouse gas emissions.,https://www.bloomberg.com/news/articles/2023-07-10/plugging-methane-leaks-from-abandoned-oil-wells-for-carbon-credit
oil,Libya’s Sharara Oil Field Resumes Production as Protests End,2023-07-15,Bloomberg,"Libya's Sharara oil field is gradually resuming production after protesters that shut the facility earlier this week left, a person familiar with the matter...",https://www.bloomberg.com/news/articles/2023-07-15/libya-s-sharara-oil-field-resumes-production-as-protests-end
oil,Massive US Oil Caverns Sit Empty and Will Take Years to Refill,2023-07-17,Bloomberg,Massive US Oil Caverns Sit Empty and Will Take Years to Refill · Nation's oil reserve is at 40-year-low after historic drawdown · Experts say refilling will...,https://www.bloomberg.com/news/articles/2023-07-17/massive-us-oil-caverns-sit-empty-in-threat-to-energy-security
oil,Imperial Oil (IMO) Spill Hurts Flock of Geese Near Oil-Sands Site in Canada,2023-07-26,Bloomberg,"Imperial Oil Ltd. spilled crude from its Mihihkan plant at the Cold Lake oil-sands site, contaminating a flock of geese in the latest environmental mishap...",https://www.bloomberg.com/news/articles/2023-07-26/imperial-oil-spill-hurts-flock-of-geese-near-cold-lake-oil-sands
oil,The $1 Oil Field Sale That Landed an Italian Financier in Court,2023-07-27,Bloomberg,"Francesco Mazzagatti, the CEO of Viaro Energy Ltd., is accused of orchestrating a move to deprive partner Abu Dhabi's Taqa of millions of dollars by paying out...",https://www.bloomberg.com/news/articles/2023-07-27/the-oil-field-sale-that-landed-an-italian-financier-in-court
oil,UAE Oil Giant Adnoc Sets Tougher Climate Targets Before COP28,2023-07-31,Bloomberg,The biggest oil producer in the United Arab Emirates is setting itself more ambitious emissions-reduction targets as the country prepares to host the COP28...,https://www.bloomberg.com/news/articles/2023-07-31/uae-s-main-oil-company-sets-tougher-climate-targets-before-cop28
oil,"US Oil Output to Hit Record This Year, Helping Counter Saudi Cuts",2023-08-08,Bloomberg,"US oil production this year will rise faster than previously expected, providing additional crude supplies to a market that has tightened because of Saudi...",https://www.bloomberg.com/news/articles/2023-08-08/us-forecasts-record-oil-production-helping-counter-saudi-cuts
oil,Oil’s Hottest Trade Gathers Momentum as Key Spread Goes Negative,2023-08-08,Bloomberg,Oil's Hottest Trade Accelerates as Key Spread Goes Negative ... This article is for subscribers only. One of the hottest trades in the oil market this year is...,https://www.bloomberg.com/news/articles/2023-08-08/oil-s-hottest-trade-gathers-momentum-as-key-spread-goes-negative
oil,Oil Tanker Rates Plunge as OPEC+ Cuts Curb Vessel Demand,2023-08-09,Bloomberg,Oil Tanker Rates Plunge as OPEC+ Cuts Curb Vessel Demand ... This article is for subscribers only. Oil supply cuts by some of the world's top producers are...,https://www.bloomberg.com/news/articles/2023-08-09/oil-tanker-rates-plunge-as-opec-cuts-curb-vessel-demand
oil,Oil-Refining Leftover Is More Expensive Than Crude in Tight Fuel Market,2023-08-10,Bloomberg,"High-sulfur fuel oil, used in shipping and power generation, last week became more expensive than ICE Brent in northwest Europe for the first time since 1995,...",https://www.bloomberg.com/news/articles/2023-08-10/refining-leftover-costs-more-than-crude-in-tight-fuel-market
oil,Iran’s Booming Oil Flows Surge Above 2 Million Barrels a Day,2023-08-21,Bloomberg,Iran's Booming Oil Flows Surge Above 2 Million Barrels a Day · TankerTrackers says satellite images show new surge in flows · Shipments boost global supply...,https://www.bloomberg.com/news/articles/2023-08-21/iran-s-booming-oil-flows-surge-above-2-million-barrels-a-day
oil,"Watch MUFG's Khoman on BRICS Expansion, Egypt & Oil Market",2023-08-25,Bloomberg,"Sorry, something went wrong ... Ehsan Khoman, Head of Commodities, ESG and EM Research at MUFG, discusses his regional economic outlook. He speaks with Manus...",https://www.bloomberg.com/news/videos/2023-08-25/mufg-s-khoman-on-brics-expansion-egypt-oil-market-video
oil,"Iran Reports Oil Spill That’s Spread Off Gulf Coast, IRNA Says",2023-08-28,Bloomberg,"A large stretch of the Iranian coast along the Persian Gulf has been polluted by an oil leak from an offshore pipeline, according to the country's state-run...",https://www.bloomberg.com/news/articles/2023-08-28/iran-reports-oil-spill-that-s-spread-off-gulf-coast-irna-says
oil,China Reaches Peak Gasoline in Milestone for Electric Vehicles,2023-08-29,Bloomberg,"Sinopec, the country's top oil refiner, brought its forecast forward by two years in a development that didn't get its due.",https://www.bloomberg.com/news/newsletters/2023-08-29/china-reaches-peak-gasoline-in-milestone-for-electric-vehicles
oil,Rosneft CEO Igor Sechin Decries Russia Oil-Output Cuts Once Again,2023-08-30,Bloomberg,Rosneft CEO Sechin Decries Russia Oil-Output Cuts Once Again ... This article is for subscribers only. Rosneft PJSC Chief Executive Officer Igor Sechin said...,https://www.bloomberg.com/news/articles/2023-08-30/rosneft-ceo-slams-russia-s-oil-output-cuts-for-curbing-potential
oil,Iran’s Oil Exports Surge in August Even With Final Week Dip,2023-08-31,Bloomberg,"Iran's oil exports ballooned in August, even though they didn't maintain the pace set in the first part of the month.",https://www.bloomberg.com/news/articles/2023-08-31/iran-s-oil-exports-surge-in-august-even-with-final-week-dip
oil,Mexico’s Dos Bocas Produces Fuel Over a Year After Inauguration,2023-09-01,Bloomberg,"Mexico's flagship Dos Bocas refinery will start producing fuel today, after the over-budget plant was technically opened last year and missed a deadline to...",https://www.bloomberg.com/news/articles/2023-09-01/mexico-s-dos-bocas-produces-fuel-over-a-year-after-inauguration
oil,Biden to Cancel Arctic Oil Drilling Rights Sold by Trump,2023-09-06,Bloomberg,The Biden administration is taking steps to thwart oil development in remote reaches of Alaska by canceling leases to drill in the Arctic National Wildlife...,https://www.bloomberg.com/news/articles/2023-09-06/biden-to-cancel-alaskan-arctic-oil-drilling-rights-sold-by-trump
oil,"Oil Majors Keen to Expand at Colombia Gas Blocks, Ecopetrol Says",2023-09-11,Bloomberg,"International oil majors are pushing to expand production at natural gas projects off Colombia's Caribbean coast, Ecopetrol SA Chief Executive Officer Ricardo...",https://www.bloomberg.com/news/articles/2023-09-11/oil-majors-keen-to-expand-at-colombia-s-offshore-gas-projects-ecopetrol-says
oil,Chevron Sees Huge Kazakh Oil Expansion Delayed to End-2024,2023-09-12,Bloomberg,"The Tengiz Future Growth Project will expand output at Kazakhstan's largest oil field by 260,000 barrels a day, or about 40%. The delay comes at a time when the...",https://www.bloomberg.com/news/articles/2023-09-12/chevron-delays-startup-of-giant-kazakh-oil-expansion-to-end-2024
oil,Cocaine Is Set to Overtake Oil to Become Colombia’s Main Export,2023-09-14,Bloomberg,Cocaine Is Set to Overtake Oil to Become Colombia's Main Export · Bloomberg Economics estimates 2022 exports of $18.2 billion · Cocaine could overtake oil...,https://www.bloomberg.com/news/articles/2023-09-14/cocaine-is-set-to-overtake-oil-to-become-colombia-s-main-export
oil,Chevron CEO Pushes Back on California’s Suit Against Big Oil,2023-09-18,Bloomberg,"Sorry, something went wrong ... This article is for subscribers only. Chevron Corp. Chief Executive Officer Mike Wirth had some strong words pushing back against...",https://www.bloomberg.com/news/articles/2023-09-18/chevron-ceo-pushes-back-on-california-s-suit-against-big-oil
oil,Emptying Oil Tanks at Key US Storage Hub Signal Tight Market,2023-09-20,Bloomberg,Oil markets are flashing signs of tightness as stockpiles at the largest US storage hub plunge toward critical levels.,https://www.bloomberg.com/news/articles/2023-09-20/emptying-oil-tanks-at-key-us-storage-hub-signal-tight-market
oil,"With Fossil Fuels, ‘Peak Demand’ Isn’t What It Sounds Like",2023-09-24,Bloomberg,"The day when the world's consumption of fossil fuels reaches its maximum level is nearer than ever, but let's not get ahead of ourselves.",https://www.bloomberg.com/opinion/articles/2023-09-25/with-fossil-fuels-peak-demand-isn-t-what-it-sounds-like
oil,Oil Steady Near $90 as Tightness Offset by Macroeconomic Concern,2023-09-26,Bloomberg,Oil Edges Higher as Scarce Supplies Vie With Risk-Off Sentiment · US crude had slid below $90 a barrel amid broader market slump · WTI's prompt spread is at its...,https://www.bloomberg.com/news/articles/2023-09-25/latest-oil-market-news-and-analysis-for-sept-26
oil,Bulgaria Set to Ban Russian Oil in Blow to Lukoil Refinery,2023-09-28,Bloomberg,"Bulgaria Bans Russian Oil in Blow to Lukoil Refinery ... Lukoil Neftochim Burgas near the city of Burgas, Bulgaria. ... This article is for subscribers only.",https://www.bloomberg.com/news/articles/2023-09-28/bulgaria-set-to-ban-russian-oil-in-blow-to-lukoil-refinery
oil,"Oil Industry Ends Contraction, Pulling Angola Economy to Growth",2023-10-02,Bloomberg,Angola's economy expanded in the second quarter after the OPEC member's largest industry — oil and refining — ended two consecutive quarters of contraction...,https://www.bloomberg.com/news/articles/2023-10-02/oil-industry-ends-contraction-and-pulls-angola-economy-to-growth
oil,How Will the Saudis Play Their Oil Hand Now?,2023-10-10,Bloomberg,MBS can offset Iranian exports while pushing crude toward $100 per barrel.,https://www.bloomberg.com/opinion/articles/2023-10-10/amid-hamas-israel-war-mbs-holds-the-key-to-oil-prices
oil,Exxon to Buy Pioneer for $60 Billion to Dominate Shale Oil,2023-10-11,Bloomberg,"Sorry, something went wrong ... This article is for subscribers only. Exxon Mobil Corp. agreed to buy Pioneer Natural Resources Co. for $59.5 billion, the...",https://www.bloomberg.com/news/articles/2023-10-11/exxon-to-buy-pioneer-for-60-billion-to-dominate-shale-industry
oil,Saudi Budget’s Oil Needs Take Another Leap in Fresh IMF Snapshot,2023-10-12,Bloomberg,"Using a measure of fiscal resilience known as oil breakeven prices, the fund's latest projections published on Thursday showed Saudi Arabia would need crude...",https://www.bloomberg.com/news/articles/2023-10-12/saudi-budget-s-oil-needs-take-another-leap-in-fresh-imf-snapshot
oil,Energy Policy: The US Needs to Refill its Dangerously Low Oil Reserves,2023-10-16,Bloomberg,"Javier Blas is a Bloomberg Opinion columnist covering energy and commodities. He is coauthor of “The World for Sale: Money, Power and the Traders Who Barter the...",https://www.bloomberg.com/opinion/articles/2023-10-17/energy-policy-the-us-needs-to-refill-its-dangerously-low-oil-reserves
oil,London Wins Back Europe’s Stock Market Crown From Paris,2023-10-19,Bloomberg,London Wins Back Europe's Stock Market Crown From Paris · Paris loses out to London as luxury stocks are dented by China · Energy stocks like Shell and BP drive...,https://www.bloomberg.com/news/articles/2023-10-19/london-regains-europe-s-stock-market-crown-lifted-by-oil-surge
oil,Hess Family Stake Valued at $5 Billion With Chevron Takeover,2023-10-23,Bloomberg,"Leon Hess founded Hess Corp. with a secondhand truck delivering fuel oil during the depression. Ninety years later, his son, John Hess, has agreed to sell...",https://www.bloomberg.com/news/articles/2023-10-23/hess-family-stake-valued-at-5-billion-with-chevron-takeover
oil,Chevron Wins Piece of Exxon’s Guyana Oil Riches With Hess Deal,2023-10-23,Bloomberg,The crown jewel of Chevron Corp.'s $53 billion acquisition of Hess Corp. is a piece of larger rival Exxon Mobil Corp.'s prized asset — 11 billion barrels of...,https://www.bloomberg.com/news/articles/2023-10-23/chevron-wins-piece-of-exxon-s-guyana-oil-riches-with-hess-deal
oil,US Majors Betting Big on Oil Leave European Peers Behind,2023-10-24,Bloomberg,US Majors Betting Big on Oil Leave European Peers Behind. Back-to-back megadeals by Chevron and Exxon may widen the valuation gap with their overseas...,https://www.bloomberg.com/news/newsletters/2023-10-24/exxon-and-chevron-megadeals-may-widen-valuation-gap-with-europeans
oil,California's Half-Century Offshore Oil Industry Gets a Retirement Plan,2023-10-26,Bloomberg,"California's Half-Century Offshore Oil Industry Gets a Retirement Plan ... An oil and gas platform off the coast of Long Beach, California. ... This article is for...",https://www.bloomberg.com/news/articles/2023-10-26/biden-blueprint-to-govern-end-of-california-s-half-century-offshore-oil-legacy
oil,Shale Billionaire Hamm Tackles ‘Generation 3’ Rock,2023-11-08,Bloomberg,Continental Resources chairman is seeking ways to pull crude from sites passed over during the boom he helped start.,https://www.bloomberg.com/news/newsletters/2023-11-08/shale-billionaire-harold-hamm-wants-to-tap-into-generation-3-rock
oil,Oil at $100 a Barrel is Looking Less Likely After All,2023-11-09,Bloomberg,"The big bang expected for oil prices this year is turning into a whimper. Just weeks ago, Brent crude was on the cusp of finally fulfilling industry...",https://www.bloomberg.com/news/articles/2023-11-09/oil-s-big-bang-turning-to-whimper-as-economic-outlook-darkens
oil,Oil Holds Near Three-Month Low With Demand Headwinds Growing,2023-11-09,Bloomberg,Oil inched up as technical gauges signaled that crude's plunge to a three-month low on Wednesday was overdone.,https://www.bloomberg.com/news/articles/2023-11-09/latest-oil-market-news-and-analysis-for-nov-9
oil,Kuwait’s Zour Refinery Restarting After Malfunction Caused Halt,2023-11-12,Bloomberg,Kuwait's mega Al-Zour refinery is gradually restarting after shutting down when the fuel gas feed from Kuwait Oil Co. was cut off.,https://www.bloomberg.com/news/articles/2023-11-12/kuwait-s-zour-refinery-restarting-after-malfunction-caused-halt
oil,US Asks About 100 Tankers in Russia Oil Cap Violations Probe,2023-11-13,Bloomberg,The US Treasury Department sent notices to ship management companies about more than 100 vessels it suspects may have violated the price cap on Russian oil...,https://www.bloomberg.com/news/articles/2023-11-13/us-asks-about-100-tankers-in-russia-oil-cap-violations-probe
oil,OPEC Seeks to Expand Legal Team for Energy Transition Challenge,2023-11-16,Bloomberg,OPEC is seeking to expand its legal team as the oil producer group prepares for challenges posed by the global shift away from fossil fuels.,https://www.bloomberg.com/news/articles/2023-11-16/opec-seeks-to-expand-legal-team-for-energy-transition-challenge
oil,Sunflower Oil Shortage Turns to Glut With Buyers Standing Aside,2023-11-21,Bloomberg,"Sunflower Oil Shortage Turns to Glut With Buyers Standing Aside. Bottles of Ukrainian sunflower at a supermarket in Riga, Latvia. ... This article is for...",https://www.bloomberg.com/news/articles/2023-11-22/sunflower-oil-shortage-turns-to-glut-with-buyers-standing-aside
oil,Glencore Sends a Oil Tanker Thousands of Miles to Dodge Chaos of Panama Canal,2023-11-21,Bloomberg,"The High Loyalty, chartered by ST Shipping — a subsidiary of Glencore — is currently sailing round South America, according to shipping and vessel-movement data...",https://www.bloomberg.com/news/articles/2023-11-21/glencore-sends-a-tanker-thousands-of-miles-to-dodge-panama-chaos
oil,MapLab: A Massive Land Transfer Out of Osage Hands,2023-11-22,Bloomberg,The new film Killers of the Flower Moon tells the story of how Osage citizens were murdered for their oil rights by their white spouses and federally appointed...,https://www.bloomberg.com/news/newsletters/2023-11-22/how-the-osage-nation-oil-murders-connect-to-a-massive-land-transfer
oil,Scotland’s Only Oil Refinery Will Close in 2025,2023-11-22,Bloomberg,Scotland's Only Oil Refinery Will Close in 2025 · UK will be left with five refineries after Grangemouth closure · Ineos will retain the chemical operations at...,https://www.bloomberg.com/news/articles/2023-11-22/petroineos-to-close-scotland-s-only-oil-refinery-in-2025
oil,Venezuela Stirs Nationalism in Dispute With Guyana Over Oil,2023-12-02,Bloomberg,Venezuelan President Nicolás Maduro is inflaming regional tensions by reviving a long-dormant border dispute over the area known as the Essequibo.,https://www.bloomberg.com/news/articles/2023-12-02/venezuela-stirs-nationalism-in-dispute-over-oil-rich-territory
oil,Watch Russia's Shadow Fleet,2023-12-05,Bloomberg,"A ""shadow fleet"" of aging tankers is keeping Russian oil flowing. Bloomberg set out to uncover the network of intermediaries working to sell the Kremlin's...",https://www.bloomberg.com/news/videos/2023-12-05/russia-s-shadow-fleet-video
oil,Al Gore Wants to Weaken Petrostates’ Power Over Global Climate Decisions,2023-12-05,Bloomberg,"The United Nations needs a better way to run the annual COP summits, said the former US vice president.",https://www.bloomberg.com/news/articles/2023-12-05/al-gore-has-a-plan-to-stop-oil-producers-from-controlling-cop-meetings
oil,Who Gets Paid for Not Cutting Down Trees?,2023-12-06,Bloomberg,"If you live on some land, and it turns out there is oil under the land, then either you get to drill the oil and sell it and keep the money,...",https://www.bloomberg.com/opinion/articles/2023-12-06/who-gets-paid-for-not-cutting-down-trees
oil,China Firm’s Crude Output Surges 300% in Taliban-led Afghanistan,2023-12-06,Bloomberg,"China's Xinjiang Central Asia Petroleum and Gas Co. has boosted crude oil production in Afghanistan, potentially helping the Taliban government reduce its...",https://www.bloomberg.com/news/articles/2023-12-06/china-firm-s-crude-output-surges-300-in-taliban-led-afghanistan
oil,Shell Agrees to Sell German Refinery Stake to Prax Group,2023-12-15,Bloomberg,"Shell Plc agreed to sell its stake in the Schwedt refinery, a plant that supplies much of eastern Germany with fuel and has been caught up in Europe's...",https://www.bloomberg.com/news/articles/2023-12-15/shell-agrees-to-sell-german-refinery-stake-to-prax-group
oil,Trader Vitol Builds Fuel Station Network to Rival Oil Majors,2023-12-16,Bloomberg,"Vitol Group, a closely held company known for cutting oil deals from Kurdistan to Benghazi, made purchases this year that mean it either owns or has a share of...",https://www.bloomberg.com/news/articles/2023-12-17/trader-vitol-builds-fuel-station-network-to-rival-oil-majors
oil,Slim’s Carso to Buy PetroBal Oil Stake for $530 Million,2023-12-19,Bloomberg,Billionaire Carlos Slim's Grupo Carso SAB reached a deal to acquire PetroBal SAPI's stake in two oil fields in the Mexican state of Campeche for $530...,https://www.bloomberg.com/news/articles/2023-12-19/slim-s-grupo-carso-to-buy-petrobal-oil-stake-for-530-million
oil,Watch ANZ's Kumari on Commodities,2023-12-21,Bloomberg,"Soni Kumari, Commodity Strategist at ANZ, says she expects the Red Sea shipping disruptions to have limited impact on production for commodities.",https://www.bloomberg.com/news/videos/2023-12-21/anz-s-kumari-on-commodities-video
oil,Oil Tanker Hauling US Crude U-Turns in Red Sea to Dodge Houthis,2023-12-22,Bloomberg,An oil tanker hired by Norway's Equinor ASA that came to a halt in the Red Sea six days ago — when Houthi militants stepped up attacks on merchant shipping...,https://www.bloomberg.com/news/articles/2023-12-22/oil-tanker-hauling-us-crude-u-turns-in-red-sea-to-dodge-houthis
oil,Russian Oil Cargoes Head Away From India Amid Payment Issues,2024-01-01,Bloomberg,Russian Oil Cargoes Head Away From India Amid Payment Issues ... This article is for subscribers only. A number of vessels hauling crude from Russia that had been...,https://www.bloomberg.com/news/articles/2024-01-02/russian-oil-cargoes-head-away-from-india-amid-payment-issues
oil,Azerbaijan Names Ecology Minister and Ex-Oil Exec as COP29 Chief,2024-01-05,Bloomberg,"Azerbaijan chose Ecology Minister Mukhtar Babayev, who worked for over two decades at the state oil and and gas company before entering government, to head the...",https://www.bloomberg.com/news/articles/2024-01-05/azerbaijan-names-ecology-minister-and-ex-oil-exec-as-cop29-chief
oil,Russian Fuel Exports Hit Eight-Month High on Fuel Oil Rebound,2024-01-05,Bloomberg,"Russia's oil-product exports climbed to the highest since April on a four-week average basis, buoyed by a sharp rebound in fuel oil shipments.",https://www.bloomberg.com/news/articles/2024-01-05/russian-fuel-exports-hit-eight-month-high-on-fuel-oil-rebound
oil,Iran Captures Oil Tanker Off Oman as Mideast Turmoil Deepens,2024-01-11,Bloomberg,"Iran captured an oil tanker off the coast of Oman, heightening tensions in the world's most important trade lane for global crude supply.",https://www.bloomberg.com/news/articles/2024-01-11/oil-tanker-embroiled-in-us-iran-tensions-is-boarded-off-oman
oil,Repsol Sued in Class Action for $1 Billion Over Peru’s Worst Oil Spill,2024-01-15,Bloomberg,"Repsol Sued in Class Action for $1 Billion Over Peru's Worst Oil Spill · 10,000 barrels of oil were spilled on Peru's waters in 2022 · Pogust Goodhead says it...",https://www.bloomberg.com/news/articles/2024-01-15/pogust-goodhead-sues-repsol-claiming-1-billion-over-peru-oil-spill
oil,"Watch Pictet's CIO Office Head on Oil, Rates, 2024 Outlook",2024-01-15,Bloomberg,"Sorry, something went wrong ... Alexandre Tavazzi, Pictet Wealth Management Head of CIO Office & Macro Research, discusses market reaction to Taiwan election...",https://www.bloomberg.com/news/videos/2024-01-15/pictet-s-cio-office-head-on-oil-rates-2024-outlook-video
oil,Drone Attacks Menace Russia’s Key Route for Exporting Oil,2024-01-22,Bloomberg,"A new front opened in Russia's war on Ukraine that highlights the vulnerability of oil exports from the nation's western ports, after reports of drone...",https://www.bloomberg.com/news/articles/2024-01-22/baltic-drone-attacks-puts-russia-s-key-oil-export-route-at-risk
oil,"Oil Tanker Hit by Missile Was Carrying Russian Fuel, Trafigura Says",2024-01-26,Bloomberg,"Oil Tanker Hit by Missile Was Carrying Russian Fuel, Trafigura Says ... This article is for subscribers only. The fuel tanker operated on behalf of Trafigura...",https://www.bloomberg.com/news/articles/2024-01-26/oil-tanker-hit-by-missile-was-carrying-russian-fuel-trafigura
oil,Tankers Hauling Kuwaiti Oil Veer From Red Sea After Friday Blast,2024-01-29,Bloomberg,Tankers Hauling Kuwaiti Oil Veer From Red Sea After Friday Blast. The oil tanker Marlin Luanda on fire after an attack in the Gulf of Aden in January. ... This...,https://www.bloomberg.com/news/articles/2024-01-29/tankers-hauling-kuwaiti-oil-veer-from-red-sea-after-friday-blast
oil,Mexico’s Next President Will Inherit Oil Giant's $106 Billion Debt,2024-01-31,Bloomberg,"Petroleos Mexicanos has $11 billion coming due this year, the largest chunk of bond maturities it will face until at least 2050, according to a company filing...",https://www.bloomberg.com/news/articles/2024-01-31/mexico-s-next-president-will-inherit-oil-giant-s-106-billion-debt
oil,Nigeria's Dangote Oil Refinery Criticized Over Purchase of US Crude,2024-02-01,Bloomberg,"Built to a capacity of 650,000 barrels a day and owned by Aliko Dangote, Africa's richest person, the Dangote oil refinery has long been seen as a welcome end...",https://www.bloomberg.com/news/articles/2024-02-01/why-nigeria-s-new-mega-refinery-dangote-is-turning-to-us-crude-oil
oil,Russian Oil-Refining Drops as Drone Attacks Halt Two Plants,2024-02-05,Bloomberg,Russia's latest weekly oil-processing rates dropped to the lowest in almost two months following the halt of two major refineries that were struck by Ukrainian...,https://www.bloomberg.com/news/articles/2024-02-05/russian-oil-refining-drops-as-drone-attacks-halt-two-plants
oil,Big Oil Embraces Corn as Former Foes Unite Against EV Threat,2024-02-06,Bloomberg,Big Oil Embraces Corn as Former Foes Unite Against EV Threat ... This article is for subscribers only. After decades of battling against more ethanol going into...,https://www.bloomberg.com/news/articles/2024-02-06/big-oil-and-corn-unite-for-more-ethanol-to-combat-ev-threat
oil,New Oil Refinery Cranks Up Output as Fuel Cargoes Avoid Red Sea,2024-02-08,Bloomberg,"The 230,000 barrel-a-day Duqm refinery is producing mainly diesel and jet fuel and selling them to countries as far away as the US and Brazil, the project's...",https://www.bloomberg.com/news/articles/2024-02-08/new-oil-refinery-cranks-up-output-as-fuel-cargoes-avoid-red-sea
oil,"ONGC Profit Drops 14% Amid Low Oil Prices, But Beats Estimate",2024-02-10,Bloomberg,"Still, net income fell 14% to 95.4 billion rupees ($1.1 billion) for the quarter ended Dec. 31, compared with 110.4 billion rupees a year-ago, according to an...",https://www.bloomberg.com/news/articles/2024-02-10/ongc-profit-drops-14-amid-low-oil-prices-but-beats-estimate
oil,Watch New Oil Refinery in Oman Cranks Up Output,2024-02-13,Bloomberg,"Sorry, something went wrong ... An oil refinery jointly owned by OPEC+ members Oman and Kuwait is running at full capacity, just as a shift in trade flows to...",https://www.bloomberg.com/news/videos/2024-02-13/new-oil-refinery-in-oman-cranks-up-output-video
oil,World's Fastest-Growing Economy Tries to Avoid the Oil Wealth Curse,2024-02-15,Bloomberg,"Exxon Mobil&nbsp;struck oil off the coast of Guyana in&nbsp;2015, transforming the. Exxon Mobil struck oil off the coast of Guyana in 2015, transforming the...",https://www.bloomberg.com/news/features/2024-02-16/guyana-s-fast-growing-oil-economy-risks-inflation-venezuela-conflict
oil,IEA Sees Oil Market in Surplus as Demand Growth Loses Steam,2024-02-15,Bloomberg,"Global oil demand growth is losing steam while supplies outside OPEC+ continue to swell, potentially leaving markets in surplus all year, the International...",https://www.bloomberg.com/news/articles/2024-02-15/oil-demand-growth-slows-while-non-opec-supply-climbs-iea-says
oil,"Alaska Air Halts Oil Hedging Program, Leaving Few US Holdouts",2024-02-21,Bloomberg,"Alaska Air Halts Oil Hedging Program, Leaving Few US Holdouts. Alaska Air stopped&nbsp;buying&nbsp;new crude oil call options in the fourth quarter and.",https://www.bloomberg.com/news/articles/2024-02-21/alaska-air-halts-oil-hedging-program-leaving-few-us-holdouts
oil,China Snaps Up Russia’s Sokol Crude as Indian Buyers Turn Away,2024-02-21,Bloomberg,"Refiners in China, the world's largest oil importer, are taking greater volumes of a crude grade from Russia's Far East that's largely being shunned by...",https://www.bloomberg.com/news/articles/2024-02-21/china-snaps-up-russia-s-sokol-crude-as-indian-buyers-turn-away
oil,China Barred From Buying US Oil Reserves in Funding Bill,2024-03-04,Bloomberg,"Republican critics have sought to bar the sale of oil from the Strategic Petroleum Reserve to China, after nearly 1 million barrels released from the oil...",https://www.bloomberg.com/news/articles/2024-03-03/china-barred-from-buying-from-oil-reserve-in-us-funding-bill
oil,Nigerian Oil-Producing Region Eyes Carbon Deals From Mangroves,2024-03-08,Bloomberg,"Delta State, at the heart of Nigeria's crude-producing Niger Delta region, signed a memorandum of understanding with Serendib Capital last week to lease land...",https://www.bloomberg.com/news/articles/2024-03-08/nigerian-oil-producing-region-eyes-carbon-deals-from-mangroves
oil,Exxon-Chevron Battle in Guyana Roils Hedge Funds,2024-03-08,Bloomberg,"Exxon Mobil Corp. offices in Georgetown, Guyana. The company disputes Chevron Corp.'s effort to acquire part of the Stabroek oil field.",https://www.bloomberg.com/news/newsletters/2024-03-08/exxon-s-legal-fight-with-chevron-over-a-guyana-oil-field-roils-hedge-funds
oil,Bloomberg Commodity Murban Crude Oil Index Introduced in Latest Bloomberg Indices Commodities Expansion,2024-03-13,Bloomberg,Bloomberg Commodity Murban Crude Oil Index Introduced in Latest Bloomberg Indices Commodities Expansion ... Bloomberg announced the new Bloomberg Commodity Murban...,https://www.bloomberg.com/company/press/bloomberg-commodity-murban-crude-oil-index-introduced-in-latest-bloomberg-indices-commodities-expansion/
oil,How the Top Oil Trader’s Brazen Corruption Was Caught on Tape,2024-03-18,Bloomberg,The landmark trial of a former Vitol trader has shone an unprecedented light on wrongdoing in the global commodity trading industry.,https://www.bloomberg.com/features/2024-vitol-oil-bribes/
oil,Russian Shadow-Fleet Oil Tanker Damaged in Collision Near Denmark,2024-03-19,Bloomberg,"The incident, which involved the 15-year-old Andromeda Star oil tanker, occurred on March 2, the Danish Maritime Authority said in a statement. The case is...",https://www.bloomberg.com/news/articles/2024-03-19/russian-shadow-fleet-oil-tanker-damaged-in-collision-near-denmark
oil,Oil Trading Is Still Rife With Bribes. Time the Industry Cleaned Up.,2024-03-20,Bloomberg,Oil Trading Is Still Rife With Bribes. Time the Industry Cleaned Up. A series of lawsuits suggests kickbacks to government officials are still viewed as...,https://www.bloomberg.com/opinion/articles/2024-03-21/oil-trading-is-still-rife-with-bribes-time-the-industry-cleaned-up
oil,Russia’s Spare Refining Capacity Seen Mitigating Drone Attacks,2024-03-22,Bloomberg,"Ukraine's drones have hit facilities accounting for more than a 10th of Russia's oil-refining capacity, but the actual reduction in crude processing may be...",https://www.bloomberg.com/news/articles/2024-03-22/russia-s-spare-refining-capacity-seen-mitigating-drone-attacks
oil,Bloomberg Commodities Indices | Bloomberg Professional Services,2024-03-25,Bloomberg,Bloomberg Commodity Indices (BCOM) are financial benchmarks designed to provide liquid and diversified exposure to commodities via futures contracts.,https://www.bloomberg.com/professional/products/indices/commodities/
oil,The $100 Oil Call Is Back,2024-03-28,Bloomberg,"Oil prices have the potential to rally to $100 a barrel by the end of the Northern Hemisphere's summer, but there's a lot that could send that forecast awry.",https://www.bloomberg.com/news/newsletters/2024-03-28/the-100-oil-call-is-back
oil,Oil Steady After Quarterly Surge as Spotlight Stays on Demand,2024-03-31,Bloomberg,"Sorry, something went wrong ... This article is for subscribers only. Oil rose on the prospect of tightening crude supplies in the Americas while an Israeli...",https://www.bloomberg.com/news/articles/2024-03-31/latest-oil-market-news-and-analysis-for-april-1
oil,WTI Oil Futures Hit $85 for First Time Since October as Market Tightens,2024-04-02,Bloomberg,"Oil Hits $85 for First Time Since October as Market Tightens. An oil drilling site in Texas, US. ... This article is for subscribers only. US crude futures hit...",https://www.bloomberg.com/news/articles/2024-04-02/oil-hits-85-for-first-time-since-october-as-market-tightens
oil,UAE Cuts Economic Growth Forecast Amid OPEC+ Oil Output Cap,2024-04-02,Bloomberg,"UAE Cuts Economic Growth Forecast Amid OPEC+ Oil Output Cap · Oil growth seen at under 3%, weighing down on overall GDP · Non-oil GDP to remain stable, in line...",https://www.bloomberg.com/news/articles/2024-04-02/uae-cuts-economic-growth-forecast-amid-opec-oil-output-cap
oil,"Surging Oil Prices Seen Dragging Down Won to 1,400 Per Dollar",2024-04-11,Bloomberg,"The won slumped as much as 0.7% to 1,364.85 per dollar, the weakest since November 2022, after rising US inflation bolstered the greenback and China's stalling...",https://www.bloomberg.com/news/articles/2024-04-11/surging-oil-prices-seen-dragging-down-won-to-1-400-per-dollar
oil,Oil Falls as Traders Await Israel’s Response to Iran Attack,2024-04-14,Bloomberg,"Oil Pares Losses as Traders Await Israel's Response to Iran · Outlook hinges on whether Israel will retaliate, says JPMorgan · WTI settled near $85 a barrel...",https://www.bloomberg.com/news/articles/2024-04-14/latest-oil-market-news-and-analysis-for-april-15
oil,Nigeria’s Dangote Oil Refinery Ramps Up Production With US Crude,2024-04-18,Bloomberg,"The 650,000 barrel-a-day Dangote plant outside Lagos is taking advantage of cheaper US oil imports for as much as a third of its feedstock as it starts up.",https://www.bloomberg.com/news/articles/2024-04-18/nigeria-s-dangote-oil-refinery-ramps-up-production-with-us-crude
oil,Oil Pares Advance After Iranian Media Downplays Israel’s Attacks,2024-04-19,Bloomberg,"Oil eked out a meager gain after Iranian media appeared to downplay the effect of Israeli strikes, lowering the geopolitical risk premium for crude.",https://www.bloomberg.com/news/articles/2024-04-18/latest-oil-market-news-and-analysis-for-april-19
oil,Saudi Economy Slumps Again as Non-Oil Growth Slows,2024-05-01,Bloomberg,"Saudi Arabia's economy contracted for a third straight quarter following the kingdom's decision to cut petroleum production, while non-oil growth eased to the...",https://www.bloomberg.com/news/articles/2024-05-01/saudi-economic-contraction-eases-as-oil-activities-less-subdued
oil,"Biden, BP and the High-Stakes Sequel to Deepwater Horizon",2024-05-02,Bloomberg,The British petroleum giant is back in the Gulf of Mexico as the US gets stuck between the black stuff and going green.,https://www.bloomberg.com/opinion/features/2024-05-03/bp-big-oil-return-to-the-gulf-of-mexico-remember-deepwater-horizon-spill
oil,Saudi Arabia Hikes Oil Selling Prices to Asia Across All Grades,2024-05-05,Bloomberg,State-owned Saudi Aramco raised the June official selling price of Arab Light crude for customers in Asia by 90 cents to $2.90 a barrel above the regional Oman-...,https://www.bloomberg.com/news/articles/2024-05-05/saudi-arabia-hikes-oil-selling-prices-to-asia-across-all-grades
oil,Russia’s Budget Is Getting Twice as Much Oil Money as a Year Ago,2024-05-06,Bloomberg,Proceeds for the Russian budget from oil-related taxes jumped to 1.053 trillion rubles ($11.5 billion) last month compared to nearly 497 billion rubles in April...,https://www.bloomberg.com/news/articles/2024-05-06/russia-s-budget-is-getting-twice-as-much-oil-money-as-a-year-ago
oil,LMR Partners Adds US Oil Strategy in Commodities Push,2024-05-06,Bloomberg,Hedge fund LMR Partners added a US-based oil strategy earlier this year and has been bolstering its commodities team to profit from the increasingly popular...,https://www.bloomberg.com/news/articles/2024-05-06/hedge-fund-lmr-partners-adds-us-oil-strategy-in-commodities-push
oil,Singapore’s Oil Veteran OK Lim Convicted of Criminal Charges,2024-05-10,Bloomberg,"Lim Oon Kuin, founder of collapsed oil firm Hin Leong Trading Pte., has been convicted of three criminal charges after a lengthy trial in Singapore,...",https://www.bloomberg.com/news/articles/2024-05-10/singapore-s-oil-veteran-ok-lim-convicted-of-criminal-charges
oil,"China-Bound Oil Tanker Hit by Houthi Missile in Red Sea, US Says",2024-05-18,Bloomberg,"A China-bound oil tanker in the Red Sea was struck and temporarily disabled by a ballistic anti-ship missile fired by Houthi militants, the US Central...",https://www.bloomberg.com/news/articles/2024-05-18/oil-tanker-hit-by-missile-off-the-coast-of-yemen-afp-reports
oil,OPEC+ to Hold Next Month’s Meeting Online Rather Than in Vienna,2024-05-24,Bloomberg,"OPEC+ will hold next month's policy meeting online rather than in person, while several delegates said they expected the group to extend its current supply...",https://www.bloomberg.com/news/articles/2024-05-24/opec-to-hold-next-month-s-meeting-online-rather-than-in-vienna
oil,Oil Floats on Tankers in the North Sea on Weak Demand Signals,2024-05-28,Bloomberg,"All three ships that loaded the grade from May 1-12 are still at sea. Two vessels — the Jaarli and the Jatuli — are anchored off Britain's Hound Point, the...",https://www.bloomberg.com/news/articles/2024-05-28/oil-floats-on-tankers-in-the-north-sea-on-weak-demand-signals
oil,UK Oil Tanker Drivers Strike in Threat to Some Fuel Supplies,2024-05-31,Bloomberg,"About 50 oil refinery-based drivers in Stanlow in northwest England, who work for Hoyer, which has recently rebranded as Oxalis, will go on strike from June 6...",https://www.bloomberg.com/news/articles/2024-05-31/uk-oil-tanker-drivers-strike-in-threat-to-some-fuel-supplies
oil,The Sliding Oil Price Is Good News For the UK Economy Now,2024-06-04,Bloomberg,A decision by oil cartel OPEC+ to allow more production will be welcomed by global central bankers.,https://www.bloomberg.com/news/newsletters/2024-06-04/the-sliding-oil-price-is-good-news-for-the-uk-economy-now
oil,"North Sea Oil Field Buzzard Still Shut, Helping to Ease Glut",2024-06-05,Bloomberg,"North Sea Oil Field Buzzard Still Shut, Helping to Ease Glut · Buzzard field has been in unplanned shutdown since late May · Forties cargoes for June now face...",https://www.bloomberg.com/news/articles/2024-06-05/north-sea-oil-field-buzzard-still-shut-helping-to-ease-glut
oil,LNG Price Slump Speeds Shift Away From Oil for China’s Trucks,2024-06-08,Bloomberg,Oil Gives Way to Gas for China's Trucks as LNG Prices Cool ... This article is for subscribers only. A slump in the price of natural gas and the prospect of a...,https://www.bloomberg.com/news/articles/2024-06-09/lng-price-slump-speeds-shift-away-from-oil-for-china-s-trucks
oil,Oil Trader Gunvor Snaps Up Benchmark Crude That Others Are Offloading,2024-06-10,Bloomberg,The Geneva-based company has kept 17 out of 18 North Sea crude cargoes that have been put into so-called forward chains so far this month. The total volume...,https://www.bloomberg.com/news/articles/2024-06-10/gunvor-snaps-up-benchmark-crude-oil-that-others-are-offloading
oil,"Major Oil Surplus Seen This Decade as Demand Hits Peak, IEA Says",2024-06-12,Bloomberg,"Global oil markets face a “major” surplus this decade as the shift away from fossil fuels causes demand to hit a plateau amid plentiful supply growth,...",https://www.bloomberg.com/news/articles/2024-06-12/major-oil-surplus-seen-this-decade-as-demand-hits-peak-iea-says
oil,Trump Says He’ll Restart Oil Drilling in Alaska Wildlife Refuge,2024-06-14,Bloomberg,Trump Plans to Restart Oil Drilling in Alaska Arctic Refuge ... This article is for subscribers only. Donald Trump told Senate Republicans Thursday he would...,https://www.bloomberg.com/news/articles/2024-06-13/trump-says-he-ll-restart-oil-drilling-in-alaska-wildlife-refuge
oil,India in Talks with Norway’s Equinor for Oil Reserves: Mint,2024-06-15,Bloomberg,"India in Talks with Norway's Equinor for Oil Reserves: Mint. An&nbsp;Equinor offshore oil drilling platform&nbsp;in the North Sea, Norway. An Equinor offshore...",https://www.bloomberg.com/news/articles/2024-06-16/india-in-talks-with-norway-s-equinor-for-oil-reserves-mint
oil,Singapore Works to Clean Up Oil Slick After Tanker Accident,2024-06-16,Bloomberg,Clean-up operations took place over the weekend on the beaches of Sentosa Island after an oil spill at a nearby port spread to its waters.,https://www.bloomberg.com/news/articles/2024-06-16/singapore-works-to-clean-up-30km-oil-slick-after-tanker-accident
oil,Sanctioning Russian Oil Tankers Will Raise Moscow’s Shipping Costs,2024-06-25,Bloomberg,Sanctioning Russian Oil Ships Will Raise Moscow's Costs. The uncertainty created by the West's actions may prompt the Kremlin's remaining customers to demand...,https://www.bloomberg.com/news/newsletters/2024-06-25/sanctioning-russian-oil-tankers-will-raise-moscow-s-shipping-costs
oil,"US Debate Fallout Spurs Prison, Oil Stocks; Pot, Renewables Lag",2024-06-28,Bloomberg,"shares of private prisons, credit-cards companies and health insurance firms — the groups that would potentially win from another Trump presidency — are trading...",https://www.bloomberg.com/news/articles/2024-06-28/solar-stocks-are-out-energy-in-as-debate-spurs-trader-rotation
oil,"Saudi Arabia, UAE Bet on Semiconductor Chips to Power Post-Oil Future",2024-07-01,Bloomberg,"Middle Eastern wealth funds, which together control over $4 trillion in assets, have emerged as bankers to the world.",https://www.bloomberg.com/news/newsletters/2024-07-01/saudi-arabia-uae-race-for-semiconductor-chips-ai-dominance-mideast-money
oil,Exxon Says French Refinery Is Running Normally Amid Strike,2024-07-01,Bloomberg,"Exxon Mobil Corp. said its Gravenchon oil refinery in northern France, which has been blockaded by protesters in recent days, is operating normally.",https://www.bloomberg.com/news/articles/2024-07-01/exxon-says-strike-disrupts-operations-at-its-french-oil-refinery
oil,Spain’s Imports of US Crude Oil Surged to a Record in May,2024-07-03,Bloomberg,"Spain's Imports of US Crude Oil Surged to a Record in May. An employee looks out over an&nbsp;oil refining complex in Cartagena, Spain. An employee looks out...",https://www.bloomberg.com/news/articles/2024-07-03/spain-s-imports-of-us-crude-oil-surged-to-a-record-in-may
oil,Saudi Crude Shipments Plummet to Pandemic-Era Levels,2024-07-05,Bloomberg,"Saudi Arabia, the world's biggest crude oil exporter, saw overseas shipments slump to a 10-month low in June amid stiff competition in key markets while its...",https://www.bloomberg.com/news/newsletters/2024-07-05/saudi-oil-exports-plummet-to-pandemic-era-levels-with-benefits-for-russia
oil,Germany Nears Decision on Future of Seized Russian Oil Assets,2024-07-08,Bloomberg,Germany Nears Decision on Future of Seized Russian Oil Assets.,https://www.bloomberg.com/news/articles/2024-07-08/germany-nears-decision-on-future-of-seized-russian-oil-assets
oil,BP Is on Borrowed Time to Change – Or Else,2024-07-10,Bloomberg,"BP's market value this week fell to a two-year low of roughly £75 billion ($96 billion). Worse, the company is worth today about the same as it was 25 years ago...",https://www.bloomberg.com/opinion/articles/2024-07-11/oil-major-bp-is-on-borrowed-time-to-change-directions
oil,Russia Cuts Crude Oil Exports to Keep More Barrels at Home for Refiners,2024-07-18,Bloomberg,"Russia is suddenly exporting much less oil, crimping supplies to the large Asian economies that have come to rely on Moscow for discounted energy supplies...",https://www.bloomberg.com/news/articles/2024-07-19/russia-cuts-crude-oil-exports-to-keep-more-barrels-at-home-for-refiners
oil,UK Piles More Sanctions on Fleet of Tankers Moving Russian Oil,2024-07-18,Bloomberg,"The UK placed sanctions on 11 more oil tankers that are helping Russia to export its supplies to customers, including some that are part of a shadow-fleet.",https://www.bloomberg.com/news/articles/2024-07-18/uk-piles-more-sanctions-on-fleet-of-tankers-moving-russian-oil
oil,Slovakia Warns Ukraine on Fuel After Kyiv Bars Lukoil Transit,2024-07-22,Bloomberg,Hungary and Slovakia asked the European Union to help convince Ukraine to reinstate the transit of a major Russian oil supplier to eastern Europe.,https://www.bloomberg.com/news/articles/2024-07-22/slovakia-warns-ukraine-on-fuel-after-kyiv-bars-lukoil-transit
oil,"Hungary, Slovakia Can Deal With Lukoil Sanctions: Oil Strategy",2024-07-24,Bloomberg,"Hungary, Slovakia Can Deal With Lukoil Sanctions: Oil Strategy · Adria pipeline can largely supply Hungary and Slovakia · Worries reflect cost, not availability...",https://www.bloomberg.com/news/articles/2024-07-24/hungary-slovakia-can-deal-with-lukoil-sanctions-oil-strategy
oil,Aramco Investors Miss Out on Oil Stock Rally After Output Cuts,2024-08-05,Bloomberg,"Aramco is down 17% in 2024, the worst performance among the world's 10 biggest oil companies by revenue, as the company has cut production at the behest of its...",https://www.bloomberg.com/news/articles/2024-08-05/aramco-investors-miss-out-on-oil-stock-rally-after-output-cuts
oil,Libya’s Biggest Oil Field Sharara Fully Halts Production,2024-08-05,Bloomberg,Libya's Biggest Oil Field Sharara Fully Halts Production ... This article is for subscribers only. Libya's biggest oil field halted production on Monday after the...,https://www.bloomberg.com/news/articles/2024-08-05/libya-s-sharara-oil-field-output-declines-to-about-100-000-b-d
oil,Oil Refiners Get Back to Reality as New Plants Erode Big Profits,2024-08-06,Bloomberg,Oil Refiners Get Back to Reality as New Plants Erode Big Profits ... This article is for subscribers only. A golden period of profits for oil processors is fading...,https://www.bloomberg.com/news/articles/2024-08-07/oil-refiners-get-back-to-reality-as-new-plants-erode-big-profits
oil,Nigeria Is Turning Into an Oil Market Juggernaut,2024-08-15,Bloomberg,Nigeria Is Turning Into an Oil Market Juggernaut. The massive Dangote refinery establishes the African nation as a major influencer — and a potential disruptor...,https://www.bloomberg.com/news/newsletters/2024-08-15/nigeria-s-dangote-refinery-is-fueling-an-oil-juggernaut-to-challenge-europe
oil,South Sudan State Takes Over Oil Fields Abandoned by Petronas,2024-08-20,Bloomberg,South Sudan State Takes Over Oil Fields Abandoned by Petronas.,https://www.bloomberg.com/news/articles/2024-08-20/south-sudan-state-takes-over-oil-fields-abandoned-by-petronas
oil,"Oil’s Hot Summer Is Ending, Posing Risks for Majors and OPEC+",2024-08-25,Bloomberg,"After a strong start to the summer, the outlook for oil prices is unravelling — leaving trading desks, supermajors and Middle East producers grappling with what...",https://www.bloomberg.com/news/articles/2024-08-25/oil-s-hot-summer-is-ending-posing-risks-for-majors-and-opec
oil,Chatterjee Group Seeks Indian State Oil Firms’ Partnership for $10 Billion Project,2024-08-26,Bloomberg,TCG is in talks with Oil & National Gas Corp. and its unit Hindustan Petroleum Corp. for the planned project estimated at more than $10 billion in the southern...,https://www.bloomberg.com/news/articles/2024-08-27/chatterjee-group-seeks-indian-oil-firms-partnership-for-10-billion-project
oil,Trump’s Drill-Baby-Drill Vow Is More Ethos Than Policy,2024-08-26,Bloomberg,"Today, senior reporter Jennifer Dlouhy examines Donald Trump's vow to unleash the full potential of US oil and gas production.",https://www.bloomberg.com/news/newsletters/2024-08-26/trump-s-drill-baby-drill-vow-is-more-ethos-than-policy
oil,"Indonesian Palm Oil Output Set to Fall on Dry Weather, Old Trees",2024-08-26,Bloomberg,"Indonesian Palm Oil Output Set to Fall on Weather, Old Trees · Production in 2024 may drop as much as 5% from 2023: Gapki · US predicts global reserves on track...",https://www.bloomberg.com/news/articles/2024-08-26/indonesian-palm-oil-output-set-to-fall-on-dry-weather-old-trees
oil,"Greece, Saudis Coordinate to Avert Red Sea Oil Tanker Disaster",2024-08-29,Bloomberg,"Greece is leading an effort to empty and tow away an oil tanker that was attacked last week in the Red Sea, according to people familiar with the talks.",https://www.bloomberg.com/news/articles/2024-08-29/greece-saudi-arabia-coordinate-to-avert-oil-tanker-disaster
oil,Bahrain Offloads Stake in Key Saudi Oil Pipeline to BlackRock,2024-09-11,Bloomberg,"Bapco Energies, which manages the nation's energy infrastructure including the pipeline, sold a minority ownership stake in the Saudi Bahrain Pipeline Company...",https://www.bloomberg.com/news/articles/2024-09-11/bahrain-offloads-stake-in-key-saudi-oil-pipeline-to-blackrock
oil,SBM Fuels Petrobras’s Oil Growth With More Production Vessels,2024-09-11,Bloomberg,SBM Fuels Petrobras's Oil Growth With More Production Vessels ... The SBM Offshore&nbsp;FPSO Sepetiba. The SBM Offshore FPSO Sepetiba. ... This article is for...,https://www.bloomberg.com/news/articles/2024-09-11/sbm-fuels-petrobras-s-oil-growth-with-more-production-vessels
oil,Oil Industry VIPs Commiserate Over Cocktails at Singapore Conference,2024-09-13,Bloomberg,"This week, Alfred Cang hits the cocktail party circuit surrounding a key annual oil conference, Phil Heijmans tracks the Pope's visit and Nurin Sofia looks at...",https://www.bloomberg.com/news/newsletters/2024-09-14/appec-2024-singapore-strengthens-position-as-oil-industry-hub
oil,"Deepwater Oil Rigs May Fetch $600,000 a Day as Spending Expands",2024-09-16,Bloomberg,"Deepwater Oil Rigs May Fetch $600,000 a Day as Spending Expands · Noble CEO sees demand growth boosting rates starting in 2026 · Deepwater spending forecast to...",https://www.bloomberg.com/news/articles/2024-09-16/deepwater-oil-rigs-may-fetch-600-000-a-day-as-spending-expands
oil,Norway’s Oil Capital Stavanger Feels the Squeeze as Krone Slides,2024-09-16,Bloomberg,Norway's Oil Capital Stavanger Feels the Squeeze as Krone Slides. The Norwegian currency has lost about a fifth of its value against the euro since 2022. That's...,https://www.bloomberg.com/news/features/2024-09-17/norway-krone-slide-leaves-oil-rich-stavanger-feeling-squeeze-nok-usd
oil,Biden Climate Chief John Podesta Touts US Oil Boom as Economic Victory,2024-09-19,Bloomberg,"America's oil and gas boom got a surprising endorsement Thursday from the president's top climate adviser, as John Podesta hailed surging domestic output as...",https://www.bloomberg.com/news/articles/2024-09-19/biden-climate-chief-podesta-touts-oil-boom-as-economic-victory
oil,New Pipeline Has Oil-Storage Tanks at Key US Hub Running Dry,2024-09-19,Bloomberg,New Pipeline Has Oil-Storage Tanks at Key US Hub Running Dry · Canada's expanded Trans Mountain system shifting crude flows · Increased demand from Europe also...,https://www.bloomberg.com/news/articles/2024-09-19/new-pipeline-has-oil-storage-tanks-at-key-us-hub-running-dry
oil,"Palm Oil May Climb to 4,500 Ringgit on Biofuel Boom, Mistry Says",2024-09-20,Bloomberg,"Palm Oil May Climb to 4,500 Ringgit on Biofuel Boom, Mistry Says · Production of tropical oil under pressure due to older trees · Strong US biodiesel demand...",https://www.bloomberg.com/news/articles/2024-09-20/palm-oil-may-climb-to-4-500-ringgit-on-biofuel-boom-mistry-says
oil,Schneider Overtakes TotalEnergies as the World Goes Electric,2024-09-26,Bloomberg,"French power-equipment maker Schneider Electric SE leapfrogged the country's largest oil and gas producer TotalEnergies SE in market capitalization,...",https://www.bloomberg.com/news/articles/2024-09-26/schneider-overtakes-totalenergies-as-the-world-goes-electric
oil,"Rajendra T Sanap, Savita Oil Technologies Ltd: Profile and Biography",2024-10-01,Bloomberg,"Rajendra T Sanap is Senior VP:Operations at Savita Oil Technologies Ltd. See Rajendra T Sanap's compensation, career history, education, & memberships.",https://www.bloomberg.com/profile/person/24205229
oil,Colombia Is Quitting Fossil Fuels. Can It Convince Other Countries?,2024-10-02,Bloomberg,"Oil is Colombia's No. 1 export. So it was major news when at the end of last year's COP, Colombian President Gustavo Petro announced that the country would...",https://www.bloomberg.com/news/articles/2024-10-03/inside-colombia-s-ambitious-plan-for-quitting-fossil-fuels
oil,Oil Options Shows Market Sees Further Price Gains on Middle East Risks,2024-10-03,Bloomberg,Options show investors are betting that oil prices will rise further as escalating hostilities between Israel and Iran risks damaging energy infrastructure in...,https://www.bloomberg.com/news/articles/2024-10-03/oil-options-shows-market-sees-further-gains-on-middle-east-risks
oil,Norway Slows Oil Wealth Spending in Draft 2025 Budget,2024-10-07,Bloomberg,Norway to Trim Budget Stimulus Marginally in Draft 2025 Plan ... This article is for subscribers only. Norway's government plans a smaller reduction in budget...,https://www.bloomberg.com/news/articles/2024-10-07/norway-slows-oil-wealth-spending-in-draft-2025-budget
oil,Olive Oil Crunch Eases as Spain Forecasts Crop to Jump by 48%,2024-10-07,Bloomberg,Olive Oil Crisis Eases as Top Producer Sees Harvest Surge.,https://www.bloomberg.com/news/articles/2024-10-07/olive-oil-crunch-eases-as-spain-forecasts-crop-to-jump-by-48
oil,China’s Top Miner to Spend $24 Billion on Coal-to-Oil Project,2024-10-09,Bloomberg,China Energy Investment Corp. said it will spend 170 billion yuan ($24 billion) to build an integrated plant in the northwestern region of Xinjiang that will...,https://www.bloomberg.com/news/articles/2024-10-10/china-s-top-miner-to-spend-24-billion-on-coal-to-oil-project
oil,Nigeria to Set Naira for Dangote Crude Sales Using Market Rate,2024-10-09,Bloomberg,"Nigeria will settle crude sales to Africa's newest and biggest oil refinery using the local currency's rate in its foreign-exchange market, dousing concerns...",https://www.bloomberg.com/news/articles/2024-10-09/nigeria-to-set-naira-for-dangote-crude-sales-using-market-rate
oil,End of the Oil Age Beckons for Top Forecaster,2024-10-16,Bloomberg,"Welcome to our guide to the energy and commodities markets powering the global economy. Today, reporter Grant Smith examines the IEA's new forecast for oil...",https://www.bloomberg.com/news/newsletters/2024-10-16/end-of-the-oil-age-beckons-for-international-energy-agency
oil,Watch IEA Energy Agency: Global Oil Demand Weakness May Continue,2024-10-21,Bloomberg,"Sorry, something went wrong ... International Energy Agency Executive Director Fatih Birol discusses the outlook for oil and gas markets. Crude has had a volatile...",https://www.bloomberg.com/news/videos/2024-10-21/iea-s-birol-global-oil-demand-weakness-may-continue-video
oil,South Africa Is Still Tapping Oil Stockpile to Fund Fuel Subsidy,2024-10-22,Bloomberg,South Africa Is Still Tapping Oil Stockpile to Fund Fuel Subsidy · Sale includes 3.5 million barrels of Iraqi Basrah Light crude · Little demand for Saldanha...,https://www.bloomberg.com/news/articles/2024-10-22/south-africa-is-still-tapping-oil-stockpile-to-fund-fuel-subsidy
oil,Palm Oil Surges to Two-Year High on Firm Exports And Crude Rally,2024-10-31,Bloomberg,Palm Oil Surges to Two-Year High on Firm Exports And Crude Rally. Shipments in October from palm oil's second largest producer Malaysia&nbsp;climbed&nbsp;11%...,https://www.bloomberg.com/news/articles/2024-11-01/palm-oil-surges-to-two-year-high-on-firm-exports-and-crude-rally
oil,Watch Nakhle: AI is Improving Productivity of Oil & Gas,2024-11-05,Bloomberg,"Big Oil executives attending Adipec see escalating tensions in the Middle East, and US relations with China, as posing the biggest risk for crude markets.",https://www.bloomberg.com/news/videos/2024-11-05/nakhle-ai-is-improving-productivity-of-oil-gas-video
oil,Shell to Start Revamp of Germany’s Biggest Refinery Next Quarter,2024-11-05,Bloomberg,"The overhaul of Germany's biggest oil refinery is set to start in the first quarter of next year, potentially reducing the amount of crude oil the Shell Plc...",https://www.bloomberg.com/news/articles/2024-11-05/shell-to-start-revamp-of-germany-s-biggest-refinery-next-quarter
oil,Oil Demand Growth Has Further to Slide,2024-11-14,Bloomberg,"Welcome to our guide to the energy and commodities markets powering the global economy. Today, oil strategist Julian Lee delves into recent projections for...",https://www.bloomberg.com/news/newsletters/2024-11-14/oil-demand-growth-has-further-to-slide
oil,Equinor Says Halt to Review Rosebank Permit Risks Years of Delay,2024-11-14,Bloomberg,Equinor ASA warned that any pause to review the permit for its Rosebank oil project would risk delaying the development of the UK's largest untapped crude...,https://www.bloomberg.com/news/articles/2024-11-14/equinor-says-halt-to-review-rosebank-permit-risks-years-of-delay
oil,Russia’s Crude Exports Slump to the Lowest Since September,2024-11-19,Bloomberg,"Russia's seaborne crude exports fell to the lowest since September, with shipments from the country's Baltic ports running well below last month's rate.",https://www.bloomberg.com/news/articles/2024-11-19/russia-s-oil-exports-slump-to-the-lowest-since-september
oil,Nigeria’s Dangote Plant Buys US Oil for First Time in 3 Months,2024-11-20,Bloomberg,"The plant purchased about two million barrels of WTI Midland crude from Chevron Corp., according to people with knowledge of the transaction who asked not to be...",https://www.bloomberg.com/news/articles/2024-11-20/nigeria-s-dangote-plant-buys-us-oil-for-first-time-in-3-months
oil,Chinese Refiners Pay More for Iranian Oil as Supply Declines,2024-11-21,Bloomberg,"China's small, private refiners are paying up for Iranian oil due to reduced flows and few offers. The so-called teapots bought Iranian Light crude for...",https://www.bloomberg.com/news/articles/2024-11-22/chinese-refiners-pay-more-for-iranian-oil-as-supply-declines
oil,Trump’s Tariff Plan Threatens to Push US Gasoline Prices Higher,2024-11-27,Bloomberg,US motorists should brace for a hike in gasoline prices under the incoming Trump administration plans to slap tariffs on imports of products from Canada and...,https://www.bloomberg.com/news/articles/2024-11-27/trump-s-tariff-plan-threatens-higher-us-gasoline-prices
oil,Iran Oil Kingpin’s Hedge Fund Is Preparing to Shut London Office,2024-11-28,Bloomberg,Iran Oil Kingpin's Hedge Fund Is Preparing to Shut London Office ... This article is for subscribers only. A hedge fund that's said to be part of a network...,https://www.bloomberg.com/news/articles/2024-11-28/iran-oil-kingpin-s-hedge-fund-is-preparing-to-shut-london-office
oil,Texas Oil Town Odessa Now Among US Cities With Highest Wages,2024-11-29,Bloomberg,"Texas Oil Town Odessa Now Among US Cities With Highest Wages. Denver, Colorado. ... This article is for subscribers only. Texas oil town Odessa and Denver joined...",https://www.bloomberg.com/news/articles/2024-11-29/metros-with-highest-weekly-wages-include-texas-oil-towns-denver
oil,The Wrong Oil Price Is Truthfully a Problem for OPEC+,2024-12-01,Bloomberg,"A senior official of the OPEC+ oil cartel has said publicly what many thought privately — the group has been keeping oil prices too high, effectively...",https://www.bloomberg.com/opinion/articles/2024-12-02/the-wrong-oil-price-is-truthfully-a-problem-for-opec
oil,Sanctioned Russia Oil Tanker Turns Back From Detour Around UK,2024-12-09,Bloomberg,"The Aframax tanker Attica, which was sanctioned by the UK last month for carrying Russian oil, was on Thursday observed heading on a route that would have taken...",https://www.bloomberg.com/news/articles/2024-12-09/sanctioned-russia-oil-tanker-turns-back-from-detour-around-uk
oil,Exxon Raises Capital Spending as Worldwide Oil Glut Looms,2024-12-11,Bloomberg,"Exxon plans to spend between $27 billion and $29 billion of cash in 2025, North America's largest energy explorer said in a statement Wednesday. Annual outlays...",https://www.bloomberg.com/news/articles/2024-12-11/exxon-raises-2025-capital-spending-as-worldwide-oil-glut-looms
oil,Oil Traders Toasting Trump Are Split on What He Means for the Market,2024-12-18,Bloomberg,Oil traders are debating whether the president-elect will follow through on threatened tariffs for Canadian imports.,https://www.bloomberg.com/news/newsletters/2024-12-18/oil-traders-toasting-trump-are-split-on-what-his-return-means-for-the-market
oil,California Subsidizes Some of the Dirtiest Oil in the US,2024-12-19,Bloomberg,California Subsidizes Some of the Dirtiest Oil in the US. The Golden State gives drillers carbon credits to produce some of the most emissions-intensive oil in...,https://www.bloomberg.com/news/articles/2024-12-19/california-subsidizes-some-of-the-dirtiest-oil-in-the-us
oil,"Arvinder Singh Sahney, Indian Oil Corp Ltd: Profile and Biography",2024-12-20,Bloomberg,"Arvinder Singh Sahney is Chairman at Indian Oil Corp Ltd. See Arvinder Singh Sahney's compensation, career history, education, & memberships.",https://www.bloomberg.com/profile/person/24346446
oil,Trump’s Demand for EU to Buy More US Oil and Gas Has No Easy Response,2024-12-20,Bloomberg,"Trump's Demand for EU to Buy More US Oil and Gas Has No Easy Response. Ramping up purchases faces numerous practical constraints, not least the country's...",https://www.bloomberg.com/news/newsletters/2024-12-20/trump-s-demand-for-eu-to-buy-more-us-oil-and-gas-has-no-easy-response
oil,"Palm Oil Prices Fall on Weak Malaysia Exports, Competition With Soyoil",2024-12-23,Bloomberg,"Palm Oil Falls on Weak Malaysia Exports, Competition With Soyoil.",https://www.bloomberg.com/news/articles/2024-12-24/palm-oil-falls-on-weak-malaysia-exports-competition-with-soyoil
oil,Iran Oil Tycoon ‘Hector’ Plays Key Role in Arms Sales to Russia,2024-12-24,Bloomberg,"Iran Oil Tycoon 'Hector' Plays Key Role in Arms Sales to Russia. Hossein Shamkhani, whose father is a senior figure in Tehran, has emerged as a major player in...",https://www.bloomberg.com/news/articles/2024-12-24/oil-trader-plays-key-role-in-iran-arms-sales-to-russia
oil,Carlos Slim Invested $1 Billion in 2024 to Supercharge Oil Bets,2024-12-30,Bloomberg,"Carlos Slim Invested $1 Billion in 2024 to Supercharge Oil Bets ... This article is for subscribers only. Carlos Slim, Latin America's richest man, plowed $1...",https://www.bloomberg.com/news/articles/2024-12-30/carlos-slim-invested-1-billion-in-2024-to-supercharge-oil-bets
oil,Saudis Raise February Crude Prices as OPEC+ Holds Back Barrels,2025-01-06,Bloomberg,"Saudi Arabia raised oil prices for buyers in Asia next month, in a sign the world's largest crude exporter sees tighter supply in its largest market after...",https://www.bloomberg.com/news/articles/2025-01-06/saudis-raise-february-crude-prices-as-opec-holds-back-barrels
oil,US Imposes Farewell Sanctions on Russian Oil,2025-01-10,Bloomberg,Oil had a dramatic day as the US imposed its most aggressive sanctions on Russia's industry and prices surpassed $80 a barrel.,https://www.bloomberg.com/news/newsletters/2025-01-10/biden-imposes-farewell-sanctions-on-russian-oil
oil,US Reliance on Saudi Oil Is Nearing Its Endgame,2025-01-12,Bloomberg,US reliance on Saudi oil is nearing its endgame. The energy market is no longer a constraint on American foreign policy in the Middle East.,https://www.bloomberg.com/opinion/articles/2025-01-13/us-reliance-on-saudi-oil-is-nearing-its-endgame
oil,Saudis Plan Lithium Boost With Aramco and Maaden Joint Venture,2025-01-15,Bloomberg,"Saudi Arabia's main oil and mining companies are forming a joint venture to produce lithium, a key metal for the energy transition, as the kingdom pursues a...",https://www.bloomberg.com/news/articles/2025-01-15/saudis-plan-lithium-boost-with-aramco-and-maaden-joint-venture
oil,"Trump Team Readies Oil Sanctions Plan for Russia Deal, Iran Squeeze",2025-01-16,Bloomberg,"Sorry, something went wrong ... This article is for subscribers only. Advisers to President-elect Donald Trump are crafting a wide-ranging sanctions strategy to...",https://www.bloomberg.com/news/articles/2025-01-16/trump-team-readies-oil-sanctions-plan-for-russia-deal-iran-squeeze
oil,Bessent Says He Would Support Sanctioning Russian Oil Majors,2025-01-16,Bloomberg,"If requested by Trump, “I will be 100% on board for taking sanctions up, especially on the oil majors, to levels that would bring the Russian Federation to the...",https://www.bloomberg.com/news/articles/2025-01-16/bessent-says-he-would-support-sanctioning-russian-oil-majors
oil,Trump’s Iran Policy Puts Focus on $30 Billion-a-Year Oil Revenue,2025-01-20,Bloomberg,Trump's Iran Policy Puts Focus on $30 Billion-a-Year Oil Revenue · Nation oil exports rose by about 1m b/d since last Trump term · Oil market monitoring...,https://www.bloomberg.com/news/articles/2025-01-20/trump-s-iran-policy-puts-focus-on-30-billion-a-year-oil-revenue
oil,Why Trump Is Pledging to Refill the US Oil Reserve,2025-01-21,Bloomberg,Why Trump Is Pledging to Refill the US Oil Reserve.,https://www.bloomberg.com/news/articles/2025-01-21/why-trump-plans-to-refill-us-oil-reserve-and-what-it-means-for-prices
oil,Watch JPMorgan's Kaneva Sees $75 as Fair Price for Brent Crude,2025-01-23,Bloomberg,"Natasha Kaneva, JPMorgan's head of global commodities strategy, discusses the outlook for crude oil prices and production under the Trump administration on...",https://www.bloomberg.com/news/videos/2025-01-23/jpmorgan-s-kaneva-sees-75-as-fair-price-for-brent-crude-video
oil,Billionaire Oil Heirs Pivot to Luxury Property and Diamonds,2025-01-28,Bloomberg,"The French Perrodo clan, whose late patriarch Hubert founded Perenco, is making bets on assets ranging from a $21 million office and apartment block in New...",https://www.bloomberg.com/news/articles/2025-01-28/french-oil-clan-diversifies-into-luxury-real-estate-and-diamonds
oil,Tariff Threat Spurs Canada to Rethink Limits on Oil Pipelines,2025-02-05,Bloomberg,Tariff Threat Spurs Canada to Rethink Limits on Oil Pipelines · Success of Trans Mountain stokes calls to revive dead projects · Oil producers look to diversify...,https://www.bloomberg.com/news/articles/2025-02-05/canada-s-24-billion-trans-mountain-pipeline-accelerates-push-to-look-beyond-us
oil,BP to Explore Sale of Gelsenkirchen Oil Refinery in Germany,2025-02-06,Bloomberg,"BP to Sell German Refining, Chemicals Assets on High Costs · Gelsenkirchen refinery is Germany's third largest plant · BP joins Shell, Exxon in trying to sell...",https://www.bloomberg.com/news/articles/2025-02-06/bp-to-explore-sale-of-gelsenkirchen-oil-refinery-in-germany
oil,Oil Holds Near Lowest This Year as Trump Weighs on Sentiment,2025-02-06,Bloomberg,Oil edged down as US President Donald Trump's renewed pledge to drive down the price of crude overshadowed his push for tighter Iranian sanctions.,https://www.bloomberg.com/news/articles/2025-02-05/latest-oil-market-news-and-analysis-for-february-6
oil,Russian Oil Falls Back Below $60 Price Cap as US Sanctions Bite,2025-02-06,Bloomberg,Russian Oil Falls Back Below $60 Price Cap as US Sanctions Bite · Sellers of Urals crude face discounts of up to $16 a barrel · Outgoing Biden administration...,https://www.bloomberg.com/news/articles/2025-02-06/russian-oil-falls-back-below-60-price-cap-as-us-sanctions-bite
oil,TotalEnergies Hails Power Profit as Rival Oil Majors Pull Back on Renewables,2025-02-06,Bloomberg,Reporter Francois de Beaupuy examines how France's TotalEnergies has turned its renewables business into a moneymaker.,https://www.bloomberg.com/news/newsletters/2025-02-06/totalenergies-hails-power-profit-as-rival-oil-majors-pull-back-on-renewables
oil,Oil Steadies as US Industry Report Points to Big Stockpile Gain,2025-02-12,Bloomberg,"Takeaways by Bloomberg AI Subscribe. Oil fell after US President Donald Trump said he spoke with Russian President Vladimir Putin, sparking speculation that...",https://www.bloomberg.com/news/articles/2025-02-11/latest-oil-market-news-and-analysis-for-february-12
oil,KRAKEN OIL & GAS LLC,2025-02-12,Bloomberg,"Bloomberg provides clients with Legal Entity Identifier (LEI) services and solutions. Register, renew, transfer, search, and download LEIs with Bloomberg...",https://lei.bloomberg.com/leis/view/5493003B7GGPCU6U3332
oil,Activist Elliott Wants to End 15 Years of BP Losing Out to Shell,2025-02-14,Bloomberg,"BP Plc and Shell Plc were the closest of rivals — equivalent in size, with matching clout in energy markets and similar global reach...",https://www.bloomberg.com/news/articles/2025-02-14/bp-s-decline-how-net-zero-russia-gulf-spill-saw-oil-giant-fall-behind-shell
oil,Iraq Minister Hopes Kurdistan Oil Exports to Resume in Two Days,2025-02-24,Bloomberg,Iraq's oil minister said he's hoping crude oil exports from the country's northern Kurdistan region will restart in two days after a halt of almost two...,https://www.bloomberg.com/news/articles/2025-02-24/iraq-minister-hopes-kurdistan-oil-exports-to-resume-in-two-days
oil,China’s Oil Teapots Rocked by Tax Rules That Threaten Closures,2025-02-24,Bloomberg,"The refiners, dubbed teapots, are in the crosshairs of the government's drive to root out overcapacity. Local authorities, including in the industry's hub of...",https://www.bloomberg.com/news/articles/2025-02-24/china-s-oil-teapots-rocked-by-tax-rules-that-threaten-closures
oil,Essar Oil (UK) Pension Scheme,2025-02-26,Bloomberg,"Bloomberg provides clients with Legal Entity Identifier (LEI) services and solutions. Register, renew, transfer, search, and download LEIs with Bloomberg...",https://lei.bloomberg.com/leis/view/9845004FACEC12DD3730
oil,"Eni Profit Falls on Weaker Oil Price, Lower Refining Margins",2025-02-27,Bloomberg,"Eni Profit Falls on Weaker Oil Price, Lower Refining Margins ... An Eni refinery near Milan. ... This article is for subscribers only. Eni SpA's profit fell in the...",https://www.bloomberg.com/news/articles/2025-02-27/eni-profit-falls-on-weaker-oil-price-lower-refining-margins
oil,The ‘Oil Grand Bargain’ Isn’t Mere Fantasy,2025-03-03,Bloomberg,"Call it the “oil grand bargain” — a pact to keep energy prices within a range that works for three countries that, historically, were antagonistic...",https://www.bloomberg.com/opinion/articles/2025-03-04/the-oil-grand-bargain-isn-t-mere-fantasy
oil,Russia’s Oil Flows by Sea Surge But Cargoes Sit Undelivered,2025-03-04,Bloomberg,"Russia's Oil Flows by Sea Surge But Cargoes Sit Undelivered ... Russia shipped 3.09 million barrels a day in the four&nbsp;weeks to March 2,. Russia shipped 3.09...",https://www.bloomberg.com/news/articles/2025-03-04/russia-s-oil-exports-by-sea-surge-but-cargoes-sit-undelivered
oil,"Watch Oil: Aramco Cuts Dividend, World's Largest, in Blow for Saudi Budget",2025-03-04,Bloomberg,"Sorry, something went wrong ... Saudi Aramco cut the world's biggest dividend in a blow for Saudi Arabia's widening budget deficit, as the company seeks to...",https://www.bloomberg.com/news/videos/2025-03-04/aramco-cuts-dividend-in-setback-for-saudi-budget
oil,Russian Oil Flows Surge in Sign US Sanctions Starting to Crumble,2025-03-11,Bloomberg,"Takeaways by Bloomberg AI Subscribe. US sanctions on Russia's oil tanker fleet are showing signs of faltering, after a clutch of blacklisted vessels loaded...",https://www.bloomberg.com/news/articles/2025-03-11/russia-s-oil-exports-surge-in-sign-us-sanctions-starting-to-crumble
oil,Guyana Seeks Suriname Gas Deal After Building Oil Fortune,2025-03-12,Bloomberg,The nation is seeking the partnership with Suriname for a prospective hub on the north coast of South America that would use natural gas from the countries'...,https://www.bloomberg.com/news/articles/2025-03-12/guyana-president-explores-suriname-gas-deal-after-oil-fortune
oil,CHINA ZHENHUA OIL TRADING (SINGAPORE) PTE. LTD.,2025-03-13,Bloomberg,"Bloomberg provides clients with Legal Entity Identifier (LEI) services and solutions. Register, renew, transfer, search, and download LEIs with Bloomberg...",https://lei.bloomberg.com/leis/view/9845009E88I8BDED4494
oil,Oil Producer APA Cuts Up to 15% of Workers,2025-03-19,Bloomberg,"The company formerly known as Apache made the reductions in January and late February, APA said in an emailed response to questions. It amounts to between 10%...",https://www.bloomberg.com/news/articles/2025-03-19/apa-cuts-up-to-15-of-workers-adding-to-oil-industry-downsizing
oil,"Vitol Buys Ivory Coast, Congo Assets From Eni for $1.65 Billion",2025-03-19,Bloomberg,Vitol Group agreed to buy into more Eni SpA assets in Africa as the trading giant taps bumper profits to beef up its oil and gas portfolio.,https://www.bloomberg.com/news/articles/2025-03-19/vitol-buys-ivory-coast-congo-assets-from-eni-for-1-65-billion
oil,Alberta Premier Rejects Oil Export Tax in Meeting With Carney,2025-03-20,Bloomberg,Takeaways by Bloomberg AI Subscribe. Alberta Premier Danielle Smith rejected any constraints on oil and gas exports to the US in her first meeting with new...,https://www.bloomberg.com/news/articles/2025-03-20/alberta-premier-rejects-oil-export-tax-in-meeting-with-carney-m8hsspip
oil,Oil Gains as Industry Report Points to Big Drop in US Stockpiles,2025-03-26,Bloomberg,West Texas Intermediate futures rose 0.9% to approach $70 a barrel and notch the highest closing price this month. US inventories fell by 3.34 million barrels...,https://www.bloomberg.com/news/articles/2025-03-25/latest-oil-market-news-and-analysis-for-march-26
oil,Germany Takes Control and Replaces Crew of Seized Oil Tanker,2025-03-28,Bloomberg,The Panama-flagged Eventin was carrying barrels from the Russian port of Ust-Luga when it suffered a power failure back in January and was towed to near the...,https://www.bloomberg.com/news/articles/2025-03-28/germany-takes-control-and-replaces-crew-of-seized-oil-tanker
oil,"UK North Sea Oil Is ‘Uninvestable’ Due to High Tax, Ineos Says",2025-04-02,Bloomberg,"The development of new oil and natural gas resources in the UK isn't viable due to high taxes, according to Ineos Group.",https://www.bloomberg.com/news/articles/2025-04-02/uk-north-sea-oil-is-uninvestable-due-to-high-tax-ineos-says
oil,Sparing Oil From Trump's Tariffs Will Still Torpedo Prices as Asia Targeted,2025-04-03,Bloomberg,"Sparing Oil From Trump's Tariffs Will Still Torpedo Prices. Asia is the center of demand growth, so the inevitable slowdown in the region's economies will have...",https://www.bloomberg.com/news/newsletters/2025-04-03/sparing-oil-from-trump-s-tariffs-will-still-torpedo-prices-as-asia-targeted
oil,BP Puts Brakes on Plan to Make Clean Jet Fuel at Spanish Plant,2025-04-08,Bloomberg,"BP Plc is pausing a project to expand biofuels production at its Castellon oil refinery in Spain, according to a person familiar with the matter.",https://www.bloomberg.com/news/articles/2025-04-08/bp-puts-brakes-on-plan-to-make-clean-jet-fuel-at-spanish-plant
oil,Airlines and Shippers Pounce on Oil Plunge to Lock in Prices,2025-04-09,Bloomberg,"With crude prices plunging below $60 a barrel, consumers who count fuel as their single biggest expense are rushing to lock in supplies.",https://www.bloomberg.com/news/articles/2025-04-09/airlines-and-shippers-pounce-on-oil-plunge-to-lock-in-prices
oil,Texas Oil Executives Are Frustrated at Trump for Crushing Crude Prices,2025-04-09,Bloomberg,Takeaways by Bloomberg AI Subscribe. The angry mutterings at the Permian Basin Petroleum Association's “Spring Swing” golf tournament this week weren't all...,https://www.bloomberg.com/news/articles/2025-04-09/texas-wildcatters-grow-impatient-with-trump-as-oil-prices-tank
oil,Oil Is Cheap But It Isn’t (Yet) a Bargain,2025-04-13,Bloomberg,Just because prices have fallen 20% to a four-year low since President Donald Trump arrived at the White House doesn't mean that oil is a bargain.,https://www.bloomberg.com/opinion/articles/2025-04-14/trump-trade-war-has-made-oil-cheap-but-it-isn-t-a-bargain-yet
oil,Billionaire Economou Seeks to Replace Trafigura As Partner in Italy’s Top Oil Refinery,2025-04-14,Bloomberg,"Billionaire Economou Seeks to Replace Trafigura As Partner in Italy's Top Oil Refinery. The ISAB refinery near Syracuse, Sicily. ... This article is for...",https://www.bloomberg.com/news/articles/2025-04-14/billionaire-economou-seeks-replacing-trafigura-as-partner-in-italy-s-top-refiner
oil,"India’s Modi to Meet Saudi Crown Prince to Talk Trade, Oil",2025-04-21,Bloomberg,Indian Prime Minister Narendra Modi is set to kick off a two-day trip to Saudi Arabia on Tuesday as he seeks to deepen ties with the major oil exporter and...,https://www.bloomberg.com/news/articles/2025-04-22/india-s-modi-to-meet-saudi-crown-prince-in-push-for-closer-ties
oil,Vitol Steps Up Venezuela Crude Buying Before US License Expires,2025-04-25,Bloomberg,Takeaways by Bloomberg AI Subscribe · Vitol Group has stepped up oil purchases in Venezuela in the final weeks of a US license that allows the world's largest...,https://www.bloomberg.com/news/articles/2025-04-25/vitol-steps-up-venezuela-crude-buying-before-us-license-expires
oil,Russia Shuts About 62 Miles of Black Sea Beaches After Oil Spill,2025-04-29,Bloomberg,Russia Shuts About 62 Miles of Black Sea Beaches After Oil Spill.,https://www.bloomberg.com/news/articles/2025-04-29/russia-shuts-about-62-miles-of-black-sea-beaches-after-oil-spill
oil,Chevron Cuts Buybacks After Oil Price Drop as Exxon Sits Tight (XOM),2025-05-02,Bloomberg,"The Houston-based company said Friday it will repurchase about $2.75 billion of stock in the second quarter, about 30% less than it bought in the first three...",https://www.bloomberg.com/news/articles/2025-05-02/chevron-slashes-buybacks-as-trump-trade-war-opec-hit-oil-prices
oil,Why the Peak Shale Oil Predictions May Be Premature — Again,2025-05-08,Bloomberg,"Why the Peak Shale Oil Predictions May Be Premature — Again. If there's a lesson to be learned from the past two decades, it's that no one should write off the...",https://www.bloomberg.com/news/newsletters/2025-05-08/predictions-that-us-shale-oil-is-at-peak-production-may-be-premature-again
oil,Gavin Newsom Can't Afford to Ignore California's Oil Gap,2025-05-14,Bloomberg,"A year ago, Governor Gavin Newsom called the industry the “polluted heart of this climate crisis.” Just a few weeks back, however, he instructed officials to...",https://www.bloomberg.com/opinion/articles/2025-05-14/gavin-newsom-can-t-afford-to-ignore-california-s-oil-gap
oil,Russia Oil-Export Revenue at Lowest Since 2023 as Prices Slump,2025-05-15,Bloomberg,"The nation earned $13.2 billion from the export of crude oil and petroleum products last month, the lowest since June 2023, the Paris-based agency said in its...",https://www.bloomberg.com/news/articles/2025-05-15/russia-oil-export-revenue-at-lowest-since-2023-as-prices-slump
oil,Oil Market’s Missing Barrels Have Gone Up in Smoke,2025-05-16,Bloomberg,Oil Market's Missing Barrels Have Gone Up in Smoke. The International Energy Agency's revision to historical demand wipes out three years' worth of stockbuilds.,https://www.bloomberg.com/news/newsletters/2025-05-16/oil-market-s-missing-barrels-have-gone-up-in-smoke
oil,Russian Oil to India Extends Rebound With More Far East Flows,2025-05-20,Bloomberg,"India's imports of Russian oil are on track for the highest level in 10 months in May, with more crude being sourced from eastern ports as supply chains are...",https://www.bloomberg.com/news/articles/2025-05-21/russian-oil-to-india-extends-rebound-with-more-far-east-flows
oil,Oil Prices Climb on Israel-Iran Report,2025-05-21,Bloomberg,"Oil prices rose after CNN reported that Israel may be preparing to strike Iran's nuclear facilities. The report, citing US intelligence, also said it wasn't...",https://www.bloomberg.com/news/newsletters/2025-05-21/oil-prices-climb-on-israel-iran-report
oil,"Libya Racks Up $1 Billion Dues for Fuel Imports, Risking Supply",2025-05-21,Bloomberg,"Libya has piled up about $1 billion of arrears to its fuel suppliers after the country ended a controversial oil barter program about three months ago,...",https://www.bloomberg.com/news/articles/2025-05-21/libya-racks-up-1-billion-dues-for-fuel-imports-risking-supply
oil,OPEC+ Discusses Another Super-Sized Output Hike for July,2025-05-22,Bloomberg,"OPEC+ members are discussing making a third consecutive oil production surge in July, to be decided at the group's meeting in just over a week,...",https://www.bloomberg.com/news/articles/2025-05-22/opec-discusses-making-another-super-sized-output-hike-in-july
oil,Norway Takes Drone Inspections of Offshore Oil Platform to a New Level,2025-06-01,Bloomberg,"From a control room in Norway's oil capital of Stavanger, pilots are performing drone inspections of the Edvard Grieg platform some 180 kilometers out at sea.",https://www.bloomberg.com/news/articles/2025-06-02/norway-takes-drone-inspections-of-offshore-oil-platform-to-a-new-level
oil,"Oil Holds Gains With Focus on US Inventories, Canada Wildfires",2025-06-04,Bloomberg,"Takeaways by Bloomberg AI Subscribe. Oil fell on signs Saudi Arabia wants another major production increase, raising expectations that a glut of crude will form...",https://www.bloomberg.com/news/articles/2025-06-03/latest-oil-market-news-and-analysis-for-june-4
oil,Oil’s Lost Decade Is About to Be Repeated,2025-06-11,Bloomberg,Oil's Lost Decade Is About to Be Repeated. Fossil fuels will receive just half the investment going to clean energy this year. Look to China and you'll see why.,https://www.bloomberg.com/opinion/articles/2025-06-11/oil-s-lost-decade-is-about-to-be-repeated
oil,Adnoc Is Said to Evaluate Possibility of Buying Some BP Assets,2025-06-11,Bloomberg,Abu Dhabi's main oil company is evaluating whether it can buy some of BP Plc's key assets should the embattled British firm decide to break itself up.,https://www.bloomberg.com/news/articles/2025-06-11/abu-dhabi-oil-giant-is-said-to-evaluate-deal-for-some-bp-assets
oil,Watch Could Oil Reach $200 a Barrel Amid Conflict Escalation?,2025-06-16,Bloomberg,"Asked what would happen to prices in the worst-case scenario, Garvey says Macquarie ""considered a case where, even if only very temporarily, oil prices could...",https://www.bloomberg.com/news/videos/2025-06-16/could-oil-reach-200-a-barrel-amid-conflict-escalation-video
oil,EU Abandons Proposal to Lower Price Cap on Russian Oil to $45,2025-06-20,Bloomberg,The European Union shelved a plan for a stricter price cap on Russian oil exports over concerns that the US won't back tougher sanctions due to rising crude...,https://www.bloomberg.com/news/articles/2025-06-20/eu-abandons-proposal-to-lower-price-cap-on-russian-oil-to-45
oil,US Shale Producers Unlikely to Heed Trump’s Call to Drill as Rally Fades,2025-06-23,Bloomberg,"US shale oil producers are unlikely to heed President Donald Trump's latest call to “Drill, Baby, Drill” as they prioritize hedging over ramping up production.",https://www.bloomberg.com/news/articles/2025-06-23/us-shale-expected-to-resist-trump-s-call-to-drill-as-rally-fades
oil,BP Shares Surge on WSJ Report of Takeover Talks With Shell,2025-06-25,Bloomberg,BP Plc shares jumped as much as 10% in New York after the Wall Street Journal reported that Royal Dutch Shell Plc is in early-stage talks to acquire its...,https://www.bloomberg.com/news/articles/2025-06-25/shell-is-in-early-talks-to-acquire-oil-rival-bp-wsj-reports
oil,Iran-Israel Conflict Worsens Global Shipping Navigation Problems,2025-06-29,Bloomberg,The Iran-Israel war highlighted a critical flaw in the satellite-based systems that makes the industry hauling 80% of global trade vulnerable to mass-jamming.,https://www.bloomberg.com/news/features/2025-06-29/iran-israel-conflict-worsens-global-shipping-navigation-problems
oil,US Keeps Up ‘Maximum Pressure’ on Iran With New Oil Sanctions,2025-07-03,Bloomberg,"Takeaways by Bloomberg AI Subscribe. The US took fresh steps to restrict the trade of Iranian oil, keeping up pressure on Iran even as President Donald Trump...",https://www.bloomberg.com/news/articles/2025-07-03/us-keeps-up-maximum-pressure-on-iran-with-new-oil-sanctions
oil,Oil Drops for Second Day as Traders Brace for Another OPEC+ Hike,2025-07-03,Bloomberg,Takeaways by Bloomberg AI Subscribe. Oil fell for a second day in the lead up to an OPEC+ meeting that's expected to deliver another substantial production hike...,https://www.bloomberg.com/news/articles/2025-07-03/latest-oil-market-news-and-analysis-for-july-4
oil,US Refiners Rely on Shale More Than Ever as Heavy Oil Supplies Dwindle,2025-07-03,Bloomberg,Takeaways by Bloomberg AI Subscribe. American refiners are relying on oil supplies from the country's biggest shale basins more than ever as flows of denser...,https://www.bloomberg.com/news/articles/2025-07-03/us-refiners-rely-on-shale-more-than-ever-as-heavy-oil-supplies-dwindle
oil,Husband-and-Wife Team’s Bold Foray Into Oil Refining Ends Badly,2025-07-04,Bloomberg,A husband-and-wife team with no track record in refining. Their foray into the industry ended in catastrophic failure this week.,https://www.bloomberg.com/news/articles/2025-07-03/husband-and-wife-team-s-bold-foray-into-oil-refining-ends-badly
oil,Mexico Keeps Up Oil and Fuel Shipments to Crisis-Stricken Cuba,2025-07-06,Bloomberg,Takeaways by Bloomberg AI Subscribe. Mexico's state-owned oil company is throwing Cuba a much-needed lifeline as the Caribbean island struggles to keep its...,https://www.bloomberg.com/news/articles/2025-07-06/mexico-keeps-up-oil-and-fuel-shipments-to-crisis-stricken-cuba
oil,"OPEC+’s Supply Surprise Needed by Market, Middle East Oil Giants Say",2025-07-10,Bloomberg,"Takeaways by Bloomberg AI Subscribe. Senior officials from three of OPEC's core producer nations — Saudi Arabia, the United Arab Emirates, and Kuwait — lined up...",https://www.bloomberg.com/news/articles/2025-07-09/mideast-oil-giants-say-opec-s-supply-surprise-needed-by-market
oil,Saudi Arabia Just Became OPEC’s Newest Cheater,2025-07-11,Bloomberg,"Saudi Arabia Just Became OPEC's Newest Cheater. The International Energy Agency says the kingdom exceeded its output quota by about 700,000 barrels a day. The...",https://www.bloomberg.com/news/newsletters/2025-07-11/saudi-arabia-just-became-opec-s-newest-oil-production-cheater
oil,Russia’s Crude Exports Edge Higher Even as Urals Flows Dwindle,2025-07-22,Bloomberg,Russia's four-week average crude exports edged higher for a second week even as flows of the country's flagship Urals grade fell back.,https://www.bloomberg.com/news/articles/2025-07-22/russia-s-crude-oil-exports-edge-higher-even-as-flow-slumps-for-key-urals-grade
oil,TT Oil Singapore Pte Ltd,2025-07-23,Bloomberg,"Company profile page for TT Oil Singapore Pte Ltd including stock price, company news, executives, board members, and contact information.",https://www.bloomberg.com/profile/company/2535369D:SP
oil,Startup Raises Funds to Use Oil Drilling Tech for Nuclear Waste,2025-07-24,Bloomberg,Takeaways by Bloomberg AI Subscribe. A nuclear technology startup raised $33 million in a private placement to test its system for storing radioactive waste...,https://www.bloomberg.com/news/articles/2025-07-24/startup-closes-in-on-using-fracking-technology-to-store-nuclear-waste
oil,Trump Vows to Ramp Up India Tariffs in Escalation of Russia Spat,2025-08-04,Bloomberg,"President Donald Trump said he would be “substantially raising” the tariff on Indian exports to the US over the Asian nation's purchases of Russian oil,...",https://www.bloomberg.com/news/articles/2025-08-04/trump-says-us-to-hike-india-s-tariffs-over-russian-oil-purchases
oil,"Non-OPEC Oil Supply Growth to Peak in Early 2026, BP Says",2025-08-05,Bloomberg,"Takeaways by Bloomberg AI Subscribe. Oil supply growth from non-OPEC producers will stall in early 2026, while demand remains robust, according to BP Plc Chief...",https://www.bloomberg.com/news/articles/2025-08-05/non-opec-oil-supply-growth-to-peak-in-early-2026-bp-says
oil,Shale Oil Drillers Tap the Brakes on Production Until Prices Gain Speed,2025-08-06,Bloomberg,"Shale Oil Drillers Tap the Brakes on Production Until Prices Gain Speed. The yellow light flashing in the Permian Basin will eventually turn green, Diamondback...",https://www.bloomberg.com/news/newsletters/2025-08-06/shale-oil-drillers-tap-the-brakes-on-production-until-prices-pick-up-speed
oil,China Set to Tackle Petrochemicals Overcapacity With Overhaul,2025-08-19,Bloomberg,"The Chinese government is set to launch a sweeping overhaul of its petrochemicals and oil refining sector, phasing out smaller facilities and targeting...",https://www.bloomberg.com/news/articles/2025-08-20/china-set-to-tackle-petrochemicals-overcapacity-with-overhaul
oil,EPA Is Close to Key Decision on Biofuel Waivers for Oil Refiners,2025-08-19,Bloomberg,The US government proposed a major increase in biofuels mandates earlier this year that would benefit farmers at the expense of oil refiners.,https://www.bloomberg.com/news/articles/2025-08-19/epa-is-close-to-key-decision-on-biofuel-waivers-for-oil-refiners
oil,Oil Steady With Focus on India-Russia Trade Before Tariff Boost,2025-08-21,Bloomberg,"Oil rose after Federal Reserve Chair Jerome Powell signaled openness to an interest rate cut in September, countering an increasingly bearish supply...",https://www.bloomberg.com/news/articles/2025-08-21/latest-oil-market-news-and-analysis-for-august-22
oil,Kazakhstan Doubles Down on $4 Billion Sulfur Fine for Oil Majors,2025-08-22,Bloomberg,Kazakhstan's environmental-protection ministry told oil majors operating in the country they have 40 days to pay a multibillion-dollar fine for sulfur...,https://www.bloomberg.com/news/articles/2025-08-22/kazakhstan-doubles-down-on-4-billion-sulfur-fine-for-oil-majors
oil,"US Sanctions Greek Shipper, China Ports in Push Against Iran Oil",2025-08-22,Bloomberg,"Antonios Margaritis was designated, along with a web of companies overseen by him in Greece and the Marshall Islands, according to a Treasury Department...",https://www.bloomberg.com/news/articles/2025-08-21/us-hits-greek-shipper-in-expansion-of-iran-max-pressure-campaign
oil,Artificial Intelligence Boom Lures Kazakhstan’s Oil Wealth,2025-08-29,Bloomberg,"Takeaways by Bloomberg AI Subscribe. Kazakhstan is preparing to channel some of its national wealth into artificial intelligence infrastructure, joining a...",https://www.bloomberg.com/news/articles/2025-08-29/artificial-intelligence-boom-lures-kazakhstan-s-oil-wealth
oil,"UK Can Get More From Oil, Gas With Faster Tax Change, Lobby Says",2025-08-31,Bloomberg,The UK can generate almost 25% more in taxes from oil and gas companies through 2050 if the Labour government replaces a contentious windfall levy on North...,https://www.bloomberg.com/news/articles/2025-08-31/uk-can-get-more-from-oil-gas-with-faster-tax-change-lobby-says
oil,"Saudi Arabia, Iraq Stop Oil Shipments to Nayara After Sanctions",2025-09-01,Bloomberg,Takeaways by Bloomberg AI Subscribe. Saudi Arabia and Iraq aren't shipping any crude to Nayara Energy Ltd.'s refinery in western India after it was sanctioned...,https://www.bloomberg.com/news/articles/2025-09-01/saudi-arabia-iraq-stop-oil-shipments-to-nayara-after-sanctions
oil,"Iraq in Talks With Exxon for Oil Storage in Asia, Key Markets",2025-09-07,Bloomberg,"Iraq in Talks With Exxon for Oil Storage in Asia, Key Markets. Tankers&nbsp;docked at Al-Basrah Oil Terminal offshore of Iraq's southern Faw peninsula. Tankers...",https://www.bloomberg.com/news/articles/2025-09-07/iraq-in-talks-with-exxon-for-oil-storage-in-asia-key-markets
oil,Ukrainian Drones Attack Russia’s Key Oil Port Primorsk Overnight,2025-09-12,Bloomberg,"The strikes temporarily suspended crude operations at Primorsk, the largest oil-loading port in the region, a person familiar with the situation said, asking...",https://www.bloomberg.com/news/articles/2025-09-12/ukrainian-drones-attack-russia-s-key-oil-port-primorsk-overnight
oil,Kuwait Said to Mull Raising Up to $7 Billion From Pipeline Deal,2025-09-12,Bloomberg,Kuwait Petroleum Corp. is considering leasing part of its pipeline network to help fund a $65 billion investment plan that covers everything from upstream...,https://www.bloomberg.com/news/articles/2025-09-12/kuwait-said-to-mull-raising-up-to-7-billion-from-pipeline-deal
oil,Ukraine Claims Strike on Russia’s Saratov Crude Oil Refinery,2025-09-16,Bloomberg,Takeaways by Bloomberg AI Subscribe. Ukraine attacked the Saratov crude-oil refinery in Russia's Volga region overnight as Western nations seek to push...,https://www.bloomberg.com/news/articles/2025-09-16/ukraine-claims-overnight-strike-on-russia-s-saratov-oil-refinery
oil,Why Is China Stockpiling So Much Oil?,2025-09-17,Bloomberg,"So perhaps the answer is as straightforward as “because it's cheap.” Still, the conspiracy theorist in me says there's more to it. China has purchased more than...",https://www.bloomberg.com/opinion/articles/2025-09-18/oil-market-why-is-china-stockpiling-so-much-crude
oil,Palm Oil Gains on Weaker Ringgit and Lower Production Outlook,2025-09-18,Bloomberg,Palm oil rebounded from a one-week low on a weaker Malaysian currency and expectations of lower production in the second-biggest grower in September.,https://www.bloomberg.com/news/articles/2025-09-19/palm-oil-gains-on-weaker-ringgit-and-lower-production-outlook
oil,"Oil Steadies With Focus on Russian Crude Flows, Refinery Strikes",2025-09-22,Bloomberg,Oil declined as traders parsed through the impact of the European Union's latest moves on Russian supplies and strikes by Ukraine on the OPEC+ member's...,https://www.bloomberg.com/news/articles/2025-09-21/latest-oil-market-news-and-analysis-for-sept-22
oil,Nigeria’s Dangote Says Oil Refinery Subject to Repeated Sabotage,2025-09-26,Bloomberg,"Nigeria's Dangote Says Oil Refinery Subject to Repeated Sabotage. Fuel storage tanks at the Dangote oil refinery in Lagos, Nigeria. ... Nigeria's giant Dangote...",https://www.bloomberg.com/news/articles/2025-09-26/nigeria-s-dangote-says-oil-refinery-subject-to-repeated-sabotage
oil,Beijing’s Plan to Cut Oil Refining Capacity Stumbles in Regions,2025-09-28,Bloomberg,Build the new before abolishing the old” could be written on the tombstone of China's pledge to fix its problem with industrial overcapacity.,https://www.bloomberg.com/news/articles/2025-09-29/beijing-s-plan-to-cut-oil-refining-capacity-stumbles-in-regions
oil,"Oil Faces ‘Punishing Oversupply’ and $50s Prices, Macquarie Says",2025-10-01,Bloomberg,Takeaways by Bloomberg AI Subscribe. Oil is forecast to drop into the $50s-a-barrel range in the coming quarters on expectations for “punishing oversupply” as...,https://www.bloomberg.com/news/articles/2025-10-01/oil-faces-punishing-oversupply-and-50s-prices-macquarie-says
oil,Ukraine Claims Attack on Orsk Oil Refinery Deep Inside Russia,2025-10-03,Bloomberg,"Takeaways by Bloomberg AI Subscribe. Ukraine claimed an attack on Russia's Orsk oil refinery near the border with Kazakhstan, as Kyiv seeks to widen the range...",https://www.bloomberg.com/news/articles/2025-10-03/ukraine-claims-attack-on-orsk-oil-refinery-deep-inside-russia
oil,The China Put in Oil Markets Will Reshape the World,2025-10-05,Bloomberg,"The China Put in Oil Markets Will Reshape the World ... David Fickling is a Bloomberg Opinion columnist covering climate change and energy. Previously, he worked...",https://www.bloomberg.com/opinion/articles/2025-10-05/the-china-put-in-oil-markets-will-reshape-the-world
oil,India’s Reliance Grabs Mideast Oil as Russian Flows Scrutinized,2025-10-20,Bloomberg,"Indian's Reliance Industries Ltd. bought Middle Eastern crudes last week and may place more orders, in a sign that Western pressure against Russian flows...",https://www.bloomberg.com/news/articles/2025-10-21/india-s-reliance-grabs-mideast-oil-as-russian-flows-scrutinized
oil,Oil Steady as Traders Focus on Surplus and US-China Trade Talks,2025-10-21,Bloomberg,"Oil eked out a gain with Washington planning on buying 1 million barrels of crude for the national stockpile, but held near a five-month low on expectations...",https://www.bloomberg.com/news/articles/2025-10-20/latest-oil-market-news-and-analysis-for-oct-21
oil,What Driving a Tank-Sized SUV Tells Me About Oil,2025-10-22,Bloomberg,The US addiction to oil is getting a boost as the White House relaxes fuel-efficiency discipline.,https://www.bloomberg.com/opinion/articles/2025-10-23/us-oil-addiction-is-growing-on-both-sides-of-the-equation
oil,New York City Mayor Eric Adams Endorses Cuomo After Final Debate,2025-10-23,Bloomberg,"Takeaways by Bloomberg AI Subscribe. Mayor Eric Adams endorsed Andrew Cuomo to lead New York City, a reversal after he accused his former challenger of being a...",https://www.bloomberg.com/news/articles/2025-10-23/new-york-city-mayor-eric-adams-endorses-cuomo-after-final-debate
oil,"India's Nifty 50 Index Near Peak, Russia Oil Flows Set to Drop",2025-10-23,Bloomberg,"Stock bulls will look to close the holiday-shortened week on a high, hoping that the benchmark NSE Nifty 50 Index finds support from Friday's advance in Asian...",https://www.bloomberg.com/news/articles/2025-10-24/india-market-buzz-russia-oil-flows-set-to-drop-nifty-near-peak
oil,"Oil Steady After Three-Day Drop With Focus on Russia, Stockpiles",2025-10-29,Bloomberg,"Oil increased, snapping a three-day losing streak, as investors assessed a large drop in US inventories and the impact of Western sanctions against leading...",https://www.bloomberg.com/news/articles/2025-10-28/latest-oil-market-news-and-analysis-for-oct-29
oil,Chevron Beats Estimates as Hess Deal Helps Boost Oil Production,2025-10-31,Bloomberg,"Chevron Corp. beat earnings estimates as profits from the $53 billion Hess Corp. acquisition were included in the results for the first time, boosting oil...",https://www.bloomberg.com/news/articles/2025-10-31/chevron-beats-estimates-as-hess-deal-helps-boost-oil-production
oil,Macquarie’s Compliance Crackdown Led to an Oil Trader Exodus,2025-11-03,Bloomberg,"Macquarie's Compliance Crackdown Led to an Oil Trader Exodus. At the world's top commodities bank, oil and gas trading has slowed amid several key departures.",https://www.bloomberg.com/news/features/2025-11-03/australian-bank-macquarie-loses-oil-traders-as-it-cuts-back-on-risk
oil,Abu Dhabi’s Oil Trading Arm Plans Rapid International Expansion,2025-11-07,Bloomberg,"Abu Dhabi's five-year-old oil trading arm plans to boost the volume it handles by two thirds in the next few years as its expands internationally,...",https://www.bloomberg.com/news/articles/2025-11-07/abu-dhabi-s-oil-trading-arm-plans-rapid-international-expansion
oil,Canada’s Oil Sands Make Their Comeback as US Shale Plateaus,2025-11-17,Bloomberg,Takeaways by Bloomberg AI Subscribe. Canada's oil sands are experiencing a comeback after years of living in the shadow of US shale. Crude output is climbing to...,https://www.bloomberg.com/news/articles/2025-11-17/canada-s-oil-sands-make-their-comeback-as-us-shale-plateaus
oil,South Sudan Says Oil Exports Back to Normal After Attacks,2025-11-18,Bloomberg,South Sudan said it had resumed oil shipments after attacks on energy facilities in neighboring Sudan disrupted activity.,https://www.bloomberg.com/news/articles/2025-11-19/south-sudan-says-oil-exports-back-to-normal-after-attacks
oil,Russia’s Oil Flows and Prices Deepen Slide in Hit to War Funding,2025-11-18,Bloomberg,"Takeaways by Bloomberg AI Subscribe. Russia's seaborne crude shipments retreated for a fourth week, compounding a slump in the country's oil prices and...",https://www.bloomberg.com/news/articles/2025-11-18/russia-s-oil-exports-fall-and-prices-slump-to-hit-moscow-s-war-chest
oil,Shale Oil’s Next Revolution Should Worry OPEC,2025-11-19,Bloomberg,The next phase of the revolution — call it shale 4.0 — is an engineering arms race to improve the so-called recovery factor. Increasing the ratio even by a...,https://www.bloomberg.com/opinion/articles/2025-11-20/shale-fracking-next-revolution-in-us-oil-should-worry-opec
oil,India’s Reliance Stops Using Russian Oil in Part of Jamnagar,2025-11-20,Bloomberg,India's Reliance Industries Ltd. said it would stop processing Russian oil at part of its giant Jamnagar oil refinery as US sanctions force the company to...,https://www.bloomberg.com/news/articles/2025-11-20/india-s-reliance-stops-using-russian-oil-at-part-of-key-refinery
oil,China’s Soyoil Exports to India Surge on Growing Domestic Glut,2025-11-25,Bloomberg,China's exports of soybean oil to India are surging as weak domestic demand for the cooking ingredient coincides with robust imports of soybeans from South...,https://www.bloomberg.com/news/articles/2025-11-25/china-s-soyoil-exports-to-india-surge-on-growing-domestic-glut
oil,Ukraine Attacks Russia’s Black Sea Oil Infrastructure Again,2025-11-25,Bloomberg,"“Units of the Defense Forces of Ukraine, in close cooperation, successfully hit the Sheskharis oil terminal in Novorossiysk as well as the Tuapse oil refinery,”...",https://www.bloomberg.com/news/articles/2025-11-25/ukraine-attacks-russia-s-black-sea-oil-infrastructure-again
oil,Guyanese Oil on Long Voyage to India to Replace Russian Barrels,2025-11-30,Bloomberg,"Two supertankers have begun hauling crude on a lengthy and unusual voyage from Guyana to India, as refiners in the South Asian nation snap up alternatives...",https://www.bloomberg.com/news/articles/2025-12-01/guyanese-oil-on-long-voyage-to-india-to-replace-russian-barrels
oil,Oil Holds Two-Day Gain With Focus on Ukraine Talks and Glut,2025-12-04,Bloomberg,"Oil gained, finishing the week positive as investors assessed the murky outlook for a cease-fire in Ukraine and as the commodity pushed past an important...",https://www.bloomberg.com/news/articles/2025-12-04/latest-oil-market-news-and-analysis-for-dec-5
oil,"Carney’s Alberta Oil Deal Is Fueling Quebec Separatism, Ex-Minister Guilbeault Says",2025-12-04,Bloomberg,Takeaways by Bloomberg AI Subscribe. Prime Minister Mark Carney's move to placate Alberta with an oil pipeline deal is emboldening a resurgent separatist...,https://www.bloomberg.com/news/articles/2025-12-04/carney-s-alberta-deal-is-fueling-quebec-separatism-ex-minister-guilbeault-says
oil,316: 東方海外国際 [ｵﾘｴﾝﾄ･ｵｰﾊﾞｰｼｰｽ Stock Price Quote - Hong Kong - Bloomberg,2025-12-04,Bloomberg,"Stock analysis for 東方海外国際 [ｵﾘｴﾝﾄ･ｵｰﾊﾞｰｼｰｽ (316:Hong Kong) including stock price, stock chart, company news, key statistics, fundamentals and company...",https://www.bloomberg.com/jp/quote/316:HK
oil,Drone-Hit Oil Tanker Kairos Is Now a Mile Off Coast of Bulgaria,2025-12-05,Bloomberg,Takeaways by Bloomberg AI Subscribe. An oil tanker that was struck by Ukrainian drones near Turkey last week had to be rescued in bad weather about a mile off...,https://www.bloomberg.com/news/articles/2025-12-05/drone-hit-oil-tanker-kairos-is-now-a-mile-off-coast-of-bulgaria
oil,"Oil Steady With Focus on India Buying, Ukraine Attacks on Russia",2025-12-08,Bloomberg,Takeaways by Bloomberg AI Subscribe. Oil eased by the most in almost three weeks as traders monitored India's buying of Russian crude and refined products...,https://www.bloomberg.com/news/articles/2025-12-07/latest-oil-market-news-and-analysis-for-dec-8
oil,Ukraine Steps Up Attacks on Russian Energy Assets in Caspian Sea,2025-12-15,Bloomberg,"Ukraine has intensified attacks on Russia's Caspian region, hitting energy production and refining assets, amid ongoing talks to clinch a peace deal.",https://www.bloomberg.com/news/articles/2025-12-15/ukraine-steps-up-attacks-on-russian-energy-assets-in-caspian-sea
oil,Trump Turns Up the Heat on Venezuela’s Maduro With Oil Blockade,2025-12-17,Bloomberg,President Donald Trump said he was ordering a blockade of sanctioned oil tankers going into and. WATCH: Bloomberg's Stephen Stapczynski reports on Trump's...,https://www.bloomberg.com/news/newsletters/2025-12-17/trump-turns-up-the-heat-on-venezuela-s-maduro-with-oil-blockade
oil,Oil Heads for Second Weekly Decline as Glut Concerns Dominate,2025-12-18,Bloomberg,Oil declined for a second week as concerns over a growing glut outweighed geopolitical risks to supply.,https://www.bloomberg.com/news/articles/2025-12-18/latest-oil-market-news-and-analysis-for-dec-18
oil,"Watch US Pursues Third Oil Tanker, Gold Hits Record High | Bloomberg Brief 12/22/2025",2025-12-22,Bloomberg,"Sorry, something went wrong ... Oil rising as President Trump intensifies a blockade on Venezuela, with US forces boarding one tanker and pursuing another. Gold...",https://www.bloomberg.com/news/videos/2025-12-22/bloomberg-brief-12-22-2025-video
oil,Oil Heads for Weekly Advance as US Piles Pressure on Venezuela,2025-12-26,Bloomberg,Oil slumped in muted post-Christmas trading as investors assessed a fresh development in long-stalled Ukraine peace talks which could lead to a deal that...,https://www.bloomberg.com/news/articles/2025-12-25/latest-oil-market-news-and-analysis-for-dec-26
oil,Tycoon Elumelu Acquires Stake in Biggest Nigerian Oil Explorer,2025-12-31,Bloomberg,"Elumelu's Heirs Holdings Ltd. will purchase the stake in Seplat Energy Plc from France's Etablissements Maurel & Prom SA for $496 million, the companies said in...",https://www.bloomberg.com/news/articles/2025-12-31/tycoon-elumelu-acquires-stake-in-biggest-nigerian-oil-explorer
oil,Trump Now Has His Very Own Oil Empire,2026-01-04,Bloomberg,"Then it's a choice of language to describe what the US administration will do with all those barrels. It may try to exert direct control as in Venezuela, or...",https://www.bloomberg.com/opinion/articles/2026-01-05/venezuela-oil-trump-now-has-his-own-petroleum-empire-in-the-americas
oil,Blow to China From Loss of Venezuela Oil Blunted by Hoard at Sea,2026-01-05,Bloomberg,"China is the major buyer of crude from the South American country, but that trade now looks in jeopardy after the seizure of Venezuelan leader Nicolas Maduro...",https://www.bloomberg.com/news/articles/2026-01-05/blow-to-china-from-loss-of-venezuela-oil-blunted-by-hoard-at-sea
oil,The World’s Biggest Oil Reserves Just Opened Up,2026-01-05,Bloomberg,The World's Biggest Oil Reserves Just Opened Up. What Maduro's arrest in Venezuela means for companies like Exxon Mobil and Chevron. A Petroleos de Venezuela...,https://www.bloomberg.com/news/newsletters/2026-01-05/venezuela-s-oil-reserves-open-up-after-maduro-arrest-but-will-need-investment
oil,Trump Says Modi Unhappy Over Tariffs as India Cuts Russian Oil,2026-01-06,Bloomberg,"US President Donald Trump said Indian Prime Minister Narendra Modi was unhappy with him due to Washington's high tariffs on the South Asian nation,...",https://www.bloomberg.com/news/articles/2026-01-07/trump-says-modi-unhappy-over-tariffs-cuts-russian-oil-imports
oil,Canadian Oil Pipeline Gets Political Boost From Trump’s Venezuela Shock,2026-01-06,Bloomberg,Takeaways by Bloomberg AI Subscribe. President Donald Trump's push to unlock Venezuelan crude is strengthening the political case for a proposed pipeline that...,https://www.bloomberg.com/news/articles/2026-01-06/canadian-oil-pipeline-gets-political-boost-from-trump-s-venezuela-shock
oil,Turmoil in Venezuela Sends a Jolt Through Oil Market’s Outlands,2026-01-08,Bloomberg,"Takeaways by Bloomberg AI Subscribe. While benchmark oil futures have largely shrugged off Nicolas Maduro's downfall, the former Venezuelan leader's ouster has...",https://www.bloomberg.com/news/articles/2026-01-08/turmoil-in-venezuela-sends-a-jolt-through-oil-market-s-outlands
oil,Oil Extends Gain as Traders Focus on Iran Risks and Venezuela,2026-01-09,Bloomberg,Oil notched its longest streak of weekly gains since June as Iran intensified a crackdown on protests across the country and US President Donald Trump...,https://www.bloomberg.com/news/articles/2026-01-08/latest-oil-market-news-and-analysis-for-jan-9
oil,How Upheaval in Iran Could Affect Oil Prices,2026-01-13,Bloomberg,How Upheaval in Iran Could Affect Oil Prices. The oil price has helped keep inflation down. That might change this year.,https://www.bloomberg.com/news/newsletters/2026-01-13/how-upheaval-in-iran-could-affect-oil-prices
oil,上場インデックスファンド世界,2026-01-18,Bloomberg,"Performance charts for 上場インデックスファンド世界 (1554 - Type ETF) including intraday, historical and comparison charts, technical analysis and trend...",https://www.bloomberg.com/jp/quote/1554:JP
oil,Venezuelan Oil Moves Into the Caribbean as US Trade Links Forged,2026-01-20,Bloomberg,"Tankers have begun discharging Venezuelan crude at Caribbean islands, publicly signaling their activity in a move that marks a new trade order after US...",https://www.bloomberg.com/news/articles/2026-01-20/venezuelan-oil-moves-into-the-caribbean-as-us-trade-links-forged
oil,Vitol Ships First Oil From Venezuelan Shore in Trump Mega Deal,2026-01-20,Bloomberg,"Commodities trader Vitol Group loaded its first oil cargo from Venezuela's shore-based storage tanks, a move set to help clear bottlenecks and pave the way for...",https://www.bloomberg.com/news/articles/2026-01-20/vitol-ships-first-oil-from-venezuelan-shore-in-trump-mega-deal
oil,Trump Has Big Plans for Venezuela’s Oil. Are They Realistic?,2026-02-01,Bloomberg,"Trump is urging Exxon Mobil Corp., Chevron Corp., ConocoPhillips and others to invest $100 billion to rebuild the sector. He says this will create “tremendous...",https://www.bloomberg.com/news/articles/2026-02-01/trump-and-venezuela-s-oil-how-realistic-are-his-plans
oil,Tankers With Russian Oil Flock to East Asia in Race for Buyers,2026-02-05,Bloomberg,"More than a dozen tankers loaded with Russian Urals oil are sailing toward Asia or idling along the route, a sign of producers racing to get cargoes closer...",https://www.bloomberg.com/news/articles/2026-02-06/tankers-with-russian-oil-flock-to-east-asia-in-race-for-buyers
oil,Cuba Isn’t Getting Oil Imports From Anyone for the First Time in a Decade,2026-02-09,Bloomberg,"Mexico's decision to halt all oil shipments to Cuba has delivered a fresh blow to the fuel-starved country, with the island logging its first month without oil...",https://www.bloomberg.com/news/articles/2026-02-09/cuba-gets-no-oil-for-first-time-in-a-decade-as-mexico-pulls-back
oil,US-Iran Talks Make a Good Start But Oil Markets Can’t Relax Just Yet,2026-02-09,Bloomberg,Oil prices are sending a pretty clear signal on the first round of US-Iran negotiations aimed at avoiding war: Talking is good. More From Bloomberg. TRANSPORT...,https://www.bloomberg.com/news/newsletters/2026-02-09/us-iran-nuclear-talks-make-good-start-but-oil-markets-can-t-relax-yet
oil,The $108 Oil War: Can the Middle East Crash the World Economy?,2026-02-11,Bloomberg,The $108 Oil War: Can the Middle East Crash the World Economy?,https://www.bloomberg.com/news/articles/2026-02-10/the-108-oil-war-can-the-middle-east-crash-the-world-economy
oil,The Oil Market Is Trading on Bearish Vibes — for Now,2026-02-15,Bloomberg,The Oil Market Is Trading on Bearish Vibes — for Now ... Javier Blas is a Bloomberg Opinion columnist covering energy and commodities. He is coauthor of “The...,https://www.bloomberg.com/opinion/articles/2026-02-16/the-oil-market-is-trading-on-bearish-vibes-for-now
oil,Saudi Oil Sales to China Up After Price Cut to Five-Year Low,2026-02-16,Bloomberg,"State oil producer Saudi Aramco will provide around 56 million to 57 million barrels for loading next month to China, according to traders familiar with the...",https://www.bloomberg.com/news/articles/2026-02-16/saudi-oil-sales-to-china-jump-after-prices-cut-to-five-year-low
oil,Big Oil Is Struggling to Find the Next Guyana,2026-02-19,Bloomberg,Big Oil Is Struggling to Find the Next Guyana. Wall Street is valuing the largest energy companies on the longevity of their reserves.,https://www.bloomberg.com/news/newsletters/2026-02-19/big-oil-is-struggling-to-find-the-next-guyana
oil,US Forces Board Third Venezuela-Linked Oil Tanker in Indian Ocean,2026-02-24,Bloomberg,"Takeaways by Bloomberg AI Subscribe. The US military has boarded another sanctioned tanker with links to Venezuela after chasing it into the Indian Ocean, as...",https://www.bloomberg.com/news/articles/2026-02-24/us-boards-third-venezuela-linked-oil-tanker-in-indian-ocean
oil,"Saudi Reserves Climb to Highest Since 2022 on Oil, Debt Sales",2026-02-27,Bloomberg,"The kingdom's net foreign assets were almost 1.7 trillion riyals ($453 billion) in January, up 3.6% from the previous month and nearly 10% higher than a year...",https://www.bloomberg.com/news/articles/2026-02-27/saudi-reserves-climb-to-highest-since-2022-on-oil-debt-sales
oil,India Refiners May Embrace Russian Oil Again Following Iran Crisis,2026-03-02,Bloomberg,"India became the single most important buyer of Moscow's seaborne crude after the invasion of Ukraine, but the country has been cutting back in response to US...",https://www.bloomberg.com/news/articles/2026-03-02/indian-refiners-eye-russian-oil-again-as-iran-crisis-hits-supply
oil,US-Israel War With Iran Pushes Oil Prices Even Higher,2026-03-05,Bloomberg,"US-Israel War With Iran Pushes Oil Prices Even Higher. Get caught up. ... Like two ships passing, oil prices continued to rise and stock markets fell during the...",https://www.bloomberg.com/news/newsletters/2026-03-05/us-israel-war-with-iran-pushes-oil-prices-higher-evening-briefing-americas
oil,Trump Says US to Get New Oil Refinery With Reliance Backing,2026-03-11,Bloomberg,President Donald Trump said the US will get its first new oil refinery in 50 years with the help of investment from India's Reliance Industries Ltd.,https://www.bloomberg.com/news/articles/2026-03-10/trump-says-us-to-get-new-oil-refinery-with-reliance-backing
oil,"Crude Oil Inventories Drop Sharply, Indicating Strong Demand",2026-05-05,Investing.com,"The American Petroleum Institute (API) has released its latest data on U.S. crude oil inventories, revealing a significant decrease in stock levels. The actual figure reported a decline of 8.100...",https://www.investing.com/news/economic-indicators/crude-oil-inventories-drop-sharply-indicating-strong-demand-93CH-4661070
oil,Russia stocks lower at close of trade; MOEX Russia Index down 0.41%,2026-05-06,Investing.com,"Investing.com – Russia stocks were lower after the close on Wednesday, as losses in the Oil & Gas, Power and Manufacturing sectors led shares lower.
At the close in Moscow, the MOEX Russia Index lost...",https://www.investing.com/news/stock-market-news/russia-stocks-lower-at-close-of-trade-moex-russia-index-down-041-4665654
oil,U.K. stocks higher at close of trade; Investing.com United Kingdom 100 up 2.13%,2026-05-06,Investing.com,"Investing.com – U.K. stocks were higher after the close on Wednesday, as gains in the Mining, Automobiles & Parts and Banking sectors led shares higher.
At the close in London, the Investing.com...",https://www.investing.com/news/stock-market-news/uk-stocks-higher-at-close-of-trade-investingcom-united-kingdom-100-up-213-4664412
oil,Italy stocks higher at close of trade; Investing.com Italy 40 up 2.21%,2026-05-06,Investing.com,"Investing.com – Italy stocks were higher after the close on Wednesday, as gains in the Travel & Leisure, Industrials and Financials sectors led shares higher.
At the close in Milan, the Investing.com...",https://www.investing.com/news/stock-market-news/italy-stocks-higher-at-close-of-trade-investingcom-italy-40-up-221-4664406
oil,Belgium stocks higher at close of trade; BEL 20 up 2.11%,2026-05-06,Investing.com,"Investing.com – Belgium stocks were higher after the close on Wednesday, as gains in the Basic Materials, Consumer Goods and Industrials sectors led shares higher.
At the close in Brussels, the BEL...",https://www.investing.com/news/stock-market-news/belgium-stocks-higher-at-close-of-trade-bel-20-up-211-4664392
oil,Sweden stocks higher at close of trade; OMX Stockholm 30 up 2.83%,2026-05-06,Investing.com,"Investing.com – Sweden stocks were higher after the close on Wednesday, as gains in the Basic Materials, Industrials and Healthcare sectors led shares higher.
At the close in Stockholm, the OMX...",https://www.investing.com/news/stock-market-news/sweden-stocks-higher-at-close-of-trade-omx-stockholm-30-up-283-4664351
oil,Portugal stocks higher at close of trade; PSI up 1.12%,2026-05-06,Investing.com,"Investing.com – Portugal stocks were higher after the close on Wednesday, as gains in the Industrials, Financials and Consumer Services sectors led shares higher.
At the close in Lisbon, the PSI...",https://www.investing.com/news/stock-market-news/portugal-stocks-higher-at-close-of-trade-psi-up-112-4664409
oil,Rupee rises as oil prices drop on U.S.-Iran peace deal reports,2026-05-06,Investing.com,"Investing.com -- The Indian rupee gained nearly 0.8% on Wednesday, with the USD/INR pair falling to an intra-day low of 94.31, as Brent crude oil futures dropped nearly 7% following reports that the...",https://www.investing.com/news/forex-news/rupee-rises-as-oil-prices-drop-on-usiran-peace-deal-reports-93CH-4662107
oil,"Crude Inventory Fell 2.3 Million Barrels Last Week, Says EIA",2026-05-06,Investing.com,"(Updated - May 6, 2026 10:32 AM EDT)

Crude Inventory -2.31M Barrels vs -2.43M ExpectedCushing -648KGasoline -2.5M vs -2.31M ExpectedDistillate -1.29M vs -2.41M ExpectedSummary of Weekly Petroleum...",https://www.investing.com/news/assorted/crude-inventory-fell-23-million-barrels-last-week-says-eia-432SI-4663965
oil,Poland stocks higher at close of trade; WIG30 up 2.92%,2026-05-06,Investing.com,"Investing.com – Poland stocks were higher after the close on Wednesday, as gains in the Basic Materials, Construction and Banking sectors led shares higher.
At the close in Warsaw, the WIG30 rose...",https://www.investing.com/news/stock-market-news/poland-stocks-higher-at-close-of-trade-wig30-up-292-4664239
oil,Why is Exxon Mobil stock sliding today?,2026-05-06,Investing.com,"Investing.com -- Shares of Exxon Mobil Corp fell 3.54% in morning trading to trade at $149.40, as President Trump’s announcement of a pause to the U.S. military’s ""Project Freedom"" Strait of Hormuz...",https://www.investing.com/news/company-news/why-is-exxon-mobil-stock-sliding-today-93CH-4664196
oil,"Crude Oil Inventories Fall Less Than Expected, Impacting Prices",2026-05-06,Investing.com,"The Energy Information Administration (EIA) released its latest report on U.S. crude oil inventories, revealing a decline that was less than anticipated by market analysts. The report indicates that...",https://www.investing.com/news/economic-indicators/crude-oil-inventories-fall-less-than-expected-impacting-prices-93CH-4663967
oil,Brazil stocks higher at close of trade; Bovespa up 0.50%,2026-05-06,Investing.com,"Investing.com – Brazil stocks were higher after the close on Wednesday, as gains in the Real Estate, Industrials and Consumption sectors led shares higher.
At the close in Sao Paulo, the Bovespa rose...",https://www.investing.com/news/stock-market-news/brazil-stocks-higher-at-close-of-trade-bovespa-up-050-4665375
oil,Norway stocks lower at close of trade; Oslo OBX down 1.59%,2026-05-06,Investing.com,"Investing.com – Norway stocks were lower after the close on Wednesday, as losses in the Media, Transport and Diversified Financials sectors led shares lower.
At the close in Oslo, the Oslo OBX fell...",https://www.investing.com/news/stock-market-news/norway-stocks-lower-at-close-of-trade-oslo-obx-down-159-4664081
oil,"Brazil’s April trade surplus jumps nearly 38% on rise in soy, oil exports",2026-05-07,Reuters," BRASILIA, May 7 (Reuters) - Brazil’s trade surplus jumped 37.5% in April from a year earlier to $10.5 billion, a record for that month, government data showed on Thursday, buoyed by strong shipments...",https://www.investing.com/news/economic-indicators/brazils-april-trade-surplus-jumps-nearly-38-on-rise-in-soy-oil-exports-4669439
oil,Plains GP earnings up next: Can it bounce back from Q4 miss?,2026-05-07,Investing.com,"Plains GP Holdings LP reports first-quarter earnings Friday before the market opens, with investors scrutinizing whether the midstream operator can rebound from a disappointing fourth-quarter...",https://www.investing.com/news/earnings/plains-gp-earnings-up-next-can-it-bounce-back-from-q4-miss-93CH-4669441
oil,Netherlands stocks lower at close of trade; AEX down 1.17%,2026-05-07,Investing.com,"Investing.com – Netherlands stocks were lower after the close on Thursday, as losses in the Oil & Gas, Consumer Services and Industrials sectors led shares lower.
At the close in Amsterdam, the AEX...",https://www.investing.com/news/stock-market-news/netherlands-stocks-lower-at-close-of-trade-aex-down-117-4668856
oil,Italy stocks lower at close of trade; Investing.com Italy 40 down 0.83%,2026-05-07,Investing.com,"Investing.com – Italy stocks were lower after the close on Thursday, as losses in the Oil & Gas, Utilities and Industrials sectors led shares lower.
At the close in Milan, the Investing.com Italy 40...",https://www.investing.com/news/stock-market-news/italy-stocks-lower-at-close-of-trade-investingcom-italy-40-down-083-4668855
oil,Finland stocks lower at close of trade; OMX Helsinki 25 down 2.03%,2026-05-07,Investing.com,"Investing.com – Finland stocks were lower after the close on Thursday, as losses in the Telecoms, Oil & Gas and Utilities sectors led shares lower.
At the close in Helsinki, the OMX Helsinki 25 lost...",https://www.investing.com/news/stock-market-news/finland-stocks-lower-at-close-of-trade-omx-helsinki-25-down-203-4668818
oil,Norway stocks lower at close of trade; Oslo OBX down 1.30%,2026-05-07,Investing.com,"Investing.com – Norway stocks were lower after the close on Thursday, as losses in the Media, Transport and Diversified Financials sectors led shares lower.
At the close in Oslo, the Oslo OBX...",https://www.investing.com/news/stock-market-news/norway-stocks-lower-at-close-of-trade-oslo-obx-down-130-4668625
oil,Poland stocks lower at close of trade; WIG30 down 1.73%,2026-05-08,Investing.com,"Investing.com – Poland stocks were lower after the close on Friday, as losses in the Energy, Banking and Construction sectors led shares lower.
At the close in Warsaw, the WIG30 declined 1.73%.
The...",https://www.investing.com/news/stock-market-news/poland-stocks-lower-at-close-of-trade-wig30-down-173-4673372
oil,Plains Q1 2026 slides: guidance raised $130MM on crude strength,2026-05-08,Investing.com,"Introduction & Market ContextPlains All American Pipeline (NASDAQ:PAA) raised its 2026 earnings guidance by $130 million during its first quarter 2026 earnings presentation on May 8, 2026, signaling a...",https://www.investing.com/news/company-news/plains-q1-2026-slides-guidance-raised-130mm-on-crude-strength-93CH-4673407
oil,"MOL reports 25% drop in Q1 earnings, msses estimates",2026-05-08,Investing.com,"Investing.com -- MOL reported first quarter 2026 Clean CCS EBITDA of $626 million, marking a 25% decline compared to the same period last year. The results fell short of consensus expectations by 10%...",https://www.investing.com/news/earnings/mol-reports-25-drop-in-q1-earnings-msses-estimates-93CH-4671602
oil,Plains GP Holdings beats revenue but misses on earnings,2026-05-08,Investing.com,"Investing.com - Plains GP Holdings (NASDAQ:PAGP) on Friday reported mixed first-quarter 2026 results Thursday, with revenue exceeding expectations but earnings falling short of analyst estimates....",https://www.investing.com/news/earnings/plains-gp-holdings-beats-revenue-but-misses-on-earnings-93CH-4672686
oil,"Plains All American beats estimates, raises 2026 guidance",2026-05-08,Investing.com,"Investing.com - Plains All American Pipeline (NASDAQ:PAA) on Friday reported first-quarter results that exceeded analyst expectations and raised its full-year 2026 guidance, though shares fell 1.2%...",https://www.investing.com/news/earnings/plains-all-american-beats-estimates-raises-2026-guidance-93CH-4672229
oil,Vivakor closes $12 million convertible note private placement,2026-05-08,Investing.com,"DALLAS - Vivakor, Inc. (NASDAQ:VIVK) closed a private placement with institutional investors on Friday for six-month convertible promissory notes with aggregate gross proceeds of $12 million,...",https://www.investing.com/news/company-news/vivakor-closes-12-million-convertible-note-private-placement-93CH-4672755
oil,Sweden stocks lower at close of trade; OMX Stockholm 30 down 1.21%,2026-05-08,Investing.com,"Investing.com – Sweden stocks were lower after the close on Friday, as losses in the Basic Materials, Industrials and Financials sectors led shares lower.
At the close in Stockholm, the OMX Stockholm...",https://www.investing.com/news/stock-market-news/sweden-stocks-lower-at-close-of-trade-omx-stockholm-30-down-121-4673421
oil,Norway stocks lower at close of trade; Oslo OBX down 0.52%,2026-05-08,Investing.com,"Investing.com – Norway stocks were lower after the close on Friday, as losses in the Media, Transport and Diversified Financials sectors led shares lower.
At the close in Oslo, the Oslo OBX fell...",https://www.investing.com/news/stock-market-news/norway-stocks-lower-at-close-of-trade-oslo-obx-down-052-4673233
oil,Portugal stocks lower at close of trade; PSI down 0.73%,2026-05-08,Investing.com,"Investing.com – Portugal stocks were lower after the close on Friday, as losses in the Basic Materials, Utilities and Financials sectors led shares lower.
At the close in Lisbon, the PSI lost 0.73%...",https://www.investing.com/news/stock-market-news/portugal-stocks-lower-at-close-of-trade-psi-down-073-4673454
oil,Vivakor closes $12 million convertible note offering to fund operations,2026-05-08,Investing.com,"Vivakor Inc. (VIVK) completed a private placement of convertible promissory notes, raising $12 million in gross proceeds from institutional investors, according to a company press release. The...",https://www.investing.com/news/assorted/vivakor-closes-12-million-convertible-note-offering-to-fund-operations-432SI-4672709
oil,OPECに訪れた存亡の危機、UAE脱退で原油市場の均衡揺らぐ,2026-05-09,Bloomberg,原油市場で最も危険な言葉は「石油輸出国機構（OPEC）は死んだ」だ。その「死亡記事」はこれまで何度も書かれてきたが、いずれも杞憂に終わった。しかし、28日に発表され...,https://www.bloomberg.com/jp/news/articles/2026-04-28/TE7L6VKIP3JK00
oil,米テック大手の資金調達、なぜ一変－AI投資で借り入れ急増の理由,2026-05-09,Bloomberg,米国の大手テクノロジー企業はここ数年、高度な人工知能（AI）システムの開発を巡り、多額の費用を伴う競争を繰り広げる一方、スタートアップの成長分野にコンピューテ...,https://www.bloomberg.com/jp/news/articles/2026-05-01/TEBX8OKJH6V900
oil,"Aramco, Adnoc Sneak Oil Through Hormuz as Iran Menaces Strait",2026-05-09,Bloomberg,Saudi Arabia's Aramco Trading Co. and the UAE's state oil company Adnoc are among firms that have moved crude cargoes through the Strait of Hormuz since...,https://www.bloomberg.com/news/articles/2026-05-08/aramco-adnoc-sneak-oil-through-hormuz-as-iran-menaces-strait
oil,Ukraine Says It Hit Two Major Oil Refineries in Russia Overnight,2026-05-09,Bloomberg,"Ukraine said it struck two major fuel-producing facilities and an oil pumping station in Russia, adding more pressure on the nation's refinery runs that hit...",https://www.bloomberg.com/news/articles/2026-05-08/ukraine-says-it-hit-two-major-oil-refineries-in-russia-overnight
oil,China’s Energy Imports Plunge as War Chokes Hormuz Shipments,2026-05-09,Bloomberg,"Chinese energy imports fell sharply in April, as the near-halt to shipments through the Strait of Hormuz choked a vital channel for crude oil and natural...",https://www.bloomberg.com/news/articles/2026-05-09/china-s-energy-imports-plunge-as-war-chokes-hormuz-shipments
oil,"Trump OKs US Oil Pipe, Undercutting Canadian Plan Backed by Carney",2026-05-09,Bloomberg,"Welcome to our guide to the commodities driving the global economy. Today, reporter Robert Tuttle looks at the implications of competing oil pipeline...",https://www.bloomberg.com/news/newsletters/2026-05-08/trump-oks-us-oil-pipeline-plan-that-rivals-canadian-project-backed-by-carney
oil,"Iranian Army Detains Oil Tanker for ‘Violations,’ Tasnim Reports",2026-05-09,Bloomberg,"Iran said it seized a tanker in the Gulf of Oman, which appeared to be a sanctioned vessel carrying the Islamic Republic's own oil.",https://www.bloomberg.com/news/articles/2026-05-08/iranian-army-detains-oil-tanker-for-violations-tasnim-reports
oil,"Watch US Oil Storage Tanks to Run Empty Around July 4, Currie Says",2026-05-09,Bloomberg,"Carlyle Senior Advisor Jeff Currie discusses the ongoing disruption in oil markets, saying storage tanks will run empty in Europe ""sometime in the month of...",https://www.bloomberg.com/news/videos/2026-05-06/us-oil-storage-tanks-to-run-empty-around-july-4-currie-video
oil,"Iran Oil Tanker Likely Beat US Blockade, Satellite Tracker Says",2026-05-09,Bloomberg,"One Iranian oil tanker may have slipped through a US blockade of the Persian Gulf state's shipping, according to TankerTrackers.com, a firm that uses...",https://www.bloomberg.com/news/articles/2026-05-05/iran-oil-tanker-likely-beat-us-blockade-satellite-tracker-says
oil,円上昇に早期失速のリスク－再び円買い介入実施の可能性高まる,2026-05-09,Bloomberg,円買い介入によって押し上げられた円の勢いが急速に消えるリスクが高まり、日本当局が相場を下支えするため再び市場介入を行う可能性が強まっている。,https://www.bloomberg.com/jp/news/articles/2026-05-01/TECCFBKK3NY800
oil,Iran War: China's Invisible Hand Is Rebalancing the Oil Market,2026-05-09,Bloomberg,"Facing an unprecedented shortage, the oil market is pulling every available lever to rebalance supply and demand. Some are well known: bypassing the Strait...",https://www.bloomberg.com/opinion/articles/2026-05-08/iran-war-china-s-invisible-hand-is-rebalancing-the-oil-market
oil,Uber Adds Hotel Bookings to Its App Through New Expedia Partnership,2026-05-09,Bloomberg,"Uber Technologies Inc. is adding hotel bookings in its flagship app, marking the ride-hail company's biggest push yet into the travel market as it seeks to...",https://www.bloomberg.com/news/articles/2026-04-29/uber-adds-hotel-bookings-to-its-app-through-new-expedia-partnership
oil,Russia’s Budget Gap Widens to Record Despite Oil Revenue Boost,2026-05-09,Bloomberg,Russia's budget gap widened to a record despite a jump in oil revenue amid heightened tensions in the Middle East.,https://www.bloomberg.com/news/articles/2026-05-08/russia-s-budget-gap-widens-to-record-despite-oil-revenue-boost
oil,"Allies Will ‘Face Consequences’ for Not Helping US, Hegseth Says",2026-05-09,Bloomberg,"Pentagon officials said the Iran war had cost $25 billion so far, offering the estimate in a contentious congressional hearing that saw Defense Secretary...",https://www.bloomberg.com/news/articles/2026-04-29/allies-will-face-consequences-for-not-helping-us-hegseth-says
oil,Junior Bankers Sick of Grunt Work Build a $2 Billion AI Tool to Do the Job,2026-05-09,Bloomberg,"Rogo, started by young bankers around a kitchen table in 2021, just won a multibillion-dollar valuation.",https://www.bloomberg.com/news/features/2026-04-29/junior-bankers-sick-of-grunt-work-build-2-billion-ai-tool-to-do-the-job
oil,Iran War Hastens Rush of Clean Fuel Tankers Turning to Crude Oil,2026-05-09,Bloomberg,Increasing numbers of so-called clean tankers that transport fuels like diesel and gasoline are becoming dirty crude carriers as the impact of the war in...,https://www.bloomberg.com/news/articles/2026-04-30/iran-war-hastens-rush-of-clean-fuel-tankers-turning-to-crude-oil
oil,Emerging Stocks Set for Best Month Since 2009 Despite Oil Fear,2026-05-09,Bloomberg,"Emerging-market equities posted the best month since 2022, fueled by rallies in Asian technology shares on optimism over artificial intelligence demand,...",https://www.bloomberg.com/news/articles/2026-04-30/emerging-stocks-set-for-best-month-since-2009-despite-oil-fear
oil,Japan’s Mimura Declines to Comment on Yen Intervention Talk,2026-05-09,Bloomberg,"Japan's top currency official said authorities in Tokyo are maintaining readiness to intervene in the crude oil futures market, where speculative moves have...",https://www.bloomberg.com/news/articles/2026-05-01/japan-s-mimura-declines-to-comment-on-yen-intervention-chatter
oil,Russia Emerges as the Early Winner of Iran War,2026-05-09,Bloomberg,Moscow rushed to load crude onto tankers to take advantage of soaring oil prices triggered by Iran's effective closure of the Strait of Hormuz.,https://www.bloomberg.com/news/newsletters/2026-03-16/russia-rakes-in-oil-cash-amid-war-evening-briefing-americas
oil,"Fed’s Waller Cautious On Oil, May Advocate for Rate Cuts Later",2026-05-09,Bloomberg,"Federal Reserve Governor Christopher Waller said he is cautious about how surging oil prices on the back of the Iran war will impact inflation,...",https://www.bloomberg.com/news/articles/2026-03-20/fed-s-waller-cautious-on-oil-may-advocate-for-rate-cuts-later
oil,"How to Hedge Against $100 Oil, According to Market Strategists",2026-05-09,Bloomberg,"How to Hedge Against $100 Oil, According to Market Strategists. With Brent crude hurtling past $100 a barrel, companies that consume a lot of oil suddenly want...",https://www.bloomberg.com/news/newsletters/2026-03-15/how-to-hedge-against-100-oil-according-to-market-strategists
oil,"Watch Refiners Could Wait Weeks for Oil, Even After Strait Is Fully Reopened, Macquarie Says",2026-05-09,Bloomberg,"Sorry, something went wrong ... Some refiners could wait several weeks for oil even after the Strait of Hormuz is fully reopened, keeping up the pressure on...",https://www.bloomberg.com/news/videos/2026-03-31/refiners-could-wait-weeks-for-oil-macquarie-says-video
oil,Mexico Finance Chief Downplays Fiscal Effects of Oil Turmoil,2026-05-09,Bloomberg,Mexico's Finance Minister Edgar Amador said the fiscal effects from rising oil prices due to the war in Iran will be neutral.,https://www.bloomberg.com/news/articles/2026-03-20/mexico-finance-chief-downplays-fiscal-effects-of-oil-turmoil
oil,"‘California’s in a Pickle’ on Oil and Gasoline, Analyst Pickering Says",2026-05-09,Bloomberg,"Sorry, something went wrong ... Dan Pickering, CIO at Pickering Energy Partners, breaks down the areas of the global oil market most affected by the Iran war, his...",https://www.bloomberg.com/news/videos/2026-03-25/-california-s-in-a-pickle-on-oil-gasoline-analyst-video
oil,"Gas, Not Oil, Is Where US Energy Dominance Matters",2026-05-09,Bloomberg,Takeaways by Bloomberg AI Subscribe. The conflict in Iran represents both an expression of US “energy dominance” and a profound test of it. Resurgent domestic...,https://www.bloomberg.com/opinion/articles/2026-03-25/iran-war-shows-us-energy-dominance-in-gas-not-oil
oil,Running America’s Second-Busiest Airport in Turbulent Times,2026-05-09,Bloomberg,"From TSA staffing shortages to surging fuel costs, it's been a tough year for the aviation industry. Dallas Fort Worth International Airport's Chris...",https://www.bloomberg.com/news/features/2026-04-28/dfw-airport-ceo-on-tsa-shortages-high-fuel-costs-travel-chaos
oil,Iran Oil: Why the Philippines Inflation Shock Is So Worrying,2026-05-09,Bloomberg,A much bigger inflation shock than imagined is coming for Southeast Asia — if a country that had shown promise is anything to go by. The Philippines...,https://www.bloomberg.com/opinion/articles/2026-05-07/iran-oil-why-the-philippines-inflation-shock-is-so-worrying
