date,sentiment_pos,sentiment_neg,sentiment_neu,sentiment_score,article_count
2010-01-11,0.37437769770622253,0.4720192551612854,0.15360306203365326,-0.09764155745506287,1
2010-02-08,0.14885933697223663,0.010790574364364147,0.8403499722480774,0.13806876260787249,1
2010-03-03,0.08034326136112213,0.7039756774902344,0.2156810462474823,-0.6236324161291122,1
2010-03-16,0.740691602230072,0.009722363203763962,0.2495860457420349,0.7309692390263081,1
2010-04-28,0.05593239888548851,0.150202676653862,0.793864905834198,-0.09427027776837349,1
2010-08-09,0.8774996399879456,0.09003077447414398,0.03246951848268509,0.7874688655138016,1
2010-08-12,0.9042214751243591,0.07397639006376266,0.021802160888910294,0.8302450850605965,1
2010-08-20,0.14054250717163086,0.05568045750260353,0.8037770390510559,0.08486204966902733,1
2010-08-26,0.7863364219665527,0.012939593754708767,0.20072396099567413,0.773396828211844,1
2010-09-23,0.044498510658741,0.032651253044605255,0.9228502511978149,0.011847257614135742,1
2010-10-06,0.07560370862483978,0.050356876105070114,0.8740394115447998,0.02524683251976967,1
2010-10-18,0.0358605831861496,0.04079694300889969,0.9233424663543701,-0.0049363598227500916,1
2010-11-11,0.03550806641578674,0.05220318213105202,0.9122887253761292,-0.016695115715265274,1
2010-12-01,0.0286774430423975,0.07787606120109558,0.8934464454650879,-0.04919861815869808,1
2010-12-21,0.805885910987854,0.017823373898863792,0.17629067599773407,0.7880625370889902,1
2010-12-26,0.023383885622024536,0.9477937817573547,0.028822312131524086,-0.9244098961353302,1
2011-01-02,0.03781341388821602,0.0498756505548954,0.9123108386993408,-0.012062236666679382,1
2011-01-12,0.9285941123962402,0.05446182191371918,0.01694405823945999,0.8741322904825211,1
2011-02-09,0.662935197353363,0.3093273341655731,0.0277374479919672,0.3536078631877899,1
2011-03-04,0.8582473397254944,0.01559144165366888,0.1261611431837082,0.8426558980718255,1
2011-03-10,0.007075667381286621,0.962774932384491,0.030149446800351143,-0.9556992650032043,1
2011-04-25,0.026581665500998497,0.9168847799301147,0.05653358995914459,-0.8903031144291162,1
2011-04-29,0.8969451785087585,0.07578595727682114,0.02726883254945278,0.8211592212319374,1
2011-05-12,0.9387885332107544,0.026837022975087166,0.03437446430325508,0.9119515102356672,1
2011-05-24,0.02180808037519455,0.5085811018943787,0.46961086988449097,-0.4867730215191841,1
2011-06-03,0.9378787279129028,0.03330869600176811,0.02881253883242607,0.9045700319111347,1
2011-06-07,0.025105763226747513,0.7019155621528625,0.27297869324684143,-0.676809798926115,1
2011-06-10,0.01864318922162056,0.9342634081840515,0.047093477100133896,-0.915620218962431,1
2011-06-14,0.02930459938943386,0.9472568035125732,0.023438595235347748,-0.9179522041231394,1
2011-07-08,0.9280573129653931,0.018697082996368408,0.05324563756585121,0.9093602299690247,1
2011-07-12,0.03037993423640728,0.8616153001785278,0.10800477117300034,-0.8312353659421206,1
2011-07-26,0.07660959661006927,0.0474979542195797,0.8758924603462219,0.029111642390489578,1
2011-07-31,0.08774539828300476,0.01658986508846283,0.8956647515296936,0.07115553319454193,1
2011-08-01,0.026160722598433495,0.3541824519634247,0.6196568012237549,-0.3280217293649912,1
2011-08-24,0.40392547845840454,0.5721834301948547,0.023891061544418335,-0.1682579517364502,1
2011-10-04,0.04550700634717941,0.06057247892022133,0.8939204812049866,-0.015065472573041916,1
2011-10-14,0.02156723290681839,0.9093520641326904,0.06908073276281357,-0.887784831225872,1
2011-10-24,0.021620752289891243,0.8707547783851624,0.10762440413236618,-0.8491340260952711,1
2011-10-25,0.012135549448430538,0.9557509422302246,0.032113514840602875,-0.9436153927817941,1
2011-10-31,0.027171991765499115,0.152883380651474,0.8199446797370911,-0.12571138888597488,1
2011-11-09,0.013041944243013859,0.9322137832641602,0.05474430322647095,-0.9191718390211463,1
2011-11-21,0.057813942432403564,0.07927105575799942,0.8629150986671448,-0.021457113325595856,1
2011-12-01,0.018437406048178673,0.03748879209160805,0.9440738558769226,-0.019051386043429375,1
2011-12-05,0.04285304248332977,0.3092029094696045,0.6479440331459045,-0.2663498669862747,1
2011-12-08,0.015476958826184273,0.9503621459007263,0.034160856157541275,-0.934885187074542,1
2011-12-09,0.016969703137874603,0.940072774887085,0.04295746237039566,-0.9231030717492104,1
2011-12-22,0.7177548408508301,0.25989389419555664,0.02235131710767746,0.45786094665527344,1
2012-01-12,0.03737268224358559,0.33850768208503723,0.6241196393966675,-0.30113499984145164,1
2012-01-26,0.011454270221292973,0.9491432905197144,0.039402395486831665,-0.9376890202984214,1
2012-01-31,0.042628560215234756,0.1366311013698578,0.8207403421401978,-0.09400254115462303,1
2012-02-05,0.08807326853275299,0.010924133472144604,0.9010025858879089,0.07714913506060839,1
2012-03-01,0.036051325500011444,0.9175911545753479,0.04635751619935036,-0.8815398290753365,1
2012-03-07,0.3504011034965515,0.01591334119439125,0.6336855888366699,0.33448776230216026,1
2012-03-13,0.00967184454202652,0.9574806690216064,0.03284747153520584,-0.9478088244795799,1
2012-03-20,0.0627862736582756,0.9233172535896301,0.013896488584578037,-0.8605309799313545,1
2012-03-21,0.011750423349440098,0.9732190370559692,0.015030554495751858,-0.9614686137065291,1
2012-03-22,0.008644646033644676,0.9753811955451965,0.01597416214644909,-0.9667365495115519,1
2012-03-30,0.009480389999225736,0.9658780097961426,0.02464164886623621,-0.9563976197969168,2
2012-04-08,0.009200969710946083,0.9732022285461426,0.017596855759620667,-0.9640012588351965,1
2012-04-22,0.030691826716065407,0.6235485672950745,0.34575963020324707,-0.5928567405790091,1
2012-05-02,0.8375841379165649,0.1013471782207489,0.06106876954436302,0.736236959695816,1
2012-05-11,0.0074891699478030205,0.9742633104324341,0.018247514963150024,-0.9667741404846311,1
2012-05-17,0.03832260146737099,0.04926397278904915,0.912413477897644,-0.010941371321678162,1
2012-05-30,0.010290171951055527,0.9708805680274963,0.0188292246311903,-0.9605903960764408,1
2012-06-04,0.10168468952178955,0.5167253017425537,0.38158997893333435,-0.41504061222076416,1
2012-06-06,0.7649837136268616,0.008344289846718311,0.22667203843593597,0.7566394237801433,1
2012-06-13,0.022410284727811813,0.7820441722869873,0.1955454796552658,-0.7596338875591755,1
2012-07-02,0.06861986964941025,0.8641675114631653,0.06721259653568268,-0.795547641813755,1
2012-07-12,0.08504278212785721,0.011087613180279732,0.9038695096969604,0.07395516894757748,1
2012-07-13,0.0645894780755043,0.2592441737651825,0.6761663556098938,-0.1946546956896782,1
2012-07-27,0.02320217899978161,0.21208514273166656,0.7647127509117126,-0.18888296373188496,1
2012-08-10,0.3338945508003235,0.20756526291370392,0.4585402011871338,0.12632928788661957,1
2012-08-15,0.030336415395140648,0.9578725099563599,0.011791098862886429,-0.9275360945612192,1
2012-08-19,0.021455084905028343,0.5714108347892761,0.407134085893631,-0.5499557498842478,1
2012-08-24,0.009607031010091305,0.9405612349510193,0.04983177036046982,-0.930954203940928,1
2012-08-29,0.07379715144634247,0.8245325684547424,0.1016702726483345,-0.7507354170084,1
2012-09-06,0.06447180360555649,0.7664679288864136,0.16906027495861053,-0.7019961252808571,1
2012-09-30,0.03811987489461899,0.8428170084953308,0.1190631166100502,-0.8046971336007118,1
2012-10-08,0.49582937359809875,0.1259084939956665,0.37826210260391235,0.36992087960243225,1
2012-10-09,0.03832747042179108,0.07277451455593109,0.8888979554176331,-0.034447044134140015,1
2012-10-24,0.04295080527663231,0.14377065002918243,0.8132786154747009,-0.10081984475255013,1
2012-11-05,0.9508797526359558,0.027435695752501488,0.02168455347418785,0.9234440568834543,1
2012-11-08,0.13671688735485077,0.43130677938461304,0.4319762885570526,-0.29458989202976227,1
2012-11-21,0.05980084463953972,0.2792750597000122,0.6609240770339966,-0.2194742150604725,1
2012-11-23,0.08960609138011932,0.013284915126860142,0.8971090316772461,0.07632117625325918,1
2012-11-28,0.009273159317672253,0.9633781909942627,0.027348646894097328,-0.9541050316765904,1
2012-12-20,0.8730673789978027,0.10410647839307785,0.022826140746474266,0.7689609006047249,1
2012-12-25,0.04144130274653435,0.4809304475784302,0.4776282012462616,-0.43948914483189583,1
2012-12-30,0.029373547062277794,0.5808880776166916,0.38973839301615953,-0.5515145305544138,2
2013-01-20,0.10510844364762306,0.4902731738984585,0.4046184401959181,-0.3851647302508354,2
2013-01-27,0.7044678330421448,0.04720032215118408,0.24833187460899353,0.6572675108909607,1
2013-02-07,0.006920041050761938,0.969211757183075,0.023868238553404808,-0.962291716132313,1
2013-02-26,0.030743097886443138,0.5048316121101379,0.46442532539367676,-0.4740885142236948,1
2013-03-26,0.00923010054975748,0.9665887355804443,0.024181166663765907,-0.9573586350306869,1
2013-04-07,0.00686249416321516,0.9696616530418396,0.02347581274807453,-0.9627991588786244,1
2013-04-15,0.013506907038390636,0.9577850699424744,0.028708023950457573,-0.9442781629040837,1
2013-04-19,0.008974829688668251,0.9730480313301086,0.017977207899093628,-0.9640732016414404,1
2013-05-07,0.07299808412790298,0.06302588433027267,0.863976001739502,0.00997219979763031,1
2013-05-09,0.039956774562597275,0.3780166506767273,0.5820265412330627,-0.33805987611413,1
2013-05-29,0.1178484708070755,0.010565144941210747,0.8715863227844238,0.10728332586586475,1
2013-06-03,0.006520784925669432,0.9691718816757202,0.024307366460561752,-0.9626510967500508,1
2013-06-10,0.010955587029457092,0.934434175491333,0.0546102412045002,-0.9234785884618759,1
2013-06-19,0.26888152956962585,0.6610488891601562,0.07006958872079849,-0.3921673595905304,1
2013-06-21,0.011716668494045734,0.9632136225700378,0.025069709867239,-0.9514969540759921,1
2013-06-26,0.05043088272213936,0.04432029277086258,0.9052488803863525,0.006110589951276779,1
2013-07-02,0.00935794971883297,0.9736164212226868,0.0170256569981575,-0.9642584715038538,1
2013-07-11,0.033360667526721954,0.7597121000289917,0.20692722499370575,-0.7263514325022697,1
2013-07-18,0.006991454400122166,0.9689540266990662,0.024054571986198425,-0.961962572298944,1
2013-07-21,0.40406978130340576,0.4574498236179352,0.13848042488098145,-0.05338004231452942,1
2013-07-22,0.039524804800748825,0.4012342095375061,0.559240996837616,-0.3617094047367573,1
2013-07-24,0.4680366516113281,0.0228835791349411,0.5090797543525696,0.445153072476387,1
2013-07-25,0.016773175448179245,0.9180972576141357,0.06512950360774994,-0.9013240821659565,1
2013-08-06,0.04887724667787552,0.04327875003218651,0.9078439474105835,0.005598496645689011,1
2013-08-18,0.04505975916981697,0.1052234023809433,0.8497167825698853,-0.06016364321112633,1
2013-08-20,0.0073520042933523655,0.9612264633178711,0.03142157196998596,-0.9538744590245187,1
2013-09-04,0.03697638958692551,0.1074855849146843,0.8555379509925842,-0.07050919532775879,1
2013-09-18,0.014385809190571308,0.8857001662254333,0.09991400688886642,-0.871314357034862,1
2013-10-02,0.010076507925987244,0.9497159123420715,0.04020753875374794,-0.9396394044160843,1
2013-11-11,0.9456550478935242,0.023901905864477158,0.030443115159869194,0.921753142029047,1
2013-11-14,0.4057082748040557,0.48922349885106087,0.10506826639175415,-0.08351522404700518,2
2013-11-17,0.4795026481151581,0.3581247925758362,0.16237255930900574,0.1213778555393219,1
2013-11-19,0.0177697716280818,0.5458723828196526,0.4363577775657177,-0.5281026111915708,2
2013-11-20,0.2571984827518463,0.07204461097717285,0.6707569360733032,0.18515387177467346,1
2013-11-21,0.011683819815516472,0.9633615016937256,0.02495470643043518,-0.9516776818782091,1
2013-11-22,0.061672985553741455,0.034813638776540756,0.9035133123397827,0.0268593467772007,1
2013-11-29,0.28362271189689636,0.13853324949741364,0.5778440237045288,0.14508946239948273,1
2013-12-04,0.007991253398358822,0.9696511030197144,0.022357646375894547,-0.9616598496213555,1
2013-12-10,0.03280210122466087,0.06649266928434372,0.9007052779197693,-0.033690568059682846,1
2013-12-19,0.058509208261966705,0.018267150968313217,0.9232236742973328,0.04024205729365349,1
2013-12-20,0.051626261323690414,0.19624266028404236,0.7521310448646545,-0.14461639896035194,1
2013-12-31,0.18253111839294434,0.06337156146764755,0.7540973424911499,0.11915955692529678,1
2014-01-03,0.025957902893424034,0.5194173008203506,0.4546247888356447,-0.4934593979269266,2
2014-01-06,0.7802548408508301,0.17886726558208466,0.04087788611650467,0.6013875752687454,1
2014-02-06,0.0304305087774992,0.061991993337869644,0.9075774550437927,-0.031561484560370445,1
2014-02-19,0.7150547504425049,0.015060307458043098,0.26988497376441956,0.6999944429844618,1
2014-02-21,0.026083720847964287,0.6054900288581848,0.3684261739253998,-0.5794063080102205,1
2014-02-24,0.3948221206665039,0.008977346122264862,0.5962005257606506,0.38584477454423904,1
2014-02-28,0.8459053039550781,0.020218614488840103,0.13387605547904968,0.825686689466238,1
2014-03-03,0.18240061402320862,0.010718497447669506,0.8068808913230896,0.1716821165755391,1
2014-03-18,0.010424511507153511,0.9722660183906555,0.017309440299868584,-0.961841506883502,1
2014-03-19,0.9311383962631226,0.03819537162780762,0.030666325241327286,0.8929430246353149,1
2014-03-23,0.01803676411509514,0.9722716212272644,0.009691647253930569,-0.9542348571121693,1
2014-03-24,0.583084337413311,0.347518065944314,0.06939757987856865,0.235566271468997,2
2014-03-25,0.013106085360050201,0.9726439714431763,0.0142499515786767,-0.9595378860831261,1
2014-03-26,0.10608506156131625,0.493317112326622,0.40059780329465866,-0.38723205076530576,2
2014-03-27,0.03147849813103676,0.9507047533988953,0.017816731706261635,-0.9192262552678585,1
2014-03-30,0.010861326940357685,0.9748057723045349,0.014332965947687626,-0.9639444453641772,1
2014-03-31,0.15741655975580215,0.8085331916809082,0.034050248097628355,-0.651116631925106,2
2014-04-01,0.47514386335387826,0.5001368317753077,0.024719296023249626,-0.024992968421429396,2
2014-04-02,0.9280117154121399,0.04231230542063713,0.02967599779367447,0.8856994099915028,1
2014-04-03,0.9229368567466736,0.0553627572953701,0.021700408309698105,0.8675740994513035,1
2014-04-06,0.008089471608400345,0.9752081632614136,0.016702406108379364,-0.9671186916530132,1
2014-04-24,0.020135337486863136,0.960647702217102,0.019216937944293022,-0.9405123647302389,1
2014-04-25,0.037365712225437164,0.14393553137779236,0.8186987638473511,-0.1065698191523552,1
2014-04-27,0.9388636946678162,0.03365131840109825,0.027484966441988945,0.9052123762667179,1
2014-04-28,0.47120723337866366,0.5015639904886484,0.027228817343711853,-0.030356757109984756,2
2014-04-29,0.8847267031669617,0.0825013518333435,0.0327720120549202,0.8022253513336182,1
2014-04-30,0.010424820706248283,0.9733626842498779,0.01621253415942192,-0.9629378635436296,1
2014-05-01,0.0149564272724092,0.9063502252101898,0.07869334239512682,-0.8913937979377806,2
2014-05-04,0.007857485674321651,0.9746351838111877,0.01750730723142624,-0.9667776981368661,1
2014-05-05,0.878456711769104,0.09214320778846741,0.02940012700855732,0.7863135039806366,1
2014-05-07,0.009094391018152237,0.9743021726608276,0.01660343073308468,-0.9652077816426754,1
2014-05-08,0.022132067009806633,0.9598034024238586,0.018064510077238083,-0.937671335414052,1
2014-05-11,0.03042435646057129,0.7183217257261276,0.2512539904564619,-0.6878973692655563,2
2014-05-12,0.008718304336071014,0.9745405316352844,0.01674117147922516,-0.9658222272992134,1
2014-05-13,0.48219472356140614,0.043453628197312355,0.47435165848582983,0.4387410953640938,2
2014-05-14,0.008361288346350193,0.9752011299133301,0.016437603160738945,-0.9668398415669799,1
2014-05-18,0.007745621260255575,0.9754586815834045,0.01679568737745285,-0.967713060323149,1
2014-05-19,0.009169351309537888,0.9750638604164124,0.01576678454875946,-0.9658945091068745,1
2014-05-20,0.8972726464271545,0.07813119143247604,0.02459624595940113,0.8191414549946785,1
2014-05-21,0.007420363835990429,0.9750145673751831,0.017565131187438965,-0.9675942035391927,1
2014-05-22,0.905193567276001,0.06691969186067581,0.027886737138032913,0.8382738754153252,1
2014-05-25,0.007935249246656895,0.9754270315170288,0.01663769967854023,-0.9674917822703719,1
2014-05-27,0.006360731553286314,0.9735455513000488,0.020093735307455063,-0.9671848197467625,1
2014-05-28,0.006438965909183025,0.9731630682945251,0.020397990942001343,-0.9667241023853421,1
2014-05-29,0.9450884461402893,0.02944425866007805,0.025467319414019585,0.9156441874802113,1
2014-06-01,0.012193778529763222,0.9718029499053955,0.016003264114260674,-0.9596091713756323,1
2014-06-02,0.006426031701266766,0.9733209013938904,0.020253101363778114,-0.9668948696926236,1
2014-06-03,0.008003541268408298,0.969200074672699,0.022796353325247765,-0.9611965334042907,1
2014-06-05,0.009061855264008045,0.968769371509552,0.02216871827840805,-0.959707516245544,1
2014-06-08,0.42599859833717346,0.5473424792289734,0.026658931747078896,-0.12134388089179993,1
2014-06-09,0.08455056697130203,0.011205192655324936,0.9042442440986633,0.0733453743159771,1
2014-06-10,0.008513912558555603,0.9714582562446594,0.02002788335084915,-0.9629443436861038,1
2014-06-11,0.016846705228090286,0.9595230221748352,0.02363024465739727,-0.9426763169467449,1
2014-06-12,0.008768324740231037,0.9689507484436035,0.02228088304400444,-0.9601824237033725,1
2014-06-15,0.013688579201698303,0.9718359708786011,0.014475521631538868,-0.9581473916769028,1
2014-06-16,0.9454002380371094,0.029932204633951187,0.024667518213391304,0.9154680334031582,1
2014-06-17,0.009062268771231174,0.974195659160614,0.0167420394718647,-0.9651333903893828,1
2014-06-18,0.04215038940310478,0.9421229362487793,0.015726642683148384,-0.8999725468456745,1
2014-06-19,0.9384697079658508,0.03249487280845642,0.02903536707162857,0.9059748351573944,1
2014-06-22,0.013153419829905033,0.9715776443481445,0.015268909744918346,-0.9584242245182395,1
2014-06-23,0.9281337857246399,0.04577202349901199,0.0260942243039608,0.8823617622256279,1
2014-06-24,0.008446920663118362,0.9742496609687805,0.017303399741649628,-0.9658027403056622,1
2014-06-25,0.0249214768409729,0.9654311537742615,0.009647422470152378,-0.9405096769332886,1
2014-06-26,0.47473713755607605,0.5002933740615845,0.02496950700879097,-0.025556236505508423,1
2014-06-29,0.013999688439071178,0.9668946862220764,0.019105620682239532,-0.9528949977830052,1
2014-06-30,0.012823600322008133,0.9706111550331116,0.016565239056944847,-0.9577875547111034,1
2014-07-01,0.02867740811780095,0.8571232259273529,0.11419936083257198,-0.828445817809552,2
2014-07-02,0.007899879477918148,0.9748929738998413,0.01720714569091797,-0.9669930944219232,1
2014-07-03,0.4984235633164644,0.027526285499334335,0.47405019123107195,0.4708972778171301,2
2014-07-06,0.007671016734093428,0.9758059978485107,0.01652301847934723,-0.9681349811144173,1
2014-07-08,0.012623293325304985,0.9701449871063232,0.017231721431016922,-0.9575216937810183,1
2014-07-09,0.010373786091804504,0.9734885096549988,0.016137704253196716,-0.9631147235631943,1
2014-07-10,0.9334523677825928,0.039834268391132355,0.02671326883137226,0.8936180993914604,1
2014-07-13,0.0077242376282811165,0.9737504720687866,0.018525250256061554,-0.9660262344405055,1
2014-07-15,0.011809493880718946,0.9444006383419037,0.04378986731171608,-0.9325911444611847,2
2014-07-16,0.931885302066803,0.04517977312207222,0.022934943437576294,0.8867055289447308,1
2014-07-17,0.010233769193291664,0.9697254300117493,0.020040756091475487,-0.9594916608184576,1
2014-07-18,0.14731758832931519,0.014977955259382725,0.8377045392990112,0.13233963306993246,1
2014-07-20,0.00905903335660696,0.974215567111969,0.016725394874811172,-0.965156533755362,1
2014-07-21,0.008946347050368786,0.9742628931999207,0.016790807247161865,-0.9653165461495519,1
2014-07-23,0.0068473597057163715,0.9711297154426575,0.022022949531674385,-0.9642823557369411,1
2014-07-27,0.011832655407488346,0.9730228185653687,0.01514445524662733,-0.9611901631578803,1
2014-07-28,0.943687379360199,0.02991543896496296,0.02639709785580635,0.913771940395236,1
2014-07-29,0.008481697179377079,0.974317193031311,0.01720115728676319,-0.965835495851934,1
2014-07-31,0.011633859481662512,0.959570437669754,0.028795719146728516,-0.9479365781880915,2
2014-08-03,0.006785538513213396,0.9748408794403076,0.01837354153394699,-0.9680553409270942,1
2014-08-04,0.9206410646438599,0.0549827441573143,0.024376211687922478,0.8656583204865456,1
2014-08-05,0.007807889953255653,0.9740391373634338,0.018153011798858643,-0.9662312474101782,1
2014-08-06,0.8976821303367615,0.07305194437503815,0.029265910387039185,0.8246301859617233,1
2014-08-07,0.010815054178237915,0.9730045795440674,0.016180431470274925,-0.9621895253658295,1
2014-08-10,0.015075971372425556,0.9747820496559143,0.010141950100660324,-0.9597060782834888,1
2014-08-11,0.008165666833519936,0.9755056500434875,0.016328701749444008,-0.9673399832099676,1
2014-08-12,0.15018339594826102,0.5105959046632051,0.33922065515071154,-0.3604125087149441,2
2014-08-13,0.18209904432296753,0.8023517727851868,0.015549208037555218,-0.6202527284622192,1
2014-08-14,0.009266315959393978,0.9743484258651733,0.016385268419981003,-0.9650821099057794,1
2014-08-17,0.479244745336473,0.09209383837878704,0.42866145353764296,0.38715090695768595,2
2014-08-19,0.010951287113130093,0.9725685715675354,0.016480108723044395,-0.9616172844544053,1
2014-08-21,0.9308041334152222,0.043739400804042816,0.02545647881925106,0.8870647326111794,1
2014-08-25,0.010687433183193207,0.9732258319854736,0.016086721792817116,-0.9625383988022804,1
2014-08-26,0.009202909655869007,0.9745647311210632,0.0162323247641325,-0.9653618214651942,1
2014-08-27,0.017348241293802857,0.6542471051216125,0.3284046920016408,-0.6368988638278097,2
2014-08-28,0.9332279562950134,0.042434461414813995,0.024337613955140114,0.8907934948801994,1
2014-08-31,0.03735484182834625,0.5469293594360352,0.4157158434391022,-0.5095745176076889,1
2014-09-03,0.016856029629707336,0.9686011672019958,0.014542831107974052,-0.9517451375722885,1
2014-09-04,0.010197614319622517,0.9707701206207275,0.019032267853617668,-0.960572506301105,1
2014-09-05,0.05136892572045326,0.04374448210000992,0.9048866629600525,0.007624443620443344,1
2014-09-07,0.9384415745735168,0.03831568360328674,0.023242713883519173,0.9001258909702301,1
2014-09-08,0.0098261758685112,0.9698809385299683,0.020292868837714195,-0.9600547626614571,1
2014-09-09,0.20128129422664642,0.7781259417533875,0.020592767745256424,-0.576844647526741,1
2014-09-10,0.0294738058000803,0.9570678472518921,0.013458305969834328,-0.9275940414518118,1
2014-09-11,0.016353279585018754,0.9067172110080719,0.07692954689264297,-0.8903639314230531,2
2014-09-14,0.009010453708469868,0.9727045297622681,0.018284996971488,-0.9636940760537982,1
2014-09-15,0.00821793731302023,0.9749991297721863,0.016782939434051514,-0.966781192459166,1
2014-09-16,0.9281323552131653,0.048092957586050034,0.023774657398462296,0.8800393976271152,1
2014-09-17,0.008360578678548336,0.9747139811515808,0.016925403848290443,-0.9663534024730325,1
2014-09-18,0.008580074645578861,0.9703292846679688,0.02109070122241974,-0.9617492100223899,1
2014-09-21,0.007202818989753723,0.9735015034675598,0.019295644015073776,-0.9662986844778061,1
2014-09-22,0.006721326150000095,0.9739195704460144,0.019359109923243523,-0.9671982442960143,1
2014-09-29,0.7915874123573303,0.1380433291196823,0.07036923617124557,0.653544083237648,1
2014-09-30,0.44289203360676765,0.515309777110815,0.0417981818318367,-0.0724177435040474,2
2014-10-01,0.008075082674622536,0.9737957715988159,0.01812918856739998,-0.9657206889241934,1
2014-10-02,0.34636327531188726,0.49000805942341685,0.16362865455448627,-0.1436447841115296,2
2014-10-03,0.14775313436985016,0.03278212249279022,0.8194648027420044,0.11497101187705994,1
2014-10-05,0.01067173108458519,0.973037600517273,0.01629064418375492,-0.9623658694326878,1
2014-10-06,0.8670978546142578,0.10769804567098618,0.025204114615917206,0.7593998089432716,1
2014-10-07,0.009549109265208244,0.9741800427436829,0.01627080887556076,-0.9646309334784746,1
2014-10-08,0.8639269471168518,0.08465879410505295,0.05141422897577286,0.7792681530117989,1
2014-10-09,0.7516419887542725,0.008567030541598797,0.23979097604751587,0.7430749582126737,1
2014-10-12,0.1256609559059143,0.858050525188446,0.016288578510284424,-0.7323895692825317,1
2014-10-13,0.011039622128009796,0.9730486869812012,0.015911640599370003,-0.9620090648531914,1
2014-10-14,0.7409223318099976,0.23590953648090363,0.023168113082647324,0.5050127953290939,1
2014-10-15,0.008088123053312302,0.9743930101394653,0.01751887984573841,-0.966304887086153,1
2014-10-19,0.010226377286016941,0.973087728023529,0.016685819253325462,-0.9628613507375121,1
2014-10-21,0.9246044754981995,0.052535321563482285,0.02286028303205967,0.8720691539347172,1
2014-10-22,0.3699219524860382,0.6075242757797241,0.022553712129592896,-0.2376023232936859,1
2014-10-23,0.8978361487388611,0.07893198728561401,0.02323177456855774,0.8189041614532471,1
2014-10-26,0.010146228596568108,0.9734635353088379,0.01639023795723915,-0.9633173067122698,1
2014-10-27,0.007754459511488676,0.9746829867362976,0.017562607303261757,-0.9669285272248089,1
2014-10-28,0.9335176348686218,0.03426408767700195,0.03221827745437622,0.8992535471916199,1
2014-10-29,0.0652918741106987,0.9177438020706177,0.01696433499455452,-0.852451927959919,1
2014-10-30,0.9302943348884583,0.039085157215595245,0.030620522797107697,0.891209177672863,1
2014-11-04,0.21167083084583282,0.7733089327812195,0.015020200051367283,-0.5616381019353867,1
2014-11-05,0.023153845220804214,0.966025173664093,0.010820944793522358,-0.9428713284432888,1
2014-11-06,0.009800457395613194,0.9731504917144775,0.01704905368387699,-0.9633500343188643,1
2014-11-09,0.9438180923461914,0.03186735138297081,0.024314578622579575,0.9119507409632206,1
2014-11-10,0.4798361612483859,0.4379572179168463,0.08220664225518703,0.04187894333153963,2
2014-11-11,0.04729046765714884,0.5132240224629641,0.4394854991696775,-0.4659335548058152,2
2014-11-12,0.47848503943532705,0.49437040835618973,0.027144559659063816,-0.015885368920862675,2
2014-11-13,0.8360159397125244,0.12355886399745941,0.040425218641757965,0.712457075715065,1
2014-11-16,0.9421383738517761,0.02879306674003601,0.029068494215607643,0.9133453071117401,1
2014-11-17,0.69431072473526,0.2713758051395416,0.03431350737810135,0.4229349195957184,1
2014-11-18,0.11151330918073654,0.8760454058647156,0.012441257946193218,-0.764532096683979,1
2014-11-19,0.014916963875293732,0.9723196625709534,0.01276333536952734,-0.9574026986956596,1
2014-11-20,0.38783723674714565,0.49088252848014235,0.12128020823001862,-0.1030452917329967,2
2014-11-23,0.4954272545874119,0.039358874782919884,0.4652138901874423,0.456068379804492,2
2014-11-24,0.008363290689885616,0.9719719886779785,0.019664693623781204,-0.9636086979880929,1
2014-11-25,0.9357517957687378,0.033847659826278687,0.030400456860661507,0.9019041359424591,1
2014-11-26,0.9076089859008789,0.06551171094179153,0.02687932923436165,0.8420972749590874,1
2014-11-30,0.9395300149917603,0.03263931721448898,0.02783059887588024,0.9068906977772713,1
2014-12-01,0.8504093885421753,0.11954952031373978,0.030041111633181572,0.7308598682284355,1
2014-12-02,0.8459107279777527,0.12497822195291519,0.029111146926879883,0.7209325060248375,1
2014-12-03,0.012838084250688553,0.9742010831832886,0.01296085026115179,-0.9613629989326,1
2014-12-04,0.035227520391345024,0.5202975124120712,0.4444749550893903,-0.4850699920207262,2
2014-12-07,0.941739022731781,0.02999739721417427,0.028263617306947708,0.9117416255176067,1
2014-12-08,0.48741229996085167,0.041606755927205086,0.47098097018897533,0.4458055440336466,2
2014-12-09,0.008208822458982468,0.97563236951828,0.016158858314156532,-0.9674235470592976,1
2014-12-10,0.9205005168914795,0.0486593097448349,0.03084011934697628,0.8718412071466446,1
2014-12-11,0.7761122584342957,0.20316629111766815,0.020721467211842537,0.5729459673166275,1
2014-12-14,0.9389429092407227,0.034049589186906815,0.027007585391402245,0.9048933200538158,1
2014-12-15,0.19738014042377472,0.012244836427271366,0.7903749942779541,0.18513530399650335,1
2015-01-04,0.047082620207220316,0.5785507261753082,0.37436660813788575,-0.5314681059680879,3
2015-01-05,0.46508041489869356,0.44713514670729637,0.08778445888310671,0.01794526819139719,2
2015-01-06,0.8950386047363281,0.08207888156175613,0.022882545366883278,0.812959723174572,1
2015-01-07,0.914490818977356,0.06273455172777176,0.02277463860809803,0.8517562672495842,1
2015-01-08,0.02018331177532673,0.9674265384674072,0.01239015907049179,-0.9472432266920805,1
2015-01-11,0.4941915925592184,0.05759534798562527,0.44821301754564047,0.43659624457359314,2
2015-01-12,0.015311048366129398,0.9672853350639343,0.01740356720983982,-0.9519742866978049,1
2015-01-13,0.905709981918335,0.07327204942703247,0.021018028259277344,0.8324379324913025,1
2015-01-14,0.009642551653087139,0.9743351936340332,0.01602228730916977,-0.9646926419809461,1
2015-01-15,0.086448157671839,0.8835764527320862,0.029975367709994316,-0.7971282950602472,2
2015-01-18,0.9396815896034241,0.036420367658138275,0.023898079991340637,0.9032612219452858,1
2015-01-20,0.00868148636072874,0.9700327515602112,0.021285775117576122,-0.9613512651994824,2
2015-01-21,0.9301499724388123,0.04357906058430672,0.026270993053913116,0.8865709118545055,1
2015-01-22,0.9403918981552124,0.03517394885420799,0.024434171617031097,0.9052179493010044,1
2015-01-25,0.008297338150441647,0.9746110439300537,0.017091602087020874,-0.9663137057796121,1
2015-01-26,0.007953732274472713,0.9750081300735474,0.01703815720975399,-0.9670543977990746,1
2015-01-27,0.008439218625426292,0.9752145409584045,0.016346214339137077,-0.9667753223329782,1
2015-01-28,0.007597476243972778,0.9726443290710449,0.019758149981498718,-0.9650468528270721,1
2015-01-29,0.03087627049535513,0.49378280341625214,0.47534093260765076,-0.462906532920897,2
2015-01-31,0.5917232632637024,0.026336239650845528,0.38194048404693604,0.5653870236128569,1
2015-02-01,0.06710377323906869,0.28673339914530516,0.6461628037504852,-0.21962962590623647,4
2015-02-02,0.2613478247076273,0.5904411599040031,0.1482110358774662,-0.32909333519637585,2
2015-02-03,0.9303894639015198,0.04540584981441498,0.024204665794968605,0.8849836140871048,1
2015-02-04,0.9313121438026428,0.03868775814771652,0.03000005893409252,0.8926243856549263,1
2015-02-05,0.894178032875061,0.07859107106924057,0.027230918407440186,0.8155869618058205,1
2015-02-08,0.806325376033783,0.045018781907856464,0.14865582436323166,0.7613065941259265,2
2015-02-09,0.01103181205689907,0.9736412763595581,0.01532687060534954,-0.962609464302659,1
2015-02-10,0.79902583360672,0.1511552780866623,0.04981893673539162,0.6478705555200577,1
2015-02-11,0.02063356712460518,0.9687627553939819,0.010603654198348522,-0.9481291882693768,1
2015-02-12,0.7148338556289673,0.25786206126213074,0.02730412967503071,0.45697179436683655,1
2015-02-15,0.9457873702049255,0.02479718066751957,0.029415510594844818,0.920990189537406,1
2015-02-17,0.9258975982666016,0.047703176736831665,0.026399148628115654,0.8781944215297699,1
2015-02-18,0.9416608810424805,0.02790609747171402,0.030432995408773422,0.9137547835707664,1
2015-02-19,0.027737056836485863,0.9403654634952545,0.03189750527963042,-0.9126284066587687,2
2015-02-22,0.01060573011636734,0.9738015532493591,0.01559273898601532,-0.9631958231329918,1
2015-02-23,0.006763623561710119,0.9742158055305481,0.019020583480596542,-0.967452181968838,1
2015-02-24,0.8752188682556152,0.10337118804454803,0.02140992321074009,0.7718476802110672,1
2015-02-25,0.007914096117019653,0.9752202033996582,0.016865694895386696,-0.9673061072826385,1
2015-02-26,0.9191992878913879,0.05980526655912399,0.02099536545574665,0.859394021332264,1
2015-02-27,0.05707257241010666,0.06270281225442886,0.8802245855331421,-0.005630239844322205,1
2015-03-01,0.9376891255378723,0.03314157575368881,0.029169341549277306,0.9045475497841835,1
2015-03-02,0.9231783747673035,0.04782750830054283,0.028994200751185417,0.8753508664667606,1
2015-03-03,0.9437993168830872,0.03327830135822296,0.02292238362133503,0.9105210155248642,1
2015-03-04,0.010600500740110874,0.9739527106285095,0.015446778386831284,-0.9633522098883986,1
2015-03-05,0.00781414657831192,0.9749465584754944,0.01723933406174183,-0.9671324118971825,1
2015-03-08,0.013497577048838139,0.9712335467338562,0.015268954448401928,-0.9577359696850181,1
2015-03-09,0.827127993106842,0.15232975780963898,0.02054234966635704,0.6747982352972031,1
2015-03-10,0.029618870001286268,0.49712011963129044,0.473261009901762,-0.46750124963000417,2
2015-03-11,0.9239411950111389,0.03994293138384819,0.03611593693494797,0.8839982636272907,1
2015-03-12,0.9322972297668457,0.03834502398967743,0.029357755556702614,0.8939522057771683,1
2015-03-15,0.009066450409591198,0.9752234816551208,0.015710119158029556,-0.9661570312455297,1
2015-03-16,0.009520779363811016,0.9748497009277344,0.01562950573861599,-0.9653289215639234,1
2015-03-17,0.8815143704414368,0.08826891332864761,0.030216669663786888,0.7932454571127892,1
2015-03-18,0.11283202329650521,0.49204944958910346,0.3951185345649719,-0.37921742629259825,2
2015-03-19,0.2587060797959566,0.5494043380022049,0.19188962318003178,-0.2906982582062483,2
2015-03-22,0.9199682474136353,0.05769483745098114,0.022336943075060844,0.8622734099626541,1
2015-03-23,0.9151107668876648,0.05447600409388542,0.030413230881094933,0.8606347627937794,1
2015-03-24,0.008419524878263474,0.9749314785003662,0.01664895750582218,-0.9665119536221027,1
2015-03-25,0.9387291669845581,0.027390480041503906,0.033880267292261124,0.9113386869430542,1
2015-03-26,0.9374784827232361,0.02757982723414898,0.0349416583776474,0.9098986554890871,1
2015-03-29,0.0077583203092217445,0.975013792514801,0.017227867618203163,-0.9672554722055793,1
2015-03-30,0.9353327751159668,0.03673471137881279,0.027932554483413696,0.898598063737154,1
2015-03-31,0.09885800257325172,0.6386466175317764,0.26249538362026215,-0.5397886149585247,2
2015-04-01,0.5809467434883118,0.39536169171333313,0.023691607639193535,0.18558505177497864,1
2015-04-02,0.011199799366295338,0.9720083475112915,0.01679183356463909,-0.9608085481449962,1
2015-04-05,0.9391220211982727,0.03108672797679901,0.029791219159960747,0.9080352932214737,1
2015-04-06,0.9105374813079834,0.062272652983665466,0.027189848944544792,0.8482648283243179,1
2015-04-07,0.008369432762265205,0.9747836589813232,0.016846919432282448,-0.966414226219058,1
2015-04-08,0.008328345604240894,0.9744385480880737,0.017233118414878845,-0.9661102024838328,1
2015-04-12,0.009523047134280205,0.9740720391273499,0.016404900699853897,-0.9645489919930696,1
2015-04-13,0.013040534220635891,0.9708182215690613,0.01614130288362503,-0.9577776873484254,1
2015-04-14,0.017063410952687263,0.969961941242218,0.012974635697901249,-0.9528985302895308,1
2015-04-15,0.008272039704024792,0.9737911820411682,0.01793680153787136,-0.9655191423371434,1
2015-04-16,0.011536700651049614,0.9706540703773499,0.01780921220779419,-0.9591173697263002,1
2015-04-19,0.9228659868240356,0.047496870160102844,0.029637163504958153,0.8753691166639328,1
2015-04-20,0.9141011238098145,0.052201516926288605,0.033697403967380524,0.8618996068835258,1
2015-04-21,0.007509218063205481,0.9751591682434082,0.01733158342540264,-0.9676499501802027,1
2015-04-22,0.04369260021485388,0.49317271495237947,0.46313469763845205,-0.4494801147375256,2
2015-04-23,0.8433549404144287,0.011469576507806778,0.14517542719841003,0.8318853639066219,1
2015-04-26,0.006372001953423023,0.974726140499115,0.018901938572525978,-0.968354138545692,1
2015-04-27,0.006816580891609192,0.9746652841567993,0.01851815916597843,-0.9678487032651901,1
2015-04-28,0.0065685841254889965,0.9734498858451843,0.01998148113489151,-0.9668813017196953,1
2015-04-29,0.011568871326744556,0.9708577394485474,0.0175733994692564,-0.9592888681218028,1
2015-04-30,0.8943410515785217,0.08001501858234406,0.02564389631152153,0.8143260329961777,1
2015-05-03,0.006323118228465319,0.9745808243751526,0.019096069037914276,-0.9682577061466873,1
2015-05-04,0.007928162813186646,0.9746302962303162,0.017441468313336372,-0.9667021334171295,1
2015-05-05,0.008110623806715012,0.9733115434646606,0.01857782155275345,-0.9652009196579456,1
2015-05-06,0.9437376260757446,0.030074579641222954,0.026187872514128685,0.9136630464345217,1
2015-05-07,0.34377992479130626,0.6347379386425018,0.021482117474079132,-0.2909580138511956,2
2015-05-10,0.8965107202529907,0.08191438764333725,0.02157486416399479,0.8145963326096535,1
2015-05-11,0.47092448407784104,0.5032362025231123,0.02583929616957903,-0.032311718445271254,2
2015-05-12,0.007538347505033016,0.9728575348854065,0.0196041539311409,-0.9653191873803735,1
2015-05-19,0.008521836251020432,0.9748797416687012,0.016598396003246307,-0.9663579054176807,1
2015-05-20,0.009706522338092327,0.9746171832084656,0.015676263719797134,-0.9649106608703732,1
2015-05-21,0.4715517805889249,0.5039694048464298,0.02447880618274212,-0.03241762425750494,2
2015-05-26,0.1539724332590898,0.6254460004468759,0.22058153680215278,-0.4714735671877861,3
2015-05-27,0.007678566500544548,0.9746732115745544,0.01764821819961071,-0.9669946450740099,1
2015-05-28,0.011036183685064316,0.9722744822502136,0.016689324751496315,-0.9612382985651493,1
2015-05-31,0.008345621638000011,0.9756401777267456,0.016014214605093002,-0.9672945560887456,1
2015-06-01,0.03589977463707328,0.5126898773014545,0.4514103620313108,-0.47679010266438127,2
2015-06-02,0.9351600408554077,0.04007164388895035,0.024768371134996414,0.8950883969664574,1
2015-06-04,0.00901735294610262,0.9748703241348267,0.01611233688890934,-0.965852971188724,1
2015-06-07,0.011494864709675312,0.9728557467460632,0.01564946211874485,-0.9613608820363879,1
2015-06-08,0.8806103467941284,0.09432672709226608,0.02506297454237938,0.7862836197018623,1
2015-06-09,0.01794978231191635,0.9597660899162292,0.02228410542011261,-0.9418163076043129,1
2015-06-10,0.919747531414032,0.045459192246198654,0.034793272614479065,0.8742883391678333,1
2015-06-11,0.013279391452670097,0.9713336229324341,0.015387040562927723,-0.958054231479764,1
2015-06-15,0.02192309871315956,0.9639795422554016,0.014097368344664574,-0.942056443542242,1
2015-06-16,0.91961270570755,0.05600550398230553,0.024381816387176514,0.8636072017252445,1
2015-06-17,0.9319005608558655,0.037781424820423126,0.03031802549958229,0.8941191360354424,1
2015-06-18,0.01034378819167614,0.9744321703910828,0.015223978087306023,-0.9640883821994066,1
2015-06-21,0.009237374179065228,0.9749783873558044,0.015784237533807755,-0.9657410131767392,1
2015-06-22,0.010272430256009102,0.9743263721466064,0.015401232056319714,-0.9640539418905973,1
2015-06-23,0.9065661430358887,0.06458598375320435,0.028847893700003624,0.8419801592826843,1
2015-06-24,0.21785234240815043,0.4958684975281358,0.28627913538366556,-0.27801615511998534,2
2015-06-25,0.23443831503391266,0.748279333114624,0.017282314598560333,-0.5138410180807114,1
2015-06-27,0.050064317882061005,0.025525977835059166,0.9244096279144287,0.02453834004700184,1
2015-06-28,0.847915768623352,0.1255502700805664,0.02653397060930729,0.7223654985427856,1
2015-06-29,0.8904903531074524,0.08169695734977722,0.027812646701931953,0.8087933957576752,1
2015-06-30,0.5796574354171753,0.3931312561035156,0.027211269363760948,0.18652617931365967,1
2015-07-02,0.031344130635261536,0.5976221561431885,0.3710336685180664,-0.5662780255079269,1
2015-07-06,0.009613845497369766,0.9737752079963684,0.01661098189651966,-0.9641613624989986,1
2015-07-07,0.024163594469428062,0.9661571383476257,0.009679273702204227,-0.9419935438781977,1
2015-07-08,0.008432265371084213,0.9745373725891113,0.01703033782541752,-0.9661051072180271,1
2015-07-09,0.8517155647277832,0.12598827481269836,0.022296138107776642,0.7257272899150848,1
2015-07-12,0.8308597207069397,0.14175790548324585,0.02738240174949169,0.6891018152236938,1
2015-07-13,0.6975539922714233,0.009282899089157581,0.29316309094429016,0.6882710931822658,1
2015-07-22,0.10989053547382355,0.009748546406626701,0.8803609013557434,0.10014198906719685,1
2015-07-31,0.014260025694966316,0.9141790866851807,0.07156091183423996,-0.8999190609902143,1
2015-08-01,0.028250565752387047,0.7267668843269348,0.24498251080513,-0.6985163185745478,1
2015-08-04,0.014683873392641544,0.8663936853408813,0.1189224123954773,-0.8517098119482398,1
2015-08-16,0.011697067879140377,0.9596275091171265,0.028675440698862076,-0.9479304412379861,1
2015-08-23,0.7316341400146484,0.010722199454903603,0.2576437294483185,0.7209119405597448,1
2015-09-02,0.5889198780059814,0.11390749365091324,0.2971726357936859,0.4750123843550682,1
2015-09-14,0.7411183714866638,0.22492624819278717,0.03395533561706543,0.5161921232938766,1
2015-09-16,0.03742329962551594,0.07044325768947601,0.8921334743499756,-0.033019958063960075,2
2015-09-20,0.03661511465907097,0.048768300563097,0.914616584777832,-0.012153185904026031,1
2015-09-29,0.02951977401971817,0.13375140726566315,0.8367288112640381,-0.10423163324594498,1
2015-10-08,0.7156074047088623,0.00950417760759592,0.27488845586776733,0.7061032271012664,1
2015-10-11,0.042718470096588135,0.9192051291465759,0.03807636350393295,-0.8764866590499878,1
2015-10-20,0.010054640471935272,0.9455636143684387,0.04438178986310959,-0.9355089738965034,1
2015-10-22,0.06628861278295517,0.28111231327056885,0.652599036693573,-0.21482370048761368,1
2015-11-03,0.041424863040447235,0.05165805667638779,0.9069170355796814,-0.010233193635940552,1
2015-11-04,0.03426464647054672,0.1128864735364914,0.8528488278388977,-0.07862182706594467,1
2015-11-05,0.8959879875183105,0.03128303959965706,0.0727289691567421,0.8647049479186535,1
2015-11-16,0.038257159292697906,0.0453459657728672,0.9163968563079834,-0.007088806480169296,1
2015-11-17,0.0528288409113884,0.8381826877593994,0.1089884415268898,-0.785353846848011,1
2015-12-01,0.08902734518051147,0.011237104423344135,0.8997355699539185,0.07779024075716734,1
2016-01-12,0.011457680724561214,0.9682897925376892,0.02025255560874939,-0.956832111813128,1
2016-01-15,0.7977145910263062,0.009838476777076721,0.19244696199893951,0.7878761142492294,1
2016-01-19,0.010404410772025585,0.9424182176589966,0.047177329659461975,-0.932013806886971,1
2016-01-21,0.09850354120135307,0.5099571570754051,0.3915392979979515,-0.41145361587405205,2
2016-02-10,0.5333538055419922,0.06854142993688583,0.39810478687286377,0.46481237560510635,1
2016-02-15,0.7877692580223083,0.011424248106777668,0.20080651342868805,0.7763450099155307,1
2016-03-07,0.050402866676449776,0.6228260099887848,0.32677115872502327,-0.572423143312335,2
2016-03-08,0.08686934411525726,0.01334312092512846,0.8997876048088074,0.0735262231901288,1
2016-03-11,0.053420279175043106,0.11215636134147644,0.8344233632087708,-0.058736082166433334,1
2016-03-15,0.011249436065554619,0.9334323406219482,0.055318236351013184,-0.9221829045563936,1
2016-04-18,0.1152707189321518,0.009802591986954212,0.8749266862869263,0.10546812694519758,1
2016-04-20,0.5527759194374084,0.009581491351127625,0.4376426041126251,0.5431944280862808,1
2016-05-02,0.918056070804596,0.03944198787212372,0.04250190779566765,0.8786140829324722,1
2016-05-07,0.021237993612885475,0.5241396948695183,0.4546223897486925,-0.5029017012566328,2
2016-05-13,0.028973786160349846,0.21725726127624512,0.7537689805030823,-0.18828347511589527,1
2016-05-25,0.008007865399122238,0.9672309160232544,0.024761255830526352,-0.9592230506241322,1
2016-06-01,0.0421561673283577,0.08497054129838943,0.8728733062744141,-0.04281437397003174,2
2016-06-05,0.014024613425135612,0.9406372904777527,0.04533814266324043,-0.9266126770526171,1
2016-06-07,0.0353752039372921,0.7316860556602478,0.23293867707252502,-0.6963108517229557,1
2016-06-08,0.8939120173454285,0.059846363961696625,0.04624166339635849,0.8340656533837318,1
2016-06-09,0.11430302262306213,0.019724367186427116,0.8659726977348328,0.09457865543663502,1
2016-06-29,0.13468241691589355,0.10936886817216873,0.7559487223625183,0.025313548743724823,1
2016-07-03,0.5966115593910217,0.010152891278266907,0.39323556423187256,0.5864586681127548,1
2016-07-04,0.039642542600631714,0.026172762736678123,0.934184730052948,0.01346977986395359,1
2016-07-14,0.02433670125901699,0.9365317821502686,0.039131488651037216,-0.9121950808912516,1
2016-07-25,0.671196460723877,0.2894213795661926,0.03938218206167221,0.3817750811576843,1
2016-08-01,0.06682372838258743,0.2864798605442047,0.6466964483261108,-0.21965613216161728,1
2016-08-11,0.9441656470298767,0.021389303728938103,0.034445080906152725,0.9227763433009386,1
2016-08-31,0.03012113831937313,0.12400580942630768,0.8458731174468994,-0.09388467110693455,1
2016-09-28,0.035710886120796204,0.14289334416389465,0.8213958144187927,-0.10718245804309845,1
2016-10-07,0.3137243986129761,0.6269131302833557,0.05936247110366821,-0.31318873167037964,1
2016-10-14,0.0343959666788578,0.06175265833735466,0.903851330280304,-0.027356691658496857,1
2016-10-16,0.8329288363456726,0.1316891610622406,0.035382021218538284,0.701239675283432,1
2016-10-28,0.48780622612684965,0.03646523226052523,0.47572852578014135,0.4513409938663244,2
2016-10-31,0.0739596039056778,0.8271629214286804,0.09887751936912537,-0.7532033175230026,1
2016-11-03,0.23904022574424744,0.008315183222293854,0.7526445388793945,0.23072504252195358,1
2016-11-07,0.22136306762695312,0.7082188725471497,0.07041805237531662,-0.48685580492019653,1
2016-11-14,0.21175932884216309,0.6937106847763062,0.09452998638153076,-0.48195135593414307,1
2016-11-15,0.9142758250236511,0.02798585779964924,0.057738326489925385,0.8862899672240019,1
2016-11-28,0.07143814116716385,0.5047461986541748,0.4238157272338867,-0.43330805748701096,1
2016-12-09,0.016295205801725388,0.9519279599189758,0.031776830554008484,-0.9356327541172504,1
2016-12-13,0.07865267246961594,0.0262847188860178,0.8950625658035278,0.05236795358359814,1
2016-12-16,0.010753685608506203,0.9660207033157349,0.02322561852633953,-0.9552670177072287,1
2016-12-23,0.01106395572423935,0.9634554386138916,0.02548058331012726,-0.9523914828896523,1
2016-12-25,0.08658955246210098,0.30199694633483887,0.6114134788513184,-0.21540739387273788,1
2016-12-27,0.01518103014677763,0.9389649033546448,0.045854050666093826,-0.9237838732078671,1
2016-12-28,0.010743231512606144,0.95760178565979,0.03165499493479729,-0.9468585541471839,1
2016-12-29,0.016014736145734787,0.7771702408790588,0.2068149298429489,-0.761155504733324,1
2017-01-02,0.26059362292289734,0.033447448164224625,0.705958902835846,0.22714617475867271,1
2017-01-04,0.010422873310744762,0.9422875046730042,0.047289639711380005,-0.9318646313622594,1
2017-01-26,0.10434325411915779,0.3325960710644722,0.5630607157945633,-0.2282528169453144,2
2017-01-29,0.43683022260665894,0.03415766730904579,0.5290120840072632,0.40267255529761314,1
2017-02-22,0.07277502119541168,0.6342904567718506,0.29293447732925415,-0.5615154355764389,1
2017-03-06,0.6420006155967712,0.0606255829334259,0.29737386107444763,0.5813750326633453,1
2017-03-12,0.03791924566030502,0.3023281395435333,0.659752607345581,-0.2644088938832283,1
2017-03-13,0.8727973699569702,0.010824182070791721,0.11637850105762482,0.8619731878861785,1
2017-03-16,0.07870084792375565,0.6873550415039062,0.2339440882205963,-0.6086541935801506,1
2017-03-21,0.042140644043684006,0.33398035168647766,0.623879075050354,-0.29183970764279366,1
2017-03-29,0.4471143148839474,0.057356408797204494,0.4955292269587517,0.3897579060867429,2
2017-04-13,0.45266494154930115,0.013917314819991589,0.5334177017211914,0.43874762672930956,1
2017-04-18,0.1892053335905075,0.5129647254943848,0.2978299558162689,-0.32375939190387726,1
2017-04-26,0.04285009577870369,0.35411393642425537,0.6030359268188477,-0.3112638406455517,1
2017-05-03,0.8410887718200684,0.010744518600404263,0.14816667139530182,0.8303442532196641,1
2017-05-09,0.017556851729750633,0.7504204511642456,0.23202265799045563,-0.732863599434495,1
2017-05-19,0.8345394730567932,0.0629502609372139,0.10251025855541229,0.7715892121195793,1
2017-05-22,0.44359904527664185,0.034990593791007996,0.521410346031189,0.40860845148563385,2
2017-05-25,0.03144887462258339,0.1302161067724228,0.8383349776268005,-0.0987672321498394,1
2017-06-07,0.011328398250043392,0.9720189571380615,0.016652651131153107,-0.9606905588880181,1
2017-06-08,0.5004956312477589,0.022694476880133152,0.4768099281936884,0.4778011543676257,2
2017-06-09,0.5846512913703918,0.024394255131483078,0.3909544348716736,0.5602570362389088,1
2017-06-23,0.9129241704940796,0.06495976448059082,0.02211613394320011,0.8479644060134888,1
2017-06-26,0.8882761597633362,0.01738162897527218,0.09434221684932709,0.870894530788064,1
2017-07-03,0.027700521051883698,0.1813240647315979,0.7909754514694214,-0.1536235436797142,1
2017-07-04,0.07439112477004528,0.12766385916620493,0.7979449927806854,-0.05327273439615965,2
2017-07-11,0.47102323174476624,0.014011161401867867,0.5149655938148499,0.45701207034289837,1
2017-07-16,0.039990805089473724,0.02071976102888584,0.9392894506454468,0.019271044060587883,1
2017-07-18,0.17667610943317413,0.41772836446762085,0.4055955111980438,-0.24105225503444672,1
2017-08-06,0.015897110104560852,0.8966304063796997,0.08747247606515884,-0.8807332962751389,1
2017-08-09,0.007422925438731909,0.9695595502853394,0.02301747165620327,-0.9621366248466074,1
2017-08-13,0.04790943115949631,0.022194702178239822,0.92989581823349,0.025714728981256485,1
2017-08-17,0.0604264922440052,0.32898181676864624,0.6105917096138,-0.26855532452464104,1
2017-09-03,0.010340169072151184,0.9723718166351318,0.017288044095039368,-0.9620316475629807,1
2017-09-14,0.03359614685177803,0.054078228771686554,0.9123256206512451,-0.020482081919908524,1
2017-09-20,0.009446273557841778,0.9368776679039001,0.05367607623338699,-0.9274313943460584,1
2017-09-25,0.02266247384250164,0.026817001402378082,0.9505204558372498,-0.004154527559876442,1
2017-10-18,0.9190887212753296,0.06089741736650467,0.0200139582157135,0.8581913039088249,1
2017-10-23,0.0073434170335531235,0.9557589292526245,0.036897704005241394,-0.9484155122190714,1
2017-10-24,0.38019491359591484,0.48989364225417376,0.1299114217981696,-0.10969872865825891,2
2017-10-27,0.010206159204244614,0.9457319974899292,0.04406182840466499,-0.9355258382856846,1
2017-10-28,0.0074730804190039635,0.9743583798408508,0.018168581649661064,-0.9668852994218469,1
2017-11-06,0.28823336958885193,0.5285797119140625,0.18318688869476318,-0.24034634232521057,1
2017-11-09,0.021330062299966812,0.2611258327960968,0.7175441384315491,-0.23979577049613,1
2017-11-12,0.6636987924575806,0.02941371500492096,0.3068874776363373,0.6342850774526596,1
2017-11-15,0.03591950610280037,0.9450064897537231,0.019073978066444397,-0.9090869836509228,1
2017-11-20,0.010691667906939983,0.9420343637466431,0.04727398604154587,-0.9313426958397031,1
2017-12-01,0.2849285304546356,0.009989790618419647,0.7050817012786865,0.274938739836216,1
2017-12-04,0.0346372164785862,0.6672366857528687,0.2981260418891907,-0.6325994692742825,1
2017-12-11,0.20218344312161207,0.6928703089555105,0.10494623643656571,-0.49068686583389837,3
2017-12-15,0.020045273005962372,0.841621994972229,0.1383327692747116,-0.8215767219662666,1
2017-12-27,0.019406665116548538,0.9332923293113708,0.04730094596743584,-0.9138856641948223,1
2018-01-02,0.018973050639033318,0.8487381935119629,0.13228873442858458,-0.8297651428729296,2
2018-01-28,0.49958840012550354,0.09960915148258209,0.4008024334907532,0.39997924864292145,1
2018-02-08,0.15931883454322815,0.07804559916257858,0.7626355886459351,0.08127323538064957,1
2018-02-16,0.9332624673843384,0.011936084367334843,0.054801467806100845,0.9213263830170035,1
2018-02-22,0.02988591231405735,0.21826742589473724,0.7518467307090759,-0.1883815135806799,1
2018-02-23,0.14544838666915894,0.1756388247013092,0.6789128184318542,-0.03019043803215027,1
2018-02-25,0.8737385272979736,0.011014874093234539,0.11524657905101776,0.8627236532047391,1
2018-03-05,0.026495786383748055,0.08217479288578033,0.891329437494278,-0.05567900650203228,2
2018-03-08,0.011615332216024399,0.9412921071052551,0.047092508524656296,-0.9296767748892307,1
2018-03-10,0.05035868659615517,0.6126059293746948,0.3370353579521179,-0.5622472427785397,1
2018-03-18,0.033290136605501175,0.33136624097824097,0.6353436708450317,-0.2980761043727398,1
2018-04-04,0.8882685303688049,0.07419484108686447,0.037536658346652985,0.8140736892819405,1
2018-04-06,0.012086404953151941,0.9621314108371735,0.02578221820294857,-0.9500450058840215,2
2018-04-09,0.017126585822552443,0.5549396499991417,0.4279338279739022,-0.5378130641765893,2
2018-04-13,0.1050674025900662,0.4773619957268238,0.417570598423481,-0.3722945931367576,2
2018-05-04,0.0628596842288971,0.9180517792701721,0.019088532775640488,-0.855192095041275,1
2018-05-07,0.026606470346450806,0.07339964061975479,0.899993896484375,-0.046793170273303986,1
2018-05-10,0.015451920218765736,0.9182621240615845,0.06628601253032684,-0.9028102038428187,1
2018-05-18,0.01072200108319521,0.9622668027877808,0.02701115980744362,-0.9515448017045856,1
2018-05-23,0.05808169022202492,0.6687926054000854,0.2731257379055023,-0.6107109151780605,1
2018-05-29,0.01319168321788311,0.9658934473991394,0.020914874970912933,-0.9527017641812563,1
2018-06-06,0.7586168646812439,0.009417952038347721,0.2319650948047638,0.7491989126428962,1
2018-06-14,0.2747010290622711,0.008841760456562042,0.7164572477340698,0.2658592686057091,1
2018-06-15,0.016925998032093048,0.49092121608555317,0.492152800783515,-0.4739952180534601,2
2018-06-19,0.009115790948271751,0.9571821093559265,0.03370213136076927,-0.9480663184076548,1
2018-06-26,0.08497656881809235,0.8950796723365784,0.01994374394416809,-0.810103103518486,1
2018-07-01,0.4730798006057739,0.034836869686841965,0.4920833706855774,0.43824293091893196,1
2018-07-04,0.022806014865636826,0.9017579555511475,0.07543598860502243,-0.8789519406855106,1
2018-07-08,0.023060742765665054,0.13517625629901886,0.8417630195617676,-0.1121155135333538,1
2018-07-16,0.16292643547058105,0.00964497122913599,0.8274286389350891,0.15328146424144506,1
2018-07-24,0.20589679479599,0.7282305955886841,0.06587252765893936,-0.5223338007926941,1
2018-07-25,0.010496298782527447,0.9262488484382629,0.06325490027666092,-0.9157525496557355,1
2018-07-26,0.026819616556167603,0.9506405591964722,0.02253982424736023,-0.9238209426403046,1
2018-08-02,0.33995272358879447,0.6237882822751999,0.036259016022086143,-0.2838355586864054,2
2018-08-08,0.010041282512247562,0.9690330624580383,0.02092570811510086,-0.9589917799457908,1
2018-08-23,0.02640998177230358,0.16192276775836945,0.811667263507843,-0.13551278598606586,1
2018-08-27,0.08639249950647354,0.5496750473976135,0.3639324903488159,-0.46328254789114,1
2018-08-31,0.8892947435379028,0.04096200689673424,0.06974320858716965,0.8483327366411686,1
2018-09-04,0.3113532066345215,0.574375569820404,0.11427123099565506,-0.26302236318588257,1
2018-09-07,0.13668513298034668,0.029795801267027855,0.8335190415382385,0.10688933171331882,1
2018-09-19,0.011149520054459572,0.9642933011054993,0.024557247757911682,-0.9531437810510397,1
2018-09-27,0.1392386555671692,0.04616491124033928,0.8145964741706848,0.09307374432682991,1
2018-10-28,0.02986983023583889,0.20955903828144073,0.7605711221694946,-0.17968920804560184,1
2018-10-29,0.7342910766601562,0.24425777792930603,0.021451160311698914,0.4900332987308502,1
2018-10-31,0.08232469856739044,0.6104351878166199,0.3072400987148285,-0.5281104892492294,1
2018-11-02,0.026385964825749397,0.9068701863288879,0.06674391031265259,-0.8804842215031385,1
2018-11-07,0.07558945566415787,0.014398853294551373,0.9100115895271301,0.061190602369606495,1
2018-11-21,0.07873707264661789,0.8618492484092712,0.05941372737288475,-0.7831121757626534,1
2018-11-30,0.7798671126365662,0.10409212112426758,0.1160406693816185,0.6757749915122986,1
2018-12-03,0.8168933391571045,0.009842258878052235,0.1732644885778427,0.8070510802790523,1
2018-12-12,0.8757772445678711,0.08023327589035034,0.043989457190036774,0.7955439686775208,1
2018-12-13,0.6859496235847473,0.14036813378334045,0.17368222773075104,0.5455814898014069,1
2018-12-21,0.06036759167909622,0.20809799432754517,0.7315343618392944,-0.14773040264844894,1
2018-12-28,0.10416927188634872,0.3972204327583313,0.49861031770706177,-0.2930511608719826,1
2018-12-31,0.1861393116414547,0.785181075334549,0.02867962885648012,-0.5990417636930943,2
2019-01-04,0.009104032069444656,0.8945164680480957,0.09637955576181412,-0.885412435978651,1
2019-01-10,0.0253994632512331,0.10142122954130173,0.8731792569160461,-0.07602176629006863,1
2019-01-11,0.01934494450688362,0.8917615413665771,0.08889348804950714,-0.8724165968596935,1
2019-01-14,0.0334094874560833,0.0350160077214241,0.9315745234489441,-0.001606520265340805,1
2019-01-24,0.18804578483104706,0.146292582154274,0.665661633014679,0.04175320267677307,1
2019-01-28,0.009734380058944225,0.9737485647201538,0.016517069190740585,-0.9640141846612096,1
2019-02-04,0.726192831993103,0.1100776344537735,0.16372959315776825,0.6161151975393295,1
2019-02-13,0.012211434543132782,0.928994357585907,0.05879418924450874,-0.9167829230427742,1
2019-02-20,0.04221760109066963,0.1373988538980484,0.820383608341217,-0.09518125280737877,1
2019-02-23,0.1981281340122223,0.35674309730529785,0.44512879848480225,-0.15861496329307556,1
2019-02-24,0.0514022596180439,0.021420326083898544,0.9271774291992188,0.029981933534145355,1
2019-02-27,0.2569354772567749,0.1156747117638588,0.6273897886276245,0.1412607654929161,1
2019-02-28,0.8768279552459717,0.07849112898111343,0.04468091204762459,0.7983368262648582,1
2019-03-04,0.03163641318678856,0.2329590767621994,0.7354045510292053,-0.20132266357541084,1
2019-03-08,0.0235048308968544,0.9398111701011658,0.036684006452560425,-0.9163063392043114,1
2019-03-21,0.022766169160604477,0.6101017594337463,0.3671320676803589,-0.5873355902731419,1
2019-03-25,0.04547181958332658,0.7389051914215088,0.21562300622463226,-0.6934333718381822,2
2019-03-27,0.023488732054829597,0.7512558698654175,0.22525539994239807,-0.7277671378105879,1
2019-03-30,0.015217093750834465,0.9532573223114014,0.03152557834982872,-0.9380402285605669,1
2019-04-09,0.03065617009997368,0.06526589393615723,0.9040780067443848,-0.03460972383618355,1
2019-04-14,0.009769042953848839,0.9621570110321045,0.02807394601404667,-0.9523879680782557,1
2019-04-29,0.028907103464007378,0.22574126720428467,0.7453516125679016,-0.1968341637402773,1
2019-05-03,0.25683796405792236,0.7083033323287964,0.03485872596502304,-0.451465368270874,1
2019-05-06,0.012552295811474323,0.9697771072387695,0.017670530825853348,-0.9572248114272952,1
2019-05-07,0.03030947409570217,0.5459309816360474,0.4237596392631531,-0.5156215075403452,1
2019-05-08,0.23668493330478668,0.0472511425614357,0.716063916683197,0.18943379074335098,1
2019-05-13,0.31256050430238247,0.6540680006146431,0.03337149694561958,-0.3415074963122606,3
2019-05-15,0.16869792342185974,0.010341399349272251,0.8209606409072876,0.1583565240725875,1
2019-05-17,0.10676183830946684,0.06060051545500755,0.8326376080513,0.046161322854459286,2
2019-05-21,0.02685433253645897,0.9554579257965088,0.017687784507870674,-0.9286035932600498,1
2019-05-22,0.09581632167100906,0.3669057786464691,0.53727787733078,-0.27108945697546005,1
2019-05-23,0.10662669036537409,0.4978138729929924,0.3955594887956977,-0.3911871826276183,2
2019-06-06,0.25507983565330505,0.03128727152943611,0.7136328220367432,0.22379256412386894,1
2019-06-10,0.029539624229073524,0.367712140083313,0.6027482748031616,-0.33817251585423946,1
2019-06-14,0.43964919447898865,0.4733150005340576,0.08703581243753433,-0.03366580605506897,1
2019-07-08,0.7562524676322937,0.21452699601650238,0.02922050841152668,0.5417254716157913,1
2019-07-10,0.009074651636183262,0.9589579105377197,0.03196747973561287,-0.9498832589015365,1
2019-07-11,0.7879188060760498,0.010724936611950397,0.20135635137557983,0.7771938694640994,1
2019-07-17,0.045253108255565166,0.6355772316455841,0.31916969269514084,-0.5903241233900189,2
2019-07-25,0.008608168922364712,0.9691253900527954,0.02226646989583969,-0.9605172211304307,1
2019-07-26,0.0432174950838089,0.4847116470336914,0.47207096219062805,-0.4414941519498825,1
2019-07-28,0.007412486243993044,0.9748613834381104,0.017726102843880653,-0.9674488971941173,1
2019-08-10,0.007543372455984354,0.9748080968856812,0.017648465931415558,-0.9672647244296968,1
2019-08-15,0.032293614000082016,0.46871209144592285,0.4989943504333496,-0.43641847744584084,1
2019-08-23,0.298137903213501,0.007605449296534061,0.694256603717804,0.2905324539169669,1
2019-08-26,0.906294047832489,0.030642610043287277,0.06306334584951401,0.8756514377892017,1
2019-09-13,0.013019339181482792,0.9367016553878784,0.05027898773550987,-0.9236823162063956,1
2019-09-20,0.025265391916036606,0.19495734572410583,0.7797772884368896,-0.16969195380806923,1
2019-09-24,0.07490796595811844,0.3807438611984253,0.5443481206893921,-0.30583589524030685,1
2019-09-25,0.032150037586688995,0.1701001673936844,0.7977498173713684,-0.1379501298069954,1
2019-09-28,0.8220238089561462,0.010463334619998932,0.1675129234790802,0.8115604743361473,1
2019-10-01,0.027650047093629837,0.4620213210582733,0.5103285908699036,-0.4343712739646435,1
2019-10-07,0.23484871443361044,0.26861010305583477,0.4965411424636841,-0.03376138862222433,2
2019-10-14,0.2822672724723816,0.13339698314666748,0.5843356847763062,0.1488702893257141,1
2019-11-09,0.011269528418779373,0.9617594480514526,0.026971034705638885,-0.9504899196326733,1
2019-11-11,0.15275007486343384,0.8268784880638123,0.0203714556992054,-0.6741284132003784,1
2019-11-28,0.41189393401145935,0.010639384388923645,0.5774666666984558,0.4012545496225357,1
2019-11-30,0.010579780675470829,0.9672571420669556,0.022163137793540955,-0.9566773613914847,1
2019-12-02,0.04660353064537048,0.02765844576060772,0.9257379770278931,0.018945084884762764,1
2019-12-04,0.02571363002061844,0.8678053021430969,0.10648100823163986,-0.8420916721224785,1
2019-12-07,0.08585803210735321,0.5265557169914246,0.38758620619773865,-0.44069768488407135,1
2019-12-12,0.02759947068989277,0.948932945728302,0.023467643186450005,-0.9213334750384092,1
2019-12-13,0.054303767159581184,0.8944084644317627,0.051287826150655746,-0.8401046972721815,2
2019-12-14,0.025880809873342514,0.9130855202674866,0.06103367730975151,-0.8872047103941441,1
2019-12-27,0.028081610798835754,0.10233280807733536,0.8695856332778931,-0.0742511972784996,1
2020-01-20,0.3394031822681427,0.6264151334762573,0.03418171778321266,-0.2870119512081146,1
2020-01-29,0.014333018101751804,0.9282655715942383,0.0574013888835907,-0.9139325534924865,1
2020-02-06,0.7947027683258057,0.11865175515413284,0.08664551377296448,0.6760510131716728,1
2020-03-02,0.012953920289874077,0.9114681482315063,0.07557788491249084,-0.8985142279416323,1
2020-03-04,0.5692095756530762,0.04305481165647507,0.38773566484451294,0.5261547639966011,1
2020-03-11,0.015567898750305176,0.9283720254898071,0.0560600683093071,-0.912804126739502,1
2020-03-19,0.016150392591953278,0.9217851161956787,0.0620645172894001,-0.9056347236037254,1
2020-03-24,0.009251431562006474,0.9464412927627563,0.044307321310043335,-0.9371898612007499,1
2020-03-26,0.39173516631126404,0.2558709979057312,0.35239386558532715,0.13586416840553284,1
2020-03-27,0.012925158254802227,0.8978514075279236,0.08922344446182251,-0.8849262492731214,1
2020-03-30,0.012264047749340534,0.9376352429389954,0.05010073259472847,-0.9253711951896548,1
2020-04-03,0.02813176717609167,0.5147644132375717,0.45710378885269165,-0.48663264606148005,2
2020-04-07,0.06762255914509296,0.4671656843274832,0.4652117509394884,-0.3995431251823902,2
2020-04-10,0.00943212490528822,0.9585919976234436,0.03197591379284859,-0.9491598727181554,1
2020-04-15,0.013367675244808197,0.9547932147979736,0.03183906152844429,-0.9414255395531654,1
2020-04-24,0.015954600647091866,0.9336402416229248,0.05040518939495087,-0.9176856409758329,1
2020-04-26,0.010399513877928257,0.9589471817016602,0.030653351917862892,-0.9485476678237319,1
2020-04-27,0.04383927583694458,0.4279780983924866,0.5281826853752136,-0.384138822555542,1
2020-04-29,0.01000619400292635,0.969760537147522,0.020233314484357834,-0.9597543431445956,1
2020-05-04,0.026881679892539978,0.44333186745643616,0.5297864675521851,-0.4164501875638962,1
2020-05-07,0.032360054552555084,0.8782066702842712,0.08943332731723785,-0.8458466157317162,1
2020-05-12,0.02558227628469467,0.6922030448913574,0.2822146713733673,-0.6666207686066628,1
2020-05-20,0.15972283482551575,0.009964567609131336,0.8303125500679016,0.1497582672163844,1
2020-06-09,0.0688609778881073,0.16317571699619293,0.7679632902145386,-0.09431473910808563,1
2020-06-12,0.7006832957267761,0.01969061978161335,0.2796260416507721,0.6809926759451628,1
2020-07-02,0.019436752423644066,0.6162308156490326,0.3643324291333556,-0.5967940632253885,2
2020-07-13,0.06127570942044258,0.39486777782440186,0.5438565015792847,-0.3335920684039593,1
2020-07-22,0.028096871450543404,0.023749370127916336,0.9481537342071533,0.0043475013226270676,1
2020-07-29,0.11536487191915512,0.0502401702105999,0.8343949317932129,0.06512470170855522,1
2020-08-02,0.027739133685827255,0.3873519003391266,0.5849089622497559,-0.35961276665329933,1
2020-08-03,0.21889987587928772,0.009303055703639984,0.7717971205711365,0.20959682017564774,1
2020-08-08,0.2667299807071686,0.009843330830335617,0.7234266400337219,0.25688664987683296,1
2020-08-13,0.09283915162086487,0.015139125287532806,0.8920217156410217,0.07770002633333206,1
2020-08-15,0.031218798831105232,0.438238263130188,0.5305429100990295,-0.40701946429908276,1
2020-08-17,0.1308819204568863,0.8059313297271729,0.06318674236536026,-0.6750494092702866,1
2020-08-26,0.49548473954200745,0.011990339495241642,0.49252498149871826,0.4834944000467658,1
2020-08-30,0.06287319213151932,0.016401221975684166,0.9207256436347961,0.04647197015583515,1
2020-09-03,0.07213010638952255,0.46908995509147644,0.4587799608707428,-0.3969598487019539,1
2020-09-04,0.03882896527647972,0.03498220443725586,0.9261888265609741,0.0038467608392238617,1
2020-09-09,0.00820531602948904,0.9734436869621277,0.018351051956415176,-0.9652383709326386,1
2020-09-11,0.03026869473978877,0.4926338866353035,0.4770973864942789,-0.4623651918955147,2
2020-09-14,0.09046825766563416,0.016853468492627144,0.8926783204078674,0.07361478917300701,1
2020-09-15,0.40838760137557983,0.019116396084427834,0.5724959969520569,0.389271205291152,1
2020-09-18,0.460820727981627,0.44833468087017536,0.09084465354681015,0.012486047111451626,2
2020-09-23,0.7710220813751221,0.10898181796073914,0.11999610811471939,0.6620402634143829,1
2020-09-24,0.0129041513428092,0.9308034181594849,0.056292399764060974,-0.9178992668166757,1
2020-09-29,0.08908801525831223,0.01652141474187374,0.8943905830383301,0.07256660051643848,1
2020-10-06,0.40185078931972384,0.4876715538557619,0.11047760490328074,-0.08582076453603804,2
2020-10-07,0.09603241086006165,0.03730745613574982,0.8666601181030273,0.05872495472431183,1
2020-10-08,0.029132263734936714,0.5287859439849854,0.4420817792415619,-0.49965368025004864,1
2020-10-09,0.03765762597322464,0.8334854245185852,0.12885700166225433,-0.7958277985453606,1
2020-10-13,0.010188116692006588,0.9665353894233704,0.023276513442397118,-0.9563472727313638,1
2020-10-16,0.012839093804359436,0.9261253476142883,0.06103559955954552,-0.9132862538099289,2
2020-10-20,0.06354359537363052,0.35423532128334045,0.5822210907936096,-0.29069172590970993,1
2020-10-22,0.43463101983070374,0.00825172383338213,0.557117223739624,0.4263792959973216,1
2020-10-23,0.04295947775244713,0.8475176692008972,0.10952287167310715,-0.8045581914484501,1
2020-10-26,0.021497489884495735,0.14388728141784668,0.8346152901649475,-0.12238979153335094,1
2020-10-28,0.03204640746116638,0.2727403938770294,0.6952131986618042,-0.24069398641586304,1
2020-11-02,0.039595192298293114,0.4932121569290757,0.46719265542924404,-0.4536169646307826,2
2020-11-03,0.01158800907433033,0.9302014708518982,0.05821050703525543,-0.9186134617775679,1
2020-11-04,0.02013404667377472,0.9638538360595703,0.016012120991945267,-0.9437197893857956,1
2020-11-07,0.020966972690075636,0.7839329242706299,0.19510013610124588,-0.7629659515805542,2
2020-11-09,0.8108628392219543,0.15963098406791687,0.02950620837509632,0.6512318551540375,1
2020-11-12,0.8107090592384338,0.11684136092662811,0.07244953513145447,0.6938676983118057,1
2020-11-24,0.033610258251428604,0.4588771164417267,0.5075125694274902,-0.4252668581902981,1
2020-11-29,0.03226526081562042,0.12056295573711395,0.8471717834472656,-0.08829769492149353,1
2020-12-03,0.0117630735039711,0.9619277119636536,0.026309192180633545,-0.9501646384596825,1
2020-12-07,0.01521272212266922,0.9435314536094666,0.04125582426786423,-0.9283187314867973,1
2020-12-08,0.08048972487449646,0.44133205991238356,0.4781782329082489,-0.3608423350378871,2
2020-12-10,0.020798148587346077,0.7683655619621277,0.2108362764120102,-0.7475674133747816,1
2020-12-22,0.013934968039393425,0.8965263366699219,0.08953865617513657,-0.8825913686305285,1
2021-01-07,0.1368328481912613,0.841665506362915,0.021501706913113594,-0.7048326581716537,1
2021-01-11,0.0769411250948906,0.7984412908554077,0.1246175691485405,-0.7215001657605171,1
2021-01-14,0.8076316714286804,0.008694380521774292,0.18367387354373932,0.7989372909069061,1
2021-01-22,0.04015490412712097,0.21126878261566162,0.7485763430595398,-0.17111387848854065,1
2021-02-05,0.024036288261413574,0.16111809015274048,0.8148455619812012,-0.1370818018913269,1
2021-02-12,0.055679429322481155,0.8746243715286255,0.06969626247882843,-0.8189449422061443,1
2021-02-23,0.02832094021141529,0.5460964441299438,0.4255826771259308,-0.5177755039185286,1
2021-02-28,0.05280435457825661,0.013568388298153877,0.9336273074150085,0.03923596628010273,1
2021-03-08,0.05272310599684715,0.03598351310938597,0.9112933576107025,0.016739592887461185,2
2021-03-16,0.026517588645219803,0.15315529704093933,0.8203271627426147,-0.12663770839571953,1
2021-03-20,0.010045841336250305,0.9504510760307312,0.039503056555986404,-0.9404052346944809,1
2021-03-21,0.8242387175559998,0.05112650617957115,0.12463479489088058,0.7731122113764286,1
2021-03-24,0.20654577016830444,0.2560194730758667,0.5374347567558289,-0.049473702907562256,1
2021-03-25,0.011547074653208256,0.9401543736457825,0.04829854145646095,-0.9286072989925742,1
2021-04-09,0.10131674259901047,0.780746579170227,0.11793666332960129,-0.6794298365712166,1
2021-04-11,0.021685393527150154,0.9498716592788696,0.028442982584238052,-0.9281862657517195,1
2021-04-15,0.05174107477068901,0.4480905085802078,0.5001684427261353,-0.3963494338095188,2
2021-04-26,0.8965632617473602,0.05305919237434864,0.05037751980125904,0.8435040693730116,2
2021-04-27,0.9321428537368774,0.034167591482400894,0.033689603209495544,0.8979752622544765,1
2021-04-29,0.22514161467552185,0.7438986301422119,0.030959712341427803,-0.5187570154666901,1
2021-05-06,0.9271336793899536,0.05132124945521355,0.0215451680123806,0.8758124299347401,1
2021-05-07,0.01101775374263525,0.9550760984420776,0.03390619903802872,-0.9440583446994424,1
2021-05-14,0.41328412014991045,0.4860133230686188,0.1007025483995676,-0.07272920291870832,2
2021-05-16,0.04768804460763931,0.7693080902099609,0.18300382792949677,-0.7216200456023216,1
2021-05-18,0.0168585991486907,0.544307854026556,0.4388334844261408,-0.5274492548778653,2
2021-05-20,0.015519083477556705,0.9166249632835388,0.06785597652196884,-0.9011058798059821,1
2021-05-24,0.026636606082320213,0.1670529842376709,0.8063104748725891,-0.14041637815535069,1
2021-05-25,0.25144274602644145,0.49209705367684364,0.25646020751446486,-0.2406543076504022,2
2021-06-02,0.017794331535696983,0.9588487148284912,0.023356977850198746,-0.9410543832927942,1
2021-06-20,0.051864393055438995,0.018386779353022575,0.9297487735748291,0.03347761370241642,1
2021-06-21,0.14506399631500244,0.0656503215432167,0.7892856597900391,0.07941367477178574,1
2021-06-29,0.03835677728056908,0.017653558403253555,0.9439897537231445,0.02070321887731552,1
2021-07-02,0.06166210025548935,0.01741071790456772,0.9209272265434265,0.04425138235092163,1
2021-07-05,0.07585637271404266,0.8956427574157715,0.028500856831669807,-0.8197863847017288,1
2021-07-13,0.011366672813892365,0.9253562688827515,0.06327703595161438,-0.9139895960688591,1
2021-07-15,0.010874208994209766,0.9568228125572205,0.03230295702815056,-0.9459486035630107,1
2021-07-17,0.04340140521526337,0.02592906728386879,0.9306696057319641,0.017472337931394577,1
2021-07-21,0.014802875928580761,0.9202840328216553,0.06491310894489288,-0.9054811568930745,1
2021-07-22,0.07497116178274155,0.027506830170750618,0.8975220322608948,0.04746433161199093,1
2021-07-26,0.011020215228199959,0.9633752107620239,0.025604574009776115,-0.952354995533824,1
2021-08-03,0.06565766129642725,0.3005457744002342,0.6337965428829193,-0.23488811310380697,2
2021-08-04,0.03563078120350838,0.9418492913246155,0.022519906982779503,-0.9062185101211071,1
2021-08-13,0.14958477020263672,0.010317387990653515,0.8400978446006775,0.1392673822119832,1
2021-08-25,0.21908846497535706,0.008091452531516552,0.7728200554847717,0.2109970124438405,1
2021-08-27,0.01878807693719864,0.9515687823295593,0.029643116518855095,-0.9327807053923607,1
2021-09-02,0.024405777143935364,0.939371128877004,0.03622307380040487,-0.9149653517330686,3
2021-09-03,0.9516867995262146,0.020759297534823418,0.027553876861929893,0.9309275019913912,1
2021-09-09,0.05229702778160572,0.6013103127479553,0.34639260172843933,-0.5490132849663496,2
2021-09-13,0.011167149059474468,0.9650317430496216,0.023801155388355255,-0.9538645939901471,1
2021-09-29,0.012232867069542408,0.9594501852989197,0.02831696905195713,-0.9472173182293773,1
2021-10-06,0.787843644618988,0.017658725380897522,0.19449758529663086,0.7701849192380905,1
2021-10-07,0.040868163108825684,0.9429906606674194,0.01614115573465824,-0.9021224975585938,1
2021-10-14,0.02878902107477188,0.7615408301353455,0.20967017114162445,-0.7327518090605736,1
2021-10-15,0.11800859542563558,0.8549688756465912,0.0270225265994668,-0.7369602802209556,2
2021-10-26,0.046069350093603134,0.048269931226968765,0.9056606888771057,-0.002200581133365631,1
2021-10-27,0.03625927492976189,0.916050910949707,0.0476897656917572,-0.8797916360199451,1
2021-10-30,0.011169926263391972,0.9483121633529663,0.040517933666706085,-0.9371422370895743,1
2021-10-31,0.030805956572294235,0.46083196997642517,0.5083620548248291,-0.43002601340413094,1
2021-11-02,0.06450869143009186,0.017877649515867233,0.917613685131073,0.046631041914224625,1
2021-11-03,0.023357095196843147,0.9100019335746765,0.06664101779460907,-0.8866448383778334,1
2021-11-05,0.010589526034891605,0.9482423663139343,0.041168149560689926,-0.9376528402790427,1
2021-11-09,0.0567614808678627,0.5905241370201111,0.35271432995796204,-0.5337626561522484,1
2021-11-10,0.4370337054133415,0.5387138277292252,0.024252495728433132,-0.10168012231588364,2
2021-11-12,0.07760929688811302,0.3101849928498268,0.612205758690834,-0.2325756959617138,2
2021-11-16,0.04248318448662758,0.19308868050575256,0.7644281387329102,-0.15060549601912498,1
2021-11-21,0.13290272653102875,0.16616325080394745,0.7009339332580566,-0.0332605242729187,1
2021-11-23,0.12413866072893143,0.6332387924194336,0.24262258410453796,-0.5091001316905022,1
2021-11-24,0.8185747265815735,0.12484550476074219,0.05657971650362015,0.6937292218208313,1
2021-12-01,0.03384949639439583,0.3866182565689087,0.579532265663147,-0.35276876017451286,1
2021-12-02,0.28888916969299316,0.02469775080680847,0.686413049697876,0.2641914188861847,1
2021-12-03,0.04457975551486015,0.035209182649850845,0.9202110171318054,0.009370572865009308,1
2021-12-09,0.02107456512749195,0.9609841108322144,0.017941366881132126,-0.9399095457047224,1
2021-12-15,0.020773220108821988,0.6807255260646343,0.2985012549906969,-0.6599523059558123,4
2021-12-16,0.31060314178466797,0.16848888993263245,0.5209079384803772,0.14211425185203552,1
2021-12-20,0.02600914239883423,0.2342066913843155,0.7397841811180115,-0.20819754898548126,1
2021-12-26,0.3930426836013794,0.01352053415030241,0.5934367775917053,0.379522149451077,1
2021-12-28,0.03829418122768402,0.38428840041160583,0.5774174928665161,-0.3459942191839218,1
2021-12-31,0.055293969810009,0.014052852056920528,0.9306531548500061,0.041241117753088474,1
2022-01-04,0.009295319207012653,0.9532995223999023,0.03740517795085907,-0.9440042031928897,1
2022-02-02,0.02392248809337616,0.8271496295928955,0.14892792701721191,-0.8032271414995193,1
2022-02-10,0.01318818423897028,0.9700802564620972,0.0167315062135458,-0.9568920722231269,1
2022-02-14,0.045177624095231295,0.4830310707911849,0.4717913530766964,-0.4378534466959536,2
2022-02-22,0.049369752407073975,0.24650843255221844,0.7041218280792236,-0.19713868014514446,2
2022-02-23,0.0671190693974495,0.8898720741271973,0.043008867651224136,-0.8227530047297478,1
2022-02-24,0.05251948907971382,0.7781078219413757,0.16937260329723358,-0.7255883328616619,1
2022-02-26,0.023384205996990204,0.14052340388298035,0.8360924124717712,-0.11713919788599014,1
2022-03-01,0.47855066508054733,0.4656845163553953,0.05576482322067022,0.012866148725152016,2
2022-03-02,0.5538654588162899,0.2577241889666766,0.18841037806123495,0.2961412698496133,4
2022-03-03,0.11490628775209188,0.8040710389614105,0.08102268073707819,-0.6891647512093186,2
2022-03-04,0.2533498829230666,0.4337111543864012,0.3129389937967062,-0.18036127146333455,5
2022-03-05,0.11966120451688766,0.8270331621170044,0.05330561101436615,-0.7073719576001167,1
2022-03-06,0.03320319205522537,0.8931043744087219,0.07369246333837509,-0.8599011823534966,1
2022-03-07,0.3841243088245392,0.5423235222697258,0.07355217915028334,-0.15819921344518661,2
2022-03-08,0.2788117667660117,0.6305377036333084,0.09065055847167969,-0.3517259368672967,2
2022-03-09,0.11745914816856384,0.8053814768791199,0.07715939357876778,-0.687922328710556,2
2022-03-11,0.011823699343949556,0.9557805061340332,0.03239582572132349,-0.9439568067900836,2
2022-03-13,0.1954156756401062,0.557185485959053,0.24739887937903404,-0.36176981031894684,2
2022-03-14,0.01853308640420437,0.9678407907485962,0.013626111671328545,-0.9493077043443918,1
2022-03-15,0.01735653541982174,0.9311749935150146,0.05146852135658264,-0.9138184580951929,1
2022-03-16,0.0160850640386343,0.9617791771888733,0.02213575504720211,-0.945694113150239,1
2022-03-18,0.025652678217738867,0.5418678224086761,0.43247949704527855,-0.5162151441909373,2
2022-03-21,0.01256700698286295,0.9681758880615234,0.01925710216164589,-0.9556088810786605,1
2022-03-24,0.028976263478398323,0.5847432613372803,0.38628047704696655,-0.555766997858882,1
2022-04-04,0.9309983849525452,0.022757986560463905,0.046243682503700256,0.9082403983920813,1
2022-04-05,0.9288471341133118,0.04023180902004242,0.030921053141355515,0.8886153250932693,1
2022-04-06,0.010918935760855675,0.965222954750061,0.023858152329921722,-0.9543040189892054,1
2022-04-11,0.9323496222496033,0.014619452878832817,0.05303097143769264,0.9177301693707705,1
2022-04-12,0.5997081995010376,0.024264765437692404,0.3760269954800606,0.5754434340633452,2
2022-04-20,0.018031170591711998,0.960024893283844,0.021943973377346992,-0.941993722692132,1
2022-04-21,0.08426226209849119,0.6833102107048035,0.23242753371596336,-0.5990479486063123,2
2022-04-22,0.0762329250574112,0.7990562915802002,0.1247108057141304,-0.722823366522789,1
2022-04-27,0.017935533076524734,0.955091655254364,0.02697288803756237,-0.9371561221778393,1
2022-05-06,0.012193728238344193,0.9521841406822205,0.03562218323349953,-0.9399904124438763,1
2022-05-09,0.010236731730401516,0.9655032753944397,0.02426000125706196,-0.9552665436640382,1
2022-05-11,0.2818770110607147,0.12773281335830688,0.5903902053833008,0.15414419770240784,1
2022-05-13,0.045544019589821495,0.6288187292714914,0.32563729397952557,-0.5832747096816698,3
2022-05-15,0.04218238592147827,0.9169886112213135,0.04082903638482094,-0.8748062252998352,1
2022-05-16,0.29426706628873944,0.6675233282148838,0.03820958361029625,-0.37325626192614436,4
2022-05-17,0.017148389481008053,0.5394824370741844,0.44336915388703346,-0.5223340475931764,2
2022-05-23,0.02674918994307518,0.8649505376815796,0.10830026865005493,-0.8382013477385044,1
2022-05-24,0.014120412990450859,0.9102111458778381,0.07566842436790466,-0.8960907328873873,1
2022-05-27,0.025179961696267128,0.06864525377750397,0.9061748385429382,-0.04346529208123684,1
2022-05-30,0.009019644930958748,0.9601472616195679,0.030833059921860695,-0.9511276166886091,1
2022-06-06,0.011753519997000694,0.9437637329101562,0.04448273405432701,-0.9320102129131556,1
2022-06-12,0.015219725668430328,0.956757664680481,0.028022674843668938,-0.9415379390120506,1
2022-06-13,0.6968660354614258,0.2569706439971924,0.046163298189640045,0.4398953914642334,1
2022-06-16,0.01017968263477087,0.9446609616279602,0.04515941068530083,-0.9344812789931893,1
2022-06-20,0.030874978750944138,0.7598104476928711,0.20931461453437805,-0.728935468941927,1
2022-06-27,0.026326686143875122,0.8181365430355072,0.15553674846887589,-0.7918098568916321,2
2022-07-01,0.07769094407558441,0.21608908474445343,0.7062199711799622,-0.13839814066886902,1
2022-07-05,0.05714079365134239,0.6440225839614868,0.2988366186618805,-0.5868817903101444,1
2022-07-07,0.04228553548455238,0.9151034951210022,0.04261099547147751,-0.8728179596364498,1
2022-07-14,0.6859530210494995,0.008421573787927628,0.30562537908554077,0.6775314472615719,1
2022-07-18,0.40344923734664917,0.5765925049781799,0.019958235323429108,-0.17314326763153076,1
2022-07-19,0.012643932364881039,0.9641663432121277,0.02318967506289482,-0.9515224108472466,1
2022-07-20,0.40918514132499695,0.05064532160758972,0.5401694774627686,0.3585398197174072,1
2022-07-22,0.9264582395553589,0.016391228884458542,0.05715050548315048,0.9100670106709003,1
2022-07-27,0.21583464741706848,0.1748872995376587,0.6092780828475952,0.04094734787940979,1
2022-08-01,0.39498796965926886,0.5611720979213715,0.04383993148803711,-0.1661841282621026,2
2022-08-03,0.18291476368904114,0.30148983001708984,0.5155953764915466,-0.1185750663280487,1
2022-08-05,0.3040305897593498,0.24863930605351925,0.44733014702796936,0.055391283705830574,3
2022-08-11,0.020466191694140434,0.7020266354084015,0.27750714495778084,-0.681560443714261,2
2022-08-16,0.03260629624128342,0.5953737497329712,0.3720199465751648,-0.5627674534916878,1
2022-08-17,0.0901501253247261,0.5048093199729919,0.40504056215286255,-0.41465919464826584,1
2022-08-18,0.03477993607521057,0.7229611873626709,0.24225886352360249,-0.6881812512874603,2
2022-08-26,0.011078469455242157,0.952579140663147,0.036342453211545944,-0.9415006712079048,1
2022-08-28,0.01651909574866295,0.9413912892341614,0.04208961874246597,-0.9248721934854984,1
2022-09-07,0.014305335469543934,0.9692966341972351,0.016397997736930847,-0.9549912987276912,1
2022-09-12,0.02892945520579815,0.737269937992096,0.23380057513713837,-0.7083404827862978,1
2022-09-19,0.025828644633293152,0.3260146751999855,0.6481567025184631,-0.30018603056669235,2
2022-09-21,0.028074515983462334,0.24643294513225555,0.7254924774169922,-0.21835842914879322,1
2022-10-05,0.011833997443318367,0.9576272368431091,0.03053870238363743,-0.9457932393997908,1
2022-10-07,0.013651714660227299,0.9630295038223267,0.023318786174058914,-0.9493777891620994,1
2022-10-10,0.882648766040802,0.09467028081417084,0.02268103137612343,0.7879784852266312,1
2022-10-12,0.018911190330982208,0.9596405625343323,0.021448230370879173,-0.9407293722033501,1
2022-10-15,0.041624587029218674,0.893511176109314,0.06486421078443527,-0.8518865890800953,1
2022-10-22,0.0173959123591582,0.6469592489302158,0.33564481884241104,-0.6295633365710577,3
2022-10-25,0.11284476518630981,0.6123671531677246,0.27478811144828796,-0.4995223879814148,1
2022-10-31,0.6116273030638695,0.23451969027519226,0.1538530079027017,0.3771076127886772,3
2022-11-02,0.3312398111447692,0.5026813764125109,0.1660788245499134,-0.17144156526774168,2
2022-11-09,0.23195235431194305,0.28330183029174805,0.4847457706928253,-0.05134947597980499,1
2022-11-12,0.031117254868149757,0.11396891623735428,0.8549137711524963,-0.08285166136920452,1
2022-11-14,0.6843037009239197,0.2939607501029968,0.02173556201159954,0.39034295082092285,1
2022-11-17,0.025736631359905005,0.6176977008581161,0.3565656589344144,-0.5919610694982111,2
2022-11-21,0.7648860216140747,0.19467055797576904,0.04044342786073685,0.5702154636383057,1
2022-11-24,0.023677604272961617,0.5556991100311279,0.4206233322620392,-0.5320215057581663,1
2022-11-25,0.02049214392900467,0.9554149508476257,0.024092897772789,-0.9349228069186211,1
2022-11-28,0.1173330768942833,0.02587738074362278,0.8567895293235779,0.09145569615066051,1
2022-11-29,0.06756410747766495,0.9166080355644226,0.015827864408493042,-0.8490439280867577,1
2022-12-01,0.026743050664663315,0.932356595993042,0.04090036451816559,-0.9056135453283787,1
2022-12-07,0.11573629081249237,0.3577767014503479,0.5264869928359985,-0.24204041063785553,1
2022-12-14,0.8863090872764587,0.07042041420936584,0.043270502239465714,0.8158886730670929,1
2022-12-21,0.16262082755565643,0.741750180721283,0.09562899172306061,-0.5791293531656265,1
2023-01-05,0.058704789727926254,0.542763352394104,0.39853185415267944,-0.48405856266617775,1
2023-01-06,0.08248847723007202,0.557703971862793,0.359807550907135,-0.47521549463272095,1
2023-01-10,0.015576356090605259,0.824455738067627,0.15996791422367096,-0.8088793819770217,1
2023-01-13,0.0485911974683404,0.4687644187361002,0.4826444126665592,-0.4201732212677598,2
2023-01-16,0.05174528434872627,0.924443781375885,0.023810995742678642,-0.8726984970271587,1
2023-01-25,0.19448323547840118,0.7440976500511169,0.06141912564635277,-0.5496144145727158,1
2023-01-27,0.042203936725854874,0.9327350854873657,0.025060946121811867,-0.8905311487615108,1
2023-02-02,0.32406824827194214,0.6160086393356323,0.05992311239242554,-0.2919403910636902,1
2023-02-22,0.02521367557346821,0.10834750533103943,0.8664388656616211,-0.08313382975757122,1
2023-03-01,0.09469028562307358,0.6804916262626648,0.22481809556484222,-0.5858013406395912,1
2023-03-02,0.01904463581740856,0.950095534324646,0.030859900638461113,-0.9310508985072374,1
2023-03-04,0.016638072207570076,0.9503777623176575,0.03298412635922432,-0.9337396901100874,1
2023-03-07,0.013271419797092676,0.9617024064064026,0.025026208721101284,-0.9484309866093099,2
2023-03-13,0.009380047209560871,0.965761125087738,0.024858782067894936,-0.9563810778781772,1
2023-03-18,0.04994656518101692,0.19165198504924774,0.7584014534950256,-0.14170541986823082,1
2023-03-30,0.8695691227912903,0.040937136858701706,0.08949373662471771,0.8286319859325886,1
2023-03-31,0.32684326171875,0.070233054459095,0.6029236316680908,0.256610207259655,1
2023-04-15,0.04281910881400108,0.9332501888275146,0.02393067628145218,-0.8904310800135136,1
2023-04-19,0.22382476925849915,0.6189630627632141,0.15721216797828674,-0.39513829350471497,1
2023-04-20,0.00793574471026659,0.9753828048706055,0.016681525856256485,-0.9674470601603389,1
2023-04-24,0.050598710775375366,0.1063358411192894,0.8430654406547546,-0.05573713034391403,1
2023-04-26,0.01374735776335001,0.9507938623428345,0.035458825528621674,-0.9370465045794845,1
2023-05-09,0.009548491798341274,0.94208824634552,0.04836332052946091,-0.9325397545471787,1
2023-05-10,0.4951705038547516,0.47392791509628296,0.0309015940874815,0.021242588758468628,1
2023-05-11,0.18856466934084892,0.27818170050159097,0.5332536399364471,-0.08961703116074204,2
2023-05-12,0.18869949877262115,0.7513102889060974,0.05999023839831352,-0.5626107901334763,1
2023-05-16,0.0266939215362072,0.5156427025794983,0.4576634168624878,-0.4889487810432911,1
2023-05-21,0.012936116196215153,0.9418794512748718,0.045184437185525894,-0.9289433350786567,1
2023-05-22,0.050544057972729206,0.932584673166275,0.016871291678398848,-0.8820406151935458,2
2023-06-01,0.009991460479795933,0.9528160691261292,0.03719247505068779,-0.9428246086463332,1
2023-06-07,0.9477854371070862,0.024343231692910194,0.027871331200003624,0.923442205414176,1
2023-06-12,0.08889441937208176,0.8720190525054932,0.039086513221263885,-0.7831246331334114,1
2023-06-22,0.48526886105537415,0.21197588741779327,0.3027552664279938,0.27329297363758087,1
2023-06-29,0.22955700010061264,0.3050565533339977,0.465386463329196,-0.07549955323338509,2
2023-07-05,0.012260427698493004,0.9701692461967468,0.017570393159985542,-0.9579088184982538,1
2023-07-06,0.10907374322414398,0.7227978110313416,0.16812846064567566,-0.6137240678071976,1
2023-07-07,0.006253160070627928,0.974664032459259,0.019082795828580856,-0.9684108723886311,1
2023-07-14,0.013845409266650677,0.9671998023986816,0.018954820930957794,-0.953354393132031,1
2023-07-17,0.6741805275281271,0.0690864808857441,0.2567329704761505,0.605094046642383,3
2023-07-18,0.048024341464042664,0.8304694294929504,0.12150619924068451,-0.7824450880289078,1
2023-07-19,0.5186816975474358,0.22620408982038498,0.2551142368465662,0.2924776077270508,2
2023-07-20,0.40968164304892224,0.33509216581781703,0.255226194858551,0.07458947723110516,3
2023-07-28,0.05498623475432396,0.8710911870002747,0.0739225521683693,-0.8161049522459507,1
2023-08-02,0.06206843815743923,0.4488477911800146,0.48908373713493347,-0.3867793530225754,2
2023-08-05,0.027287859469652176,0.8966144919395447,0.07609758526086807,-0.8693266324698925,1
2023-08-09,0.029699948616325855,0.9234413802623749,0.046858664602041245,-0.893741431646049,2
2023-08-10,0.15899024903774261,0.7935188412666321,0.047490909695625305,-0.6345285922288895,1
2023-08-13,0.016092542558908463,0.9199476838111877,0.0639597475528717,-0.9038551412522793,1
2023-08-14,0.037292614579200745,0.04294602572917938,0.9197613596916199,-0.005653411149978638,1
2023-08-15,0.9336981177330017,0.048837218433618546,0.017464732751250267,0.8848608992993832,1
2023-08-16,0.016745445784181356,0.9408741891384125,0.04238035902380943,-0.9241287433542311,2
2023-08-19,0.0426914282143116,0.8725935816764832,0.08471500873565674,-0.8299021534621716,1
2023-08-21,0.12896054983139038,0.7302906513214111,0.1407487392425537,-0.6013301014900208,1
2023-08-23,0.08691109344363213,0.8489124178886414,0.06417648307979107,-0.7620013244450092,2
2023-08-25,0.029124421067535877,0.9177372455596924,0.05313835106790066,-0.8886128244921565,2
2023-08-29,0.036424387246370316,0.558495283126831,0.40508028864860535,-0.5220708958804607,1
2023-09-04,0.031932007521390915,0.7736445069313049,0.19442346692085266,-0.741712499409914,1
2023-09-05,0.9149038791656494,0.02544022724032402,0.05965600535273552,0.8894636519253254,1
2023-09-07,0.11311884224414825,0.0725533664226532,0.8143277764320374,0.040565475821495056,1
2023-09-08,0.00950798112899065,0.9748172163963318,0.015674859285354614,-0.9653092352673411,1
2023-09-13,0.01459487620741129,0.974055290222168,0.011349890381097794,-0.9594604140147567,1
2023-09-14,0.14467108249664307,0.26009172201156616,0.5952372550964355,-0.1154206395149231,1
2023-09-15,0.9154155552387238,0.04335620626807213,0.041228191927075386,0.8720593489706516,2
2023-09-20,0.016410116106271744,0.9300976991653442,0.053492143750190735,-0.9136875830590725,1
2023-09-21,0.012982940301299095,0.9771825671195984,0.009834525175392628,-0.9641996268182993,1
2023-09-22,0.27458374947309494,0.5252719447016716,0.20014434214681387,-0.25068819522857666,2
2023-09-23,0.01809311844408512,0.9388108253479004,0.043096017092466354,-0.9207177069038153,1
2023-09-25,0.38672070810571313,0.5149729736149311,0.09830629825592041,-0.12825226550921798,2
2023-09-26,0.02438058704137802,0.1470458209514618,0.8285735845565796,-0.12266523391008377,1
2023-09-29,0.018353083170950413,0.7990027666091919,0.1826441790908575,-0.7806496834382415,2
2023-10-01,0.04157799482345581,0.5069636106491089,0.4514583945274353,-0.4653856158256531,1
2023-10-03,0.031331948935985565,0.4757578670978546,0.49291014671325684,-0.44442591816186905,1
2023-10-05,0.02427537553012371,0.5047006607055664,0.4710240066051483,-0.4804252851754427,1
2023-10-06,0.05786057747900486,0.9314225614070892,0.010716869961470366,-0.8735619839280844,2
2023-10-10,0.49045131262391806,0.19898445345461369,0.3105642106384039,0.29146685916930437,2
2023-10-11,0.3749575726687908,0.4932427480816841,0.13179966062307358,-0.1182851754128933,2
2023-10-12,0.2225441156576077,0.7291292945543925,0.04832659475505352,-0.5065851788967848,3
2023-10-16,0.9011035561561584,0.02025517448782921,0.07864129543304443,0.8808483816683292,1
2023-10-19,0.09854941815137863,0.016486478969454765,0.8849640488624573,0.08206293918192387,1
2023-10-20,0.18616162240505219,0.027359459549188614,0.7864788770675659,0.15880216285586357,1
2023-10-21,0.5968306064605713,0.03971663489937782,0.3634527623653412,0.5571139715611935,1
2023-10-23,0.4718425706960261,0.5103186964988708,0.017838748171925545,-0.03847612580284476,2
2023-10-25,0.03303181752562523,0.4256135821342468,0.5413545370101929,-0.3925817646086216,1
2023-10-29,0.06646276265382767,0.07575973868370056,0.8577775359153748,-0.009296976029872894,1
2023-10-30,0.02016187645494938,0.9689177870750427,0.010920344851911068,-0.9487559106200933,1
2023-10-31,0.9041998982429504,0.05324545130133629,0.042554643005132675,0.8509544469416142,1
2023-11-01,0.022853096947073936,0.8344369530677795,0.14270997047424316,-0.8115838561207056,1
2023-11-02,0.08565433323383331,0.026505514979362488,0.8878400921821594,0.059148818254470825,1
2023-11-03,0.12097112089395523,0.7013067007064819,0.17772215604782104,-0.5803355798125267,1
2023-11-06,0.014604956842958927,0.9683941602706909,0.017000816762447357,-0.953789203427732,1
2023-11-11,0.12398591637611389,0.00970424059778452,0.8663098216056824,0.11428167577832937,1
2023-11-14,0.23913205415010452,0.26684674993157387,0.4940211921930313,-0.027714695781469345,2
2023-11-16,0.636498042071859,0.3353636786341667,0.028138315305113792,0.30113436343769234,3
2023-11-17,0.07418352365493774,0.8984664082527161,0.027350062504410744,-0.8242828845977783,1
2023-11-18,0.051288869231939316,0.9214975833892822,0.02721351571381092,-0.8702087141573429,1
2023-11-20,0.12761660292744637,0.4153537228703499,0.45702968537807465,-0.2877371199429035,2
2023-11-21,0.8701865077018738,0.013392625376582146,0.1164209172129631,0.8567938823252916,2
2023-11-22,0.011417795903980732,0.9092172384262085,0.07936501502990723,-0.8977994425222278,1
2023-11-24,0.06892514228820801,0.011735004372894764,0.9193398952484131,0.057190137915313244,1
2023-12-07,0.32799146696925163,0.2165662758052349,0.45544227957725525,0.11142519116401672,2
2023-12-10,0.29797086119651794,0.009100524708628654,0.6929286122322083,0.2888703364878893,1
2023-12-12,0.4375415714457631,0.26730954833328724,0.2951488830149174,0.17023202311247587,2
2023-12-26,0.02440287545323372,0.9311254620552063,0.0444716140627861,-0.9067225866019726,1
2023-12-27,0.07248483598232269,0.8695144057273865,0.05800074711441994,-0.7970295697450638,1
2023-12-29,0.8330657184123993,0.14284415915608406,0.024090145714581013,0.6902215592563152,2
2024-01-04,0.028499525040388107,0.20660842955112457,0.764892041683197,-0.17810890451073647,1
2024-01-05,0.8004893660545349,0.013132275082170963,0.18637840449810028,0.787357090972364,1
2024-01-16,0.5263440608978271,0.36380207538604736,0.10985392332077026,0.16254198551177979,1
2024-01-17,0.44998037815093994,0.4864354133605957,0.06358411908149719,-0.03645503520965576,1
2024-01-21,0.26005032658576965,0.5458419322967529,0.19410768151283264,-0.2857916057109833,1
2024-01-23,0.7811540365219116,0.015466466546058655,0.20337949693202972,0.765687569975853,1
2024-01-24,0.6681438684463501,0.010896549560129642,0.32095956802368164,0.6572473188862205,1
2024-01-28,0.009905523620545864,0.9605510830879211,0.029543381184339523,-0.9506455594673753,1
2024-02-07,0.057022854685783386,0.9292899370193481,0.01368720456957817,-0.8722670823335648,1
2024-02-09,0.1788289099931717,0.7223054766654968,0.09886562079191208,-0.5434765666723251,1
2024-02-12,0.029921984300017357,0.7920351028442383,0.1780429370701313,-0.7621131185442209,2
2024-02-14,0.014692132361233234,0.856029212474823,0.12927863001823425,-0.8413370801135898,1
2024-02-16,0.010114481672644615,0.9529727101325989,0.03691282868385315,-0.9428582284599543,1
2024-02-21,0.010830610990524292,0.9714595675468445,0.017709782347083092,-0.9606289565563202,1
2024-02-26,0.04313981533050537,0.49859288334846497,0.45826730132102966,-0.4554530680179596,1
2024-02-27,0.03974233195185661,0.8224356174468994,0.13782207667827606,-0.7826932854950428,1
2024-02-29,0.06764165312051773,0.19516897201538086,0.7371894121170044,-0.12752731889486313,1
2024-03-04,0.34151172637939453,0.581135630607605,0.07735265791416168,-0.23962390422821045,1
2024-03-09,0.03102307952940464,0.4341277480125427,0.5348491668701172,-0.4031046684831381,1
2024-03-12,0.5010529607534409,0.29619654174894094,0.20275049470365047,0.2048564190044999,2
2024-03-14,0.02156208478845656,0.6244160979986191,0.35402178578078747,-0.6028540132101625,2
2024-03-18,0.0723977405577898,0.5508074834942818,0.37679476477205753,-0.47840974293649197,2
2024-03-19,0.14121830463409424,0.014576339162886143,0.8442053198814392,0.1266419654712081,1
2024-03-24,0.02639611065387726,0.9233700037002563,0.05023381859064102,-0.8969738930463791,1
2024-03-26,0.014140819199383259,0.9624916911125183,0.02336747944355011,-0.948350871913135,1
2024-04-04,0.02535201795399189,0.9603357911109924,0.014312168583273888,-0.9349837731570005,1
2024-04-05,0.09171242266893387,0.7068606615066528,0.20142686367034912,-0.615148238837719,1
2024-04-13,0.030828729271888733,0.7767671942710876,0.19240409135818481,-0.7459384649991989,1
2024-04-17,0.020880138501524925,0.9608636498451233,0.018256201408803463,-0.9399835113435984,2
2024-04-22,0.028171468526124954,0.9534462690353394,0.018382268026471138,-0.9252748005092144,1
2024-04-26,0.04466419667005539,0.8231289386749268,0.13220684230327606,-0.7784647420048714,1
2024-05-07,0.49010902643203735,0.1950746476650238,0.31481630355119705,0.29503437876701355,2
2024-05-08,0.7859241962432861,0.009199067950248718,0.20487676560878754,0.7767251282930374,1
2024-05-09,0.013788686133921146,0.9613802134990692,0.02483111433684826,-0.9475915273651481,2
2024-05-11,0.03770459070801735,0.0854671522974968,0.8768283724784851,-0.047762561589479446,1
2024-05-13,0.03618836775422096,0.11820997297763824,0.8456016182899475,-0.08202160522341728,1
2024-05-20,0.9350659251213074,0.029978010803461075,0.03495613485574722,0.9050879143178463,1
2024-05-22,0.586416894197464,0.14120549187064171,0.27237760201096534,0.44521140232682227,5
2024-05-28,0.9334475994110107,0.04681822285056114,0.019734187051653862,0.8866293765604496,1
2024-05-29,0.043794550001621246,0.15908287465572357,0.7971225380897522,-0.11528832465410233,1
2024-05-31,0.47804167307913303,0.4949700776487589,0.026988252066075802,-0.016928404569625854,2
2024-06-06,0.0378003790974617,0.9349471926689148,0.027252402156591415,-0.8971468135714531,1
2024-06-11,0.029047539457678795,0.8954312801361084,0.07552114874124527,-0.8663837406784296,1
2024-06-18,0.031510982662439346,0.5268238186836243,0.4416652023792267,-0.4953128360211849,1
2024-06-20,0.00821404904127121,0.9582391977310181,0.03354679420590401,-0.9500251486897469,1
2024-06-25,0.4132108688354492,0.23874974250793457,0.3480393588542938,0.17446112632751465,1
2024-06-27,0.23217205400578678,0.6989382989704609,0.06888961931690574,-0.4667662449646741,4
2024-07-01,0.09678830206394196,0.21745826303958893,0.6857534646987915,-0.12066996097564697,1
2024-07-03,0.030660782009363174,0.050458699464797974,0.9188805222511292,-0.0197979174554348,1
2024-07-05,0.009548718109726906,0.9687076210975647,0.02174362540245056,-0.9591589029878378,1
2024-07-08,0.03026297502219677,0.599331259727478,0.37040576338768005,-0.5690682847052813,1
2024-07-11,0.012573746964335442,0.9671562910079956,0.02026994712650776,-0.9545825440436602,1
2024-07-17,0.8935952186584473,0.014273169450461864,0.09213164448738098,0.8793220492079854,1
2024-07-25,0.07666235417127609,0.8091674447059631,0.11417018622159958,-0.732505090534687,1
2024-08-02,0.009110002778470516,0.9656655192375183,0.025224467739462852,-0.9565555164590478,1
2024-08-11,0.08346599247306585,0.8991994559764862,0.017334533855319023,-0.8157334635034204,2
2024-08-15,0.1477990746498108,0.6849889755249023,0.16721199452877045,-0.5371899008750916,1
2024-08-16,0.21654687821865082,0.04229540750384331,0.7411577105522156,0.1742514707148075,1
2024-08-19,0.07076086414357026,0.7440442641576132,0.18519488970438638,-0.6732834000140429,3
2024-08-29,0.15787632763385773,0.047691378742456436,0.7944323420524597,0.11018494889140129,1
2024-08-30,0.028755469247698784,0.8727914690971375,0.09845304489135742,-0.8440359998494387,1
2024-09-04,0.011685824021697044,0.9755099415779114,0.01280424278229475,-0.9638241175562143,1
2024-09-05,0.7748700976371765,0.01632268726825714,0.20880715548992157,0.7585474103689194,1
2024-09-06,0.053760427981615067,0.026597876101732254,0.9196417927742004,0.027162551879882812,1
2024-09-10,0.013612792827188969,0.9518017768859863,0.034585434943437576,-0.9381889840587974,1
2024-09-11,0.5937960743904114,0.12366611510515213,0.2825378477573395,0.47012995928525925,1
2024-09-13,0.070082220248878,0.8958126902580261,0.03410513699054718,-0.8257304700091481,2
2024-09-17,0.008383913896977901,0.9603756666183472,0.031240401789546013,-0.9519917527213693,1
2024-09-19,0.7193933129310608,0.24539321660995483,0.03521348536014557,0.47400009632110596,1
2024-09-23,0.5101513018210729,0.43241166323423386,0.057437047362327576,0.07773963858683904,3
2024-09-30,0.19338334817439318,0.47840819383660954,0.32820847630500793,-0.28502484566221636,3
2024-10-02,0.31093549728393555,0.5281460285186768,0.1609184741973877,-0.2172105312347412,1
2024-10-09,0.022896310314536095,0.9252198934555054,0.05188380181789398,-0.9023235831409693,1
2024-10-10,0.5401320680975914,0.06491317600011826,0.39495477452874184,0.47521889209747314,2
2024-10-11,0.42630723118782043,0.48949185013771057,0.08420097082853317,-0.06318461894989014,1
2024-10-15,0.10473129153251648,0.030474958941340446,0.8647937178611755,0.07425633259117603,1
2024-10-18,0.05321037024259567,0.7337096333503723,0.21307997405529022,-0.6804992631077766,1
2024-10-22,0.8493396043777466,0.060954749584198,0.08970563113689423,0.7883848547935486,1
2024-10-23,0.07609641551971436,0.8756731152534485,0.04823041707277298,-0.7995766997337341,1
2024-10-29,0.01344643346965313,0.963716983795166,0.02283659018576145,-0.9502705503255129,1
2024-10-31,0.014421774074435234,0.9642940759658813,0.021284179762005806,-0.9498723018914461,1
2024-11-01,0.4817187525331974,0.4577426929026842,0.06053854338824749,0.02397605963051319,2
2024-11-04,0.9045888781547546,0.05371535196900368,0.04169577732682228,0.850873526185751,1
2024-11-06,0.051580797880887985,0.9204696416854858,0.027949606999754906,-0.8688888438045979,1
2024-11-07,0.02146144211292267,0.9564889669418335,0.022049570456147194,-0.9350275248289108,1
2024-11-09,0.023210646584630013,0.03798004612326622,0.9388092756271362,-0.014769399538636208,1
2024-11-10,0.03102930076420307,0.23171792924404144,0.7372527122497559,-0.20068862847983837,1
2024-11-13,0.8000591397285461,0.14190450310707092,0.05803627893328667,0.6581546366214752,1
2024-11-15,0.025571174919605255,0.9151807427406311,0.059248074889183044,-0.8896095678210258,1
2024-11-19,0.05205727415159345,0.7678885757923126,0.1800541179254651,-0.7158313016407192,2
2024-11-20,0.01714693196117878,0.9604368209838867,0.022416243329644203,-0.9432898890227079,1
2024-11-21,0.03939930722117424,0.9429299831390381,0.01767069660127163,-0.9035306759178638,1
2024-11-22,0.038506366312503815,0.7336385250091553,0.2278551161289215,-0.6951321586966515,1
2024-11-30,0.035191673785448074,0.04610445722937584,0.9187039136886597,-0.010912783443927765,1
2024-12-03,0.009449057281017303,0.9692985415458679,0.021252447739243507,-0.9598494842648506,1
2024-12-04,0.050020622399946056,0.7656357884407043,0.18434360809624195,-0.7156151660407583,3
2024-12-05,0.02031826600432396,0.883612334728241,0.09606938809156418,-0.863294068723917,1
2024-12-11,0.07255716621875763,0.6673312783241272,0.260111540555954,-0.5947741121053696,1
2024-12-13,0.008896405808627605,0.9524692296981812,0.03863440826535225,-0.9435728238895535,1
2024-12-17,0.02093440294265747,0.2999918758869171,0.6790737509727478,-0.27905747294425964,1
2024-12-22,0.041586168110370636,0.38872265815734863,0.5696911215782166,-0.347136490046978,1
2024-12-27,0.017444368451833725,0.9251734614372253,0.05738220736384392,-0.9077290929853916,1
2024-12-31,0.615751713514328,0.3115562777966261,0.07269200310111046,0.3041954357177019,2
2025-01-10,0.024278830736875534,0.8006981015205383,0.17502307891845703,-0.7764192707836628,1
2025-01-24,0.2090255320072174,0.7649050951004028,0.026069344952702522,-0.5558795630931854,1
2025-01-31,0.2729534258445104,0.2623389583701889,0.4647075980901718,0.010614467474321524,3
2025-02-03,0.17447619140148163,0.7631698846817017,0.0623539499938488,-0.58869369328022,2
2025-02-05,0.009191104210913181,0.9590423405170441,0.03176653012633324,-0.9498512363061309,2
2025-02-10,0.8114859461784363,0.058193083852529526,0.13032092154026031,0.7532928623259068,1
2025-02-11,0.03176206350326538,0.08476393669843674,0.8834739327430725,-0.053001873195171356,1
2025-02-12,0.042334143072366714,0.3984664976596832,0.5591993927955627,-0.3561323545873165,1
2025-02-13,0.012054979801177979,0.9717509746551514,0.016194064170122147,-0.9596959948539734,1
2025-02-18,0.6154096722602844,0.11532044410705566,0.2692699134349823,0.5000892281532288,1
2025-02-27,0.0862073004245758,0.8916826248168945,0.022110098972916603,-0.8054753243923187,1
2025-03-04,0.0727663164337476,0.7577688495318095,0.16946479491889477,-0.6850025330980619,3
2025-03-05,0.016759004443883896,0.9223828315734863,0.060858115553855896,-0.9056238271296024,1
2025-03-07,0.009384510107338428,0.9603965878486633,0.03021886572241783,-0.9510120777413249,1
2025-03-08,0.26125505566596985,0.49465081095695496,0.2440941035747528,-0.2333957552909851,1
2025-03-11,0.4819841645658016,0.4831689754500985,0.034846899099648,-0.001184810884296894,2
2025-03-12,0.46670264936983585,0.502133384346962,0.03116400260478258,-0.03543073497712612,2
2025-03-24,0.1949072629213333,0.04695405811071396,0.7581387162208557,0.14795320481061935,1
2025-03-25,0.3867380656301975,0.3751877384881179,0.2380741685628891,0.011550327142079672,3
2025-03-26,0.9452102780342102,0.01472166832536459,0.04006801173090935,0.9304886097088456,1
2025-04-03,0.04789185896515846,0.885391116142273,0.06671705842018127,-0.8374992571771145,1
2025-04-06,0.22652748692780733,0.4955268483608961,0.2779457066208124,-0.2689993614330888,2
2025-04-07,0.06658141314983368,0.9086887836456299,0.024729760363698006,-0.8421073704957962,1
2025-04-09,0.5551096883912882,0.3516264179100593,0.09326391729215781,0.20348327048122883,3
2025-04-11,0.4641028344631195,0.4905734658241272,0.04532378166913986,-0.02647063136100769,1
2025-04-15,0.4714754903689027,0.4865679834038019,0.04195653088390827,-0.015092493034899235,2
2025-04-24,0.20865394175052643,0.41348205506801605,0.3778640031814575,-0.20482811331748962,2
2025-04-27,0.049629759043455124,0.03239474818110466,0.9179754853248596,0.017235010862350464,1
2025-04-28,0.34010501205921173,0.3533983752131462,0.30649666115641594,-0.013293363153934479,2
2025-05-02,0.9499562978744507,0.027503732591867447,0.022539997473359108,0.9224525652825832,1
2025-05-07,0.8536431789398193,0.12228430807590485,0.024072520434856415,0.7313588708639145,1
2025-05-09,0.4490956589579582,0.4456605492159724,0.10524378344416618,0.003435109741985798,2
2025-05-12,0.447753950022161,0.5230704434216022,0.029175548814237118,-0.07531649339944124,2
2025-05-13,0.07316908007487655,0.9050277471542358,0.021803190000355244,-0.8318586670793593,2
2025-05-19,0.5656203031539917,0.38859283924102783,0.045786820352077484,0.17702746391296387,1
2025-06-03,0.22893884778022766,0.7356739640235901,0.03538720682263374,-0.5067351162433624,1
2025-06-06,0.5172428674995899,0.11552648432552814,0.3672305792570114,0.4017163831740618,2
2025-06-18,0.3628294765949249,0.2213418185710907,0.4158287048339844,0.14148765802383423,1
2025-06-30,0.9439395070075989,0.022944599390029907,0.03311598300933838,0.920994907617569,1
2025-07-01,0.014941082336008549,0.965141773223877,0.01991710253059864,-0.9502006908878684,1
2025-07-07,0.28172844648361206,0.06375722587108612,0.6545143127441406,0.21797122061252594,1
2025-07-09,0.8837413191795349,0.031874995678663254,0.08438365906476974,0.8518663235008717,1
2025-07-10,0.9516475796699524,0.019154004752635956,0.02919844537973404,0.9324935749173164,1
2025-07-11,0.9425039887428284,0.033906593918800354,0.023589378222823143,0.908597394824028,1
2025-07-14,0.018290949054062366,0.9405402541160583,0.041168827563524246,-0.922249305061996,2
2025-07-16,0.7636977434158325,0.20510455965995789,0.031197765842080116,0.5585931837558746,1
2025-07-17,0.39420162700116634,0.4942710353061557,0.11152730137109756,-0.10006940830498934,2
2025-07-20,0.31419802581270534,0.345706919208169,0.34009500220417976,-0.03150889339546362,3
2025-07-30,0.017330622300505638,0.8339987397193909,0.14867065846920013,-0.8166681174188852,1
2025-08-01,0.02227914147078991,0.9091562032699585,0.06856468319892883,-0.8868770617991686,1
2025-08-05,0.00839244108647108,0.9673994779586792,0.024208148941397667,-0.9590070368722081,1
2025-08-06,0.011118766851723194,0.9710445404052734,0.017836671322584152,-0.9599257735535502,1
2025-08-07,0.023892415687441826,0.9411177635192871,0.03498982638120651,-0.9172253478318453,1
2025-08-12,0.011330862529575825,0.971310555934906,0.01735861785709858,-0.9599796934053302,1
2025-08-14,0.014986644499003887,0.9766114354133606,0.008401901461184025,-0.9616247909143567,1
2025-08-18,0.11465645581483841,0.8708556890487671,0.014487833715975285,-0.7561992332339287,1
2025-08-20,0.21454577147960663,0.06661462783813477,0.7188395857810974,0.14793114364147186,1
2025-08-21,0.14550599083304405,0.4579306095838547,0.3965633939951658,-0.3124246187508106,2
2025-08-22,0.008300540037453175,0.9643917083740234,0.027307795360684395,-0.9560911683365703,1
2025-08-25,0.30558156967163086,0.6632255911827087,0.03119286708533764,-0.3576440215110779,1
2025-09-02,0.01274633314460516,0.960486650466919,0.0267670638859272,-0.9477403173223138,1
2025-09-04,0.5432586669921875,0.07722900062799454,0.37951233983039856,0.46602966636419296,2
2025-09-05,0.0630529522895813,0.9181097149848938,0.018837284296751022,-0.8550567626953125,1
2025-09-08,0.03044799715280533,0.9356064200401306,0.033945582807064056,-0.9051584228873253,1
2025-09-11,0.16739042103290558,0.3145700991153717,0.5180394649505615,-0.14717967808246613,1
2025-09-15,0.9455747604370117,0.030776074156165123,0.023649144917726517,0.9147986862808466,1
2025-09-17,0.018016908317804337,0.961316704750061,0.020666413009166718,-0.9432997964322567,2
2025-09-18,0.04281125217676163,0.043237216770648956,0.9139515161514282,-0.0004259645938873291,1
2025-09-22,0.014911528676748276,0.9033326506614685,0.08175583183765411,-0.8884211219847202,1
2025-09-25,0.05259477347135544,0.8697733283042908,0.07763189822435379,-0.8171785548329353,1
2025-09-28,0.25169333815574646,0.7207567691802979,0.027549877762794495,-0.4690634310245514,1
2025-09-30,0.03267863765358925,0.4750621020793915,0.49225926399230957,-0.44238346442580223,1
2025-10-08,0.047363296151161194,0.49066826701164246,0.4619683623313904,-0.44330497086048126,1
2025-10-10,0.053668901324272156,0.030029838904738426,0.9163012504577637,0.02363906241953373,1
2025-10-12,0.01681351661682129,0.9209558963775635,0.06223060563206673,-0.9041423797607422,1
2025-10-13,0.06217023078352213,0.826247900724411,0.11158186569809914,-0.7640776699408889,2
2025-10-19,0.013003058731555939,0.9626931548118591,0.024303819984197617,-0.9496900960803032,1
2025-10-21,0.4937516152858734,0.4382644295692444,0.06798400729894638,0.05548718571662903,1
2025-10-22,0.16420096158981323,0.8174766898155212,0.018322337418794632,-0.653275728225708,1
2025-10-24,0.9531176686286926,0.018224438652396202,0.02865787409245968,0.9348932299762964,1
2025-10-31,0.010993688367307186,0.9571762084960938,0.031830091029405594,-0.9461825201287866,1
2025-11-03,0.29612588416785,0.4218437150120735,0.2820304234822591,-0.1257178308442235,3
2025-11-05,0.781055748462677,0.014561670832335949,0.20438256859779358,0.766494077630341,1
2025-11-06,0.2904658615589142,0.04663103446364403,0.6629031896591187,0.24383482709527016,1
2025-11-13,0.6255491375923157,0.21297095715999603,0.16147994995117188,0.41257818043231964,1
2025-11-18,0.7175649404525757,0.053338877856731415,0.2290961891412735,0.6642260625958443,1
2025-11-19,0.09590785205364227,0.7985357046127319,0.10555649548768997,-0.7026278525590897,1
2025-11-20,0.06295930966734886,0.7238724529743195,0.21316826436668634,-0.6609131433069706,2
2025-11-21,0.008781436830759048,0.9703344106674194,0.020884152501821518,-0.9615529738366604,1
2025-11-23,0.9392290711402893,0.03893286734819412,0.02183803729712963,0.9002962037920952,1
2025-11-25,0.3630386230846246,0.3810061725477378,0.25595514848828316,-0.017967549463113148,3
2025-11-28,0.007434551138430834,0.9617204070091248,0.03084501624107361,-0.9542858558706939,1
2025-12-01,0.38677081279456615,0.12398933991789818,0.48923981934785843,0.262781472876668,2
2025-12-05,0.014901389367878437,0.9348706007003784,0.050227999687194824,-0.9199692113325,1
2025-12-08,0.6972351670265198,0.25287407636642456,0.04989074915647507,0.4443610906600952,1
2025-12-09,0.019517365843057632,0.94012451171875,0.04035814851522446,-0.9206071458756924,1
2025-12-10,0.4930676594376564,0.4699820950627327,0.03695026692003012,0.023085564374923706,2
2025-12-11,0.04664593189954758,0.6246709227561951,0.32868316769599915,-0.5780249908566475,1
2025-12-12,0.4912418443709612,0.09015576541423798,0.4186024144291878,0.4010860789567232,2
2025-12-15,0.02866099402308464,0.5701036155223846,0.4012353830039501,-0.5414426214993,2
2025-12-16,0.012296658009290695,0.9277190566062927,0.05998427793383598,-0.915422398597002,1
2025-12-18,0.13659341229746738,0.3384161914388339,0.5249903916070858,-0.20182277914136648,3
2025-12-19,0.7778913378715515,0.047919467091560364,0.1741892397403717,0.7299718707799911,1
2025-12-22,0.6240928471088409,0.186657407010595,0.18924970366060734,0.4374354400982459,3
2025-12-23,0.9434527158737183,0.030400659888982773,0.026146605610847473,0.9130520559847355,1
2025-12-24,0.39690719870850444,0.5692439079284668,0.03384885750710964,-0.17233670921996236,2
2025-12-29,0.012670174241065979,0.9510704874992371,0.036259304732084274,-0.9384003132581711,1
2025-12-30,0.08367466181516647,0.09197426587343216,0.8243511319160461,-0.008299604058265686,1
2025-12-31,0.9044342637062073,0.03063703328371048,0.06492872536182404,0.8737972304224968,1
2026-01-07,0.39846640825271606,0.5659290552139282,0.03560449182987213,-0.16746264696121216,1
2026-01-08,0.19004079699516296,0.02562468685209751,0.7843344807624817,0.16441611014306545,1
2026-01-09,0.01618867553770542,0.959509551525116,0.02430185303092003,-0.9433208759874105,1
2026-01-11,0.9254174828529358,0.05656254291534424,0.01801997795701027,0.8688549399375916,1
2026-01-15,0.13351817429065704,0.028757711872458458,0.8377241492271423,0.10476046241819859,1
2026-01-18,0.052156491205096245,0.7633657157421112,0.18447782471776009,-0.711209224537015,2
2026-01-19,0.6277715563774109,0.01876462623476982,0.3534637987613678,0.6090069301426411,1
2026-01-21,0.04425105080008507,0.8173843026161194,0.13836468756198883,-0.7731332518160343,1
2026-01-22,0.0916384868323803,0.5888918340206146,0.3194696605205536,-0.49725334718823433,2
2026-01-23,0.9139623641967773,0.017366033047437668,0.06867159903049469,0.8965963311493397,1
2026-01-25,0.010079740546643734,0.9640880227088928,0.025832226499915123,-0.9540082821622491,1
2026-01-27,0.47354593873023987,0.1697687804698944,0.35668525099754333,0.30377715826034546,1
2026-01-29,0.08244411647319794,0.024624960497021675,0.8929309844970703,0.05781915597617626,1
2026-02-02,0.009760747663676739,0.9726579785346985,0.017581285908818245,-0.9628972308710217,2
2026-02-05,0.0641154870390892,0.04480232298374176,0.891082227230072,0.019313164055347443,1
2026-02-09,0.04048259183764458,0.06524088233709335,0.89427649974823,-0.024758290499448776,1
2026-02-11,0.03678280394524336,0.6397192652026812,0.32349787776668865,-0.6029364612574378,3
2026-02-12,0.06561908405274153,0.6302220076322556,0.3041589017957449,-0.564602923579514,2
2026-02-18,0.0672846445813775,0.5003730598837137,0.4323422475717962,-0.4330884153023362,2
2026-02-19,0.6317107379436493,0.0655085351318121,0.3027806933969259,0.5662022028118372,2
2026-02-20,0.7349706292152405,0.03971286490559578,0.22531647980213165,0.6952577643096447,1
2026-02-23,0.027836859226226807,0.774492621421814,0.19767048954963684,-0.7466557621955872,1
2026-02-25,0.16877664625644684,0.7732305526733398,0.05799287557601929,-0.604453906416893,1
2026-02-26,0.09244310110807419,0.4149100184440613,0.4926469624042511,-0.3224669173359871,1
2026-02-28,0.04248836636543274,0.9243889451026917,0.0331227146089077,-0.8819005787372589,1
2026-03-05,0.8607708811759949,0.015186518430709839,0.1240425705909729,0.845584362745285,1
2026-03-06,0.9188466668128967,0.06011353060603142,0.021039847284555435,0.8587331362068653,1
2026-03-09,0.1962300401646644,0.5491562401875854,0.2546137315221131,-0.35292620002292097,4
2026-03-10,0.06835639476776123,0.018754083663225174,0.9128894805908203,0.049602311104536057,1
2026-03-11,0.05460817366838455,0.8948188424110413,0.05057298764586449,-0.8402106687426567,1
2026-03-12,0.4830671362578869,0.45346978306770325,0.06346307974308729,0.02959735319018364,2
2026-03-13,0.8326952159404755,0.11902052164077759,0.04828424006700516,0.7136746942996979,2
2026-03-15,0.06724168360233307,0.6662356853485107,0.2665225863456726,-0.5989940017461777,1
2026-03-18,0.12512574065476656,0.5212095752358437,0.35366465896368027,-0.3960838345810771,2
2026-03-19,0.11181412916630507,0.07855551689863205,0.8096303045749664,0.033258612267673016,2
2026-03-20,0.05631376430392265,0.6424775719642639,0.30120864510536194,-0.5861638076603413,1
2026-03-24,0.0478186197578907,0.9146137833595276,0.03756763134151697,-0.8667951636016369,2
2026-03-25,0.02638168167322874,0.5005161873996258,0.4731021709740162,-0.47413450572639704,2
2026-03-26,0.029938312247395515,0.19205783307552338,0.7780039310455322,-0.16211952082812786,1
2026-03-27,0.08672133693471551,0.8902084678411484,0.02307019056752324,-0.8034871309064329,4
2026-03-29,0.4287600666284561,0.1969233602285385,0.37431661505252123,0.2318367063999176,2
2026-03-30,0.07195080257952213,0.4743507127277553,0.45369846746325493,-0.4023999101482332,2
2026-03-31,0.008333494886755943,0.9662171006202698,0.025449438020586967,-0.9578836057335138,1
2026-04-01,0.19843964877405337,0.4695455886955772,0.3320147544145584,-0.2711059399215238,7
2026-04-02,0.28819858133792875,0.18022749945521355,0.5315739251673222,0.10797108188271523,5
2026-04-03,0.937672883272171,0.03508021682500839,0.027246834710240364,0.9025926664471626,2
2026-04-06,0.04311620444059372,0.9403243064880371,0.01655944064259529,-0.8972081020474434,1
2026-04-07,0.4953097216784954,0.42520685214549303,0.07948343269526958,0.07010286953300238,2
2026-04-09,0.06174102984368801,0.49804525077342987,0.44021372497081757,-0.43630422092974186,2
2026-04-13,0.009714287705719471,0.9721141457557678,0.018171558156609535,-0.9623998580500484,1
2026-04-14,0.07625272870063782,0.5087360143661499,0.4150112569332123,-0.4324832856655121,1
2026-04-16,0.02433832734823227,0.08533813059329987,0.8903235197067261,-0.060999803245067596,1
2026-04-17,0.08679058589041233,0.4546814262866974,0.45852798968553543,-0.36789084039628506,2
2026-04-20,0.02626369334757328,0.9121181964874268,0.061618052423000336,-0.8858545031398535,1
2026-04-21,0.5453261137008667,0.04987611621618271,0.40479776263237,0.495449997484684,1
2026-04-22,0.863825261592865,0.03748483583331108,0.0986899584531784,0.8263404257595539,1
2026-04-23,0.06462357006967068,0.23437341302633286,0.7010030448436737,-0.16974984295666218,2
2026-04-24,0.06468251347541809,0.8144022822380066,0.12091522663831711,-0.7497197687625885,1
2026-04-27,0.561455599963665,0.4152422547340393,0.023302140645682812,0.1462133452296257,2
2026-04-28,0.9454405903816223,0.028351332992315292,0.02620798349380493,0.917089257389307,1
2026-04-29,0.5825095176696777,0.3759309649467468,0.04155956581234932,0.2065785527229309,1
2026-04-30,0.14742327481508255,0.6714249551296234,0.18115173280239105,-0.5240016803145409,2
2026-05-04,0.02253505028784275,0.04838452860713005,0.9290803670883179,-0.0258494783192873,1
