commodity,title,date,source,description,url
corn,Kenya Replaces Agriculture Minister Ruto in Reshuffle,2010-04-21,Bloomberg,"Kenyan Agriculture Minister William Ruto was replaced in a Cabinet reshuffle, the presidency said, amid a probe into corruption involving a corn re-export...",https://www.bloomberg.com/news/articles/2010-04-21/kenya-s-president-replaces-agriculture-minister-ruto-in-cabinet-reshuffle
corn,Andy Redleaf Math Fails as Whitebox Loses Appetite for Ethanol,2010-06-01,Bloomberg,"A mile down an unpaved road on the outskirts of Canton, Illinois, population 14,500, stands a shuttered ethanol plant. Corn farmers in the area chipped in...",https://www.bloomberg.com/news/articles/2010-06-02/andy-redleaf-math-fails-as-whitebox-hedge-fund-loses-appetite-for-ethanol
corn,"Ukraine May Plant More Corn, Less Barley, UkrAgroConsult Says",2011-03-06,Bloomberg,"Ukraine's farmers may plant more corn and less barley because of cold weather, researcher UkrAgroConsult said.",https://www.bloomberg.com/news/articles/2011-03-07/ukraine-may-plant-more-corn-less-barley-ukragroconsult-says
corn,THE MARKET WORD - CORN,2011-04-26,Investing.com,THE MARKET WORD - CORNWe are currently in a weather driven market as farmers look for dryer planting! The USDA reported Monday that only 9% of the US Corn crop has been planted. Last week we were at...,https://www.investing.com/technical/analysis/the-market-word---corn-81120
corn,Daily Commodities Update: Corn,2011-08-17,Investing.com,"The grain sector made a meaningful reversal in Tuesday&rsquo;s trading session, with the whole complex starting the day weak and then rallying into the close. This suggests the grains may have bucked...",https://www.investing.com/technical/analysis/daily-commodities-update%253A-corn-94008
corn,"Doritos, the Brand That Launched a Thousand Chips",2011-09-29,Bloomberg,"When Arch West, the creator of Doritos, died on Sept. 20 at age 97, he left behind a shape-shifting snack behemoth. In the 47 years since Frito-Lay...",https://www.bloomberg.com/news/articles/2011-09-29/doritos-the-brand-that-launched-a-thousand-chips
corn,The Market Word - Corn,2011-12-08,Investing.com,"The Market Word - CornThe USDA Monthly Report is due out at 7:30 AM tomorrow! We also are on the precipice of the Euro Zone resolve or ruin. As of late, the US markets seem to react to each line...",https://www.investing.com/analysis/the-market-word---corn-108192
corn,バフェット氏傘下の穀物倉庫メーカー、米農家の貯蔵能力増強で好調,2011-12-14,Bloomberg,農業所得が今年、過去最高水準 に達するとみられている米国で、スティーブ・リュー氏は収入のうちか なりの額を、中西部の農地でよく見掛けるようになった建物の建設に...,https://www.bloomberg.co.jp/news/articles/2011-12-14/LW7VE80D9L3501
corn,Chick-fil-A Joins McDonald’s in Cutting Calories in Kids’ Meals,2012-01-06,Bloomberg,"Chick-fil-A Inc., overseer of 1600 fast-food chicken restaurants in the U.S., will sell lower-calorie kids' meals, joining other eateries in promoting menu...",https://www.bloomberg.com/news/articles/2012-01-06/chick-fil-a-joins-mcdonald-s-in-cutting-calories-in-kids-meals
corn,Boar Hunter Sets Sights on China After MF Global: Commodities,2012-03-07,Bloomberg,Pete Nessler has bagged everything from a wild boar to a 280-pound white-tailed deer hunting in Iowa. He's now aiming to tap China's need for raw materials.,https://www.bloomberg.com/news/articles/2012-03-07/boar-hunter-sets-sights-on-china-after-mf-global-unit-rescue-commodities
corn,世界のトウモロコシ在庫：５年ぶり低水準に減少か,2012-03-07,Bloomberg,世界のトウモロコシ在庫がメキシコ やアルゼンチンでの干ばつの影響で５年ぶりの低水準に落ち込むと予想 されており、先物市場では強気な見方が高まっている。,https://www.bloomberg.co.jp/news/articles/2012-03-08/M0JVS56JTSEA01
corn,SABMiller Tries Selling African Home-Brew,2012-03-15,Bloomberg,"Andrews Bortey takes a seat with his wife outside the Tsui Anaa (translation: Patience Pays) pub in Accra, ready for a refreshment after a long day working...",https://www.bloomberg.com/news/articles/2012-03-15/sabmiller-tries-selling-african-home-brew
corn,A Bag Lunch Recipe From Jay-Z's Personal Chef,2012-04-16,Bloomberg,New Zealand native Mike Shand shares his recipe for a tupperware ready version of the 40/40 Club tequila chicken with hot corn salsa.,https://www.bloomberg.com/news/articles/2012-04-16/a-bag-lunch-recipe-from-jay-zs-personal-chef
corn,米投機家の商品買い越し、今年に入って最大の減少,2012-05-13,Bloomberg,米投機家による商品相場上昇を見込 む買い越しが昨年11月以降で最大の落ち込みを示した。ギリシャの組閣 が難航していることに加え、中国の工業生産の伸びが予想を...,https://www.bloomberg.co.jp/news/articles/2012-05-14/M3ZJLD6K50ZF01
corn,"Book Review: 'The Fish That Ate the Whale,' by Rich Cohen",2012-06-07,Bloomberg,How a poor banana vendor from Russia changed the face of Latin America.,https://www.bloomberg.com/news/articles/2012-06-07/book-review-the-fish-that-ate-the-whale-by-rich-cohen
corn,"Obesity, the Other Gulf War Syndrome",2012-06-21,Bloomberg,"Dr. Osamah Al Sanea, a leading Kuwaiti bariatric surgeon, is describing a stomach he recently stapled. “We don't take anything out,” he says.",https://www.bloomberg.com/news/articles/2012-06-21/obesity-the-other-gulf-war-syndrome
corn,Trading Options In CORN,2012-07-17,Investing.com,"I am firmly of the Jim Cramer school of thinking that believes, “There is always a bull market somewhere.” Of course, with the advent of inverse exchange-traded products, (ETPs), you can turn just...",https://www.investing.com/analysis/trading-options-in-corn-129815
corn,米大豆先物が最高値－米国の干ばつの影響でトウモロコシ上昇,2012-07-19,Bloomberg,シカゴの大豆先物相場は19日、過去 最高値を更新。今月の上昇率が1988年以来の高水準となっていたトウモ ロコシも上げ幅を拡大した。米国では過去50年余りで最悪の...,https://www.bloomberg.co.jp/news/articles/2012-07-19/M7FE0C6JTSEL01
corn,シカゴのトウモロコシ先物相場：12月限は８ドルと、過去最高値更新,2012-07-22,Bloomberg,シカゴ・トウモロコシ先物相場は23 日の時間外取引で上昇。12月限は一時0.5％高のブッシェルあたり８ド ルの過去最高値を付けた。メルボルン時間午前８時２分（日本時間午前...,https://www.bloomberg.co.jp/news/articles/2012-07-22/M7L1XD6K50XV01
corn,The Payoff From Winning an Olympic Medal,2012-08-08,Bloomberg,"When Kellogg stamped Gabby Douglas's hard-to-forget smile on a box of corn flakes, the company kicked off a string of endorsement deals that will likely...",https://www.bloomberg.com/news/articles/2012-08-08/the-payoff-from-winning-an-olympic-medal
corn,USDA Finds 'Missing' Corn,2012-09-12,Investing.com,"The USDA lowered U.S. corn yields slightly but surprised the market by dramatically increasing stocks. Logic would state that as yields decrease, stocks follow. But the USDA defies reality and has...",https://www.investing.com/analysis/usda-finds-'missing'-corn-136176
corn,コーンベルトが北へ移動－干ばつ被害の米農家、転作で気候変動に対処,2012-10-15,Bloomberg,コーンベルト（米中西部のトウモロ コシ栽培地域）の一部、カンザス州で農業を営むジョー・ウォルドマン さんはトウモロコシ栽培をやめるつもりだ。,https://www.bloomberg.co.jp/news/articles/2012-10-16/MBX64Q6KLVRB01
corn,Canada's Corn Belt Attracts the Hot Money,2012-11-08,Bloomberg,"U.S. farmers in the Midwest, the center of corn cultivation in North America, have watched helplessly as the worst drought in more than five decades has...",https://www.bloomberg.com/news/articles/2012-11-08/canadas-corn-belt-attracts-the-hot-money
corn,Stunning Pictures of South Africans Celebrating Holi for the First Time,2013-03-04,Bloomberg,Thousands of Cape Town residents flung colored packets of corn flour at each other. It's the first time the Hindu festival has been celebrated in the country.,https://www.bloomberg.com/news/articles/2013-03-04/stunning-pictures-of-south-africans-celebrating-holi-for-the-first-time
corn,Watch Vietnam Transition From Communism to Capitalism,2013-07-11,Bloomberg,"Signs of a new country, one closely allied to western capitalism, were increasingly visible in the early 1990s, especially after the US lifted its trade...",https://www.bloomberg.com/news/articles/2013-07-11/watch-vietnam-transition-from-communism-to-capitalism
corn,Centuries-Old Gardens Are the Latest Battleground in Istanbul,2013-07-15,Bloomberg,"In the shadows of the 1,500-year-old fortifications ringing Istanbul's historic core, farmers push wheelbarrows of freshly harvested greens through small...",https://www.bloomberg.com/news/articles/2013-07-15/centuries-old-gardens-are-the-latest-battleground-in-istanbul
corn,Mandela South Africa Dream Ceded to Tycoons as Shacks Abound,2013-07-23,Bloomberg,Prudence Moime looks up from stirring a pot of corn meal in front of her two-room shanty in northeastern South Africa and gazes across the surrounding rocky...,https://www.bloomberg.com/news/articles/2013-07-22/mandela-s-wealth-sharing-dream-fades-in-south-africa
corn,"Eat Popcorn, Be Immune to Advertising",2013-10-14,Bloomberg,"People who still go to the movies, especially those who arrive early to get seats in just the right row, put up with a lengthening barrage of commercials.",https://www.bloomberg.com/news/articles/2013-10-14/eat-popcorn-be-immune-to-advertising
corn,Corn Now Extremely Oversold ,2013-10-28,Investing.com,"Chart 1: Agricultural commodities like Corn are extremely oversoldHere is an interesting fact: Corn spot price currently finds itself at an extremely oversold level. Over the last 20 years or so, Corn...",https://www.investing.com/analysis/corn-is-extremely-oversold!-189507
corn,The Mexican Coca-Cola Myth: It's Almost American,2013-11-11,Bloomberg,"There's a group of Americans who swear passionately by Coca-Cola imported from Mexico. It's sweetened not with high-fructose corn syrup but with cane sugar,...",https://www.bloomberg.com/news/articles/2013-11-11/the-mexican-coca-cola-myth-its-almost-american
corn,ブラジル：トウモロコシ価格急落で大豆二期作を計画－供給過剰拡大か,2013-12-03,Bloomberg,トウモロコシ価格の急落が大豆相場 にも影響を及ぼしている。ブラジルはトウモロコシより価格が高い大豆 の栽培を増やす見通しで、世界の大豆市場の供給過剰が過去最高...,https://www.bloomberg.co.jp/news/articles/2013-12-04/MX9DMP6JIJV501
corn,Chick-fil-A Changed Its Ingredients and Didn't Tell Anyone,2013-12-10,Bloomberg,"There are, apparently, a number of ways to make breaded chicken sandwiches healthier. To this end, Chick-fil-A has been quietly switching out ingredients...",https://www.bloomberg.com/news/articles/2013-12-10/chick-fil-a-changed-its-ingredients-and-didnt-tell-anyone
corn,Iowa Farmland Values Hit a Record High,2013-12-12,Bloomberg,Turns out that betting the farm wasn't such a bad idea after all. An annual survey of Iowa farmland values found that prices went up 5.1 percent in the past...,https://www.bloomberg.com/news/articles/2013-12-12/iowa-farmland-values-hit-a-record-high
corn,Market Mini: What P/E Are You Using?,2014-01-26,Investing.com,"Most investment advice is predicated on historic average returns. However, this has shown to be at odds with reality.
We often hear the media quote price earnings ratios (PE) to represent either...",https://www.investing.com/analysis/market-mini:-what-p-e-are-you-using-200012
corn,A Guide to All the Food That's Fit to 3D Print (So Far),2014-01-28,Bloomberg,"Such old favorites as chocolate, candy, and pasta will take on groovier, sculptured forms when extruded from food printers.",https://www.bloomberg.com/news/articles/2014-01-28/all-the-food-thats-fit-to-3d-print-from-chocolates-to-pizza
corn,Market Mini: Leveraging Withdrawal Rates For Smarter Retirement Planning,2014-02-02,Investing.com,"Most research regarding withdrawal rates focuses on asset allocation, longer distribution periods and increasing withdrawals based on inflation. However, at the start of retirement, no one knows how...",https://www.investing.com/analysis/market-mini:-leveraging-withdrawal-rates-for-smarter-retirement-planning-200930
corn,Utilizing Market Valuations To Prepare Clients For Retirement,2014-02-09,Investing.com,"As the market soars to new highs and breaches high valuation levels, I felt it was time to look back at research completed by Michael Kitces that focuses on withdrawal rates based on market...",https://www.investing.com/analysis/utilizing-market-valuations-to-prepare-clients-for-retirement-201815
corn,"Satellite Imaging Startups Skybox, Planet Labs Race to Cover Earth",2014-02-13,Bloomberg,Small-satellite startups aim to cover the action on earth 24/7.,https://www.bloomberg.com/news/articles/2014-02-13/satellite-imaging-startups-skybox-planet-labs-race-to-cover-earth
corn,Corn Starting To Grow,2014-02-19,Investing.com,"Corn (ZC_F)(CORN) was all the rage in the commodity trading space just a year ago. Reaching prices near 8.50 per bushel in mid 2012, a year later it fell precipitously from 7.30 to 4.50, the current...",https://www.investing.com/analysis/corn-starting-to-grow-203184
corn,Market Mini: Can Investors Gain From Predictable Patterns?,2014-02-23,Investing.com,"A long-standing belief in the United States is that individuals get ahead through hard work and smarts. When it comes to the stock market, author Burton Malkiel believes these components alone are not...",https://www.investing.com/analysis/market-mini:-can-investors-gain-from-predictable-patterns-203561
corn,Villa Baviera: Chile's Torture Colony Tourist Trap,2014-02-27,Bloomberg,"In Chile, an isolated community once run by a Nazi named Paul Schäfer tries to remake itself as a German-themed resort.",https://www.bloomberg.com/news/articles/2014-02-27/villa-baviera-chiles-torture-colony-tourist-trap
corn,Asking Risk Questions For The Perfect Investment Match,2014-03-02,Investing.com,"When it comes to investments, some are willing to take a risk and some are not. When it comes to risk, the decision is not about whether risk is the right thing to do but rather if the particular...",https://www.investing.com/analysis/asking-risk-questions-for-the-perfect-investment-match-204452
corn,Time To Sell Corn?,2014-03-07,Investing.com,"Corn has been the hot commodity lately. I have talked about it a couple times over the last few months and have recently been bullish, like many others.
In February I noted the first resistance...",https://www.investing.com/analysis/time-to-sell-corn-205259
corn,Market Mini: Optimal Withdrawal Strategy For Retirement,2014-03-09,Investing.com,"One of the difficulties a financial advisor has in helping a client is that there is no way of knowing in advance what the market will do in the future or how long a portfolio will need to last.
As a...",https://www.investing.com/analysis/market-mini:-optimal-withdrawal-strategy-for-retirement-205281
corn,Market Mini: Reasons Why Stock Investors Freak Out,2014-03-16,Investing.com,"The stock market has had a good run and may last several more years. But, if you have been in the financial planning business for any length of time, this state of the market we know is only...",https://www.investing.com/analysis/market-mini:-reasons-why-stock-investors-freak-out-206136
corn,4RT4 Quote - WisdomTree Corn 2x Daily Leveraged Fund,2014-03-21,Bloomberg,"Performance charts for WisdomTree Corn 2x Daily Leveraged (4RT4 - Type ETF) including intraday, historical and comparison charts, technical analysis and...",https://www.bloomberg.com/quote/4RT4:GR
corn,Teucrium Corn Fund,2014-03-21,Bloomberg,"Performance charts for Teucrium Corn Fund (CORN - Type ETF) including intraday, historical and comparison charts, technical analysis and trend lines.",https://www.bloomberg.com/quote/CORN:US
corn,Market Mini: 20 Years Of Safe Withdrawal Rates,2014-03-30,Investing.com,"Imagine starting your first year of retirement with a withdrawal rate of 10.5%. This sounds like a crazy dream, as it is vastly different from the original research by Bill Bengen in 1994 that...",https://www.investing.com/analysis/market-mini:-20-years-of-safe-withdrawal-rates-207851
corn,Is Cap'n Crunch Staring Straight Into Your Child’s Soul?,2014-04-02,Bloomberg,Cereal marketers have worked out a sophisticated way to get children to pay attention to kids' cereal in the grocery aisle: the old “loooook into my...,https://www.bloomberg.com/news/articles/2014-04-02/is-capn-crunch-staring-straight-into-your-child-s-soul
corn,Market Mini: The Impact Of Valuation On Safe Withdrawal Rates,2014-04-06,Investing.com,The common belief of obtaining a 4% safe withdrawal rate may realistically be too low. Michael Kitces found in his research that it may in fact be achievable for financial advisors to increase initial...,https://www.investing.com/analysis/market-mini:-the-impact-of-valuation-on-safe-withdrawal-rates-208704
corn,"Market Mini: How The Economy Works, Monopoly Style",2014-04-11,Investing.com,"Bridgewater Associates founder Ray Dalio recently presented an exquisite tutorial on how the economy works entitled, How the Economic Machine Works: Leveraging and Deleveraging.
He presented this...","https://www.investing.com/analysis/market-mini:-how-the-economy-works,-monopoly-style-209456"
corn,温暖化で米コーンベルトが北上、カナダのトウモロコシ作付け増加,2014-04-15,Bloomberg,腰の高さまで雪が降り積もる中、カ ナダのサザンマニトバ・コンベンションセンターには400人を超える農 業経営者たちが集まり、かつては思いも寄らなかったテーマ...,https://www.bloomberg.co.jp/news/articles/2014-04-16/N427LQ6K50XY01
corn,"This Cheese-Stuffed, Bacon-Wrapped Corn Dog Is 3,000 Calories—and Only in Arizona",2014-04-16,Bloomberg,"Sounds overwhelming, but fans seem to love the gargantuan, $25 corn dog, created for the Diamondbacks' Chase Field. Michael Snoke, executive chef for ballpark...",https://www.bloomberg.com/news/articles/2014-04-16/this-cheese-stuffed-bacon-wrapped-corn-dog-is-3-000-calories-and-only-in-arizona
corn,Using Drivers Of Net Income To Understand Your Numbers,2014-04-27,Investing.com,"Normally, we discuss market-related items in our Market Mini posts. But since investing is all about evaluating an investment based on its ability to generate income, I thought I would take a look at...",https://www.investing.com/analysis/using-drivers-of-net-income-to-understand-your-numbers-210798
corn,Market Mini: Beware Of Shiny Objects,2014-05-02,Investing.com,"In the Entrepreneurs Organization, lovingly known as a support group for entrepreneurs, there is a saying to watch out for shiny objects. This refers to a characteristic of entrepreneurs that lose...",https://www.investing.com/analysis/market-mini:-beware-of-shiny-objects-211540
corn,Biofuels Are a Bad Idea,2014-05-08,Bloomberg,"Biofuels take up too much land, and they raise the price of food. Despite tens of billions in taxpayer money that have been thrown at corn ethanol, soy diesel,...",https://www.bloomberg.com/view/articles/2014-05-08/biofuels-are-a-bad-idea
corn,Market Mini: Should You Bite Into Bitcoin?,2014-05-11,Investing.com,"Recently we updated an analysis on Gold that focused on it as an investment in several different ways: fundamental, technical and momentum. The allure of gold as an investment is as strong as the...",https://www.investing.com/analysis/market-mini:-should-you-bite-into-bitcoin-212359
corn,Market Mini: What Never To Do Only At Tax Time,2014-05-25,Investing.com,For financial advisors—anyone for that matter—tax management is not something you should do only at tax time. You need to think about your tax strategy and have the discipline to do this the entire...,https://www.investing.com/analysis/market-mini:-what-never-to-do-only-at-tax-time-213918
corn,Market Mini: 2014 Prediction – Smash Or Crash,2014-06-08,Investing.com,"The sale of annuities is on an upward march. Insured Retirement Institute (IRI) calculates that industry-wide, annuity sales increased 4.2 percent to $220.9 billion in 2013, up from $212 billion...",https://www.investing.com/analysis/market-mini:-2014-prediction-–-smash-or-crash-215295
corn,Market Mini: Investing In Oil - What You Need To Know Now,2014-06-22,Investing.com,"
Alternative investments—those outside of the stock and bond market—have proliferated since the decline in 2008. As a result, oil/gas has become one of the biggest beneficiaries, second only to...",https://www.investing.com/analysis/market-mini:-investing-in-oil---what-you-need-to-know-now-216876
corn,Market Mini: Investing In Flex Fuels,2014-06-29,Investing.com,"In our previous Market Mini, we discussed the impact of investing in oil. There has been a proliferation of investments in oil with higher prices and the realization that fracking can create great...",https://www.investing.com/analysis/market-mini:-investing-in-flex-fuels-217725
corn,Twilight of the Pizza Barons,2014-07-03,Bloomberg,"Tom Monaghan was once a billionaire. He owned 244 classic automobiles, including a rare Bugatti Royale. He built a $30 million resort on a Lake Huron island.",https://www.bloomberg.com/news/articles/2014-07-03/dominos-little-caesars-pizza-founders-contrasting-legacies
corn,Russia's Tobacco Ban Takes the Buzz Out of Hookah Bars,2014-07-03,Bloomberg,"Russian bar owners' revenue from offering hookahs may drop by a third, according to RestConsult, which estimates that the water pipes are offered at 40 percent...",https://www.bloomberg.com/news/articles/2014-07-03/russias-tobacco-ban-takes-the-buzz-out-of-hookah-bars
corn,London Metal Exchange: Europe's Last Trading Floor,2014-07-03,Bloomberg,"In a bow to tradition, the London Metal Exchange, which operates Europe's last trading floor, decided to continue face-to-face bidding on six main...",https://www.bloomberg.com/news/articles/2014-07-03/london-metal-exchange-europes-last-trading-floor
corn,What I Wear to Work: Kiehl's Chris Salgardo,2014-07-03,Bloomberg,Biker gear isn't what clients expect of the head of skin-care company Kiehl's.,https://www.bloomberg.com/news/articles/2014-07-03/what-i-wear-to-work-kiehls-chris-salgardo
corn,"In China, 1,600 People Die Every Day From Working Too Hard",2014-07-03,Bloomberg,"Chinese banking regulator Li Jianhua literally worked himself to death. After 26 years of “always putting the cause of the party and the people” first,...",https://www.bloomberg.com/news/articles/2014-07-03/in-china-white-collar-workers-are-dying-from-overwork
corn,"Inside Monsanto, America's Third-Most-Hated Company",2014-07-04,Bloomberg,"The 4,400 acres Dustin Spears farms with his father-in-law stretch for 50 miles across northern Illinois in an archipelago of disconnected, mostly rented...",https://www.bloomberg.com/news/articles/2014-07-03/gmo-factory-monsantos-high-tech-plans-to-feed-the-world
corn,Market Mini: Understanding Risk - Why Diversifying Investments Matters,2014-07-13,Investing.com,"
Uncertainty seemed to have benefited investors in 2013. However this hasn&rsquo;t always been the case, especially in 2008. As recently released Federal Reserve papers show, it was a little luck and...",https://www.investing.com/analysis/market-mini:-understanding-risk---why-diversifying-investments-matters-219192
corn,The Next Thing in Farm-to-Table? Mobile Slaughterhouses,2014-07-24,Bloomberg,"In Martha's Vineyard, it's not hard to grow, harvest, and sell local produce to residents and summer visitors. Many customers are happy to even pick their...",https://www.bloomberg.com/news/articles/2014-07-24/the-next-thing-in-farm-to-table-mobile-slaughterhouses
corn,Blue Buffalo Founder and CEO Bill Bishop Responds to Businessweek Article Dog Food Fight,2014-07-25,Bloomberg,To the editor of Bloomberg Businessweek: I read your article (“Purina Takes Blue Buffalo to Court ”) mischaracterizing me personally and our company with...,https://www.bloomberg.com/news/articles/2014-07-25/blue-buffalo-founder-and-ceo-bill-bishop-responds-to-businessweek-article-dog-food-fight
corn,"Pre-Ground Coffee Can Contain Corn, Soybeans, Twigs, Dirt",2014-08-12,Bloomberg,"Pre-ground coffee can contain corn, soybeans, twigs, dirt. That's the unappetizing news from researchers analyzing java's chemistry.",https://www.bloomberg.com/news/articles/2014-08-12/pre-ground-coffee-can-contain-corn-soybeans-twigs-dirt
corn,"On Taco Bell's New Dollar Menu, Everything Will Actually Cost $1",2014-08-19,Bloomberg,"The menu includes four items that were previously available for less than $1: Cinnamon Twists and Cheesy Roll-ups used to cost 89¢, and Potato Soft Tacos and...",https://www.bloomberg.com/news/articles/2014-08-19/why-taco-bell-has-a-1-menu-and-mcdonalds-doesnt
corn,Small to Big: Olé Mexican Foods,2014-10-23,Bloomberg,"When Veronica Moreno immigrated to the U.S. from the Mexican state of Coahuila in 1977, she found the tortillas sold in stores didn't taste as good as the...",https://www.bloomberg.com/news/articles/2014-10-23/ol-mexican-foods-grows-to-275-million-in-sales
corn,How the Tortilla Conquered America,2014-10-23,Bloomberg,"Consider the tortilla. Made from corn or flour, but essentially grain and water. Served fresh or deep fried. A delivery system for shredded pork,...",https://www.bloomberg.com/news/articles/2014-10-23/tortilla-manufacturers-how-ol-mexican-foods-grew-to-275-million-in-sales
corn,The Zinger Double Down King and More Incredible Things From KFC Around the World,2014-10-24,Bloomberg,"You may have heard about KFC's Zinger Double Down King burger, a sandwich available at the chain's Korean restaurants that makes the American Double Down...",https://www.bloomberg.com/news/articles/2014-10-24/kfc-offers-daring-sandwiches-in-korea
corn,Photos: A Field Guide to French Fries in New York,2014-11-05,Bloomberg,"I used to live a couple of blocks away from Pommes Frites, the Belgian fry counter in the East Village, and as a broke freelancer in my early twenties,...",https://www.bloomberg.com/news/articles/2014-11-04/photos-a-field-guide-to-french-fries-in-new-york
corn,Coming Soon: Calorie Labels for Popcorn Tubs,2014-11-25,Bloomberg,"The US Food and Drug Administration released menu labeling rules today for movie theaters, restaurants and grocery stores that will disclose how many calories...",https://www.bloomberg.com/politics/articles/2014-11-25/1000calorie-popcorn-tubs-get-labels-under-us-rules
corn,Rape Case Asks If Wife With Dementia Can Say Yes to Her Husband,2014-12-08,Bloomberg,"More than 350 people attended the wedding reception of Donna Lou Young and Henry V. Rayhons in Duncan, Iowa, on Dec. 15, 2007. Family and friends ate pork...",https://www.bloomberg.com/news/articles/2014-12-09/rape-case-asks-if-wife-with-dementia-can-say-yes-to-her-husband
corn,Corn CME: Forecast ,2014-12-15,Investing.com,"
Corn (NYSE:CORN) now needs to hold above 404 to target 411/12 then 415 and perhaps as far as 419/420. If we continue higher this week look for quite strong resistance at 423/424.It should be worth...",https://www.investing.com/analysis/corn-cme:-forecast-235825
corn,Cosme Is the Upscale Mexican Restaurant You've Been Waiting For: Review,2015-01-13,Bloomberg,"At first Enrique Olvera wasn't sure how to make a killer mole, one that was better than the traditional ones he grew up on. And so, for about ten years at...",https://www.bloomberg.com/news/articles/2015-01-13/cosme-is-the-upscale-mexican-restaurant-you-ve-been-waiting-for-review
corn,Still Sweet on Coke and Pepsi?,2015-01-21,Bloomberg,"The soda-pop business is, in its purest form, at once ridiculous and sublime. It's ridiculous because it involves selling people sugar water (or corn syrup...",https://www.bloomberg.com/view/articles/2015-01-21/still-sweet-on-coke-and-pepsi-
corn,"The Super Bowl Wings Will Be Fat, Yes, but Pricey Too",2015-01-23,Bloomberg,"On Super Bowl Sunday, expect two things when your order of chicken wings arrives: They'll be fat, and they'll be pricey.",https://www.bloomberg.com/news/articles/2015-01-23/the-super-bowl-wings-will-be-fat-yes-but-pricey-too
corn,Cynthia Hoffman,2015-01-28,Bloomberg,The asset-management giant thrust itself to the forefront of the discussion over sustainable investing and landed in a political minefield. blackrock-esg-1.,https://bloomberg.com/authors/AP4SI6XXmlo/cynthia-hoffman
corn,Ian C Sayson,2015-01-31,Bloomberg,Recent stories by Ian C Sayson on Bloomberg.com.,https://bloomberg.com/authors/AC-VQhbY3sw/ian-c-sayson
corn,Terrence Dopp - Former Reporter,2015-02-01,Bloomberg,Recent stories by Terrence Dopp on Bloomberg.com.,https://bloomberg.com/authors/AOZX2zbSb1g/terrence-dopp
corn,Peter Coy - Former Bloomberg Businessweek Writer,2015-02-02,Bloomberg,Peter Coy is the economics editor for Bloomberg Businessweek and covers a wide range of economic issues. He also holds the position of senior writer.,https://bloomberg.com/authors/APxGZmxEsLk/peter-coy
corn,Robert Schmidt,2015-02-02,Bloomberg,Recent stories by Robert Schmidt on Bloomberg.com.,https://bloomberg.com/authors/AEi-pR844bQ/robert-schmidt
corn,Rene Vollgraaff,2015-02-02,Bloomberg,"South Africa Cuts Fuel Taxes as Prices Spike on Iran War · A gas station in Johannesburg. March 23, 2026. March 23, 2026.",https://bloomberg.com/authors/ARZNEXRbGkE/rene-vollgraaff
corn,Alan Bjerga,2015-02-03,Bloomberg,Recent stories by Alan Bjerga on Bloomberg.com.,https://bloomberg.com/authors/AObE1lMGzh8/alan-bjerga
corn,Rebecca Keenan,2015-02-08,Bloomberg,Recent stories by Rebecca Keenan on Bloomberg.com.,https://bloomberg.com/authors/APCOFNrg6Go/rebecca-keenan
corn,Chipotle Doesn't Really Care That Burritos Make You Fat,2015-02-19,Bloomberg,"Chipotle is quite frank about its indifference to calorie counting. Food, insists spokesman Chris Arnold, is “something to be enjoyed. Not a science experiment.",https://www.bloomberg.com/news/articles/2015-02-19/chipotle-doesn-t-really-care-that-burritos-make-you-fat
corn,Launch Bloomberg Links,2015-03-01,Bloomberg,Bloomberg Links: cross-platform sharing of Bloomberg Terminal and Mobile content.,https://blinks.bloomberg.com/
corn,"Blue Cocktails Are Coming Back, and They Are Delicious",2015-03-10,Bloomberg,"Danny Meyer just launched his latest project, a rough-hewn, deep South-accented bar in New York's west Chelsea, Porchlight, where he's doling out bourbon...",https://www.bloomberg.com/news/articles/2015-03-10/blue-cocktails-are-coming-back-and-they-are-delicious
corn,"In South Africa, Ranchers Are Breeding Mutant Animals to Be Hunted",2015-03-11,Bloomberg,These flaxen creatures are the latest craze in South Africa's $1 billion ultra-high-end big-game hunting industry.,https://www.bloomberg.com/graphics/2015-hunting-mutant-big-game-in-south-africa/
corn,Wendy Soong,2015-03-23,Bloomberg,Recent stories by Wendy Soong on Bloomberg.com.,https://bloomberg.com/authors/ADmO5FJ2Y1o/wendy-soong
corn,Megan O'Neil,2015-03-25,Bloomberg,Recent stories by Megan O'Neil on Bloomberg.com.,https://bloomberg.com/authors/ARc78GmWmCQ/megan-oneil
corn,Just 3% of American Land is Urban. These Maps Show What The Rest Looks Like,2015-03-26,Bloomberg,"Most maps of the U.S. prioritize metropolitan areas. But ""Minimal Maps"" single out the nation's forests, crops, and waterbodies.",https://www.bloomberg.com/news/articles/2015-03-26/michael-pecirno-s-minimal-maps-single-out-american-land-use-patterns
corn,Betting the Farm,2015-03-31,Bloomberg,"Illinois farmer J. Gordon Bidner is one of 1.7 million who must choose between two revamped, slimmed down crop insurance programs by April 7.",https://www.bloomberg.com/graphics/2015-farm-bill/
corn,These People Are Trying to Run 155 Miles Through the Sahara Desert,2015-04-01,Bloomberg,"Anti-venom pump? Check. Compass? Check. Sun cream? Check. Running shoes? Unavoidable. Spare pair of underpants? At 46 grams (1.6 ounces), maybe not.",https://www.bloomberg.com/news/articles/2015-04-02/these-people-are-trying-to-run-155-miles-through-the-sahara-desert
corn,Cows Suck Up More Water Than Almonds,2015-04-13,Bloomberg,Almond growers have been catching a lot of flak lately for snarfing up so much of California's water. This isn't entirely unfair -- almonds have been the...,https://www.bloomberg.com/view/articles/2015-04-13/cows-suck-up-more-of-california-s-water-than-almonds
corn,Here’s What It’s Like to Eat in the House of Lords’ Exclusive Parliament Dining Room,2015-04-22,Bloomberg,"There's some solid comfort food with layers of flavor, but mostly it just feels like Hogwarts.",https://www.bloomberg.com/news/articles/2015-04-23/here-s-what-it-s-like-to-eat-in-the-house-of-lords-exclusive-parliament-dining-room
corn,How to Quit Banking and Open One of America’s Top New Restaurants,2015-05-06,Bloomberg,Santiago Perez and Santiago Gomez had a business plan that fell apart. All that was left was an idea.,https://www.bloomberg.com/news/articles/2015-05-06/how-to-quit-banking-and-open-one-of-america-s-top-new-restaurants
corn,ブラジルの「小さい収穫」が大きな材料に－トウモロコシ市場,2015-06-11,Bloomberg,その名前にだまされてはいけない。ブラジル の「サフリーニャ（小さい収穫）」と呼ばれる二期作目のトウモロコシ 生産高が過去最高に達する見通しで、既に供給過剰となっ...,https://www.bloomberg.co.jp/news/articles/2015-06-12/--iasv9d1u
corn,Meet the Economic Expert Who Says Punk-Rock Is a Bullish Sign for China,2015-06-15,Bloomberg,"Slouched deep in a swivel chair, knees bouncing up and down and hands gesticulating excitedly, Michael Pettis can't contain his enthusiasm over “an...",https://www.bloomberg.com/news/articles/2015-06-15/china-s-punk-bands-give-pettis-hope-for-a-debt-ridden-economy
corn,The Great Plains’ Looming Water Crisis,2015-07-02,Bloomberg,"Farming in the northeast corner of Colorado used to be simple: plant corn and watch it grow, irrigated by the massive Ogallala aquifer.",https://www.bloomberg.com/news/articles/2015-07-02/great-plains-water-crisis-aquifer-s-depletion-threatens-farmland
corn,Hamptons Scene: Avoiding Pond Scum at Parrish as Clammers Party,2015-07-13,Bloomberg,Peter J. Solomon left two headaches behind when he ventured to the Parrish Art Museum Midsummer Party on Saturday night. One was the sight of protesters...,https://www.bloomberg.com/news/articles/2015-07-13/hamptons-scene-avoiding-pond-scum-at-parrish-as-clammers-party
corn,"Watch Chicago's Iconic Marina City, Familiar to Wilco Fans Everywhere, Emerge From the Ground Up",2015-07-15,Bloomberg,"The corn-cob cement towers known as Marina City have attracted onlookers along the Chicago riverfront for more than 50 years. Today, the towers are closer...",https://www.bloomberg.com/news/articles/2015-07-15/watch-chicago-s-iconic-marina-city-familiar-to-wilco-fans-everywhere-emerge-from-the-ground-up
corn,How Cereal Got a Sugar High,2015-07-17,Bloomberg,"When I was a kid, there were two kinds of breakfast cereal: the kind we ate at home, and the kind we only got to eat when we went backpacking and brought...",https://www.bloomberg.com/view/articles/2015-07-17/cereal-makers-mix-health-claims-with-sugar-overload
corn,Alice Baghdjian,2015-07-30,Bloomberg,Recent stories by Alice Baghdjian on Bloomberg.com.,https://bloomberg.com/authors/ASY4vYh8O3I/alice-baghdjian
corn,The Freshest Thing About the World’s Biggest Online Grocer Isn’t Food,2015-08-28,Bloomberg,"At Ocado Group Plc's warehouse in Hatfield, a half-hour north of central London by train, hundreds of red shopping crates wind their way through a labyrinth...",https://www.bloomberg.com/news/articles/2015-08-28/as-amazon-fresh-looms-ocado-aims-to-sell-more-tech-than-food
corn,Meet the Hardest-Working Hosts on the Hamptons Charity Circuit,2015-09-02,Bloomberg,"If some portion of a Hamptons mansion isn't devoted to entertaining, then the people who live there are really missing the point.",https://www.bloomberg.com/news/articles/2015-09-02/meet-the-hardest-working-hosts-on-the-hamptons-charity-circuit
corn,Bloomberg Joins Morgan Stanley in Unveiling New Digital Signage in Times Square | Press | Bloomberg LP,2015-09-16,Bloomberg,"Earlier this morning, Morgan Stanley unveiled a brand-new multi-media experience outside their global headquarters at 1585 Broadway in Times Square.",https://www.bloomberg.com/company/press/bloomberg-joins-morgan-stanley-in-unveiling-new-digital-signage-in-times-square/
corn,The Fake Traffic Schemes That Are Rotting the Internet,2015-09-24,Bloomberg,"Ron Amram has been in the brand marketing business for about 20 years. In the 2000s he was media director for Sprint 's prepaid cellular group,...",https://www.bloomberg.com/features/2015-click-fraud/
corn,Bank of England’s Fried to head billionaire Kirsh family office | Insights | Bloomberg Professional Services,2015-10-15,Bloomberg,"Bradley Fried, a member of the Bank of England's Court of Directors and former chief executive officer of Investec Plc, is joining South African billionaire...",https://www.bloomberg.com/professional/insights/trading/bank-of-englands-fried-to-head-billionaire-kirsh-family-office/
corn,Tequila Ingredient Safe as Hurricane Bears Down on Mexican Crops,2015-10-23,Bloomberg,"The fields of agave in the Mexican state of Jalisco, vital in the production of tequila, probably will be protected from the wrath of Hurricane Patricia by...",https://www.bloomberg.com/news/articles/2015-10-23/tequila-ingredient-safe-as-hurricane-bears-down-on-mexican-crops
corn,Hillary Clinton's Ties to Corning Turn Republican Stronghold Into Cash Cow,2015-10-26,Bloomberg,More than 100 employees at the tech company have donated to the former New York senator's presidential campaign.,https://www.bloomberg.com/politics/articles/2015-10-26/clinton-s-ties-to-corning-turn-republican-stronghold-into-cash-cow
corn,Pumpkins Get Weird as Growers Breeding Uglier Crop for Halloween,2015-10-28,Bloomberg,"Since 1999, the Ackerman family of Illinois has been selling the round orange pumpkins that most Americans carve into decorative jack-o'-lanterns every...",https://www.bloomberg.com/news/articles/2015-10-28/pumpkins-get-weird-as-growers-breeding-uglier-crop-for-halloween
corn,2016 Target Weights for the Bloomberg Commodity Index Announced | Press | Bloomberg LP,2015-10-29,Bloomberg,"Brent Crude Oil will have the largest weight increase in 2016, rising from 7.16% to 7.53%, surpassing WTI Crude Oil which will decline from 7.84% to 7.47%.",https://www.bloomberg.com/company/press/2016-target-weights-for-the-bloomberg-commodity-index-announced/
corn,Howard Buffett Is Getting His Hands Dirty,2015-11-03,Bloomberg,"Warren's eldest son is a farmer, photographer, environmentalist, author, businessman, board member, world traveler, and volunteer deputy sheriff.",https://www.bloomberg.com/features/2015-howard-buffett/
corn,"Blackstone's Jon Gray, in Denim, Warms to the Social Limelight",2015-11-13,Bloomberg,"Tony James, the president of Blackstone Group, made sure to comply with the jeans dress code at the Basser Center for BRCA benefit honoring one of his firm's...",https://www.bloomberg.com/news/articles/2015-11-13/blackstone-s-jon-gray-in-denim-warms-to-the-social-limelight
corn,How a Vietnamese Refugee Is Rethinking Food Delivery in America,2016-01-05,Bloomberg,Munchery CEO Tri Tran opens up about his harrowing journey to Silicon Valley.,https://www.bloomberg.com/news/features/2016-01-05/how-a-vietnamese-refugee-is-rethinking-food-delivery-in-america
corn,"How Americans Got So Fat, in Charts",2016-01-07,Bloomberg,"Americans should eat more fruits, vegetables, and whole grains, while cutting back on added sugars, sodium, and saturated fat, according to new dietary...",https://www.bloomberg.com/news/articles/2016-01-07/how-americans-got-so-fat-in-charts
corn,The Crop Surplus Is Bad News for America’s Farms,2016-01-13,Bloomberg,"Non-GMO corn is harvested with a John Deere & Co. 9670 STS combine harvester in this aerial photograph taken above Malden, Illinois, U.S., on Wednesday,...",https://www.bloomberg.com/news/articles/2016-01-12/farm-boom-fizzles-as-u-s-crop-surplus-expands-financial-strain
corn,Crops Go Uncovered as South African Insurers Weigh Drought,2016-01-21,Bloomberg,Swathes of dying cornfields and the lowest rainfall since records began have prompted South African insurers to cut cover for some crops planted by farmers.,https://www.bloomberg.com/news/articles/2016-01-21/crops-go-uncovered-as-south-african-insurers-respond-to-drought
corn,Is American Olive Oil About to Have Its Moment?,2016-01-25,Bloomberg,"On a Sunday morning in Rome, a couple dozen locals gather in an orchard of some 50 olive trees planted above ancient catacombs. The owner has offered lunch...",https://www.bloomberg.com/features/2016-california-olive-oil/
corn,African Farmers Struggle to Feed Continent's Booming Population,2016-02-16,Bloomberg,"“We depend on the farm for all our needs,” said Mbinya, 52, a widow who also farms tomatoes, corn and livestock to support her two sons, two daughters and a...",https://www.bloomberg.com/news/articles/2016-02-16/african-farmers-struggle-to-feed-continent-s-booming-population
corn,"Kenya to Boost Sisal Output to Meet Nigeria, Saudi Demand",2016-02-16,Bloomberg,"Kenya, the world's third-largest sisal producer, is giving small-scale farmers equipment and training to boost output and meet demand for the fiber from...",https://www.bloomberg.com/news/articles/2016-02-16/kenya-seeks-to-boost-sisal-output-to-meet-nigerian-saudi-demand
corn,Record-Low Zimbabwe Corn Crop to Press Drought-Hit S. Africa,2016-02-17,Bloomberg,"South Africa, which is the continent's biggest corn producer and is suffering the worst drought in memory, may need to help neighboring Zimbabwe with corn...",https://www.bloomberg.com/news/articles/2016-02-17/drought-stricken-south-africa-under-pressure-to-feed-zimbabwe
corn,Sowing the Seeds of a Farm Boom in Africa,2016-03-31,Bloomberg,The 48 countries that make up sub-Saharan Africa have increasingly acute food needs as climate change turns the region's growing seasons more arid.,https://www.bloomberg.com/news/articles/2016-03-31/sowing-the-seeds-of-a-farm-boom-in-africa
corn,"El Nino Culls S. Africa Livestock Herd, Fueling Prices",2016-04-12,Bloomberg,"South Africa's livestock farmers are preparing for more losses after the driest year on record already cut herds and as the hemisphere's winter nears, fueling...",https://www.bloomberg.com/news/articles/2016-04-12/el-nino-culls-south-africa-livestock-herd-fueling-meat-prices
corn,CORN Eyes Major Bottom,2016-04-15,Investing.com,"In the aftermath of its end-of-March plunge from 21.45 to 19.92 -- in reaction to a USDA report about Teucrium Corn ETF (NYSE:USD).
That said, and purely from a technical perspective, I can make the...",https://www.investing.com/analysis/corn-making-a-major-bottom-200125241
corn,Nestle Axes GMO Ingredients and Additives in Some U.S. Ice Cream,2016-04-20,Bloomberg,Nestle SA is eliminating artificial flavors and colors from some U.S. ice-cream products as the world's biggest food company steps up efforts to remove...,https://www.bloomberg.com/news/articles/2016-04-20/nestle-axes-gmo-ingredients-and-additives-in-some-u-s-ice-cream
corn,India's Monsoon,2016-04-25,Bloomberg,"Forget Bollywood's classic songs, the most welcome sound in India is the pitter-patter of the first monsoon rains. If all goes well, oppressive heat gives...",https://www.bloomberg.com/view/quicktake/indias-monsoon
corn,Why the Original Maker of Heroin Wants to Sell Corn to Farmers,2016-05-19,Bloomberg,"Since it introduced seeds in 2002, Bayer AG has become the world's third-biggest seller of crop products. But in the past year, the German chemical giant...",https://www.bloomberg.com/news/articles/2016-05-20/bayer-if-you-can-t-be-no-1-in-seeds-buy-your-way-to-the-top
corn,仮想通貨ビットコインが14年以来の高値回復、中国が中心に－チャート,2016-05-29,Bloomberg,ドルベースで1000ドル（現在のレートで約11万1000円）強から200ドル弱に急落した仮想通貨ビットコインの価格が2014年以来の高値を回復している。,https://www.bloomberg.co.jp/news/articles/2016-05-30/O7Z7BT6S972801
corn,No Room in U.S. Grain Silos Means Dumping Wheat in Parking Lots,2016-06-03,Bloomberg,"Some American wheat farmers are not only going to lose money on every bushel they harvest this month, many won't have a proper place to store it.",https://www.bloomberg.com/news/articles/2016-06-02/no-room-in-u-s-grain-silos-means-dumping-wheat-in-parking-lots
corn,Tatiana Freitas,2016-06-03,Bloomberg,Recent stories by Tatiana Freitas on Bloomberg.com.,https://bloomberg.com/authors/AS2ZMmX3Wmo/tatiana-freitas
corn,Africa’s Big Tomato Pickle: Miner Grubs Are Wiping Them Out,2016-06-09,Bloomberg,"Yusuf Ibrahim, a tomato farmer in Kano, Nigeria, has lost almost 90 percent of his crop this year to Tuta absoluta. That prices for the fruit are 15 times...",https://www.bloomberg.com/news/articles/2016-06-08/africa-s-got-a-tomato-problem-miner-grubs-are-wiping-them-out
corn,Monsanto Due Diligence Looms as Next Step in Bayer Deal Push,2016-06-14,Bloomberg,"First came the initial bid, then the rejection. Now, the next step in Bayer AG's quest to buy Monsanto Co. and create the world's largest agricultural...",https://www.bloomberg.com/news/articles/2016-06-13/monsanto-due-diligence-looms-as-next-step-in-bayer-push-for-deal
corn,Whole Foods Is Getting Killed by Aldi. Is a Millennial Grocery Chain the Fix?,2016-06-20,Bloomberg,"When the first 365 by Whole Foods Market opened near me in Los Angeles, I went immediately, curious to see how millennials shop for food.",https://www.bloomberg.com/features/2016-whole-foods-365/
corn,The Fake Factory That Pumped Out Real Money,2016-07-13,Bloomberg,"Green Diesel, a company that appeared to be an important contributor to the EPA's fledgling renewable fuels program, part of an effort to clean the air and...",https://www.bloomberg.com/features/2016-fake-biofuel-factory/?terminal=true
corn,How Do You Make Meat GMO Free When Most U.S. Feed Isn’t?,2016-07-13,Bloomberg,Applegate Farms has started shipping Non-GMO Project Verified organic chicken nuggets to retailers nationwide.,https://www.bloomberg.com/news/articles/2016-07-13/how-do-you-make-meat-gmo-free-when-most-u-s-feed-isn-t
corn,China’s Factory Workers Head Home,2016-07-13,Bloomberg,"The vast neighborhood outside Foxconn Technology's Guanlan plant in Shenzhen is eerily quiet on a recent Sunday afternoon, normally a day off when the...",https://www.bloomberg.com/features/2016-chinese-migrants/
corn,Mi Pesadilla Venezolana: Un Mes Buscando Comida en Una Nación Desolada,2016-07-18,Bloomberg,"Nota del Editor: Los saqueos, los cortes de electricidad, los linchamientos, los hospitales sin medicinas. El desplome de Venezuela hacia el caos no tiene...",https://www.bloomberg.com/features/2016-diario-de-venezuela/
corn,My Venezuela Nightmare: A 30-Day Hunt for Food in a Starving Land,2016-07-18,Bloomberg,Bloomberg reporter Fabiola Zerpa documented her efforts to secure food for her middle-class family. This is a selection of entries from her month-long...,https://www.bloomberg.com/features/2016-venezuela-diary/
corn,McDonald’s Cuts Preservatives From McNuggets as Part of Health Kick,2016-08-01,Bloomberg,"McDonald's Corp. is removing artificial preservatives from Chicken McNuggets, its most popular menu item, and making a host of other changes to its food in...",https://www.bloomberg.com/news/articles/2016-08-01/mcdonald-s-removing-preservatives-from-mcnuggets-in-health-push
corn,China’s Insatiable Soybean Hunger Eats Into Record U.S. Crop,2016-08-11,Bloomberg,U.S. farmers just can't seem to grow enough soybeans to satisfy China.,https://www.bloomberg.com/news/articles/2016-08-10/china-s-insatiable-soybean-hunger-eating-into-record-u-s-crop
corn,Canada Looks Ahead to Its Own Corn Belt,2016-08-12,Bloomberg,Canadian farmers are doing the once unthinkable -- growing corn. See where they're growing via @BBGVisualData.,https://www.bloomberg.com/graphics/infographics/canada-looks-ahead-to-corn-belt.html
corn,Could Less Gassy Livestock Be a Cash Cow?,2016-08-18,Bloomberg,"""Enteric fermentation,"" or livestock's digestive process, accounts for 22 percent of all US methane emissions, and the manure they produce makes up 8 percent...",https://www.bloomberg.com/news/articles/2016-08-18/could-less-gassy-livestock-be-a-cash-cow
corn,Cards Against Humanity Has Been a Huge Win for This Small Printing Company,2016-09-01,Bloomberg,Tabletop card and board games are one of the most popular funding categories on Kickstarter. They're also among the most creative and ambitious projects in...,https://www.bloomberg.com/news/articles/2016-09-01/cards-against-humanity-has-been-a-huge-win-for-a-small-printing-company
corn,The Sloppy Battle for the Future of Craft Rye,2016-09-01,Bloomberg,Raj Bhakta finally found success and prestige with his Whistle Pig whiskey. Now his partners want him out.,https://www.bloomberg.com/features/2016-whistlepig-craft-rye/
corn,"Behind Bayer-Monsanto, an Odd Couple Out to Rule the World",2016-09-14,Bloomberg,"After just 10 days on the job, Bayer CEO Werner Baumann made a bid for Monsanto Co., an audacious move that would transform his 153-year-old company...",https://www.bloomberg.com/news/articles/2016-09-14/how-a-marketer-of-heroin-became-the-top-seller-of-seed-corn
corn,"Trump Caught Between Corn, Oil Interests on Renewable Fuels",2016-09-15,Bloomberg,This article is for subscribers only. Donald Trump is trying to walk a fine line between Iowa corn interests and the oil industry. The Republican presidential...,https://www.bloomberg.com/news/articles/2016-09-15/trump-caught-between-corn-oil-interests-on-renewable-fuels
corn,These Are The 18 Best New Power Lunch Spots in America,2016-10-03,Bloomberg,"Atlanta Bread & Butterfly Take a business trip to Paris by way of cold-smoked trout ($10), potato-and-raclette gratin ($9), and a Champagne cocktail ($14).",https://www.bloomberg.com/features/2016-american-power-lunch/
corn,Florida’s Feud Over Zika-Fighting Mosquitoes Heats Up,2016-10-06,Bloomberg,"Oxitec's mosquitoes have been deployed in Brazil, Panama, and Malaysia, but Keys residents are thwarting attempts to try them in the U.S..",https://www.bloomberg.com/features/2016-zika-gmo-mosquitos/
corn,Russia Becomes a Grain Superpower as Wheat Exports Explode,2016-10-07,Bloomberg,"Almost 25 years after watching the Dawn of Communism collective farm where he grew up land in the dustbin of history, Andrey Burdin is helping turn Russia...",https://www.bloomberg.com/news/articles/2016-10-06/russia-upends-world-wheat-market-with-record-harvest-exports
corn,2017 Target Weights for the Bloomberg Commodity Index Announced | Press | Bloomberg LP,2016-10-20,Bloomberg,"BCOM will see weight increases for 2017 in Grains, Industrial Metals, and Livestock, and decreases in Energy, Precious Metals and Softs.",https://www.bloomberg.com/company/press/2017-target-weights-for-the-bloomberg-commodity-index-announced/
corn,GMOs and Engineered Food,2016-10-26,Bloomberg,Glowing plants. Self-destructing mosquitoes. Frankenfish. There's no denying that genetic engineering is a walk on the weird side. Yet genetically modified...,https://www.bloomberg.com/view/quicktake/engineered-food-gmo
corn,"American Spirit’s Long, Strange Trip to Court",2016-11-14,Bloomberg,"Sit down, light a smoke, and listen to the story of American Spirit cigarettes' long, strange trip to court.",https://www.bloomberg.com/features/2016-natural-american-spirit-cigarettes/
corn,Kellogg Cozies Up to Wal-Mart in Bid to Overcome Cereal Slump,2016-11-15,Bloomberg,"Kellogg Co. is introducing its latest Frosted Flakes flavor with an exclusive run at Wal-Mart Stores Inc., hoping to stand out at a retailer that has roiled...",https://www.bloomberg.com/news/articles/2016-11-15/kellogg-cozies-up-to-wal-mart-in-bid-to-overcome-cereal-slump
corn,Family Farms Navigate Risk in the New Economy,2016-11-21,Bloomberg,"The fall U.S. crop harvest has finished, and it's a record. That's the problem. Oversupply has pushed wheat prices to decade lows, while corn is at less...",https://www.bloomberg.com/graphics/2016-farm-economy/
corn,Why November Was a Massive Month for Markets Around the World,2016-12-01,Bloomberg,"It's been a roller coaster. November marked one of the most decisive shifts for global financial markets in recent years, with a bevy of asset classes...",https://www.bloomberg.com/news/articles/2016-12-01/why-november-was-a-massive-month-for-markets-around-the-world
corn,Monsanto Says Next Breakthrough for Farmers Is a Friendly Fungus,2016-12-05,Bloomberg,"Monsanto Co., a lightning rod for critics of modern agricultural techniques, is introducing a new feature next year for its genetically modified corn seeds...",https://www.bloomberg.com/news/articles/2016-12-05/monsanto-says-next-breakthrough-for-farmers-is-a-friendly-fungus-iwc33v9e
corn,These Are the Most Disruptive Ideas of the Past 85 Years,2016-12-13,Bloomberg,"Kitty litter, the euro, YouTube and 82 other ideas that changed the world since Businessweek began.",https://www.bloomberg.com/businessweek/85ideas/
corn,Tracking the Curse of Global Drought,2016-12-17,Bloomberg,"The big dry spell is only getting worse, from inland California to megacity Brazil.",https://www.bloomberg.com/features/2015-global-drought-stories/
corn,This Gene-Editing Technology Will Change the World. But Who Gets the Credit?,2016-12-17,Bloomberg,"In the very best invention stories, the tinkerer spends years toiling in obscurity before the big breakthrough. Jennifer Doudna's story is like that.",https://www.bloomberg.com/features/2016-how-crispr-will-change-the-world/
corn,China’s Rural Poor Bear the Brunt of the Nation’s Aging Crisis,2017-01-04,Bloomberg,Shangxule is a hardscrabble farming village in the mountains of the northern Chinese province of Hebei. The elevation is too high for cash crops like...,https://www.bloomberg.com/news/articles/2017-01-05/china-s-rural-poor-bear-the-brunt-of-the-nation-s-aging-crisis
corn,"Mired in Mud, Brazil’s Unpaved Roads Delay Farming Promise",2017-01-04,Bloomberg,"Sixty miles of mud. That's what trucks traveling from Brazil's top soybean and corn producing region, Mato Grosso, often face on their trips to newly-expanded...",https://www.bloomberg.com/news/articles/2017-01-04/mired-in-mud-brazil-s-unpaved-roads-delay-agricultural-promise
corn,"Venezuela's Economy Was the Worst Performing of 2016, IMF Estimates",2017-01-11,Bloomberg,"Venezuelans have to navigate a labyrinth of lines to buy staples like sugar or aspirin. They've gotten used to finding that the store shelves are empty,...",https://www.bloomberg.com/news/articles/2017-01-11/goodbye-recession-hello-depression-venezuela-gdp-takes-10-hit
corn,Taco Bell Is Making a Taco Shell Out of Fried Chicken,2017-01-11,Bloomberg,"The Mexican-themed chain will begin serving a new chalupa this month with a shell made out of fried chicken, rather than corn or flour.",https://www.bloomberg.com/news/articles/2017-01-11/taco-bell-joins-fried-chicken-fad-as-consumption-reaches-record
corn,Alien Armyworms Invade Corn in Drought-Hit Southern Africa,2017-01-17,Bloomberg,"After southern Africa's worst drought in more than 35 years ravaged crops and sent food prices soaring, farmers are battling a new crisis: alien armyworms.",https://www.bloomberg.com/news/articles/2017-01-16/alien-armyworms-invade-corn-in-drought-hit-southern-africa
corn,The Nine Reservations You Need in Houston,2017-01-24,Bloomberg,"Super Bowl LI will come and go, but the city's real championship game is happening each and every night in its restaurants. Here's where to eat now.",https://www.bloomberg.com/news/articles/2017-01-24/best-restaurants-in-houston-texas-dining-and-travel-guide
corn,Grocery Shopping in Mexico: Here’s What’s Made in the USA,2017-01-26,Bloomberg,"Of all the food Mexico imports, nearly four-fifths comes from the US. Tyson Foods and Coca-Cola are among the biggest sellers of American products in Mexico.",https://www.bloomberg.com/features/2016-mexican-groceries/
corn,S. Africa Approves 1.3 Million Tons of U.S. GMO Corn Imports,2017-01-26,Bloomberg,South Africa issued permits to allow total imports of 1.3 million metric tons of genetically modified corn from the U.S. since allowing entry of the grain...,https://www.bloomberg.com/news/articles/2017-01-25/south-africa-approves-1-3-million-tons-of-u-s-gmo-corn-imports
corn,Even Movie Theater Popcorn Could Become a Victim If Nafta Ends,2017-02-03,Bloomberg,"As Donald Trump's administration prepares to renegotiate Nafta, the head of Mexico's largest movie theater chain is warning that an end to free trade could...",https://www.bloomberg.com/politics/articles/2017-02-03/even-movie-theater-popcorn-could-become-a-victim-if-nafta-ends
corn,"Alien Armyworm Invading Africa May Reach Asia, Mediterranean",2017-02-06,Bloomberg,The fall armyworms that have ravaged corn fields from Ghana to South Africa since arriving on the continent last year could spread to Asia and the...,https://www.bloomberg.com/news/articles/2017-02-06/alien-armyworms-invading-africa-could-reach-asia-mediterranean
corn,South Africa’s 2016 Corn Crop Drops 22% to Smallest in 9 Years,2017-02-10,Bloomberg,"The 2016 total corn harvest in South Africa, the world's biggest producer of the white variety after Mexico, fell 22 percent, the smallest crop since 2007,...",https://www.bloomberg.com/news/articles/2017-02-10/south-africa-s-2016-corn-crop-drops-22-to-smallest-in-9-years
corn,"Forget Alien Armyworms, a Worse Threat to African Corn Looms",2017-02-15,Bloomberg,"Locusts breeding in central Zambia may pose a bigger threat to farmers in southern Africa than the fall armyworm that's ravaged crops this year,...",https://www.bloomberg.com/news/articles/2017-02-14/forget-alien-armyworms-a-bigger-threat-to-african-corn-may-loom
corn,Should Farmers Fear Trump?,2017-02-15,Bloomberg,"Kirk Liefer is readying his soybeans for shipment down southern Illinois's Kaskaskia River. The Kaskaskia feeds into the Mississippi, which, to a great...",https://www.bloomberg.com/news/articles/2017-02-16/should-farmers-fear-trump
corn,Kenya Plans to Import Yellow Corn for First Time Since 2011,2017-02-17,Bloomberg,"Kenya has approved the import of 5 million bags, or 450000 metric tons, of yellow corn from Ukraine as a drought slashes its own output of the grain.",https://www.bloomberg.com/news/articles/2017-02-16/kenya-to-import-yellow-corn-for-first-time-since-2011-on-drought
corn,New Taxes Could Trigger a Japanese Craft Beer Renaissance,2017-03-01,Bloomberg,"In Japan, a nation of epicures, the local beers aren't always palate pleasers. Connoisseurs blame the taxman. The Finance Ministry imposes higher taxes on...",https://www.bloomberg.com/news/articles/2017-03-02/new-taxes-could-trigger-a-japanese-craft-beer-renaissance
corn,Bloomberg Billionaires Index - Natie Kirsh,2017-03-01,Bloomberg,"View profiles for each of the world's 500 richest people, see the biggest movers, and compare fortunes or track returns.",https://www.bloomberg.com/billionaires/profiles/nathan-kirsh/
corn,The Trading Game,2017-03-19,Bloomberg,"Instructions. Tap anywhere to buy a share; Hold your finger to hold; Release to sell. Toph TuckerToph Tucker. About. October 19, 2015.",https://www.bloomberg.com/features/2015-stock-chart-trading-game/?ticker=corn&gameid=1465693110395
corn,Cargill Link to Anti-GMO Group Spurs Criticism From Farmers,2017-03-28,Bloomberg,Cargill Inc.'s efforts to supply food companies with non-genetically modified ingredients have come under attack from the other side of its business:...,https://www.bloomberg.com/news/articles/2017-03-27/cargill-faces-farmer-backlash-over-links-with-non-gmo-group
corn,The Caviar of the South Finally Gets Its Due,2017-04-07,Bloomberg,"The Masters version might be the most famous, but great pimento cheese is popping up everywhere.",https://www.bloomberg.com/news/articles/2017-04-07/pimento-cheese-the-caviar-of-the-south-finally-gets-its-due-recipe
corn,The Best Steaks in Chicago,2017-04-20,Bloomberg,"Chicago is America's spiritual steak capital, having once packaged most of the country's beef. Nowadays, it's known for flavor-packed ribeyes and bone-in...",https://www.bloomberg.com/features/2017-chicago-best-steaks/
corn,Why These Nachos Are Worth $30 a Plate,2017-04-25,Bloomberg,The crab and sea urchin toppings actually make these tasty treats a good investment in your dining budget.,https://www.bloomberg.com/news/articles/2017-04-25/why-these-nachos-are-worth-30-a-plate
corn,How Corn Took Over American Farms,2017-05-11,Bloomberg,Farmers who had long rotated plantings among a diverse group of grains are increasingly turning to a single one. Corn has always been a mainstay of U.S....,https://www.bloomberg.com/graphics/2017-crop-that-ate-america/
corn,Where the Creative Class is Most (and Least) Diverse,2017-05-11,Bloomberg,Racial and ethnic diversity spurs economic progress; sameness spells economic segregation.,https://www.bloomberg.com/news/articles/2017-05-11/mapping-creative-class-diversity
corn,"From Tea to Tobacco, India Releases New Tax Rates for Goods",2017-05-18,Bloomberg,"Tea will be taxed at 5 percent and chewing tobacco will face a 160 percent levy after India finalized most rates for a new goods and services tax,...",https://www.bloomberg.com/politics/articles/2017-05-18/india-clears-major-hurdle-to-introduce-gst-on-july-1-deadline
corn,Why Is It So Hard to Build a $3.4 Billion Mega-Mall Near Paris?,2017-05-21,Bloomberg,"The only thing moving in the broad expanse of wheat, colza, corn and beet fields near Paris is a half-empty city bus trundling along a brand-new road.",https://www.bloomberg.com/news/articles/2017-05-22/dalian-wanda-auchan-fight-for-3-4-billion-europacity-paris-mall
corn,Why China Must Figure Out How to Feed the Whole World,2017-05-22,Bloomberg,China's 1.4 billion people are building up an appetite that is changing the way the world grows and sells food. The Chinese diet is becoming more like that...,https://www.bloomberg.com/graphics/2017-feeding-china/
corn,Europe Raises 'Serious Concerns' Over Brazil's Meat,2017-06-14,Bloomberg,Europe says it has “serious concerns” over supplies of Brazilian meat as the South American industry struggles to recover from a probe over tainted products.,https://www.bloomberg.com/news/articles/2017-06-14/europe-raises-serious-concerns-over-brazil-meat-after-probe
corn,"Elon Musk's Go Fever - May 18, 2015 Issue",2017-06-15,Bloomberg,"Bloomberg Businessweek helps global leaders stay ahead with insights and in-depth analysis on the people, companies, events, and trends shaping today's...",https://bloomberg.com/magazine/businessweek/15_21
corn,"U.S. Beef Debuts in China After 14 Years, May Help Balance Trade",2017-06-30,Bloomberg,The US aims to export more high-quality and safe farm products to China to help balance trade between the two countries as it marks its first shipment of beef...,https://www.bloomberg.com/news/articles/2017-06-30/u-s-beef-debuts-in-china-after-14-years-may-help-balance-trade
corn,Does the World’s Top Weed Killer Cause Cancer? Trump’s EPA Will Decide,2017-07-13,Bloomberg,"Roundup has revolutionized farming. Now, human health and Bayer's $66 billion deal for Monsanto depend on an honest appraisal of its safety.",https://www.bloomberg.com/news/features/2017-07-13/does-the-world-s-top-weed-killer-cause-cancer-trump-s-epa-will-decide
corn,What’s Driving This Summer’s Weird Weather,2017-07-26,Bloomberg,Summer's been a bit of a hit-and-miss affair as far as farmers and natural gas traders are concerned.,https://www.bloomberg.com/news/articles/2017-07-26/-erratic-summer-weather-pinned-on-lack-of-el-nino-game-changer
corn,"Reina de la tortilla vence a estrella de TV, conserva su fortuna",2017-07-26,Bloomberg,"Por Justin Villamil. Cuando Lorena Tassinari ingresó a una corte de Dallas para reclamar una parte de la mayor fortuna en tortillas de México, tenía la...",https://www.bloomberg.com/latam/blog/reina-de-la-tortilla-vence-estrella-de-tv-conserva-su-fortuna/
corn,"The Great Corn Clash Is Coming as U.S., Brazil Farmers Face Off",2017-07-31,Bloomberg,The world's biggest corn exporters are preparing for a showdown. Brazilian farmers are in the midst of collecting their biggest corn harvest ever and American...,https://www.bloomberg.com/news/articles/2017-07-30/the-great-corn-clash-is-coming-as-u-s-brazil-farmers-face-off
corn,"Crop-Eating Worms, Cattle Disease Add to South Sudan Anguish",2017-08-02,Bloomberg,"The fall armyworms, already wreaking havoc elsewhere in Africa, have destroyed vital corn and sorghum crops and grazing land since arriving in South Sudan in...",https://www.bloomberg.com/politics/articles/2017-08-01/crop-eating-worms-cattle-disease-add-to-south-sudan-s-anguish
corn,Army-Owned Firm Seeks to Double Share in Pakistan Dairy Market,2017-08-13,Bloomberg,"Pakistan's Fauji Foods Ltd. wants to significantly expand its dairy business, ratcheting up competition among fast-moving consumer goods firms chasing the...",https://www.bloomberg.com/news/articles/2017-08-13/army-owned-firm-seeks-to-double-share-in-pakistan-dairy-market
corn,War on Sugar Has Food Giants Vying to Make Stevia Tastier,2017-08-14,Bloomberg,"Over the past decade, a little-known herb 200 times sweeter than sugar has become a $4 billion global industry, showing up in everything from Coca Cola...",https://www.bloomberg.com/news/articles/2017-08-14/war-on-sugar-has-food-giants-vying-to-shed-stevia-s-low-cal-bite
corn,Android Co-Founder Has a Plan to Cure Our Smartphone Addiction,2017-08-18,Bloomberg,"Andy Rubin, debuting his Essential Phone this week, says artificial intelligence will let us outsource tedious tasks to our phones.",https://www.bloomberg.com/news/articles/2017-08-18/andy-rubin-explains-why-the-world-needs-another-smartphone
corn,This Cheetos-Inspired Restaurant Took New York by Storm,2017-08-18,Bloomberg,"The Spotted Cheetah was serving Cheetos-crusted fried pickles, spicy Cheetos nachos, white cheddar Mac 'n' Cheetos, “dangerously cheesy” meatballs, and Cheetos...",https://www.bloomberg.com/news/articles/2017-08-18/this-cheetos-inspired-restaurant-took-new-york-by-storm
corn,Soviet-Era Grain Record Seen Tumbling on Bumper Russian Crop,2017-08-21,Bloomberg,"The harvest will total at least 130.7 million metric tons this year on bumper wheat and corn crops, said Vladimir Petrichenko, director general of Moscow-based...",https://www.bloomberg.com/news/articles/2017-08-21/soviet-era-grain-record-seen-tumbling-on-bumper-russian-harvest
corn,Taking Aim at the Confederate Monuments of Gettysburg,2017-08-24,Bloomberg,"The Battle of Gettysburg, fought over three days in July of 1863, is often considered the turning point of a war fought over the fate of slavery in America.",https://www.bloomberg.com/news/articles/2017-08-24/taking-aim-at-the-confederate-monuments-of-gettysburg
corn,"Irma, Harvey, Jose, Katia: The Costliest Year Ever?",2017-08-28,Bloomberg,"As the list of catastrophic storms gets longer, disaster budgets are being tested like never before.",https://www.bloomberg.com/graphics/2017-costliest-insured-losses/
corn,All-Natural Cheetos Give Snack Giant a Way Into the New Whole Foods,2017-08-30,Bloomberg,"Amazon.com Inc.'s acquisition of Whole Foods is coming at just the right time for Frito-Lay, the snack giant known for Doritos, Ruffles and Funyuns.",https://www.bloomberg.com/news/articles/2017-08-30/organic-doritos-give-frito-lay-a-path-into-amazon-s-whole-foods
corn,JBS’s Batista Turns Himself Into Police After Arrest Order,2017-09-10,Bloomberg,"Joesley Batista, the Brazilian tycoon who turned JBS SA into a global meat powerhouse, has handed himself into police, the latest chapter of a scandal that...",https://www.bloomberg.com/news/articles/2017-09-10/jbs-batista-closer-to-jail-as-supreme-court-orders-arrest
corn,"In an Effort to Quench Your Thirst, Sports Drinks Are Cutting Sugar",2017-09-12,Bloomberg,"A market started by Gatorade has become a scientific proving ground for high-tech, all-natural hydration.",https://www.bloomberg.com/features/2017-sports-drinks-wars/
corn,Gucci Loafers Out of Reach? Try These Private Labels On for Size,2017-09-14,Bloomberg,Never before have so many new fashion labels sprung up in Europe as online retailers try to fend off a dual threat from e-commerce giant Amazon.com Inc. and...,https://www.bloomberg.com/news/articles/2017-09-15/europe-s-online-retailers-fight-amazon-with-own-fashion-labels
corn,"World Hunger Worsens as War, Climate Shocks Hit Food Access",2017-09-15,Bloomberg,The number of people suffering from hunger last year rose at the fastest pace since at least the beginning of this century as conflicts and climate-related...,https://www.bloomberg.com/news/articles/2017-09-15/world-hunger-worsens-as-war-and-climate-shocks-hit-food-security
corn,Weird Food for Sale in Venezuela But Nothing That Anyone Wants,2017-09-18,Bloomberg,"You can buy a fat, dense loaf called the gallego, or a soft sobado, or a campesino for sandwiches, even a sweet andino lined with guava jam or corn or fruit.",https://www.bloomberg.com/news/articles/2017-09-18/weird-food-for-sale-in-venezuela-but-nothing-that-anyone-wants
corn,Blame Henry Ford for Deadly Superbugs,2017-09-20,Bloomberg,The strange journey from soybean-fueled cars to antibiotic-resistant bacteria.,https://www.bloomberg.com/news/features/2017-09-20/henry-ford-and-soy-set-up-antibiotic-resistance-deadly-superbugs
corn,北朝鮮への輸出急増、中国産のトウモロコシ・小麦－穀物不足浮き彫り,2017-09-26,Bloomberg,中国から北朝鮮へのトウモロコシと小麦の輸出が急増した。核開発を巡る緊張が高まる中で、北朝鮮国内の穀物不足を浮き彫りにした。,https://www.bloomberg.co.jp/news/articles/2017-09-26/OWVSJZ6JTSEK01
corn,Syngenta Agrees to Pay More Than $1.4 Billion in Corn Accord,2017-09-26,Bloomberg,"Syngenta Agrees to Pay More Than $1.4 Billion in Corn Accord · Settlement will resolve more than 100,000 farmers' lawsuits · Syngenta accused of contaminating...",https://www.bloomberg.com/news/articles/2017-09-26/syngenta-said-to-pay-more-than-1-4-billion-in-corn-settlement
corn,These Are the Faces of Venezuelan Hunger,2017-09-27,Bloomberg,"The economic crisis in Venezuela has led to strict food rationing, surging malnutrition, and, in some extreme cases, starvation.",https://www.bloomberg.com/features/2017-venezuela-hunger/
corn,The Plan to Feed All Russians Hinges On Homemade Seeds,2017-09-29,Bloomberg,"Russia has transformed its agriculture industry since the Soviet era as imports of foreign capital, equipment and technology helped farmers create one of...",https://www.bloomberg.com/news/articles/2017-09-28/russia-farm-boom-fueling-seed-making-shift-to-challenge-monsanto-j852crw7
corn,Even Dogs Are Eating Quinoa Now,2017-10-04,Bloomberg,"After all that meat, ancient grains and vegetables make a play for top billing in the bowl.",https://www.bloomberg.com/news/articles/2017-10-04/even-dogs-eat-quinoa-now-as-healthy-plants-come-to-pet-food
corn,Americans Eating More Butter Made Dallas Wuethrich a Billionaire,2017-10-05,Bloomberg,"Americans have renewed their love affair with butter, slathering it on corn, plopping pats in their coffee and even using it to mix cocktails.",https://www.bloomberg.com/news/articles/2017-10-05/americans-eating-more-butter-made-dallas-wuethrich-a-billionaire
corn,These Are the Best Tacos in Mexico City,2017-10-09,Bloomberg,"The world is experiencing a Mexican food revolution—specifically, a taco revolution. All across America and as far away as Singapore, chefs are changing...",https://www.bloomberg.com/features/2017-mexico-city-best-tacos/?terminal=true
corn,The Perfect Fall Foliage Drive Is Along Maine’s Coastal Route 1,2017-10-19,Bloomberg,"A trip up the coast in October, when most of the tourists have left, is a great time to experience the beauty of the season—and discover the real...",https://www.bloomberg.com/news/features/2017-10-19/the-perfect-fall-foliage-drive-is-along-maine-s-coastal-route-1
corn,"Regal Cinemas Plan May Let You Pay Less for Flops, More for Hits",2017-10-24,Bloomberg,"Regal Entertainment Group is testing demand-based pricing for films, potentially leading to higher prices for top hits and low prices for flops,...",https://www.bloomberg.com/news/articles/2017-10-24/regal-cinemas-plans-to-test-new-pricing-to-fill-empty-seats
corn,Take a 360 Video Tour of a $16 Million Irish Castle,2017-10-27,Bloomberg,Knockdrin Castle is on sale for the first time in half a century. Here's what it's like to be inside.,https://www.bloomberg.com/news/articles/2017-10-27/take-a-360-video-tour-of-a-16-million-irish-castle
corn,Campbell Soup Is Joining the Vegetarians,2017-10-30,Bloomberg,The iconic brand signs up with a plant-based lobby group. But don't worry—there will still be chicken soup for you.,https://www.bloomberg.com/news/articles/2017-10-30/campbell-s-soup-joins-vegetarians-and-plant-based-foods-group
corn,What Life Is Like Inside WeWork’s Communal Housing Project,2017-11-02,Bloomberg,"It's been a year and a half since August Urbish first stepped into the lobby of the WeWork Cos. housing community on Wall Street, and he says the experience...",https://www.bloomberg.com/news/articles/2017-11-02/what-life-is-like-inside-wework-s-communal-housing-project
corn,Regal Cinemas Is in Talks for Merger With U.K.'s Cineworld,2017-11-29,Bloomberg,"Regal Entertainment Group, the movie-theater chain controlled by billionaire Philip Anschutz, is in talks for a merger with the U.K.'s Cineworld Group Plc,...",https://www.bloomberg.com/news/articles/2017-11-28/regal-cinemas-is-said-in-talks-for-sale-to-u-k-s-cineworld
corn,Venezuela’s Once-Fertile Farmlands Are Barren,2017-12-01,Bloomberg,"Photographs by Fabiola Ferrero; story by Patricia Laya As Venezuelans in cities scavenge for food, once-fertile farmlands are barren as well.",https://www.bloomberg.com/news/features/2017-12-01/fallow-fields-show-crisis-in-hungry-venezuela-s-heartland-farms
corn,Cineworld Nears Deal to Buy Regal,2017-12-01,Bloomberg,U.K.'s Cineworld Group Plc is nearing an agreement to buy U.S. cinema operator Regal Entertainment Group for about $3.6 billion to tap into the world's...,https://www.bloomberg.com/news/articles/2017-12-01/cineworld-is-said-nearing-deal-to-acquire-regal-for-u-s-growth
corn,Cinemark Introduces Once-a-Month Movie Pass for $8.99,2017-12-05,Bloomberg,"Cinemark Holdings Inc., the third-biggest U.S. cinema chain, became the first major exhibitor to offer a subscription service, responding to the challenge...",https://www.bloomberg.com/news/articles/2017-12-05/cinemark-introduces-once-a-month-movie-pass-for-8-99
corn,World’s Largest Water Diversion Plan Won’t Quench China’s Thirst,2017-12-10,Bloomberg,"Autumn rains came too late to save the stunted stalks of Shu Xinguo's corn crop, withered by a dry July growing season.",https://www.bloomberg.com/news/articles/2017-12-10/world-s-largest-water-diversion-plan-won-t-slake-china-s-thirst
corn,America’s Corn Syrup Habit Could Fill New Jersey,2017-12-20,Bloomberg,The U.S. corn belt is large enough to cover the entire D.C.-to-Boston train corridor.,https://www.bloomberg.com/news/articles/2017-12-20/america-s-corn-syrup-habit-could-fill-new-jersey
corn,Killer Fungus That Just Won't Die Threatens Brazilian Farms,2017-12-21,Bloomberg,A plant disease known as Asian rust has infiltrated soybean fields across Brazil -- the world's biggest exporter of the versatile oilseed used in countless...,https://www.bloomberg.com/news/articles/2017-12-21/killer-fungus-threatens-brazilian-farms-as-pesticides-lose-power
corn,Why the University of Illinois Is Investing in Farmland,2018-01-03,Bloomberg,This big Midwestern state school is betting on corn and soy.,https://www.bloomberg.com/news/articles/2018-01-03/why-the-university-of-illinois-is-investing-in-farmland
corn,Oil's Dream to Grow in Plastics Dims as Coke Turns to Plants,2018-01-03,Bloomberg,Companies that make packaging from plants instead of fossil fuels are starting to challenge the oil industry's ambition to increase the supply of raw materials...,https://www.bloomberg.com/news/articles/2018-01-02/oil-s-dream-to-expand-in-plastics-dims-as-coke-turns-to-plants
corn,Dan Marino Battling DJ Khaled as Diet War Focuses on Men,2018-01-10,Bloomberg,The Hall of Fame quarterback and social-media celebrity are on opposing sides in the battle for diet dollars as Nutrisystem Inc. and Weight Watchers...,https://www.bloomberg.com/news/articles/2018-01-10/dan-marino-battles-dj-khaled-as-diet-war-turns-attention-to-men
corn,Fear of a Plastic Planet,2018-01-15,Bloomberg,"T.V. naturalist Sir David Attenborough made his viewers weep last month with an exposé on how plastics are polluting the oceans, harming marine animals and...",https://www.bloomberg.com/gadfly/articles/2018-01-15/plastic-industry-looks-indestructible-despite-attenborough
corn,Farmers Risk Lashes as War Decimates South Sudan Breadbasket,2018-01-18,Bloomberg,"Each time Patrick Okello goes to tend his crops, he has to tell the soldiers or face 50 lashes with a whip when he returns.",https://www.bloomberg.com/politics/articles/2018-01-18/farmers-risk-whippings-as-war-decimates-south-sudan-breadbasket
corn,Winemakers Turn to MIT to Save Pinot Noir in Warming Temperatures,2018-01-23,Bloomberg,Biochemical engineer Jean-Francois Hamel has discovered the secrets to how natural yeasts affect flavors and alcohol levels in wine—and why they can help...,https://www.bloomberg.com/news/articles/2018-01-23/winemakers-turn-to-mit-to-save-pinot-noir-in-warming-temperatures
corn,Campbell Declines After Walmart Woes Take a Toll on Soup Sales,2018-02-16,Bloomberg,"Campbell Soup Co. shares fell after the company posted another decline in soup demand, hurt by a dispute with Walmart Inc.",https://www.bloomberg.com/news/articles/2018-02-16/campbell-declines-after-walmart-woes-take-toll-on-soup-sales
corn,Biggest Commodity Winner of 2018 Rallies on Argentina's Drought,2018-02-16,Bloomberg,"To understand why soybean meal is the best-performing commodity so far this year, talk to Ariel Striglio, a 52-year-old farmer in Argentina's Santa Fe...",https://www.bloomberg.com/news/articles/2018-02-16/biggest-commodity-winner-of-2018-rallies-on-argentina-s-drought
corn,Soybeans Could Dethrone Corn as U.S. Crop King After 35 Years,2018-02-21,Bloomberg,Soybeans Could Dethrone Corn as U.S. Crop King After 35 Years · Soy acres may exceed corn for first time since 1983: survey · USDA to release its acreage...,https://www.bloomberg.com/news/articles/2018-02-21/soybeans-could-dethrone-corn-as-u-s-crop-king-after-35-years
corn,Hungry Venezuelan Workers Are Collapsing On the Job,2018-02-22,Bloomberg,"Starving employees are growing too weak for heavy labor, hobbling the refineries that keep the economy running.",https://www.bloomberg.com/news/features/2018-02-22/hungry-venezuelan-workers-are-collapsing-so-is-the-oil-industry
corn,Twinkie Maker's Push Into More Upscale Snacks Helps Fuel Rally,2018-03-01,Bloomberg,"Hostess Brands Inc., known for convenience-store fare like Twinkies and Ding Dongs, is making a successful foray into more upscale treats.",https://www.bloomberg.com/news/articles/2018-03-01/twinkie-maker-s-push-into-more-upscale-snacks-helps-fuel-rally
corn,Deere Is Concerned About Retaliation Against U.S. Agriculture,2018-03-21,Bloomberg,"Deere & Co., the world's largest maker of agricultural equipment, is concerned that rising trade tensions between the U.S. and other countries could affect...",https://www.bloomberg.com/news/articles/2018-03-20/deere-is-concerned-about-retaliation-against-u-s-agriculture
corn,Free Chips and Salsa Spurs Jump in Chili's Rewards Sign-Ups,2018-04-02,Bloomberg,"Chili's Grill & Bar is making with an overhaul to its rewards program, which now offers members free chips and salsa or a non-alcoholic drink with every visit.",https://www.bloomberg.com/news/articles/2018-04-02/free-chips-and-salsa-spurs-jump-in-chili-s-rewards-sign-ups
corn,"As China Fires Back in Trade War, Here Are the Winners And Losers",2018-04-04,Bloomberg,"In the brewing trade-war between the U.S. and China, the list of losers already outweighs the winners.",https://www.bloomberg.com/news/articles/2018-04-04/as-china-fires-back-in-trade-war-here-are-the-winners-and-losers
corn,Japan Has Perfected the Niche Business Model. Just Ask These ‘Boneheads’,2018-04-05,Bloomberg,"On a small island known for olives and wild monkeys in western Japan, Rika Onishi spends her days tasting and sniffing sesame oil.",https://www.bloomberg.com/news/articles/2018-04-05/the-boneheads-who-obsessed-about-sesame-oil-for-160-years
corn,"Satellites Are Great, But They Don’t Beat U.S. Crop Forecasters",2018-04-12,Bloomberg,"For decades, government satellites have been taking detailed photographs of crops around the world that are now being tapped by traders like Cargill Inc. to...",https://www.bloomberg.com/news/articles/2018-04-11/what-satellites-can-t-see-u-s-crop-forecasters-walk-and-learn
corn,Climate Change Is Messing With Your Dinner,2018-04-13,Bloomberg,"The future of food looks like lots of lobsters, Polish chardonnay and California coffee.",https://www.bloomberg.com/graphics/2018-climate-crops/
corn,The Next Threat Stalking American Farmers Is the End of Cheap Money,2018-04-24,Bloomberg,"American farmers have managed to stay afloat despite years of shrinking crop values, the lowest incomes since the recession and a budding trade war with China.",https://www.bloomberg.com/news/articles/2018-04-24/next-threat-stalking-american-farmers-is-the-end-of-cheap-money
corn,Milk Is Risky Business. Got Futures?,2018-05-01,Bloomberg,"Doug Block, a dairy farmer for 45 years, says he grew up in an era when the price of corn feed for cows fluctuated by just 6¢ a bushel.",https://www.bloomberg.com/news/articles/2018-05-01/as-dairy-goes-global-more-farmers-turn-to-futures-and-options
corn,Business Hates Mexico’s Presidential Front-Runner. And He Doesn’t Care,2018-05-08,Bloomberg,"Andrés Manuel López Obrador, the nation's anti-Trump, has a 20-point lead in the polls.",https://www.bloomberg.com/news/features/2018-05-09/business-hates-mexico-s-presidential-front-runner-so-will-trump
corn,HBO Launches a Global War for Cord-Cutters,2018-05-10,Bloomberg,The home of “Game of Thrones” is developing new shows from Spain to Scandinavia as the golden age of television heads overseas.,https://www.bloomberg.com/news/articles/2018-05-11/hbo-launches-a-global-war-for-cord-cutters
corn,Kellogg Says It’s Discontinuing Venezuela Operations,2018-05-15,Bloomberg,"Corn Flakes may be even scarcer in Caracas. Kellogg Co. said Tuesday it will discontinue operations in Venezuela immediately, blaming the country's...",https://www.bloomberg.com/politics/articles/2018-05-15/kellogg-leaves-venezuela-as-breakfast-falls-victim-to-crisis
corn,These Are Global Shipping's Biggest Chokepoints,2018-05-18,Bloomberg,The ability of global trade to feed the world is one of the great success stories of the past generation. More than 1 billion people faced hunger on a...,https://www.bloomberg.com/graphics/2018-food-trade-chokepoints/
corn,Here Are Six Forces David Zervos Says Will Hold Down U.S. Inflation,2018-05-22,Bloomberg,U.S. central bankers monitoring any pickup in price pressures on companies and consumers can relax. Here are six factors that are likely to keep inflation...,https://www.bloomberg.com/news/articles/2018-05-22/here-are-six-forces-zervos-says-will-hold-down-u-s-inflation
corn,EU's Corn-Buying Spree Is Boosting Rare Trade With South Africa,2018-05-22,Bloomberg,EU's Corn-Buying Spree Is Boosting Rare Trade With South Africa · Imports from South Africa forecast to jump to seven-year high · Spain has been only recent...,https://www.bloomberg.com/news/articles/2018-05-23/eu-s-corn-buying-spree-is-boosting-rare-trade-with-south-africa
corn,Latin American Land Owners Are Fighting to Keep Power Lines Out,2018-05-30,Bloomberg,Gilson Denardin always hated the towering transmission lines crisscrossing his farm in northeastern Brazil. So when he caught wind of plans to put up two...,https://www.bloomberg.com/news/features/2018-05-30/latin-american-land-owners-are-fighting-to-keep-power-lines-out
corn,America’s Largest Private Company Reboots a 153-Year-Old Strategy,2018-06-07,Bloomberg,William Wallace Cargill pioneered the modern agricultural trading industry in 1865 when he established a string of grain warehouses across the American...,https://www.bloomberg.com/news/articles/2018-06-07/america-s-largest-private-company-reboots-a-153-year-old-strategy
corn,Kenneth Karuri,2018-06-14,Bloomberg,Recent stories by Kenneth Karuri on Bloomberg.com.,https://bloomberg.com/authors/ATqHiYjWSw4/kenneth-karuri
corn,"Trade War Hits Trump Heartland, With Mines, Farms as Targets",2018-06-16,Bloomberg,China's response to U.S. tariffs aims to hit the Trump administration right in its natural resources. The world's largest commodities consumer on Friday...,https://www.bloomberg.com/news/articles/2018-06-15/u-s-commodities-in-china-s-crosshairs-as-trade-war-escalates
corn,HFT Traders Dust Off Century-Old Tool in Search of Market Edge,2018-06-18,Bloomberg,The latest twist in the race to be fastest in high-frequency trading sits just down the road from the Promise Equestrian Center.,https://www.bloomberg.com/news/articles/2018-06-18/hft-traders-dust-off-19th-century-tool-in-search-of-market-edge
corn,"Investors Demand Nestle, Pepsi and Others Cut Plastic Use",2018-06-21,Bloomberg,"A group of 25 investors managing more than $1 trillion in assets are demanding that Nestle SA, PepsiCo Inc., Procter & Gamble Co. and Unilever NV reduce...",https://www.bloomberg.com/news/articles/2018-06-21/investors-demand-nestle-pepsi-and-others-cut-plastic-packaging
corn,Why Soybeans Are at the Heart of the U.S.-China Trade War,2018-07-05,Bloomberg,China's newly imposed tariffs against US soybeans herald a major trade shift for a crop that's soared to prominence in recent decades.,https://www.bloomberg.com/graphics/2018-soybean-tariff/
corn,"Loan Sharks, Gangsters, and Paltry Job Prospects Greet Guatemalan Deportees",2018-07-17,Bloomberg,Migrants expelled from the U.S. often have little choice but to head north again.,https://www.bloomberg.com/news/articles/2018-07-17/loan-sharks-gangsters-and-poverty-greet-guatemalan-deportees
corn,4 Types of Goldfish Crackers Recalled Over Salmonella Fears,2018-07-24,Bloomberg,Pepperidge Farm is voluntarily recalling four varieties of Goldfish Crackers because of fears they could potentially have salmonella.,https://www.bloomberg.com/news/articles/2018-07-24/4-types-of-goldfish-crackers-recalled-salmonella-fears
corn,The Train Robbery Capital of the World,2018-07-24,Bloomberg,Head southeast out of Mexico City for about four hours or so and you will come upon the town of Acultzingo.,https://www.bloomberg.com/news/articles/2018-07-24/train-robbers-launch-brazen-wave-of-attacks-south-of-the-border
corn,Ketchup Packets to Get Makeover in Kraft Heinz Recycling Push,2018-07-31,Bloomberg,"The Chicago-based food giant said Tuesday it will make 100 percent of its packaging globally recyclable, reusable or compostable by 2025.",https://www.bloomberg.com/news/articles/2018-07-31/ketchup-packets-to-get-makeover-in-kraft-heinz-recycling-push
corn,Here’s How America Uses Its Land,2018-07-31,Bloomberg,"The 48 contiguous states alone are a 1.9 billion-acre jigsaw puzzle of cities, farms, forests and pastures that Americans use to feed themselves, power their...",https://www.bloomberg.com/graphics/2018-us-land-use/
corn,Doni Holloway,2018-08-01,Bloomberg,Recent stories by Doni Holloway on Bloomberg.com.,https://bloomberg.com/authors/ATsVb59NVN0/doni-holloway
corn,South Africa’s Land Problem Won’t Go Away,2018-08-02,Bloomberg,Investors are right to be worried about agricultural reform. They're wrong about the reasons.,https://www.bloomberg.com/view/articles/2018-08-02/south-africa-s-land-problem-still-shadowed-by-apartheid
corn,Godfather of GMOs Wants Consumers to Be Less Afraid of His Food,2018-08-04,Bloomberg,Robert T. Fraley helped invent the genetically modified seeds that have become a $17 billion global industry and ushered in a new era of agricultural...,https://www.bloomberg.com/news/articles/2018-08-04/godfather-of-gmos-wants-consumers-to-be-less-afraid-of-his-food
corn,Indra Nooyi’s Pepsi Exit Means Another Female CEO Replaced by a Man,2018-08-06,Bloomberg,"PepsiCo Inc. CEO Indra Nooyi, who announced Monday that she'll leave the post in October, and at least four other women this year.",https://www.bloomberg.com/news/articles/2018-08-06/nooyi-s-pepsi-exit-means-another-female-ceo-replaced-by-a-man
corn,‘The Meg’ Takes Bite Out of ‘Mission: Impossible’ in Debut,2018-08-13,Bloomberg,"The Meg, a Warner Bros. thriller featuring a 70-foot shark, smashed forecasts to open as the No. 1 film in North American theaters this weekend.",https://www.bloomberg.com/news/articles/2018-08-12/-the-meg-takes-bite-out-of-mission-impossible-in-no-1-debut
corn,The Best Places to Eat Along California’s Highway 1,2018-08-29,Bloomberg,The winding coastal road between Los Angeles and San Francisco has some of the best grub in the country. You just have to know where to pull over.,https://www.bloomberg.com/news/features/2018-08-29/california-highway-1-road-trip-where-to-eat-in-big-sur-and-more
corn,"Despite Netflix, Movie Theaters Had Best Summer in Decades",2018-08-29,Bloomberg,"Movie theaters are having their best summer in two decades, reversing the losses from 2017's disappointing season and showing resiliency in the Netflix era.",https://www.bloomberg.com/news/articles/2018-08-29/despite-netflix-threat-hollywood-had-its-best-summer-in-decades
corn,Nigeria Seeks to Cut Wheat Imports by Boosting Local Output,2018-09-04,Bloomberg,Wheat farmers in Nigeria are planting new varieties more suited to the tropics to boost local production and help cut imports costing more than $4 billion a...,https://www.bloomberg.com/news/articles/2018-09-03/nigeria-seeks-to-cut-wheat-imports-by-boosting-local-output
corn,Global Forces Have Shifted America’s Harvests,2018-09-07,Bloomberg,"The grain and corn are still here, but they're less and less likely to exist side by side.",https://www.bloomberg.com/graphics/2018-crop-shift/
corn,Sarah Foster,2018-09-11,Bloomberg,White House economic adviser Larry Kudlow joked that he asked President Donald Trump not to tweet details of the October jobs report before they became...,https://bloomberg.com/authors/ATzlPgGw2ZI/sarah-foster
corn,The Race to Disrupt Your Tedious Treadmill Workout Is Heating Up,2018-09-12,Bloomberg,Peloton built a billion-dollar business on stationary bikes. Now the company and its rivals want to disrupt the most miserable form of home workout.,https://www.bloomberg.com/features/2018-treadmill-wars-are-here/
corn,The Art of the Bodega Sign,2018-09-14,Bloomberg,"How these curbside canvases came to be, according to the men who make them.",https://www.bloomberg.com/news/articles/2018-09-14/inside-the-mind-of-a-bodega-signmaker
corn,Cambodia Has a Big Problem With Small Loans,2018-10-01,Bloomberg,"As the sun rises beyond the Mekong River over the village of Ta Skor near Cambodia's capital, 60-year-old farmer Sophal and his wife are hard at work trying...",https://www.bloomberg.com/news/articles/2018-10-01/microfinance-runs-amok-in-cambodia-where-everybody-has-a-loan
corn,#MeToo’s First Year Ends With More Than 425 Accused,2018-10-05,Bloomberg,"At least 425 prominent people across industries have been publicly accused of sexual misconduct, a broad range of behavior that spans from serial rape to lewd...",https://www.bloomberg.com/graphics/2018-me-too-anniversary/
corn,Why Kombucha May Never Make It Really Big,2018-10-05,Bloomberg,"High fructose corn syrup, the ubiquitous sugar substitute blamed for slowly killing Americans through diabetes, obesity and heart disease, has been under...",https://www.bloomberg.com/news/articles/2018-10-05/can-big-soda-take-kombucha-mainstream
corn,How an Erratic Monsoon Wreaks Havoc on India and Beyond,2018-10-11,Bloomberg,"When there's too much rain, floods cause landslides and wash crops away; hundreds of people die each year. When there's too little, families go hungry and...",https://www.bloomberg.com/graphics/2018-india-monsoon/?terminal=true
corn,"Maduro Got a Salt Bae Feast, But Turkey Gets Venezuela’s Gold",2018-10-11,Bloomberg,"When Venezuelan President Nicolás Maduro was feted with thick cuts of beef and luxury cigars at Salt Bae's celebrity steakhouse in Istanbul last month,...",https://www.bloomberg.com/news/articles/2018-10-11/why-erdogan-is-maduro-s-new-bff
corn,Americans Keep Getting Smarter About Sugar,2018-10-11,Bloomberg,Per-capita consumption of sugar and other caloric sweeteners was down in the U.S. in 2017 for the third straight year — and 13th out of the past 18...,https://www.bloomberg.com/view/articles/2018-10-11/americans-cut-sugar-intake-in-decline-worth-celebrating
corn,Marathon Is Said to Weigh Selling High-Ethanol Gas in Minnesota,2018-10-19,Bloomberg,"Marathon Petroleum Corp., the largest U.S. oil refiner following its $23.3 billion acquisition of rival Andeavor this month, is weighing a plan to start...",https://www.bloomberg.com/news/articles/2018-10-19/marathon-is-said-to-weigh-selling-high-ethanol-gas-in-minnesota
corn,"How Much Herbicide Can You Tolerate in Your Food, and for How Long?",2018-10-26,Bloomberg,Some scientists say it's too soon to tell if a popular weedkiller found all over your supermarket is safe.,https://www.bloomberg.com/news/articles/2018-10-26/how-much-monsanto-herbicide-roundup-can-you-tolerate-in-your-food
corn,China Turns to Russia in Search to Replace U.S. Soybeans,2018-11-07,Bloomberg,"In the search to replace U.S. soybeans, China is turning to Russia. Russia plans to increase production of soybeans in the Far East for deliveries to China,...",https://www.bloomberg.com/news/articles/2018-11-07/china-turns-to-russia-in-search-to-replace-u-s-soybeans
corn,86 Gifts to Upgrade Your Loved Ones’ Lives,2018-11-08,Bloomberg,Don't let your loved ones suffer among everyday objects. These gifts take luxury to a higher plane.,https://www.bloomberg.com/features/2018-pursuits-holiday-gift-guide/
corn,China Needs More Beef. South Africa’s Trying to Sell It,2018-11-27,Bloomberg,The world's largest cattle feedlot is expanding South African beef exports beyond the Middle East to take advantage of surging demand in China and other Asian...,https://www.bloomberg.com/news/articles/2018-11-28/china-needs-more-beef-south-africa-s-trying-to-sell-it
corn,Modi's Popularity at Risk as Farmers' Protest Hits New Delhi,2018-11-30,Bloomberg,Tens of thousands of farmers congregated in the heart of India's capital on Friday demanding debt waivers and guaranteed prices for crops.,https://www.bloomberg.com/news/articles/2018-11-30/modi-s-popularity-at-risk-as-farmers-protest-hits-capital-city
corn,Men and Women See Sexual Harassment in the Workplace Differently,2018-12-03,Bloomberg,"Is it sexual harassment? The answer will depend on whether you're a man or a woman, as well as your age, according to a recent wide-ranging U.S. survey that...",https://www.bloomberg.com/news/articles/2018-12-03/sexual-harassment-in-workplace-is-seen-differently-by-men-women
corn,Watch Wall Street Strategies for the #MeToo Era Risk Isolating Women,2018-12-03,Bloomberg,"On this edition of ""Business of Equality,"" Bloomberg's Gillian Tan discusses the controversial Wall Street strategies that risk isolating women in finance.",https://www.bloomberg.com/news/videos/2018-12-03/wall-street-strategies-for-the-metoo-era-risk-isolating-women-video
corn,World's Strictest Food-Label Law Has One Company Fighting Back,2018-12-05,Bloomberg,"One of the biggest food companies in Chile is lashing out at a law that has made shopping for snacks tricky, whether it's a chocolate bar or bag of chips.",https://www.bloomberg.com/news/articles/2018-12-06/world-s-strictest-food-label-law-has-one-company-fighting-back
corn,"Fire, Floods and Famine: The Pessimist’s Guide to 2019",2018-12-14,Bloomberg,"As droughts and wildfires of 2018 showed, climate change can yield some serious complications for global economic stability.",https://www.bloomberg.com/graphics/pessimists-guide-to-2019/
corn,"If You Want Good Public Transportation and Delicious Tacos, Move Here",2018-12-14,Bloomberg,"From taco-rich San Diego to the tortilla wastelands of Boston, we asked you to grade U.S. cities on two critical metrics: Mexican food and public...",https://www.bloomberg.com/news/articles/2018-12-14/best-u-s-cities-for-tacos-and-public-transportation
corn,"Farmers Are Playing the Long Game With Trump, Even as Woes Build Up",2019-01-14,Bloomberg,"Donald Trump's policies might be causing hiccups in the agriculture world, but the man himself is still enjoying the affections of his farming base.",https://www.bloomberg.com/news/articles/2019-01-14/farmers-playing-long-game-with-trump-even-as-woes-build-up
corn,Ken Griffin's Buying Binge Shows He's the Ultimate Trophy Hunter,2019-01-23,Bloomberg,"Ken Griffin is showing how a billionaire goes on a shopping spree. Just days after buying one of the most expensive residential properties in London,...",https://www.bloomberg.com/news/articles/2019-01-23/citadel-s-ken-griffin-buys-nyc-penthouse-costliest-u-s-home
corn,The Only Billionaire In Iowa Thinks Elizabeth Warren Makes Some Sense,2019-02-15,Bloomberg,"Harry Stine, founder of Stine Seed Co, is a registered Republican but no fan of Trump's.",https://www.bloomberg.com/news/articles/2019-02-15/the-only-billionaire-in-iowa-thinks-elizabeth-warren-makes-some-sense
corn,German Carmakers at Most Risk From Trump Tariffs,2019-02-18,Bloomberg,"European carmakers' share rally this year might hit a roadblock as a U.S. probe of auto imports raises the potential of new tariffs, with underperforming...",https://www.bloomberg.com/news/articles/2019-02-18/-thorn-in-side-german-carmakers-at-most-risk-from-trump-tariffs
corn,Ashley Robinson,2019-02-19,Bloomberg,Recent stories by Ashley Robinson on Bloomberg.com.,https://bloomberg.com/authors/AT-0gGLwHQI/ashley-robinson
corn,China to Propose $30 Billion More U.S. Agriculture Purchases,2019-02-21,Bloomberg,"China is proposing that it could buy an additional $30 billion a year of US agricultural products including soybeans, corn and wheat as part of a possible...",https://www.bloomberg.com/news/articles/2019-02-21/china-said-to-propose-30-billion-more-u-s-agriculture-imports
corn,JPMorgan Pulls Crop Brokers From Chicago Options Trading Floor,2019-03-01,Bloomberg,JPMorgan Chase & Co. is pulling its agricultural commodity brokers from the options floor in Chicago amid a shift to electronic trading.,https://www.bloomberg.com/news/articles/2019-03-01/jpmorgan-pulls-crop-brokers-from-chicago-options-trading-floor
corn,London Biscuits Bhd - Company Profile and News,2019-03-02,Bloomberg,"London Biscuits Berhad manufactures and trades food products. The Company offers corn based flavored snack food, dip cup chocolates, cupcakes, layer cakes, and...",https://www.bloomberg.com/profile/company/LBB:MK
corn,Formosa Oilseed Processing Co Ltd,2019-03-02,Bloomberg,"Formosa Oilseed Processing Co., Ltd. manufactures and sells a variety of cooking oils, livestock and fish feeds, feed ingredients, and corn products.",https://www.bloomberg.com/profile/company/1225:TT
corn,Monsanto India Ltd,2019-03-02,Bloomberg,Monsanto India Limited manufactures a wide variety of agricultural chemicals and other specialty chemicals. The Company develops high yield crop varieties...,https://www.bloomberg.com/profile/company/MCHM:IN
corn,Boso Oil & Fat Co Ltd,2019-03-03,Bloomberg,"BOSO OIL & FAT CO., LTD. mainly produces and sells rice bran oil. The Company also produces other oil types including rapeseed and corn oil, along with...",https://www.bloomberg.com/profile/company/2608:JP
corn,Stara SA Industria De Implementos Agricolas,2019-03-04,Bloomberg,"Stara S A Industria de Implementos Agricolas manufactures and markets agricultural machines and equipments. The Company offers sprayers, planters and...",https://www.bloomberg.com/profile/company/STTR3:BZ
corn,China Calls for U.S. and European Companies to Join Belt and Road,2019-03-14,Bloomberg,"China pledged greater cooperation with American and European companies on Belt and Road ventures, in its latest bid to counter criticism that President Xi...",https://www.bloomberg.com/news/articles/2019-03-14/china-calls-for-u-s-european-companies-to-join-belt-and-road
corn,MillerCoors Takes Beer Battle With Anheuser-Busch to Court,2019-03-22,Bloomberg,"The beer brawl has moved from TV to the courtroom. MillerCoors LLC sued Anheuser-Busch InBev SA on Thursday, claiming the maker of Bud Light spent more than...",https://www.bloomberg.com/news/articles/2019-03-21/millercoors-takes-beer-battle-with-anheuser-busch-to-court
corn,"Damage From Southern African Cyclone May Top $1 Billion, UN Says",2019-03-25,Bloomberg,"A cyclone that tore across southern Africa this month may have destroyed more than $1 billion of infrastructure, the United Nations said, as the death toll...",https://www.bloomberg.com/news/articles/2019-03-25/damage-from-southern-african-cyclone-may-top-1-billion-un-says
corn,Why More City High Schoolers Are Taking Ag Classes,2019-03-27,Bloomberg,"Complete with crops and farm animals, agriculture programs are exposing city students to careers they might not have otherwise considered.",https://www.bloomberg.com/news/articles/2019-03-27/why-more-city-high-schoolers-are-taking-ag-classes
corn,"13 Notables Dishes at Hudson Yards, from Best to Bad",2019-04-17,Bloomberg,"To experience a real life version of Groundhog Day, walk into Hudson Yards four days in a row. A group of tourists will be camped out just past the...",https://www.bloomberg.com/news/articles/2019-04-17/hudson-yards-restaurants-the-best-and-worst-dishes-and-drinks
corn,"Eating More Rice Could Help Fight Obesity, Study Suggests",2019-04-30,Bloomberg,"Eating rice may help prevent obesity, research suggests. Experts found that people following a Japanese or Asian-style diet based on rice were less likely...",https://www.bloomberg.com/news/articles/2019-04-30/eating-more-rice-could-help-fight-obesity-study-suggests
corn,Zambia's Corn Harvest Falls to Decade Low After Drought,2019-05-08,Bloomberg,"Zambia's corn harvest fell to an estimated 2 million metric tons this year, the lowest in a decade, after a drought and pest outbreaks hurt output of the...",https://www.bloomberg.com/news/articles/2019-05-08/zambia-s-corn-harvest-falls-to-lowest-in-a-decade-after-drought
corn,R&H Produce Co Inc,2019-05-10,Bloomberg,"R & H Produce Co., Inc. wholesales food products. The Company offers asparagus, beans, beets, broccoli, sprouts, cabbage, carrots, cauliflower, corn, onion,...",https://www.bloomberg.com/profile/company/0446785D:US
corn,Bangkok Inter Food Co Ltd,2019-05-10,Bloomberg,"Bangkok Inter Food Company Ltd. produces rice and its by-products. The Company manufactures ready mixed, rice, and glutinous rice flour, as well as corn,...",https://www.bloomberg.com/profile/company/0113035D:TB
corn,Tereos Starch & Sweeteners Belgium SA,2019-05-10,Bloomberg,"The Company processes corn, wheat, potato, and cassava to manufacture a range of starches, liquid and dry sweeteners, alcohol, polyols, fibers, feed...",https://www.bloomberg.com/profile/company/3726394Z:BB
corn,Pioneer Hi-Bred International Inc,2019-05-10,Bloomberg,"Pioneer Hi-Bred International Inc. distributes agricultural products. The Company provides products such as corn, soybeans, sunflowers, canola oil, wheat,...",https://www.bloomberg.com/profile/company/2288005Q:US
corn,Syngenta Agro SA de CV,2019-05-10,Bloomberg,"Syngenta Agro SA de CV wholesales and distributes agricultural products. The Company offers corn and vegetable seeds, peppers, tomatoes, pumpkins, watermelon,...",https://www.bloomberg.com/profile/company/6964657Z:MM
corn,Snack Innovations Inc,2019-05-10,Bloomberg,"Snack Innovations Inc. produces snack food products. The Company manufactures potato and corn chips, sprinkles, cookie crumbs, seasoning, and similar snacks.",https://www.bloomberg.com/profile/company/0672015D:US
corn,Cook Out Inc,2019-05-10,Bloomberg,"Cook Out, Inc. operates a chain of restaurants. The Company offers burgers, chicken strips, corn dogs, sandwiches, hot dog, quesadilla, bacon wrap, fries,...",https://www.bloomberg.com/profile/company/1454106D:US
corn,Kato Kagaku Co Ltd,2019-05-11,Bloomberg,"Kato Kagaku Co. Ltd. is a diversified products manufacturer. The Company manufactures and markets corn starch, chemically modified starch, animal feed,...",https://www.bloomberg.com/profile/company/6646476Z:JP
corn,Poppa Corn Corp,2019-05-11,Bloomberg,"Company profile page for Poppa Corn Corp including stock price, company news, executives, board members, and contact information.",https://www.bloomberg.com/profile/company/8430436Z:CN
corn,Al-Gyas Exports Pvt Ltd,2019-05-11,Bloomberg,"Al-Gyas Exports Private Limited distributes agriculture products. The Company offers rice, sugar, flour, corn, and chicken peas.",https://www.bloomberg.com/profile/company/9255757Z:IN
corn,Inaba Foods Co Ltd,2019-05-11,Bloomberg,"Inaba Foods Co. Ltd. manufactures and sells canned food products. The Company produces canned tuna, chicken, pork, corn, bean, flavored, and other food...",https://www.bloomberg.com/profile/company/5877510Z:JP
corn,Mapes Ranch Inc,2019-05-11,Bloomberg,"Mapes Ranch, Inc. operates as a ranch providing various agricultural products. The Ranch offers products such as almonds, tomatoes, alfalfa, corn, grapes, oats...",https://www.bloomberg.com/profile/company/9986172Z:US
corn,Harbar LLC - Company Profile and News,2019-05-11,Bloomberg,Harbar LLC manufactures and markets mexican tortillas products. The Company offers products which includes grocery line of flour and corn tortillas.,https://www.bloomberg.com/profile/company/6717212Z:US
corn,Paskal Cattle Co Ltd - Company Profile and News,2019-05-11,Bloomberg,"Paskal Cattle Company Ltd. provides cattle feeding services. The Company owns farms of pivot irrigation land that produces corn, barley, and hay silage for...",https://www.bloomberg.com/profile/company/1226518D:CN
corn,Nibulon SA,2019-05-11,Bloomberg,"Nibulon SA produces agriculture products. The Company produces and exports wheat, barley, corn, sunflower, sorghum, rye, and soya seeds.",https://www.bloomberg.com/profile/company/0313128D:SW
corn,Agro Amazonia Produtos Agropecuarios Ltda,2019-05-11,Bloomberg,"Agro Amazonia Produtos Agropecuarios Ltda. produces and distributes agricultural products. The Company offers pesticides, seeds, fertilizer, corn, cotton,...",https://www.bloomberg.com/profile/company/6157519Z:BZ
corn,Three Rivers Energy LLC,2019-05-11,Bloomberg,"Three Rivers Energy, LLC is a biofuel refinery. The Company uses corn to produce ethanol and related byproducts. Three Rivers Energy is located in Ohio.",https://www.bloomberg.com/profile/company/1005948D:US
corn,Grainotch Industries Ltd - Company Profile and News,2019-05-11,Bloomberg,"Grainotch Industries Limited manufactures alcohol beverages. The Company offers spirits and vodka beverages, as well as provides animal feed, corn oil,...",https://www.bloomberg.com/profile/company/1605271D:IN
corn,Jefo Europe SA,2019-05-11,Bloomberg,"Jefo Europe provides animal feed. The Company offers a wide range of vitamins, minerals, corn gluten, starch,and natural and synthetic pigments.",https://www.bloomberg.com/profile/company/4653601Z:FP
corn,Roquette America Inc,2019-05-12,Bloomberg,"Roquette America, Inc. owns and operates a wet corn milling plants. The Company produces starch, glucose, corn syrups, and high-fructose syrups used in...",https://www.bloomberg.com/profile/company/0179628D:US
corn,Blue Ocean Biotech Pvt Ltd,2019-05-12,Bloomberg,"Blue Ocean Biotech Private Limited manufactures, markets, and exports food products. The Company offers starch derivatives, liquid glucose, corn syrups,...",https://www.bloomberg.com/profile/company/1588556D:IN
corn,Illinois Corn Growers Association,2019-05-12,Bloomberg,"Company profile page for Illinois Corn Growers Association including stock price, company news, executives, board members, and contact information.",https://www.bloomberg.com/profile/company/0084367Z:US
corn,Vigoro Corp/The - Company Profile and News,2019-05-12,Bloomberg,"Vigoro Corporation produces and distributes potash, nitrogen-based fertilizers and related products. The products are sold to corn and soybean farmers.",https://www.bloomberg.com/profile/company/3006Q:US
corn,Yishui Dadi Corn Development Co Ltd,2019-05-12,Bloomberg,"Company profile page for Yishui Dadi Corn Development Co Ltd including stock price, company news, executives, board members, and contact information.",https://www.bloomberg.com/profile/company/YISHUZ:CH
corn,White Corn Ltd - Company Profile and News,2019-05-12,Bloomberg,"Company profile page for White Corn Ltd including stock price, company news, executives, board members, and contact information.",https://www.bloomberg.com/profile/company/2607350Z:LN
corn,Keystone Food Products Inc,2019-05-12,Bloomberg,"Keystone Food Products, Inc. provides snacks foods. The Company offers potato and corn chips, and other snacks products. Keystone Food Products operates in...",https://www.bloomberg.com/profile/company/7628339Z:US
corn,Esteve SAntiago SA,2019-05-12,Bloomberg,"Esteve Santiago SA produces animal feed. The Company provides cereals, oilseeds, and legumes such as corn, rice, oatmeal, barley, wheat, and soybeans.",https://www.bloomberg.com/profile/company/8962542Z:SM
corn,Pioneer Hi-Bred Northern Europe Service Division GmbH,2019-05-12,Bloomberg,"Pioneer Hi-Bred Northern Europe Service Division GmbH produces agricultural products. The Company grows and wholesales corn, rapeseed, sunflower seed,...",https://www.bloomberg.com/profile/company/7699399Z:GR
corn,Corn Products Development Inc,2019-05-12,Bloomberg,"Company profile page for Corn Products Development Inc including stock price, company news, executives, board members, and contact information.",https://www.bloomberg.com/profile/company/0751643D:US
corn,Shweta Agro Farms Pvt Ltd,2019-05-12,Bloomberg,"Shweta Agro Farms Pvt Ltd produces food crops. The Company offers mango, sapota, fig, papaya, banana, pomegranate, grapes, mulberry, guava, coconut, aloevera,...",https://www.bloomberg.com/profile/company/1634196D:IN
corn,Teucrium Trading LLC - Company Profile and News,2019-05-12,Bloomberg,Teucrium Trading LLC is the Sponsor of agriculturally focused Exchange Traded Products available on the New York Stock Exchange.,https://www.bloomberg.com/profile/company/1378415D:US
corn,Satake Corp,2019-05-12,Bloomberg,"Satake Corporation is an industrial machines manufacturer. The Company mainly produces and markets processing machines of rice, wheat and corn.",https://www.bloomberg.com/profile/company/2146396Z:JP
corn,Tallgrass Commodities LLC,2019-05-12,Bloomberg,"Tallgrass Commodities LLC buys and sells physical agricultural commodity products. The Company offers feed ingredients, such as wet and dry distillers, corn...",https://www.bloomberg.com/profile/company/0882841D:US
corn,Taco-Loco Products Inc,2019-05-13,Bloomberg,"Taco-Loco Products, Inc. was founded in 1966. The Company's line of business includes manufacturing flour tortillas, flavored wraps, corn chips,...",https://www.bloomberg.com/profile/company/0052554D:US
corn,ASO LLC,2019-05-14,Bloomberg,"Aso LLC manufactures bangages. The Company offers waterproof and tender tapes, sterile and non-stick pads, decorative bandages, and corn remover.",https://www.bloomberg.com/profile/company/0130628D:US
corn,Corn Plus,2019-05-14,Bloomberg,"Company profile page for Corn Plus including stock price, company news, executives, board members, and contact information.",https://www.bloomberg.com/profile/company/CRNPU:US
corn,Primary Products Ingredients Americas LLC,2019-05-15,Bloomberg,"Tate & Lyle Ingredients Americas LLC produces and supplies ingredients for food, beverage, and other industries. The Company offers corn syrup, food starch,...",https://www.bloomberg.com/profile/company/0365600D:US
corn,VA Intertrading AG,2019-05-15,Bloomberg,"VA Intertrading AG operates as a trading company. The Company offers steel products including slabs, blooms, billets, deformed bars, wire rods, sections,...",https://www.bloomberg.com/profile/company/7715023Z:AV
corn,SRI Sainath Industry Pvt Ltd,2019-05-15,Bloomberg,"SRI Sainath Industry Private Limited provides agro based products. The Company offers iron ore, rice, maize corn, cassia tora seed, and niger seed.",https://www.bloomberg.com/profile/company/1602485D:IN
corn,Flamingo Food & Beverage Inc - Company Profile and News,2019-05-15,Bloomberg,"Flamingo Food & Beverage Inc. operates as a packaged products. The Company offers juices and milk boxes, fruit cups, mixed vegetables, golden kernel corn,...",https://www.bloomberg.com/profile/company/0445448D:US
corn,"Ravaged by Pig Fever, China's Farms Now Face Armyworm Invasion",2019-05-20,Bloomberg,The voracious fall armyworm is likely to spread through China's northern corn-growing areas after being detected in 13 provinces as of May 10.,https://www.bloomberg.com/news/articles/2019-05-21/ravaged-by-pig-fever-china-s-farms-now-face-armyworm-invasion
corn,Incessant Rain Puts U.S. Farmers on Insurance-Deadline Watch,2019-05-24,Bloomberg,Kansas farmer Mark Nelson had until Saturday to plant his corn or lose the insurance that protects him from a drop in prices or yield.,https://www.bloomberg.com/news/articles/2019-05-24/unrelenting-rain-puts-u-s-farmers-on-insurance-deadline-watch
corn,Columbia Grain Inc,2019-05-25,Bloomberg,"Columbia Grain, Inc. offers agricultural products. The Company provides grains, pulses, and oilseeds, wheat, corn, soybeans, feed and malting barley, flax,...",https://www.bloomberg.com/profile/company/2940470Z:US
corn,A Statistical Tweak Can’t Solve Rural America’s Problems,2019-05-29,Bloomberg,"In past decades, a lot of the “decline” of rural America was caused by those areas becoming urban. That hasn't been the case lately.",https://www.bloomberg.com/view/articles/2019-05-29/rural-america-s-problems-can-t-be-solved-by-tweaking-numbers
corn,"The Wettest, Wildest Planting Season U.S. Farmers Can Remember",2019-06-01,Bloomberg,There has never been a spring planting season like this one. Rivers topped their banks. Levees were breached. Fields filled with water and mud.,https://www.bloomberg.com/news/articles/2019-06-01/the-wettest-and-wildest-planting-season-farmers-can-remember
corn,The ‘Pocket-Sized Monster’ Terrifying Farmers the World Over,2019-06-02,Bloomberg,"The fall armyworm is hungry, on the move and scaring farmers the world over. The crop-devouring pest has spread from the Americas to Africa and Asia,...",https://www.bloomberg.com/news/articles/2019-06-02/the-pocket-sized-monster-that-s-ravaging-crops-quicktake
corn,"Biofuels Don't Lower Gas Price or Emissions, Report Finds",2019-06-05,Bloomberg,A federal program requiring the use of corn-based ethanol and biodiesel in gasoline supplies hasn't lowered pump prices or significantly reduced greenhouse...,https://www.bloomberg.com/news/articles/2019-06-05/biofuels-don-t-lower-gas-price-or-reduce-emissions-report-finds
corn,Stink Bugs Could Be Unleashed to Battle China's Fall Armyworms,2019-06-10,Bloomberg,Scientists in China are seeking to deploy an army of predatory stink bugs to battle a fall armyworm incursion that threatens to devastate the country's grain...,https://www.bloomberg.com/news/articles/2019-06-11/stink-bugs-could-be-unleashed-to-battle-china-s-fall-armyworms
corn,Trump Orders Federal Agencies to Ease Approval of New GMO Crops,2019-06-11,Bloomberg,President Donald Trump signed an executive order Tuesday directing federal agencies to ease rules for approving genetically modified crops and other...,https://www.bloomberg.com/news/articles/2019-06-11/trump-plans-to-sign-order-to-ease-approval-of-new-gmo-crops
corn,Rural Voters ‘Tired and Frustrated’ With Trump But Sticking With Him,2019-06-12,Bloomberg,Rural Americans are showing no signs they're ready to abandon President Donald Trump even as dissatisfaction grows among farmers over his trade policies.,https://www.bloomberg.com/news/articles/2019-06-12/trump-s-rural-base-sticks-with-him-despite-discontent-on-trade
corn,Thousands Evacuated After Floods Hit Indonesia,2019-06-12,Bloomberg,Indonesian authorities warned of more flash floods and landslides after days of flooding forced the evacuation of more than 5000 people from Central and...,https://www.bloomberg.com/news/articles/2019-06-13/thousands-evacuated-after-floods-hit-indonesia-s-nickel-region
corn,"It’s Not Just Corn, U.S. Farmers May Forgo Near-Record Soy Acres",2019-06-15,Bloomberg,"It's Not Just Corn, U.S. Farmers May Forgo Near-Record Soy Acres ... This article is for subscribers only. American farmers, already set to leave a record number...",https://www.bloomberg.com/news/articles/2019-06-14/it-s-not-just-corn-u-s-farmers-may-forgo-near-record-soy-acres
corn,Pretty Cool Popsicles Pack Very Big Flavor,2019-06-18,Bloomberg,"Summer's best treat gets an upgrade with better ingredients, natural flavors, and chefs who know what they're doing.",https://www.bloomberg.com/news/articles/2019-06-18/pretty-cool-pops-review-best-ice-cream-bars-fruit-popsicles
corn,Corn Farmers Use Fox Ads to Appeal to Trump in Biofuel Fight,2019-06-20,Bloomberg,The National Corn Growers Association launched an advertising campaign on President Donald Trump's favorite television news source to step up pressure on the...,https://www.bloomberg.com/news/articles/2019-06-20/farmers-appeal-to-trump-with-fox-ads-to-fight-ethanol-waivers
corn,Bloomberg Mercury,2019-07-01,Bloomberg,Quick Find. Go. Saved Search. Name. Cancel Save. Sign InRegister. Filters. Collections Add to Collection. grid list. Filters. Media. News Photos (0) Video.,https://mercury.bloomberg.com/search
corn,Gruma Corp,2019-07-02,Bloomberg,"Gruma Corporation manufactures and distributes food products. The Company offers corn and wheat tortillas, wraps, sauces, naan, pita bread, chapattis,...",https://www.bloomberg.com/profile/company/20906Z:US
corn,Beyond Meat Fever Turns the Tiny Pea Into America’s Hot New Crop,2019-07-03,Bloomberg,"There is, it would seem, nothing but bleak news in U.S. farm country. Soybean prices are down. Corn is also still way below its highs, as is wheat.",https://www.bloomberg.com/news/articles/2019-07-03/beyond-meat-fever-turns-the-tiny-pea-into-america-s-hot-new-crop
corn,Kinos Food Industries M Sdn Bhd,2019-07-09,Bloomberg,"Kinos Food Industries (M) Sdn Bhd produces and distributes confectionery products. The Company offers corn snacks, potato chips, jellies and pudding.",https://www.bloomberg.com/profile/company/1688648D:MK
corn,Azteca Milling LP - Company Profile and News,2019-07-11,Bloomberg,"Azteca Milling, LP produces, distributes, and markets corn masa flours. The Company offers wheat flour and tortilla mix products.",https://www.bloomberg.com/profile/company/0084392D:US
corn,It's Not Just the Heat: It's the 'Corn Sweat',2019-07-19,Bloomberg,"'Corn sweat' makes hot summer days more humid. It's a real phenomenon, and it's making the hot weather muggier in the American Midwest.",https://www.bloomberg.com/news/articles/2019-07-19/a-short-primer-on-corn-sweat-and-summer-humidity
corn,Farmers Earn More From YouTube Than Their Crops Amid Tough Times,2019-07-22,Bloomberg,"It's a sign of the times when farmers make more money advocating for the industry on social media than actually farming. Zach Johnson, who grows corn and...",https://www.bloomberg.com/news/articles/2019-07-21/farmers-earn-more-from-youtube-than-their-crops-amid-tough-times
corn,Agriculture Giant Cargill Reviews Business Amid Trade Spat,2019-07-25,Bloomberg,Agribusiness giant Cargill Inc. is looking to shake up its business as President Donald Trump's yearlong trade war with China makes it harder to navigate...,https://www.bloomberg.com/news/articles/2019-07-25/agriculture-giant-cargill-reviews-business-as-trade-war-drags-on
corn,More Meat-Loving Indians Mean Chicken-Feed Imports Are Surging,2019-07-29,Bloomberg,"India's growing affluence is seeing its population turn more carnivorous, leading the country with the world's highest number of vegetarians to import more...",https://www.bloomberg.com/news/articles/2019-07-29/more-meat-loving-indians-mean-chicken-feed-imports-are-surging
corn,Oatly’s Path to Alt-Milk World Domination Starts in New Jersey,2019-07-31,Bloomberg,The Swedish oat milk maker can barely keep up with U.S. demand—but its global takeover is just beginning.,https://www.bloomberg.com/features/2019-oatly-oat-milk-global-domination/
corn,We Already Have the World’s Most Efficient Carbon Capture Technology,2019-08-02,Bloomberg,Empress trees mature several times faster than your average oak or pine and absorb about 103 tons of carbon a year per acre.,https://www.bloomberg.com/news/features/2019-08-02/we-already-have-the-world-s-most-efficient-carbon-capture-technology
corn,Zimbabwe Reaches ‘Tipping Point’ as Inflation Blacked Out,2019-08-04,Bloomberg,Zimbabwe's finance minister responded to the country's worsening economic crisis last week by blacking out inflation statistics for the next six months.,https://www.bloomberg.com/news/articles/2019-08-04/zimbabwe-reaches-tipping-point-as-inflation-blacked-out
corn,Not Even Dollars Can Save Venezuelans From Inflation’s Wrath,2019-08-05,Bloomberg,"Carmen Rojas used to be one of the fortunate Venezuelans who lived off a steady flow of money from relatives abroad, with $150 from her two sons providing...",https://www.bloomberg.com/news/articles/2019-08-05/not-even-dollars-can-save-venezuelans-from-inflation-s-wrath
corn,‘Fast & Furious’ Spinoff Is Off to Slow Start in U.S. Debut,2019-08-05,Bloomberg,"“Hobbs & Shaw,” a spinoff from Universal Pictures' successful “Fast & Furious” film series, got off to a slow start with North American fans.",https://www.bloomberg.com/news/articles/2019-08-04/-fast-furious-spinoff-struggles-to-gain-speed-in-cinema-debut
corn,Asparagus Makes Way for Weed in Canada’s Fields,2019-08-07,Bloomberg,"Despite a cool, wet start to the growing season, the pot plants were already chest high by mid-July at WeedMD Inc.'s farm in southwestern Ontario,...",https://www.bloomberg.com/news/articles/2019-08-07/pot-replaces-asparagus-as-outdoor-growing-proliferates-in-canada
corn,U.S. Farmers Stung by Tariffs Now Face a $3.5 Billion Corn Loss,2019-08-13,Bloomberg,American farmers already stung by President Donald Trump's trade wars now face billions of dollars in potential losses as controversial data from the U.S....,https://www.bloomberg.com/news/articles/2019-08-13/u-s-farmers-stung-by-tariffs-now-face-a-3-5-billion-corn-loss
corn,Hedge Fund’s Activism Pays Off Big as Brazil Investment Soars,2019-08-14,Bloomberg,Brazil's top hedge fund has notched another win: helping turn one of last year's worst-performing stocks into one of this year's best.,https://www.bloomberg.com/news/articles/2019-08-14/hedge-fund-s-activism-pays-off-big-as-brazil-investment-soars
corn,"China Ramps Up Brazil Soybean Imports, Rebuffing U.S. Crops",2019-08-16,Bloomberg,China is stepping up its soybean buying in Brazil as growers in Argentina continue to hoard and the Asian nation avoids American oilseed after an escalation...,https://www.bloomberg.com/news/articles/2019-08-16/china-ramps-up-brazil-soy-imports-as-u-s-trade-war-worsens
corn,‘I Believe in Capitalism’: Kamala Harris Courts Big Donors in the Hamptons,2019-08-19,Bloomberg,Teslas and Maseratis lined the street as Kamala Harris greeted guests sipping drinks from plastic cups with her name on them and eating cinnamon sugar...,https://www.bloomberg.com/news/articles/2019-08-19/no-corn-dogs-in-sight-kamala-harris-scoops-cash-in-the-hamptons
corn,Builders Are Swapping Cement for Weed to Reduce Pollution,2019-08-29,Bloomberg,The hemp fields sprouting in a part of Canada best known for its giant oil patch show how climate change is disrupting the construction industry.,https://www.bloomberg.com/news/articles/2019-08-30/builders-are-swapping-cement-for-weed-to-reduce-pollution
corn,Bloomberg Commodity Index (BCOM) 2018 Target Weights Announced | Press | Bloomberg LP,2019-08-30,Bloomberg,"The 2018 target weights will be effective January 2018. Energy will remain the largest group in BCOM in 2018, despite reaching its lowest weight in 17 years at...",https://www.bloomberg.com/company/press/bcom-2018-target-weights-announced/
corn,「害虫対策」で米国産トウモロコシ必要との安倍首相の説明に疑問の声,2019-09-02,Bloomberg,安倍晋三首相は８月の日米首脳会談でトランプ大統領の要請を受け、米国産の飼料用トウモロコシの購入を約束した。首脳会談後の共同記者会見で安倍首相は害虫により...,https://www.bloomberg.co.jp/news/articles/2019-09-03/PX8O6A6K50XS01
corn,A Small City Famous for Architecture Rolls Out the Welcome Mat,2019-09-03,Bloomberg,"Columbus, Indiana—known for its modern architecture—makes it feel fresh and lived-in during a biennial festival.",https://www.bloomberg.com/news/articles/2019-09-03/columbus-indiana-brings-modernism-down-to-earth
corn,Panic Sweeps Argentine Pampas as Farmers’ Old Nemesis Returns,2019-09-03,Bloomberg,"Mauricio Macri, the man who championed the cause of the Argentine farmer, is almost certain to lose his re-election bid in October and will hand back the...",https://www.bloomberg.com/news/articles/2019-09-03/panic-sweeps-argentine-pampas-as-farmers-old-nemesis-returns
corn,How a Manhattan Scion Built a Rural Empire,2019-09-09,Bloomberg,"Stefan Soloviev, heir to a $4.7 billion fortune, will remember “anyone who screwed me over.”",https://www.bloomberg.com/news/features/2019-09-09/stefan-soloviev-is-one-of-america-s-largest-landowners
corn,Trump Meets With Oil Refining Executives Amid Talks on Biofuel,2019-09-12,Bloomberg,President Donald Trump met Wednesday with the heads of two of the nation's largest refiners as he seeks a deal that would boost corn-based ethanol and soy-...,https://www.bloomberg.com/news/articles/2019-09-12/trump-meets-with-oil-refining-executives-amid-talks-on-biofuel
corn,Zimbabwe Declares Disaster Over Drought as Crop Output Drops,2019-09-17,Bloomberg,"The Zimbabwean government has declared a state of disaster in all urban and rural areas following a drought that has cut crop output by more than half,...",https://www.bloomberg.com/news/articles/2019-09-17/zimbabwe-declares-disaster-over-drought-as-crop-output-drops
corn,Virtual Reality Is the Latest Dinner Party Trick,2019-09-19,Bloomberg,The James Beard House joins one of the country's most lauded chefs to make the case for VR meals.,https://www.bloomberg.com/news/features/2019-09-19/virtual-reality-meals-come-to-james-beard-house-with-adda-chef
corn,Europe’s Last Land Frontier is About to Open Up in Ukraine,2019-09-20,Bloomberg,Ukraine has almost as much agricultural land as France and Germany combined and will finally start allowing it to be bought and sold next year.,https://www.bloomberg.com/view/articles/2019-09-20/europe-s-last-land-frontier-is-about-to-open-up-in-ukraine
corn,Worst-Ever Famine Threatens Zimbabwe as Economy Collapses,2019-09-20,Bloomberg,"The worst drought in almost four decades, cyclone-induced floods and an economic collapse have left Zimbabwe on the verge of its worst-ever famine.",https://www.bloomberg.com/news/articles/2019-09-20/worst-ever-famine-threatens-zimbabwe-as-economy-collapses
corn,The U.S. Is Growing More Corn Than It Can Handle,2019-09-24,Bloomberg,The U.S. Is Growing More Corn Than It Can Handle ... The spectacular productivity gains of the past 90 years are a miracle — and a problem...,https://www.bloomberg.com/view/articles/2019-09-24/u-s-corn-farmers-are-too-productive-for-their-own-good
corn,Everything Is Private Equity Now,2019-10-03,Bloomberg,"Spurred by cheap loans and investors desperate to boost returns, buyout firms roam every corner of the corporate world.",https://www.bloomberg.com/news/features/2019-10-03/how-private-equity-works-and-took-over-everything
corn,"A Foot of Snow Is Forecast to Bury Crops in Great Plains, Canada",2019-10-08,Bloomberg,"A large snowfall is set to sweep out of the Rocky Mountains later this week, bringing snow by the foot across the Dakotas, slowing wheat harvests.",https://www.bloomberg.com/news/articles/2019-10-08/heavy-snow-targeting-corn-wheat-in-dakotas-canola-in-canada
corn,Cities Are Worried About the Health Effects of Glyphosate,2019-10-10,Bloomberg,"Seattle has joined Miami, Austin, and other cities in restricting the use of herbicides with glyphosate, such as Roundup.",https://www.bloomberg.com/news/articles/2019-10-10/why-u-s-cities-are-banning-glyphosate-pesticides
corn,China Goes Through UAE ‘Backdoor’ to Buy Canadian Canola Oil,2019-10-28,Bloomberg,"China has found a way to get the Canadian vegetable oil it needs, after shunning direct imports from the country earlier this year, according to FarmLink.",https://www.bloomberg.com/news/articles/2019-10-28/china-going-through-uae-backdoor-to-acquire-canada-canola-oil
corn,Zambia Faces a Food and Power Crisis From Global Warming,2019-10-29,Bloomberg,Zambian President Edgar Lungu mentioned climate change 44 times when he addressed the annual opening of parliament in September. That's not surprising.,https://www.bloomberg.com/graphics/2019-new-economy-drivers-and-disrupters/zambia.html
corn,Life on the Zambezi Is Hard. The Climate Crisis Is Making It Deadly,2019-10-30,Bloomberg,"As global warming intensifies, the Zambezi basin and other impoverished coastal or riverine communities worldwide are increasingly at risk.",https://www.bloomberg.com/features/2019-zambezi-river-climate-crisis/
corn,"19th-Century London’s Extreme Wealth and Poverty, Mapped",2019-11-04,Bloomberg,Charles Booth's famous maps of Victorian London offer a chance to reflect on how the city has changed—and how it hasn't.,https://www.bloomberg.com/news/articles/2019-11-04/charles-booth-s-london-poverty-maps-revisited
corn,Valero Shuts Two Ethanol Plants a Year After Green Plains Deal,2019-11-06,Bloomberg,"Valero Energy Corp. has temporarily shut two of the three ethanol plants it bought from Green Plains Inc. just a year after the purchase, according to...",https://www.bloomberg.com/news/articles/2019-11-06/valero-shuts-two-ethanol-plants-a-year-after-green-plains-deal
corn,Lifestyle Farming Is the Latest Addictive Hobby for Banker Types,2019-11-07,Bloomberg,"During the week, Chris Andersen runs his Manhattan investment banking firm, G.C. Andersen Partners LLC, from behind a desk that's a replica of one owned by...",https://www.bloomberg.com/news/features/2019-11-07/lifestyle-farming-is-the-latest-addictive-hobby-for-banker-types
corn,"The Best Seafood in San Francisco, According to Top Chefs",2019-11-08,Bloomberg,"Crabs, clams, and anchovies, oh yes! Fifteen can't miss dishes and restaurants that take advantage of the Bay Area's pristine local catch.",https://www.bloomberg.com/features/2019-best-restaurants-san-francisco-seafood/
corn,Tesla Model 3 Owners Tell Us What Elon Musk Got Right and Wrong,2019-11-12,Bloomberg,"The Tesla Model 3 taken a big bite out of BMW, Toyota and Honda's business, appealing not just to luxury or climate conscious shoppers but a general car...",https://www.bloomberg.com/graphics/2019-tesla-model-3-survey/market-evolution.html
corn,Crop Giant Bunge Reorganizes Trading in Latest Restructure,2019-11-14,Bloomberg,"Bunge Ltd. has reorganized its trading business as one of the world's top agricultural commodity merchants presses ahead with its restructuring plan,...",https://www.bloomberg.com/news/articles/2019-11-13/crop-giant-bunge-reorganizes-trading-in-latest-restructure-move
corn,India Has People. It Needs Consumers,2019-11-15,Bloomberg,Supply shocks are no longer the problem. Getting the economy on track needs ordinary people to spend.,https://www.bloomberg.com/view/articles/2019-11-16/india-s-economy-has-a-demand-problem-only-more-consumers-can-fix
corn,U.S. Pork Could See $25 Billion China Market Without Tariffs,2019-11-26,Bloomberg,U.S. pork producers see a potential $24.5 billion annual market in China within 10 years if the Trump administration can gain unrestricted trade access...,https://www.bloomberg.com/news/articles/2019-11-26/u-s-pork-industry-sees-25-billion-china-market-without-tariffs
corn,Gabriela Cámara Is AMLO’s Top Chef and a Netflix Documentarian,2019-12-04,Bloomberg,"Her profile rose this year thanks to four projects: a restaurant, a cookbook, a Netflix documentary, and her role as food policy adviser to Mexico's...",https://www.bloomberg.com/news/articles/2019-12-04/gabriela-c-mara-is-amlo-s-top-chef-and-a-netflix-documentarian
corn,How Soybeans Became Ubiquitous,2019-12-07,Bloomberg,"In 1905, the U.S. Department of Agriculture sent Frank Meyer to China to look for interesting seeds. Over the next three years the Netherlands-born plant...",https://www.bloomberg.com/opinion/articles/2019-12-07/history-of-soybeans-in-u-s-could-take-turn-in-trump-s-trade-war
corn,Agriculture Giant ADM Is in Advanced Talks for Ethanol Mills Deal,2020-01-09,Bloomberg,"Archer-Daniels-Midland Co., the agribusiness giant that helped draw the blueprint for the U.S. biofuel industry, is in advanced talks for a deal that could...",https://www.bloomberg.com/news/articles/2020-01-09/agriculture-giant-adm-in-advanced-talks-for-ethanol-mills-deal
corn,U.S. Corn Crop Is Now 92% Genetically Modified,2020-01-11,Bloomberg,"American corn and soy plants proved resilient thanks largely to advances in genetically-modified seeds, precision tools and inputs such as fertilizers and...",https://www.bloomberg.com/news/articles/2020-01-10/u-s-farms-power-through-crazy-weather-showing-genetics-matter
corn,"From Lethal Viruses to Insect Sex, Farmers Use Bugs to Kill Bugs",2020-01-16,Bloomberg,"For decades, Adam Baldwin's family used chemicals with multisyllabic names to keep caterpillars such as earworms and podworms from chomping their corn,...",https://www.bloomberg.com/news/articles/2020-01-17/farmers-are-replacing-pesticides-with-lethal-viruses-insect-sex
corn,Zimbabwe Food Crisis Worsens With Few Signs of Corn Imports,2020-01-23,Bloomberg,The United Nations says that so far there's little evidence that enough corn is coming in to feed the drought-stricken nation's 8.5 million people.,https://www.bloomberg.com/news/articles/2020-01-23/zimbabwe-food-crisis-worsens-with-little-sign-of-corn-imports
corn,Bourbon and Scotch Makers Find a Common Enemy in Tariffs,2020-01-25,Bloomberg,"Ask Aaron Willett what the future of bourbon looks like, and he'll take you out onto the floor of Speyside Cooperage's outpost in Shepherdsville, Ky.",https://www.bloomberg.com/news/features/2020-01-25/bourbon-and-scotch-makers-find-a-common-enemy-in-tariffs
corn,Zimbabwe Lifts Ban on GM Corn Imports in Bid to Avert Famine,2020-01-31,Bloomberg,Zimbabwe has quietly lifted a ban on imports of genetically modified corn for the first time in 12 years as the southern African nation begins to take...,https://www.bloomberg.com/news/articles/2020-01-31/zimbabwe-lifts-ban-on-gm-corn-imports-in-bid-to-avert-famine
corn,"Amazon, Apple and HBO Hit Culver City to Fight the Streaming War",2020-02-10,Bloomberg,"The streaming wars have come to Culver City. A century after the pioneers of Hollywood built their studios here, a new breed of entertainment company is...",https://www.bloomberg.com/news/articles/2020-02-10/amazon-apple-and-hbo-hit-culver-city-to-fight-the-streaming-war
corn,SoftBank-Backed Brandless Shutters Less Than 2 Years After Investment,2020-02-10,Bloomberg,"Brandless Inc., a direct-to-consumer personal care and packaged goods company, is closing down. Brandless will stop taking orders and cut about 70 employees...",https://www.bloomberg.com/news/articles/2020-02-10/softbank-backed-brandless-shutters-less-2-years-after-investment
corn,U.A.E. Company Produces Mideast’s First Plant-Based Bottles,2020-02-17,Bloomberg,A Middle Eastern drinking-water company is producing the region's first bottles made entirely from fermented plant sugars.,https://www.bloomberg.com/news/articles/2020-02-17/u-a-e-company-produces-region-s-first-plant-based-water-bottles
corn,Locust Swarms Ravaging East Africa Are the Size of Cities,2020-02-17,Bloomberg,"It's a scene that's playing out across East Africa as swarms of desert locusts spread through the region, destroying crops and pastures at a voracious pace.",https://www.bloomberg.com/features/2020-africa-locusts/
corn,"The World’s Best Fondues— and Queso, Too",2020-02-28,Bloomberg,"26 of the best spots to get your melted cheese fix, from Mexico City to Singapore and, of course, Switzerland.",https://www.bloomberg.com/features/2020-best-fondue-restaurants-queso/
corn,‘The Invisible Man’ Brings Universal’s Monster Movies Back From the Grave,2020-02-28,Bloomberg,Terrifying tech bros. Privacy-disrupting wearables. Elisabeth Moss. The rebooted sci-fi classic looks poised for box-office riches.,https://www.bloomberg.com/news/articles/2020-02-28/-the-invisible-man-brings-universal-s-monster-movies-back-from-the-grave
corn,"For a Stiff Drink, It’s Moonshine’s Time to Shine",2020-03-18,Bloomberg,"The newfound boom in moonshine, that illicit liquor cooked up in backyard stills across America for centuries. Usually fermented from corn mash, it's like...",https://www.bloomberg.com/news/features/2020-03-18/moonshine-shack-goes-mainstream-best-distillery-across-america
corn,Zimbabwe Restores Dollar Peg as Currency Crashes,2020-03-26,Bloomberg,"Zimbabwe's government, which banned use of the dollar nine months ago, has restored the peg its currency had to the greenback due to a scarcity of foreign...",https://www.bloomberg.com/news/articles/2020-03-26/zimbabwe-restores-dollar-peg-as-currency-crashes
corn,The Hottest Trade in Commodities Is Finding Space to Store Them,2020-03-30,Bloomberg,"When it comes to commodities, the only thing in demand right now is somewhere to put them. From oil tanks in Oklahoma to wagyu beef refrigerators in Kobe,...",https://www.bloomberg.com/news/articles/2020-03-31/the-hottest-trade-in-commodities-is-finding-space-to-store-them
corn,Royal Dutch Shell Cuts Dividend for First Time Since World War Two,2020-04-30,Bloomberg,Royal Dutch Shell Plc cut its dividend for the first time since at least the Second World War as the oil slump triggered by the coronavirus pandemic...,https://www.bloomberg.com/news/articles/2020-04-30/shell-cuts-dividend-as-pandemic-hammers-energy-prices-demand
corn,SoftBank-Backed Grab Asks Staff to Take No-Pay Leave to Cut Costs,2020-04-30,Bloomberg,Ride hailing and food delivery provider Grab Holdings Inc. has begun asking its staff to go on voluntary no-pay leave or take reduced working hours to help...,https://www.bloomberg.com/news/articles/2020-04-30/softbank-backed-grab-asks-staff-to-take-no-pay-leave-to-cut-cost
corn,Streaming Services Face an Economic Reckoning After Covid-19,2020-05-02,Bloomberg,"As the coronavirus pandemic continues, Bloomberg Opinion will be running a series of features by our columnists that consider the long-term consequences of...",https://www.bloomberg.com/opinion/articles/2020-05-02/netflix-s-cash-bonfire-won-t-work-for-disney-hulu-comcast
corn,Thousands of Covid-19 ‘Heroes’ Are About to Get a Pay Cut,2020-05-14,Bloomberg,The hazard pay is disappearing. The hazard is not. Some essential employees across the U.S. have received bonuses or pay bumps to compensate for the risk...,https://www.bloomberg.com/news/articles/2020-05-14/companies-are-nixing-hazard-pay-for-covid-19-essential-workers
corn,Crucial Monsoon Rains in India May Come Later Than Usual,2020-05-15,Bloomberg,"The monsoon, which waters more than half of India's farmland, may be delayed this year, potentially affecting planting of crops such as rice, corn,...",https://www.bloomberg.com/news/articles/2020-05-15/crucial-monsoon-rains-in-india-may-come-later-than-usual
corn,Amanda Little,2020-05-15,Bloomberg,Amanda Little is former Bloomberg Opinion columnist covering agriculture and climate. She is a professor at Vanderbilt University and author of “The Fate of...,https://bloomberg.com/authors/AUtuX25_imQ/amanda-little
corn,Frantic Food Banks Use Driverless Cars and Jobless Workers to Survive,2020-05-15,Bloomberg,The coronavirus pandemic is forcing food banks across the country to find new ways to feed people — from slaughtering animals to enlisting car dealerships and...,https://www.bloomberg.com/news/articles/2020-05-15/food-banks-hunt-frantically-for-meat-and-help-amid-crisis
corn,Is Value Dead? Debate Rages Among Quant Greats From Fama to AQR,2020-06-03,Bloomberg,Is value dead? One of the most heated debates in quant finance is in the spotlight like never before.,https://www.bloomberg.com/news/articles/2020-06-03/quant-fight-2020-inside-wall-street-s-big-argument-on-value
corn,Money Stuff: Feds Find a Chicken Conspiracy,2020-06-04,Bloomberg,"I started reading yesterday's federal indictment of four chicken-company executives for antitrust conspiracy, and I got excited when I got to paragraph 7:",https://www.bloomberg.com/news/newsletters/2020-06-04/money-stuff-feds-find-a-chicken-conspiracy
corn,The Secret to Healthy Pancakes? An African Supergrain,2020-06-05,Bloomberg,Protein-rich fonio turns the breakfast favorite into a versatile go-to staple that's delicious any time of the day.,https://www.bloomberg.com/news/articles/2020-06-05/how-to-make-healthy-pancakes-this-recipe-adds-supergrain-fonio
corn,A Fifth of Food Output Is Wasted in Famine-Threatened Venezuela,2020-06-25,Bloomberg,"For a country on the brink of famine, Venezuela is seeing a disturbing amount of food going to waste.",https://www.bloomberg.com/news/articles/2020-06-25/a-fifth-of-food-output-is-wasted-in-famine-threatened-venezuela
corn,A Simple Vegetarian Dish to Cook at Home From Chef’s Table Star,2020-06-26,Bloomberg,A simple vegetarian dish to cook at home from Chef's Table Star. Asma Khan champions family meals over fancy fare.,https://www.bloomberg.com/news/articles/2020-06-26/best-indian-dal-recipe-for-home-asma-khan
corn,South African Economy Shrinks for a Third Consecutive Quarter,2020-06-30,Bloomberg,"South Africa's economy contracted for a third straight quarter, although the decline was less than expected.",https://www.bloomberg.com/news/articles/2020-06-30/south-african-economy-contracts-for-3rd-straight-quarter-in-1q
corn,"Coffee, Cocoa Industries Warn of Child Labor in Desperate Times",2020-07-03,Bloomberg,"Child labor could be on the rise as world food demand falters, the latest ugly turn of the coronvirus pandemic.",https://www.bloomberg.com/news/newsletters/2020-07-03/supply-chains-latest-coffee-cocoa-producers-warn-of-child-labor
corn,A Thousand Pork Workers Tested Positive at JBS Plant in Brazil,2020-07-04,Bloomberg,"More than 1000 workers at a JBS SA pork plant in Brazil, or a quarter of those tested, were infected with Covid-19, according to figures from the Labor...",https://www.bloomberg.com/news/articles/2020-07-03/a-thousand-pork-workers-tested-positive-at-jbs-plant-in-brazil
corn,India's Water Crisis Is Becoming a Problem for Modi,2020-07-21,Bloomberg,"On a scorching summer day in northern India, Ajay Singh sat next to his water pump and scanned his 10 acres of farmland. He once used to grow rice each...",https://www.bloomberg.com/news/features/2020-07-21/india-water-crisis-forces-farmers-to-rethink-their-crops
corn,"Target, Walmart, CVS Team Up to Get Rid of Plastic Bags",2020-07-21,Bloomberg,The world's biggest retailers are trying to replace the plastic shopping bag.,https://www.bloomberg.com/news/articles/2020-07-21/target-walmart-cvs-team-up-to-get-rid-of-plastic-bags
corn,Cargill Pays Record Dividend to Family Owners After Profits Boom,2020-07-31,Bloomberg,"Cargill Inc., the top privately owned company in America, paid its family owners a record dividend in its 2020 fiscal year after profit surged on the back...",https://www.bloomberg.com/news/articles/2020-07-31/cargill-pays-record-dividend-to-family-owners-after-profits-boom
corn,France Records Driest July in Six Decades,2020-08-03,Bloomberg,"First, poor weather left France with a paltry wheat harvest. Now the nation's driest July in six decades is threatening its corn fields.",https://www.bloomberg.com/news/articles/2020-08-03/france-s-driest-july-in-six-decades-risks-frying-corn-fields
corn,Fixing the Covid Food Disaster Can Slash Climate Emissions,2020-08-13,Bloomberg,A San Francisco startup is matching farmers to distributors to get food to hungry people and reduce greenhouse gases.,https://www.bloomberg.com/news/features/2020-08-13/fixing-the-covid-food-disaster-can-slash-climate-emissions
corn,Ugly Harvest Is Test for Farmer Patience in Trump Country,2020-08-20,Bloomberg,Rolling along Iowa's gentle hills in mid-August is usually like surfing a green tidal wave. Corn fields are so lush that plants often tower several feet...,https://www.bloomberg.com/news/articles/2020-08-20/storms-trade-wars-and-covid-farmers-hit-again-in-trump-country
corn,Xi’s Crusade on Food Waste Triggers Rare Anxiety Over Supplies,2020-08-20,Bloomberg,A new national campaign against food waste in China has sparked a rare bout of speculation over the government's ability to safely feed its 1.4 billion...,https://www.bloomberg.com/news/articles/2020-08-20/xi-s-crusade-on-food-waste-triggers-rare-anxiety-over-supplies
corn,An Heir to $2.2 Billion Fortune Bets on Organic Crop Revolution,2020-08-21,Bloomberg,"Pedro Paulo Diniz, one of the heirs to a $2.2 billion retail fortune, is trying to persuade farmers to use a piece of their land for growing soy and corn in a...",https://www.bloomberg.com/news/articles/2020-08-20/an-heir-to-2-2-billion-fortune-in-brazil-bets-on-organic-farms
corn,"Derecho Damage, Heat and Drought Threaten Iowa Bumper Corn Crop",2020-08-24,Bloomberg,The corn crop in the U.S. Midwest deteriorated the most in 8 years with hot weather adding to woes from drought and the Aug. 10 derecho windstorm that swept...,https://www.bloomberg.com/news/articles/2020-08-24/corn-conditions-worsen-as-iowa-faces-drought-derecho-damage
corn,Wizz Air Says Covid Travel Rules Are Halting its Expansion,2020-09-01,Bloomberg,"Wizz Air Holdings Plc dropped plans to increase capacity to 80% next quarter, hitting the brakes on an aggressive return to the skies after new travel...",https://www.bloomberg.com/news/articles/2020-09-01/wizz-air-drops-plan-to-increase-capacity-on-travel-restrictions
corn,How Fertilizer Is Making Climate Change Worse,2020-09-10,Bloomberg,Green groups have been pushing for years to get farmers to reduce their use of ammonium nitrate. Now some are starting to listen .,https://www.bloomberg.com/news/articles/2020-09-10/synthetic-fertilizer-ammonium-nitrate-makes-climate-change-worse
corn,Satellite Data Fill the Void of Dwindling Crop Tours,2020-09-11,Bloomberg,The pandemic is helping to usher in a new era of food-production forecasts that rely more on satellite data and artificial intelligence and less on...,https://www.bloomberg.com/news/newsletters/2020-09-11/supply-chains-latest-satellite-data-fill-void-of-dwindling-crop-tours
corn,Next Africa: Ethiopia Premier Abiy Faces Tigray Test,2020-09-11,Bloomberg,"Welcome to Next Africa, a weekly newsletter of where the continent stands now — and where it's going next.",https://www.bloomberg.com/news/newsletters/2020-09-11/next-africa-ethiopia-premier-abiy-faces-tigray-test
corn,Supply Chains Latest: America Still Has Too Many Pigs as Herd Stays Huge,2020-09-25,Bloomberg,"The pig and hog herd stands at about 79.1 million animals, the USDA said Thursday. That's down about 0.7% from June 1, but it's still record large for this...",https://www.bloomberg.com/news/newsletters/2020-09-25/supply-chains-latest-america-still-has-too-many-pigs-as-herd-stays-huge
corn,"Trump’s Trade Wars, Covid Response Could Cost Republicans an Iowa Senate Seat",2020-10-01,Bloomberg,"Democrats have set their sights on Joni Ernst's senate seat in Iowa. Ernst, a Trump supporter, is finding it harder to distance herself from the president.",https://www.bloomberg.com/graphics/2020-election-senate-races/iowa.html
corn,AMC Theaters Considers Bankruptcy After Moviegoers Stay Home,2020-10-13,Bloomberg,AMC Entertainment Holdings Inc. is considering a range of options that include a potential bankruptcy to ease its debt load as the pandemic keeps moviegoers...,https://www.bloomberg.com/news/articles/2020-10-13/amc-theaters-said-to-mull-bankruptcy-after-moviegoers-stay-home
corn,Bloomberg New Economy: Semiconductors Are China’s Choke Point,2020-10-24,Bloomberg,The rule of thumb in the semiconductor industry—Moore's law—states that the number of transistors on a microchip doubles every couple of years.,https://www.bloomberg.com/news/newsletters/2020-10-24/bloomberg-new-economy-semiconductors-are-china-s-choke-point
corn,A Plant-Based Coating Helps Small Farmers Stop Crop Rot,2020-10-26,Bloomberg,"Developed by Apeel Sciences, it can double or triple the shelf life of fresh produce.",https://www.bloomberg.com/news/articles/2020-10-27/apeel-sciences-creates-plant-based-coating-to-extend-produce-life
corn,Playing Cards That’ll Transform Your Next Game of Poker—or Solitaire,2020-10-28,Bloomberg,"Jackson Robinson was 2 years old when he was dealt a bad hand. “I choked on a corn dog,” he says, a common accident that uncommonly cascaded into pneumonia,...",https://www.bloomberg.com/news/articles/2020-10-28/kings-wild-project-playing-cards-take-collectible-decks-upscale
corn,Bloomberg Commodity Index 2021 Target Weights Announced | Press | Bloomberg LP,2020-10-29,Bloomberg,"Overall, BCOM target weights will see increases in Energy, Grains, Softs, and Precious Metals, and decreases with Industrial Metals and Livestock.",https://www.bloomberg.com/company/press/bloomberg-commodity-index-2021-target-weights-announced/
corn,The Botanist Daring to Ask: What If Plants Have Personalities?,2020-11-21,Bloomberg,"The Valentine ecological study area in Mammoth Lakes, Calif., is situated in the caldera of an ancient volcano 8,000 feet above sea level.",https://www.bloomberg.com/news/features/2020-11-21/do-plants-have-personalities-this-botanist-is-looking-to-prove-they-do
corn,America’s Greenest Energy Giant Isn’t Trying to Save the Planet,2020-12-03,Bloomberg,"NextEra is ready for the Biden era with lobbyists, tough tactics, and more renewable power than anyone else.",https://www.bloomberg.com/news/features/2020-12-03/nextera-nee-the-greenest-u-s-energy-giant-isn-t-trying-to-save-the-planet
corn,The Six Pests Coming to Eat Your Crops,2020-12-15,Bloomberg,"As the environment changes, new and resurgent bugs are threatening our food supply.",https://www.bloomberg.com/news/features/2020-12-16/climate-change-is-opening-up-new-regions-to-agricultural-pests
corn,The Year in Pictures 2019,2020-12-18,Bloomberg,"It's hard to judge how people eventually look back on a year. Perspective depends on political or economic circumstances and, more importantly,...",https://www.bloomberg.com/features/2019-best-photos/
corn,Crop Trader ADM Stops Receiving Corn at Nebraska Plant as Grain Piles Up,2020-12-23,Bloomberg,Crop Trader ADM Stops Receiving Corn at Nebraska Plant as Grain Piles Up · ADM's Columbus won't receive corn due to high inventory · Corn is backing up as virus...,https://www.bloomberg.com/news/articles/2020-12-23/crop-trader-adm-to-close-nebraska-corn-plant-as-grain-piles-up
corn,Monsanto Co - Company Profile and News,2020-12-29,Bloomberg,"Monsanto Company provides agricultural products. The Company offers corn, soybean, cotton, wheat, sorghum, and vegetable seeds.",https://www.bloomberg.com/profile/company/1856613D:US
corn,Global Food Prices at Six-Year High Are Set to Keep On Climbing,2021-01-07,Bloomberg,"Global food prices reached a six-year high in December and are likely to keep rising into 2021, adding to pressure on household budgets while hunger surges...",https://www.bloomberg.com/news/articles/2021-01-07/global-food-prices-at-six-year-high-are-set-to-keep-on-climbing
corn,Container Lines Go Full Throttle With Freight Demand Booming,2021-01-07,Bloomberg,"Just over a year ago, businesses that rely on container shipping were hit with a surge in canceled sailings as Chinese New Year and a pandemic...",https://www.bloomberg.com/news/newsletters/2021-01-07/supply-chains-latest-container-shipping-lines-go-full-steam-ahead
corn,China Approves Two GMO Corn Strains for Imports as Demand Soars,2021-01-11,Bloomberg,China approved two genetically modified corn varieties from Bayer AG and Syngenta AG for imports as demand for animal feed surges.,https://www.bloomberg.com/news/articles/2021-01-11/china-approves-two-gmo-corn-strains-for-imports-as-demand-soars
corn,French Grocer Deal Rouses Food Sovereignty Impulse in Virus Era,2021-01-15,Bloomberg,"Canadian convenience-store giant Alimentation Couche-Tard made a $20 billion offer for France's flagship grocer, Carrefour.",https://www.bloomberg.com/news/newsletters/2021-01-15/supply-chains-latest-bid-for-carrefour-stirs-food-protectionism-debate
corn,Putin Thrusts Global Food Markets Into Russian Politics,2021-01-25,Bloomberg,Russia's government is squeezing wheat exports to push down prices in a country with a long history of public anger over food costs.,https://www.bloomberg.com/news/articles/2021-01-25/putin-thrusts-global-food-markets-into-russian-politics
corn,Von Der Leyen Blames EU Trade Chief for Vaccine Export Gaffe,2021-02-01,Bloomberg,"European Commission President Ursula von der Leyen sought to deflect the blame for a humiliating U-turn over vaccine export controls, saying that one of her...",https://www.bloomberg.com/news/articles/2021-02-01/von-der-leyen-blames-eu-trade-chief-for-vaccine-export-gaffe
corn,Land O’Lakes Set for $2 Million Carbon Credit Sale to Microsoft,2021-02-04,Bloomberg,"Land O'Lakes Inc., one of the biggest U.S. farm cooperatives, has found a way for its farmers to cash in on carbon dioxide trapped in soil.",https://www.bloomberg.com/news/articles/2021-02-04/land-o-lakes-set-for-2-million-carbon-credit-sale-to-microsoft
corn,Soon-to-Be-Obsolete Corn Finds New Home as ‘Green’ Cattle Feed,2021-02-09,Bloomberg,Swiss-based Syngenta Group's Enogen seeds is a brand of corn used for ethanol production that seemed to be on its way out as biofuels demand took a dive during...,https://www.bloomberg.com/news/articles/2021-02-10/soon-to-be-obsolete-corn-finds-new-home-as-green-cattle-feed
corn,Kellogg Says It’s Struggling to Meet Demand for Frosted Flakes,2021-02-11,Bloomberg,"Kellogg Co. has struggled to keep Frosted Flakes cereal on store shelves in recent months, recalling the production snags that plagued manufacturers earlier...",https://www.bloomberg.com/news/articles/2021-02-11/kellogg-says-it-s-struggling-to-meet-demand-for-frosted-flakes
corn,Rebel Liberian Commander Accused of Cannibalism Faces Landmark Swiss Trial,2021-02-14,Bloomberg,A rebel commander accused of atrocities including cannibalism during Liberia's civil war a quarter century ago is set to stand trial in Switzerland.,https://www.bloomberg.com/news/articles/2021-02-15/liberian-rebel-accused-of-cannibalism-faces-landmark-swiss-trial
corn,The World Will Pay More for Meat as Food Inflation Deepens,2021-02-16,Bloomberg,"There are signs that the food inflation that's gripped the world over the past year, raising prices of everything from shredded cheese to peanut butter,...",https://www.bloomberg.com/news/articles/2021-02-16/the-world-will-pay-more-for-meat-as-food-inflation-deepens
corn,Freeze Could Keep Texans in the Dark for Days: Energy Update,2021-02-16,Bloomberg,"The deep freeze that has forced the shutdown of US refineries, oil wells and meat plants, disrupted shipments of soybeans and corn, and is still leaving more...",https://www.bloomberg.com/news/articles/2021-02-16/texas-grid-official-expects-power-back-tonight-energy-update
corn,Supercharged Commodity Boom: Definitely. Supercycle? Not Exactly,2021-02-22,Bloomberg,"A surge in commodity prices has Wall Street banks gearing up for the arrival of a new supercycle, but underlying dynamics suggest it isn't going to be a...",https://www.bloomberg.com/news/articles/2021-02-23/supercharged-commodity-boom-definitely-supercycle-not-exactly
corn,Commodities Hit Highest Since 2013 Amid Inflation Concern,2021-02-22,Bloomberg,Commodities rose to their highest in almost eight years amid booming investor appetite for everything from oil to corn.,https://www.bloomberg.com/news/articles/2021-02-22/commodities-rise-to-highest-since-2013-amid-inflation-concerns
corn,The Cereal Industry Had a Very Weird Year,2021-02-24,Bloomberg,"When the country began closing up in the face of the Covid-19 pandemic last March, it was clear that keeping food supply chains from breaking down was going...",https://www.bloomberg.com/opinion/articles/2021-02-24/beyond-grape-nuts-cereal-makers-had-a-very-weird-year
corn,Farmers Edge Jumps 17.5% in Trading Debut After Canadian IPO,2021-03-03,Bloomberg,Agricultural technology startup Farmers Edge Inc. jumped more than 17.5% in its Toronto trading debut after raising C$125 million ($99 million) in its...,https://www.bloomberg.com/news/articles/2021-03-03/farmers-edge-jumps-18-in-canada-trading-debut-after-ipo
corn,Kenya Bans Corn Imports Effective Immediately on Health Concerns,2021-03-06,Bloomberg,Kenya Bans Corn Imports Effective Immediately on Health Concerns ... This article is for subscribers only. ... Kenyan authorities have stopped corn imports into the...,https://www.bloomberg.com/news/articles/2021-03-06/kenya-bans-corn-imports-effective-immediately-on-health-concerns
corn,How Mexico’s Vast Tree-Planting Program Ended Up Encouraging Deforestation,2021-03-08,Bloomberg,"Sowing Life, AMLO's flagship environmental project, may have resulted in the loss of forest cover nearly the size of New York City.",https://www.bloomberg.com/news/features/2021-03-08/a-tree-planting-program-in-mexico-may-encourage-deforestation
corn,Supply Chains Latest: Grapes Could Soon Be Hard to Find at U.S. Grocers,2021-03-12,Bloomberg,Grape lovers in North America and beyond may have a tough time finding their favorite fruit over the next few months.,https://www.bloomberg.com/news/newsletters/2021-03-12/supply-chains-latest-grapes-could-soon-be-hard-to-find-at-u-s-grocers
corn,Billionaire Tech Brothers Give Their Blessing to Dublin,2021-03-16,Bloomberg,Stripe's decision to invest heavily in Ireland is an enviable fintech prize. But it carries a serious regulatory burden.,https://www.bloomberg.com/opinion/articles/2021-03-16/stripe-inc-s-billionaire-tech-brothers-give-their-blessing-to-ireland
corn,Brazil Central Bank Head Goes All-In With Bold Rate Hike Plan,2021-03-17,Bloomberg,Campos Neto not only delivered the biggest interest rate increase in more than a decade but also signaled for the next meeting another hike of the same...,https://www.bloomberg.com/news/articles/2021-03-17/brazil-lifts-key-rate-to-2-75-in-strong-move-to-tame-inflation
corn,Supply Chains Latest: Unusual Corn Cargo Is About to Hit U.S. Shores,2021-03-19,Bloomberg,"It's corn being hauled in from Turkey, and it's set to arrive at a North Carolina port in a matter of days, port data shows. It's pretty...",https://www.bloomberg.com/news/newsletters/2021-03-19/supply-chains-latest-unusual-corn-cargo-is-about-to-hit-u-s-shores
corn,Palm Beach and Miami Get Ready to Feed Incoming Wall Street Analysts,2021-03-23,Bloomberg,"Raise your hand, New Yorkers, if you want to move to Florida. Dan Sundheim is opening a Miami office for his hedge fund, and Goldman Sachs Group Inc. is...",https://www.bloomberg.com/news/articles/2021-03-23/palm-beach-and-miami-restaurants-wall-street-south-s-new-power-spots
corn,At Least 12 American Grain Shipments Impacted by Suez Congestion,2021-03-25,Bloomberg,"The congestion of the Suez Canal, caused by a stranded container ship, may delay nearly 7% of seaborne U.S. major grain shipments, according to USDA and...",https://www.bloomberg.com/news/articles/2021-03-26/at-least-12-american-grain-shipments-impacted-by-suez-congestion
corn,"With Suez Canal Shut, a Dozen Ships Sail the Long Way Around",2021-03-26,Bloomberg,Supply Lines is a daily newsletter that tracks trade and supply chains disrupted by the pandemic. Sign up here. Wait it out or change course?,https://www.bloomberg.com/news/articles/2021-03-26/with-suez-still-shut-some-ships-taking-long-route-around-africa
corn,Sorkin’s ‘Chicago 7’ Is Netflix’s Latest Shot at Oscar Glory,2021-04-05,Bloomberg,"The film has been nominated for six Academy Awards, including for Sorkin's screenplay, and represents Netflix Inc.'s latest shot at the industry's top prize.",https://www.bloomberg.com/news/articles/2021-04-05/sorkin-s-chicago-7-is-netflix-s-latest-shot-at-oscar-glory
corn,Futures Trader Burns Tyson With $200 Million Loss on Fake Cattle,2021-04-06,Bloomberg,"It took a while to notice, but Tyson Foods Inc. eventually realized late last year that more than 200000 of its cattle seemed to have gone missing on a...",https://www.bloomberg.com/news/articles/2021-04-06/non-existent-cattle-cost-tyson-200-million-at-bankrupt-ranch
corn,Millions Are Tumbling Out of the Global Middle Class in Historic Setback,2021-04-07,Bloomberg,"An estimated 150 million slipped down the economic ladder in 2020, the first pullback in almost three decades.",https://www.bloomberg.com/features/2021-emerging-markets-middle-class/
corn,How a Plan to Save Buildings Fell Apart,2021-04-08,Bloomberg,"Fears of gentrification doomed a long-planned effort to landmark Chicago's Pilsen neighborhood. For historic preservation advocates, that failure may be an...",https://www.bloomberg.com/news/features/2021-04-08/why-a-chicago-historic-preservation-plan-collapsed
corn,High-Tech Tools Join the Hunt for Forgotten Mines,2021-04-22,Bloomberg,"In Afghanistan, Angola and Libya, digging out the deadly remnants of war takes nerves of steel and increasingly sophisticated mapping technology.",https://www.bloomberg.com/news/articles/2021-04-23/the-delicate-art-and-science-of-mine-removal
corn,"Bringing Home the Bacon Will Cost You, For Now",2021-04-27,Bloomberg,"After a run of lean years, the farm sector is facing a bumper harvest. The Bloomberg Commodities Agriculture sub-index is up 22% this year to its highest...",https://www.bloomberg.com/opinion/articles/2021-04-27/prices-for-agricultural-commodities-are-surging-it-won-t-last
corn,U.S. Needs A Lot More Land to Go Green by 2050,2021-04-29,Bloomberg,"To meet President Joe Biden's climate change goals, the U.S. needs to expand its green energy commitments quickly. It's going to take a lot more land to do...",https://www.bloomberg.com/graphics/2021-energy-land-use-economy/
corn,The Price of the Stuff That Makes Everything Is Surging,2021-04-30,Bloomberg,"The prices of raw materials used to make almost everything are skyrocketing, and the upward trajectory looks set to continue as the world economy roars back to...",https://www.bloomberg.com/news/articles/2021-05-01/the-price-of-the-stuff-that-makes-everything-is-surging
corn,Corn’s Hot Summers Tend Not to Last,2021-05-05,Bloomberg,"It's going to be a good summer for corn farmers. Speculators best hope it's a very dry one, too. Having scraped $7.50 a bushel, corn is up roughly 50% so...",https://www.bloomberg.com/opinion/articles/2021-05-05/highest-corn-price-in-nine-years-probably-won-t-last-long
corn,Chicago Says Goodbye to CME’s Last Commodity Trading Pits,2021-05-05,Bloomberg,"It's the end of an era for open outcry commodities trading, made famous by the film “Trading Places” with Eddie Murphy and Dan Aykroyd.",https://www.bloomberg.com/news/articles/2021-05-05/chicago-says-goodbye-to-cme-s-last-commodity-trading-pits
corn,One Grain Is Keeping World’s Food Crisis From Getting Worse,2021-05-06,Bloomberg,"As skyrocketing crop prices fuel fears about soaring food costs and hunger around the globe, one of the world's most consumed staples is bucking the trend...",https://www.bloomberg.com/news/articles/2021-05-06/one-grain-is-keeping-the-world-s-food-crisis-from-getting-worse
corn,"High Package Costs Hit Food Makers as Recycled Paper, Corn Soar",2021-05-07,Bloomberg,"The price of containerboard needed to produce corrugated boxes, which are used for things like pizza and shipping perishable food, has risen as much as 17%...",https://www.bloomberg.com/news/newsletters/2021-05-07/supply-chains-latest-packaging-costs-hit-food-as-recycled-paper-price-soars
corn,What Can China Do to Control Record Commodity Prices?,2021-05-11,Bloomberg,The surging cost of commodities to industries and households is a threat to China's economic growth and the purchasing power of its citizenry.,https://www.bloomberg.com/news/articles/2021-05-11/what-are-china-s-next-steps-to-control-record-commodity-prices
corn,Over 700 Barges Stuck in Mississippi River From Bridge Crack,2021-05-12,Bloomberg,"A crack in a bridge over the Mississippi River has stranded more than 700 barges, cutting off the biggest route for U.S. agricultural exports when the...",https://www.bloomberg.com/news/articles/2021-05-12/grain-barges-line-up-after-bridge-crack-shuts-mississippi-river
corn,Argentina’s Beef-Export Ban to Stoke Steak Prices Worldwide,2021-05-21,Bloomberg,Argentina's unorthodox beef-export ban is the latest disruption to supply chains that is forcing consumers to pay higher prices for meat.,https://www.bloomberg.com/news/newsletters/2021-05-21/supply-chains-latest-argentina-s-beef-export-ban-to-stoke-steak-prices
corn,Cargill Heads to Record Profit on Booming Agriculture Market,2021-05-25,Bloomberg,"The company made almost $4.3 billion in net income during the first nine months of its fiscal year, according to data released by the trading house to tap the...",https://www.bloomberg.com/news/articles/2021-05-24/cargill-heads-to-record-profits-on-booming-agricultural-markets
corn,Mondelez to Buy European Snack Maker Chipita for $2 Billion,2021-05-26,Bloomberg,"Mondelez International Inc., the packaged-food giant known for Oreo cookies and Ritz Crackers, agreed to buy European snack maker Chipita SA for about $2...",https://www.bloomberg.com/news/articles/2021-05-26/mondelez-to-buy-european-snacking-company-chipita-for-2-billion
corn,Hungary Seeks to Get Control of Budapest Airport Operator,2021-05-28,Bloomberg,"Hungary's government is seeking to acquire a majority stake in the operator of Budapest Airport, despite a message by the hub's owners that they aren't looking...",https://www.bloomberg.com/news/articles/2021-05-28/hungary-seeks-to-acquire-control-of-budapest-airport-operator
corn,Wall Street’s Favorite Climate Solution Is Mired in Disagreements,2021-06-02,Bloomberg,"Two titans of finance are working with hundreds of executives and scientists to set up a global trade in carbon offsets. It's messy, and time's running out.",https://www.bloomberg.com/news/features/2021-06-02/carbon-offsets-new-100-billion-market-faces-disputes-over-trading-rules
corn,Meme Stock AMC Is Offering Its Investors Popcorn. How Fitting!,2021-06-03,Bloomberg,AMC Entertainment Holdings Inc. announced it will offer a free large popcorn to investors in its shares the first time they attend a movie in an AMC theater...,https://www.bloomberg.com/news/articles/2021-06-03/meme-stock-amc-is-offering-its-investors-popcorn-how-fitting
corn,Hackers Are Latest Threat to the World’s Food Supplies,2021-06-04,Bloomberg,All eyes were back on the world of U.S. meat production this week. But this time it had nothing to do with Covid.,https://www.bloomberg.com/news/newsletters/2021-06-04/supply-chains-latest-jbs-hack-shows-food-supplies-under-threat
corn,Syngenta Taps Banks for Shanghai IPO at $60 Billion Valuation,2021-06-10,Bloomberg,"Syngenta Group Co., the agriculture giant owned by China National Chemical Corp., has picked banks for an initial public offering on Shanghai's Nasdaq-style...",https://www.bloomberg.com/news/articles/2021-06-10/syngenta-said-to-tap-banks-for-shanghai-ipo-at-60-billion-value
corn,Food Inflation Hits Everything From Mayonnaise to Tofu,2021-06-11,Bloomberg,"Restaurant Brands International, which owns the burger joint as well as Popeyes, sees prices rising for ingredients like beef — and even mayonnaise...",https://www.bloomberg.com/news/newsletters/2021-06-11/supply-chains-latest-food-inflation-means-higher-prices-for-tofu-and-mayonnaise
corn,Australia’s Pandemic-Hit Farms to Reach Out to Asia for Labor,2021-06-15,Bloomberg,Australia is looking to recruit Southeast Asian farm workers as the pandemic and a new free-trade deal with the U.K. exacerbates labor shortages in the...,https://www.bloomberg.com/news/articles/2021-06-16/australia-s-pandemic-hit-farms-to-reach-out-to-asia-for-labor
corn,Workers Critical to U.S. Fruit Supplies Face Danger From Extreme Heat,2021-06-18,Bloomberg,The extreme heat that's baking huge swaths of the US West is putting the workers that pick America's fruit and vegetable crops into dangerous and life-...,https://www.bloomberg.com/news/newsletters/2021-06-18/supply-chains-latest-workers-critical-to-u-s-fruit-supplies-face-heat-danger
corn,One of the Most Fertile Nations Wants to Feed the World,2021-06-19,Bloomberg,"It was nicknamed the bread basket of the Soviet Union, and now Ukraine might finally be able to start living up to its agricultural potential.",https://www.bloomberg.com/news/articles/2021-06-20/global-food-supply-ukraine-soviet-union-s-breadbasket-plan-to-feed-the-world
corn,Labor Shortage Forces Pennsylvania Mushroom Farms to Dump Crops,2021-06-25,Bloomberg,Sonya Beltran is growing more than enough white button mushrooms on her family's Pennsylvania farm to supply restaurants seeing a boom in business in the...,https://www.bloomberg.com/news/newsletters/2021-06-25/labor-shortage-forces-pennsylvania-mushroom-farms-to-dump-crops
corn,Commodity Traders and Hedge Funds Make Billions While Prices Rise for Everyone Else,2021-06-28,Bloomberg,"From oil to steel, raw material prices are surging. As the world economy recovers, how much further does the boom have to run?",https://www.bloomberg.com/news/features/2021-06-29/commodity-traders-make-billions-as-oil-copper-battery-metals-prices-rise
corn,Supply Chains Latest: Meat Is Getting So Expensive People Are Cutting Back,2021-07-02,Bloomberg,Meat demand is waning globally thanks to a surge higher for prices coming at a time when the global consumer sentiment is starting to see a shift toward...,https://www.bloomberg.com/news/newsletters/2021-07-02/supply-chains-latest-meat-is-getting-so-expensive-people-are-cutting-back
corn,Xi Jinping’s Words of Warning Echo China’s Youthful Nationalism,2021-07-03,Bloomberg,"To Western ears at least, President Xi Jinping's speech marking the 100th anniversary of the Chinese Communist Party (CCP) struck an ominous tone,...",https://www.bloomberg.com/news/newsletters/2021-07-03/xi-s-words-of-warning-echo-china-s-youth-new-economy-saturday
corn,"From Roast Duck to Ceviche, These July 4th Feasts Are a Delicious Break from Tradition",2021-07-04,Bloomberg,"Ever since he moved to New York as a teenager, Roni Mazumdar has been combining influences from his native Kolkata with American supermarket products.",https://www.bloomberg.com/features/2021-july-4th-new-food-traditions/
corn,Gluten-Free Is Mainstream Now. Just Look at Siete’s $1 Billion Ambition,2021-07-07,Bloomberg,"Siete, a Mexican food brand, is in 16000 locations and sees sales hitting $200 million this year. Now it wants to go global.",https://www.bloomberg.com/news/articles/2021-07-07/gluten-free-mexican-food-siete-aims-to-be-1-billion-brand
corn,Can the Southwest Survive With Less Water?,2021-07-18,Bloomberg,"As the megadrought shrinks Lake Mead, Arizona and its neighbors race to find new ways to conserve.",https://www.bloomberg.com/graphics/2021-opinion-us-drought-southwest-arizona-water-crisis/
corn,The Grim Business of Covid-19 Sweeping South Africa,2021-07-21,Bloomberg,"A wall hoarding about 20-meters tall with an advertisement by South Africa's oldest burial house, Avbob, looms over people entering downtown Johannesburg.",https://www.bloomberg.com/news/articles/2021-07-21/the-grim-business-sweeping-africa-s-most-industrialized-nation
corn,Grounded Pilots Swamp Aviation Recruiters in Fight for Jobs,2021-08-01,Bloomberg,"When U.K.-based Goose Recruitment kicked off a recent campaign to find 30 Boeing Co. 737 cargo pilots for a client in Europe, 400 resumes poured in within...",https://www.bloomberg.com/news/articles/2021-07-31/grounded-pilots-swamp-aviation-recruiters-in-fight-for-jobs
corn,Ralph Lauren (RL) Stock Jumps as Sales in North America Beat Expectations,2021-08-03,Bloomberg,"Ralph Lauren Corp. beat Wall Street's revenue expectations in its fiscal first quarter, buoyed by rebounds in the U.S. and Europe as those markets continue...",https://www.bloomberg.com/news/articles/2021-08-03/ralph-lauren-jumps-as-sales-in-north-america-beat-expectations
corn,The Argentine River That Carries Soybeans to World Is Drying Up,2021-08-06,Bloomberg,"Snaking its way through thousands of miles of South American rainforest and pampas and past sprawling soybean and corn farms, the Parana River is the main...",https://www.bloomberg.com/news/articles/2021-08-06/the-argentine-river-that-carries-soybeans-to-world-is-drying-up
corn,Crop Giant Cargill Reports Biggest Profit in 156-Year History,2021-08-06,Bloomberg,"The largest private US company, which dominates markets such as corn, had almost $5 billion in net income during its 2021 fiscal year through the end of May.",https://www.bloomberg.com/news/articles/2021-08-06/crop-giant-cargill-reports-biggest-profit-in-156-year-history
corn,Chicago’s Drake Hotel Hits Market in Lodging Recovery Test,2021-08-11,Bloomberg,"The owners of Chicago's Drake Hotel are putting it on the market, betting that the nascent travel recovery will draw buyers for a famed property on the...",https://www.bloomberg.com/news/articles/2021-08-11/chicago-s-drake-hotel-hits-market-in-test-of-lodging-recovery
corn,Tractors Finally Get the Tesla Treatment,2021-08-18,Bloomberg,"Electric vehicle technology has finally arrived in heavy machinery, thanks to battery breakthroughs, a small crop of startups like Monarch and investors.",https://www.bloomberg.com/features/2021-monarch-electric-tractors-self-driving/
corn,"To Make the Perfect BLT, Rethink Two of the Staple Ingredients",2021-08-20,Bloomberg,"As Daily Provisions opens new locations in New York, they're showing off a version that hacks the lettuce and all-important mayo component.",https://www.bloomberg.com/news/articles/2021-08-20/to-make-the-perfect-blt-rethink-two-of-the-staple-ingredients
corn,Ex-ABC Executive Is Accused of Sexual Assault on Two Employees,2021-08-25,Bloomberg,A former executive at Walt Disney Co.'s ABC was accused of creating a toxic environment at the television network's “Good Morning America” show and sexually...,https://www.bloomberg.com/news/articles/2021-08-26/ex-abc-executive-is-accused-of-sexual-assault-on-two-employees
corn,Global Crop Rally Spurs Farmers to Scramble for Fertilizer,2021-08-27,Bloomberg,"Global inflation has come for fertilizer, a crop nutrient that most farmers can't live without. As crops such as corn and wheat have become more valuable.",https://www.bloomberg.com/news/newsletters/2021-08-27/supply-lines-latest-global-inflation-is-coming-for-fertilizer
corn,One Stuck Container in Shanghai Reveals a Global Supply Chain in Crisis,2021-08-30,Bloomberg,"Somewhere in the world's busiest port of Shanghai, a container of fertilizer sits among tens of thousands of boxes, waiting for a ride to the U.S. It's been...",https://www.bloomberg.com/news/newsletters/2021-08-30/supply-chain-latest-one-stuck-container-in-shanghai-reveals-crisis
corn,Apple to Let Media Apps Avoid 30% Fee After Global Scrutiny,2021-09-02,Bloomberg,"Apple Inc. will allow developers of some apps like Netflix to link from its App Store to external websites for payments by users, a modest concession to...",https://www.bloomberg.com/news/articles/2021-09-02/apple-to-let-app-makers-point-users-to-web-to-pay-for-services
corn,"Delta or Not, the Fairs Must Go On",2021-09-03,Bloomberg,"State, county and local agricultural fairs returned in 2021, despite a summer Covid surge. Organizers say the events have been safe.",https://www.bloomberg.com/news/articles/2021-09-03/how-state-fairs-came-back-despite-covid-fears
corn,Force Majeure at Top Fertilizer Plant Has Prices Soaring,2021-09-07,Bloomberg,Fertilizer prices are soaring after the world's largest nitrogen facility had to declare a force majeure.,https://www.bloomberg.com/news/articles/2021-09-07/fertilizer-soars-as-top-nitrogen-plant-declares-force-majeure
corn,Cooking-Oil Binge Has World’s Biggest Canola Reserves Plunging,2021-09-08,Bloomberg,Stockpiles of canola in the world's biggest producer plunged as a drought in Canada combines with global surge in demand for cooking oil made from the seed.,https://www.bloomberg.com/news/articles/2021-09-08/cooking-oil-binge-has-world-s-biggest-canola-reserves-plunging
corn,Contribution of Farming to Kenya’s Economy Shrinks After Data Revision,2021-09-09,Bloomberg,"The contribution of farming to Kenya's economy slumped after the East African nation revised its national accounts data, which showed non-traditional...",https://www.bloomberg.com/news/articles/2021-09-09/farming-fades-ict-gains-prominence-in-new-look-kenyan-economy
corn,Dutch Bros Soars in Trading as Dairy Farmer Becomes Billionaire,2021-09-15,Bloomberg,"When third-generation dairy farmers Dane and Travis Boersma were looking for something to do outside the family business, they decided to try coffee.",https://www.bloomberg.com/news/articles/2021-09-15/dairy-farmer-who-began-with-a-pushcart-is-now-coffee-billionaire
corn,"Amazon, Microsoft Swoop In on $24 Billion India Farm-Data Trove",2021-09-16,Bloomberg,Prime Minister Modi is enlisting tech giants to help boost agricultural output. The move risks sparking a fresh round of tensions with farmers.,https://www.bloomberg.com/news/features/2021-09-16/india-taps-amazon-microsoft-for-farm-tech-as-modi-eyes-reforms
corn,Food Prices Poised to Surge With Fertilizer at Highest in Years,2021-09-20,Bloomberg,Most people don't give fertilizer a second thought -- except maybe when driving through a particularly fragrant agricultural area. But with prices for some...,https://www.bloomberg.com/news/articles/2021-09-20/surging-fertilizer-costs-risk-making-food-even-pricier-next-year
corn,Mercedes-Benz Plans $8.2 Billion European Battery Venture,2021-09-24,Bloomberg,Daimler AG will team up with Stellantis NV and TotalEnergies SE to boost the scale of their European battery venture to more than 7 billion euros ($8.2...,https://www.bloomberg.com/news/articles/2021-09-24/mercedes-joins-stellantis-in-8-2-billion-european-battery-pact
corn,Ruined Brazil Harvest Sparks Food Inflation... Everywhere,2021-09-27,Bloomberg,"Brazil's crops have been scorched, frozen and then dried out by the worst drought in a century, upending global commodity markets.",https://www.bloomberg.com/news/features/2021-09-28/climate-change-in-brazil-fire-frost-drought-upends-global-markets
corn,Food Inflation Heats Up and Energy Crisis May Make It Worse,2021-10-07,Bloomberg,"The jump in global food prices to a decade high risks leading to even more expensive grocery bills, and the energy crisis is threatening to make things even...",https://www.bloomberg.com/news/articles/2021-10-07/food-inflation-heats-up-as-global-prices-return-to-decade-high
corn,Argentina’s Vineyards Can’t Bottle Wines Due to Glass Shortage,2021-10-08,Bloomberg,"Argentina's famed vineyards are struggling to find wine bottles amid a global shortage of glass, in the latest example of supply backlogs hitting local...",https://www.bloomberg.com/news/newsletters/2021-10-08/supply-chain-latest-argentina-doesn-t-have-enough-bottles-for-famed-red-wines
corn,Fertilizer Crisis Piles More Pressure on World’s Future Food Supply,2021-10-15,Bloomberg,"Warnings about the fertilizer crisis's threat to global food security are coming thick and fast. In Europe, the high nutrient prices have farmers...",https://www.bloomberg.com/news/newsletters/2021-10-15/supply-chain-latest-warnings-mount-over-fertilizer-crisis
corn,Making Fuel From Straw Is About to Become a Thing in Europe,2021-10-15,Bloomberg,"Turning bales of straw into ethanol is about to become a highly profitable venture in Europe, according to a firm that just opened a production site in the...",https://www.bloomberg.com/news/articles/2021-10-15/making-fuel-from-straw-is-about-to-become-a-thing-in-europe
corn,Greyhound Bus Lines Will Have a New European Owner,2021-10-21,Bloomberg,"Long-distance bus operator Greyhound may be a U.S. icon, but it's staying in European hands after British owner FirstGroup Plc agreed a sale to Germany's...",https://www.bloomberg.com/news/articles/2021-10-21/u-s-bus-icon-greyhound-will-have-a-new-european-owner
corn,Our Best Reads of the Week,2021-10-22,Bloomberg,"A gaping wound in central Asia testifies to the damage we're doing to the planet, though it's heartening to see one of the world's biggest companies go...",https://www.bloomberg.com/news/newsletters/2021-10-22/our-best-reads-of-the-week
corn,The Coming Electric Car Disruption That Nobody’s Talking About,2021-10-22,Bloomberg,"From metal fabricators to auto mechanics and corn growers, the coming era of electric vehicles will upend jobs across the economy.",https://www.bloomberg.com/news/features/2021-10-22/the-ev-disruption-that-nobody-s-talking-about
corn,Baking Expert Dorie Greenspan Rethinks the Chocolate Chip Cookie,2021-10-22,Bloomberg,Leave your baking sheet in the cabinet if you want to make this sublime treat.,https://www.bloomberg.com/news/articles/2021-10-22/baking-expert-dorie-greenspan-rethinks-the-chocolate-chip-cookie
corn,"ADM Earnings Swell on Strong Crop Demand, Processing Margins",2021-10-26,Bloomberg,"Archer-Daniels-Midland Co., one of the world's biggest crop traders, beat estimates for its third-quarter earnings, buoyed by high crop prices and strong...",https://www.bloomberg.com/news/articles/2021-10-26/adm-earnings-swell-on-strong-crop-demand-processing-margins
corn,"Bally’s, Rush Street Among Bidders for Chicago Casino",2021-10-29,Bloomberg,"Chicago received offers from three gambling companies to build the sole casino in America's third-largest city, officials said Friday.",https://www.bloomberg.com/news/articles/2021-10-29/bally-s-rush-street-among-bidders-for-downtown-chicago-casino
corn,Fertilizer Crisis Means Higher Prices for Every Plate of Food (Repeat),2021-11-03,Bloomberg,Prices for crop nutrients soar to records as the global energy squeeze hits production.,https://www.bloomberg.com/news/articles/2021-11-03/higher-fertilizer-prices-mean-more-food-inflation
corn,"Nitrogen Shortage to Force U.S. Farmers to Scale Back Fertilizer, CF Says",2021-11-04,Bloomberg,A shortage of nitrogen fertilizer is getting so bad that farmers won't be able to get what they need for their fields in the near future.,https://www.bloomberg.com/news/articles/2021-11-04/nitrogen-shortage-to-force-u-s-farmers-to-scale-back-fertilizer
corn,The World’s Addiction to Palm Oil Is Only Getting Worse,2021-11-04,Bloomberg,"Seventeen climate summits ago, one of the world's first sustainability efforts in global food production was set up to stop palm oil plantations from...",https://www.bloomberg.com/graphics/2021-palm-oil-deforestation-climate-change/
corn,AMC Moves Into Selling Popcorn With the Movie Business Struggling,2021-11-04,Bloomberg,"AMC Entertainment Holdings Inc., the largest theater chain in the world, is expanding deeper into the popcorn industry at a time when pandemic-wary...",https://www.bloomberg.com/news/articles/2021-11-04/amc-moves-into-popcorn-retailing-with-movie-business-struggling
corn,Mitch McConnell’s Inadvertent Loophole Is Helping America Get High,2021-11-08,Bloomberg,Mitch McConnell's inadvertent loophole is helping America get high. Cornbread's CBD gummies with 50:2 CBD-to-THC ratio.,https://www.bloomberg.com/news/newsletters/2021-11-08/high-thc-pot-gummies-are-getting-a-boost-from-mitch-mcconnell
corn,Fertilizer Prices Rocket to All-Time High on Tightening Supplies,2021-11-12,Bloomberg,"Fertilizer prices keep soaring to unprecedented heights, signaling escalating costs for farmers and consumers around the world.",https://www.bloomberg.com/news/articles/2021-11-12/fertilizer-prices-rocket-to-new-record-for-second-week
corn,"In the Crosshairs of Climate Change, Farmers Seek to Adapt",2021-11-12,Bloomberg,The world is facing a new era of rapidly increasing food prices that could push almost 2 billion more people into hunger in a worst-case climate crisis.,https://www.bloomberg.com/news/newsletters/2021-11-12/supply-chain-latest-climate-change-farmers-food-security-agriculture
corn,BNP Picks Up the Pieces as Europe’s Banks Sever Hedge Funds Ties,2021-11-15,Bloomberg,"Bank after bank across Europe has decided it's not worth the trouble to try to compete with Wall Street in the high-speed, high-risk world of equities...",https://www.bloomberg.com/news/articles/2021-11-15/bnp-picks-up-the-pieces-as-europe-s-banks-sever-hedge-funds-ties
corn,Black Market for Fertilizers Is Booming in India as Prices Soar,2021-11-28,Bloomberg,Indian farmers squeezed by a massive shortage of fertilizers are turning to the black market and paying exorbitant prices for supplies.,https://www.bloomberg.com/news/articles/2021-11-29/black-market-for-fertilizers-is-booming-in-india-as-prices-soar
corn,A New Commodity Squeeze Could Soon Rival Lumber’s Recent Historic Shortage,2021-12-01,Bloomberg,"Tin is in the grips of one of the longest-running squeezes ever seen in commodities markets, and there's little sign of it letting up.",https://www.bloomberg.com/news/articles/2021-12-01/tin-s-year-long-squeeze-ranks-among-longest-in-commodity-history
corn,The Meme Stock,2021-12-01,Bloomberg,"At the start of the year, traders added more than $150 billion to the market cap of GameStop, AMC, and 48 other businesses, stocks that Robinhood put on a...",https://www.bloomberg.com/news/features/2021-12-01/meme-stocks-gamestop-gme-amc-and-dogecoin-bloomberg-50-2021
corn,Ethanol Giant Bets on Low-Carbon Corn With Eye on Markets,2021-12-02,Bloomberg,Top U.S. ethanol maker Poet LLC is looking to encourage greater production of climate-friendly grains in a bid to help farmers profit from an increasingly...,https://www.bloomberg.com/news/articles/2021-12-02/biofuels-giant-poet-aims-to-sort-low-carbon-corn-from-laggards
corn,BuzzFeed Tumbles in Turbulent Debut for Digital Media,2021-12-06,Bloomberg,"BuzzFeed Inc. shares fell in their first day of trading, a sign investors are wary of the digital media company after a shaky lead-up to its public debut.",https://www.bloomberg.com/news/articles/2021-12-06/buzzfeed-goes-public-in-rocky-start-for-digital-media
corn,Shake Shack’s Founder Is Investing in Mexican Chain Tacombi,2021-12-09,Bloomberg,Danny Meyer's Enlightened Hospitality Group is the lead investor in a $27.5 million round of funding.,https://www.bloomberg.com/news/articles/2021-12-09/shake-shack-s-danny-meyer-invests-in-tacombi-mexican-fast-casual-chain
corn,TikTok Is Getting Into the Restaurant Business,2021-12-17,Bloomberg,"At TikTok Kitchen, menu items are based on viral videos. Projected opening dishes include pasta chips with dip, corn ribs, and a smash burger.",https://www.bloomberg.com/news/articles/2021-12-17/tiktok-viral-food-recipes-like-feta-pasta-available-in-virtual-restaurant-2022
corn,Why Bugs Must Be a Bigger Part of the Human Food Chain,2021-12-17,Bloomberg,"They're fine for snacking, but insect protein has its greatest potential as nutrient rich, climate-friendly livestock feed.",https://www.bloomberg.com/opinion/articles/2021-12-17/why-bugs-must-be-a-bigger-part-of-the-human-food-chain
corn,Freight Rates on Every Mode of Transport Are Boosting Inflation,2021-12-20,Bloomberg,"From the high seas and U.S. rail yards to the nation's highways and airports, inflation pressures from shipping costs continue to mount.",https://www.bloomberg.com/news/newsletters/2021-12-20/supply-chain-latest-how-freight-rates-are-adding-to-inflation
corn,MapLab: Thirty Days of Maps,2021-12-29,Bloomberg,"Every November, a social media mapping event draws together the global cartography community.",https://www.bloomberg.com/news/newsletters/2021-12-29/maplab-thirty-days-of-maps
corn,One Reason for Rising Food Prices? Chinese Hoarding.,2022-01-04,Bloomberg,"China is hoarding key commodities. By mid-2022, according to the US Department of Agriculture, China will hold 69% of the world's corn reserves, 60% of its...",https://www.bloomberg.com/opinion/articles/2022-01-05/one-reason-for-rising-food-prices-chinese-hoarding
corn,Pursuits Weekly: Peanut Butter Bacon Burgers Are Pure Comfort,2022-01-09,Bloomberg,"The creamy peanut butter acts almost like a sauce, melting onto the thin, seared burger patties and contrasting with the salty, crunchy, fatty bacon.",https://www.bloomberg.com/news/newsletters/2022-01-09/pursuits-weekly-peanut-butter-bacon-burgers-are-pure-comfort
corn,バークシャーが39億ドルの巨額投資提案、アイオワ州風力・太陽光発電,2022-01-19,Bloomberg,著名投資家ウォーレン・バフェット氏が率いる米バークシャー・ハサウェイは、再生可能エネルギー業界で最大級となり得るアイオワ州での風力・太陽光発電プロジェクト...,https://www.bloomberg.co.jp/news/articles/2022-01-20/R5ZLE0DWX2PT01
corn,彭博單一商品指數- 彭博專業服務,2022-01-21,Bloomberg,彭博單一商品指數為一系列的金融基準，旨在追蹤單一商品期貨合約的績效表現，同時提供全新保護功能：指數水準下限為零。 該系列包括超額報酬及總報酬指數，後者包括三個月...,https://www.bloomberg.com/tc/product/bloomberg-single-commodity-indices/
corn,Canada Faces Empty Shelves as Trucking Snarls Hit Food Supplies,2022-01-21,Bloomberg,A push to encourage truckers in Canada and the U.S. to get vaccinated is stopping a lot more than just Covid-19 at the border.,https://www.bloomberg.com/news/newsletters/2022-01-21/supply-chain-latest-trucking-snarls-threaten-canadian-food-supplies
corn,The Fertilizer Crisis Is Getting Real for Europe Food Prices,2022-01-21,Bloomberg,"As Europe's farmers prepare to spread fertilizers on fields after winter, sky-high nutrient prices are leaving them little choice but to use less.",https://www.bloomberg.com/news/articles/2022-01-21/crunch-time-for-pricey-fertilizers-squeezing-european-farmers
corn,South Africa’s Heaviest Rain on Record Causes Destructive Floods,2022-01-24,Bloomberg,"Large parts of South Africa's most important farming provinces have been soaked by unprecedented rain, causing floods and crop damage and adding to concern...",https://www.bloomberg.com/news/articles/2022-01-25/south-africa-s-heaviest-rain-on-record-causes-floods
corn,Don’t Bank on Food Getting Cheaper Quickly If Crop Prices Ease,2022-01-28,Bloomberg,"Getting food on shelves will probably remain expensive for a while yet, even if crop prices decline.",https://www.bloomberg.com/news/newsletters/2022-01-28/supply-chain-latest-expensive-food-even-if-crop-prices-ease
corn,"The Most Adventurous Nachos, From Caprese to Chicken and Waffles",2022-02-02,Bloomberg,"When do nachos cease to be nachos? Almost never, according to Dan Whalen, a cookbook author and expert on the subject. All you need are chips—or an...",https://www.bloomberg.com/news/articles/2022-02-02/adventurous-nachos-from-caprese-and-corn-to-chicken-and-waffles
corn,Familia de índices de productos básicos de Bloomberg | Índices de Bloomberg | Servicio Bloomberg Professional,2022-02-11,Bloomberg,Los índices de Commodities de Bloomberg (BCOM) son puntos de referencia financieros diseñados para proporcionar una exposición líquida y diversificada a las...,https://www.bloomberg.com/latam/producto/indices/bloomberg-commodity-index-family/
corn,U.S. Offers Support After Banks Face Cyber Hit: Ukraine Update,2022-02-15,Bloomberg,President Joe Biden said that a Russian attack on Ukraine is “still very much a possibility” but said diplomacy should continue.,https://www.bloomberg.com/news/articles/2022-02-15/scholz-to-meet-putin-amid-heightened-jitters-ukraine-update
corn,Bird Flu Is Latest Threat to America’s Embattled Chicken Farms,2022-02-18,Bloomberg,U.S. poultry farms have yet another production headache to deal with: bird flu.,https://www.bloomberg.com/news/newsletters/2022-02-18/supply-chains-latest-bird-flu-threat-to-u-s-chicken-farms
corn,Commodities Backwardation Jumps on Russia-Ukraine Escalation,2022-02-23,Bloomberg,"Commodities are being priced near their highest premium on record to deliveries one year ahead, a measure known as backwardation.",https://www.bloomberg.com/news/articles/2022-02-23/commodities-backwardation-jumps-on-russia-ukraine-escalation
corn,Cargill Says Ship It Chartered Was Hit While in Ukraine’s Waters,2022-02-24,Bloomberg,A ship chartered by Cargill Inc. was hit while sailing in Ukrainian waters in the Black Sea and is currently sailing south to Romanian waters to receive...,https://www.bloomberg.com/news/articles/2022-02-24/cargill-say-ship-it-chartered-was-hit-while-in-ukraine-waters
corn,Putin’s War Makes the World More Dangerous: Weekend Reads,2022-02-26,Bloomberg,Russian President Vladimir Putin's decision to invade neighboring Ukraine sent political and economic shockwaves across the globe and sparked one of the...,https://www.bloomberg.com/news/newsletters/2022-02-26/putin-s-war-makes-the-world-more-dangerous-weekend-reads
corn,European Union Bans Russian Flights in Bid to Rein In Putin,2022-02-27,Bloomberg,"The European Union will close its airspace to Russia, attempting to further isolate President Vladimir Putin after he ordered his troops to invade...",https://www.bloomberg.com/news/articles/2022-02-27/european-union-to-ban-russian-flights-in-effort-to-slow-putin
corn,Russia Can Turn Food Into a Weapon in Future Crises Like Ukraine Invasion,2022-02-28,Bloomberg,Putin's drive to sanction-proof the country means Moscow now exports food on a grand scale. It can use that to its advantage.,https://www.bloomberg.com/opinion/articles/2022-02-28/russia-can-turn-food-into-a-weapon-in-future-crises-like-ukraine-invasion
corn,Soaring Fertilizer Prices Are About to Increase the Cost of Food,2022-03-01,Bloomberg,"Ben Riensche, who farms 16,000 acres in Iowa, would be ecstatic to get $80 per acre selling his corn. But it'll cost him $240 an acre to feed the plants...",https://www.bloomberg.com/news/articles/2022-03-02/russia-s-war-in-ukraine-disrupts-global-fertilizer-trade-increasing-food-costs
corn,Next China: Russia’s Costly War,2022-03-03,Bloomberg,"China is still calculating how much it stands to lose from Russia's war in Ukraine. Diplomatically, President Xi Jinping took a hit for announcing a ""no limits...",https://www.bloomberg.com/news/newsletters/2022-03-04/russia-s-invasion-of-ukraine-already-looks-costly-for-china-next-china
corn,Top Fertilizer Maker Nutrien Says Canada Rail Strike Could Hurt Crops,2022-03-04,Bloomberg,"Nutrien, the world's biggest crop-nutrient producer, is asking the Canadian government to intervene and halt a potential strike at one of the nation's largest...",https://www.bloomberg.com/news/newsletters/2022-03-04/supply-chain-latest-canada-rail-strike-could-halt-fertilizer-distribution
corn,"Commodity ETFs Pull In $4.5 Billion, Topping Equity Fund Flows",2022-03-07,Bloomberg,"Investors are flooding commodity exchange-traded funds with cash on signs that shortages for energy, metals and grains will spark hefty returns.",https://www.bloomberg.com/news/articles/2022-03-07/commodity-etfs-pull-in-4-5-billion-topping-equity-fund-flows
corn,The World’s Next Food Emergency Is Here as War Compounds Hunger Crisis,2022-03-08,Bloomberg,Russia's invasion of Ukraine means the food inflation that's been plaguing global consumers is now tipping into a full-blown crisis.,https://www.bloomberg.com/news/articles/2022-03-08/war-in-ukraine-compounds-global-food-inflation-hunger-crisis
corn,A Wheat ETF Teaches the Meme Crowd a Lesson the Hard Way,2022-03-10,Bloomberg,"There isn't a lot of dumb money in the commodity markets, but there is in the stock market.",https://www.bloomberg.com/opinion/articles/2022-03-10/that-time-the-meme-crowd-came-for-the-wheat-etf
corn,Watch Markets Pricing In Stagflation Scenario: TD Bank's Kumra,2022-03-15,Bloomberg,"Pooja Kumra, Senior European Rates Strategist at Toronto-Dominion Bank, discusses central bank policy amid higher commodity prices and tighter financial...",https://www.bloomberg.com/news/videos/2022-03-15/markets-pricing-in-stagflation-scenario-td-bank-s-kumra-video
corn,Putin’s War in Ukraine Is Choking the Flow of Russia’s Exports,2022-03-18,Bloomberg,"Its invasion of Ukraine is constraining those crucial supplies—or threatening to—as it becomes increasingly isolated from the global economy, driving up prices...",https://www.bloomberg.com/graphics/2022-russia-commodities-shortage/
corn,Soaring Prices for Everything Used to Make Food Brings More Inflation,2022-03-19,Bloomberg,"The price of everything that goes into producing crops is surging, threatening to further fan global food inflation.",https://www.bloomberg.com/news/articles/2022-03-19/soaring-prices-for-everything-in-the-food-supply-chain-means-more-inflation
corn,All That’s Stopping a Full-Blown Food Crisis? Rice,2022-03-23,Bloomberg,"Prices of the staple diet of half the world's population remain subdued, thankfully.",https://www.bloomberg.com/opinion/articles/2022-03-24/food-price-inflation-rice-is-all-that-s-preventing-a-full-blown-crisis
corn,Ukraine Is Sitting on 15 Million Tons of Grain it Can't Move,2022-04-04,Bloomberg,"Deliveries from Ukraine and Russia, which account for about a quarter of the world's grains trade, are becoming complicated, spurring food-security worries.",https://www.bloomberg.com/news/features/2022-04-05/will-russia-s-war-in-ukraine-cause-wheat-shortages-raise-food-prices-more
corn,European Farmers Turn to GM Feed to Replace Corn From Ukraine,2022-04-04,Bloomberg,European farmers are set to buy more genetically modified animal feed from the U.S. and South America after Russia's invasion cut off corn shipments from...,https://www.bloomberg.com/news/articles/2022-04-04/european-farmers-turning-to-gm-feed-to-replace-corn-from-ukraine
corn,Wheat Soars on U.S. Crop Worries and Ukraine Export Obstacles,2022-04-05,Bloomberg,Wheat in Chicago surged as U.S. drought and trade route obstacles in Ukraine threaten to tighten global grain supplies.,https://www.bloomberg.com/news/articles/2022-04-05/wheat-extends-surge-on-potential-for-further-sanctions-on-russia
corn,"EU Weighs Sanctions on Oleg Deripaska, Herman Gref and Other Russian Tycoons",2022-04-06,Bloomberg,"The European Union is discussing Wednesday whether to sanction Oleg Deripaska, a wealthy Russian aluminum tycoon, in its next round of penalties.",https://www.bloomberg.com/news/articles/2022-04-06/eu-mulls-sanctions-on-deripaska-gref-other-russian-tycoons
corn,Richest Agriculture Family’s Fortunes Jump as Food Prices Surge,2022-04-08,Bloomberg,Rising food prices and turbulent global commodities markets are fueling a surge in wealth for the billionaire family behind America's largest closely held...,https://www.bloomberg.com/news/articles/2022-04-08/richest-agriculture-family-s-fortunes-jump-as-food-prices-surge
corn,"Corn Nears Record High, Wheat Surges on Crop Supply Concerns",2022-04-18,Bloomberg,The most-active July contract rose 3% to $8.07 a bushel in Chicago with the conflict in Ukraine showing no signs of easing as Russian forces attacked Mariupol...,https://www.bloomberg.com/news/articles/2022-04-18/corn-hits-8-a-bushel-for-first-time-since-2012-on-supply-woes
corn,World Economy Falls Victim to Putin’s War,2022-04-19,Bloomberg,Finance ministers and central bank chiefs gather in Washington today under the shadow of Russia's war in Ukraine.,https://www.bloomberg.com/news/newsletters/2022-04-19/world-economy-falls-victim-to-putin-s-war-balance-of-power
corn,Ukraine’s Farmers Fight on the Front Line of Global Food Crisis,2022-04-24,Bloomberg,"The country is a key producer of sunflower oil, wheat, corn and even honey, and the effects are being felt everywhere.",https://www.bloomberg.com/news/articles/2022-04-24/replacing-ukraine-sunflower-oil-is-one-thing-food-crisis-is-a-bigger-issue-now
corn,Spain’s Switch to Latin American Grain Offsets Ukraine War Impact,2022-04-28,Bloomberg,"Spain's decision to replace grain imported from Ukraine with those coming from Latin America is paying off, shielding its farming industry from one of the...",https://www.bloomberg.com/news/newsletters/2022-04-28/supply-chain-latest-spain-shields-farming-industry-with-south-american-grains
corn,Major Brazil Soybean Grower to Cut Fertilizer Use Amid Shortage,2022-04-28,Bloomberg,"SLC Agricola SA, which cultivates an area bigger than Delaware with soybeans, corn and cotton, will probably use between 20% and 25% less fertilizer in 2022-...",https://www.bloomberg.com/news/articles/2022-04-28/major-brazil-soybean-grower-to-cut-fertilizer-use-amid-shortage
corn,Can the World Feed Itself? Historic Fertilizer Crunch Threatens Food Security,2022-05-01,Bloomberg,"A run-up in prices and shortage of man-made nutrients are forcing the agriculture industry to adapt, and the impact could be severe.",https://www.bloomberg.com/news/articles/2022-05-01/farmers-are-struggling-to-keep-up-food-supply-as-fertilizer-prices-surge
corn,Cocaine Found in Coffee Shipments in Switzerland,2022-05-06,Bloomberg,"Employees at a Nespresso factory in a Swiss town discovered more than 500 kilograms of cocaine in bags of coffee beans from Brazil, according to police.",https://www.bloomberg.com/news/newsletters/2022-05-06/supply-chain-latest-swiss-officials-make-huge-cocaine
corn,Soggy Fields Spur Manitoba Farmers to Swap Corn Acres for Wheat,2022-05-10,Bloomberg,"Farmers struggling in waterlogged parts of Canada's Prairies are simply ditching acres of corn and soybeans for crops that are likely to fare better,...",https://www.bloomberg.com/news/articles/2022-05-10/soggy-fields-spur-manitoba-farmers-to-swap-corn-acres-for-wheat
corn,Wingstop’s Plan to Control Chicken Costs Is to Start Raising Its Own Animals,2022-05-17,Bloomberg,Chicken-wing chain Wingstop Inc. is actively looking at the potential purchase of a poultry company in order to better control the volatile cost of chicken.,https://www.bloomberg.com/news/articles/2022-05-17/wingstop-sets-aside-150-million-to-buy-or-build-a-chicken-farm
corn,Diesel’s 100% Surge and Scarcity Deny Farmers Their ‘Lifeblood’,2022-05-19,Bloomberg,"Farmers from Iowa to Ukraine are grappling with surging diesel prices and an unsteady supply, forcing them to spend unprecedented sums on fuel in a chaotic...",https://www.bloomberg.com/news/articles/2022-05-19/diesel-s-100-surge-and-scarcity-deny-farmers-their-lifeblood
corn,食料危機を深刻化させるロシアが得る利益－穀物を「戦争の武器」に,2022-05-24,Bloomberg,ロシアのウクライナ侵攻は世界的な食料危機を深刻化させている一方で、小麦価格の高騰などを引き起こした張本人であるロシアには利益をもたらしている。,https://www.bloomberg.co.jp/news/articles/2022-05-24/RCE0DMDWLU6801
corn,India’s Protectionist Moves Spark Concern That Rice May Be Next,2022-05-26,Bloomberg,"Rice may be India's next food protectionism target after it restricted wheat and sugar exports, analysts say, a move that could have a devastating impact on...",https://www.bloomberg.com/news/articles/2022-05-26/india-s-protectionist-moves-spark-concern-that-rice-may-be-next
corn,Now Even Chicken Is Getting Too Expensive?,2022-05-26,Bloomberg,Prices for the world's most consumed meat have been surging in recent months. Retail whole chickens in the US cost $1.79 per pound in April.,https://www.bloomberg.com/opinion/articles/2022-05-26/chicken-prices-are-surging-thanks-to-three-pandemics-and-a-drought
corn,Why Chickens Are Getting More Pricey From Manhattan to Malaysia,2022-05-27,Bloomberg,"Chicken is the most consumed meat in the world, but from the US to Singapore, consumers are finding that it's more expensive than before to get their hands on...",https://www.bloomberg.com/news/articles/2022-05-27/why-chickens-are-getting-more-pricey-from-manhattan-to-malaysia
corn,Rich Nations’ Toxic Habits Bring African Refugees to Their Doors,2022-05-31,Bloomberg,"The number of African migrants trying to make it to the US southern border is on track to hit a potential record this year. By 2050, 86 million Africans...",https://www.bloomberg.com/news/features/2022-06-01/rich-nations-toxic-habits-bring-african-refugees-to-their-doors
corn,"Lettuce Blow Your Mind: Chefs Are Grilling Salad, and It’s Great",2022-06-08,Bloomberg,"Charred salads are turning up on menus across the country. Most versions plate the salad wedge-style to be cut with a knife, rather than use a bowl.",https://www.bloomberg.com/news/articles/2022-06-08/chefs-are-grilling-salad-and-it-s-great-here-s-how-to-char-your-greens-at-home
corn,Chronic Food Shortages From Lettuce to Sriracha and the Rise of Chicken,2022-06-10,Bloomberg,"From the meteoric rise of chicken to shortages of consumer favorites, here are some of the latest key food stories from around the world:",https://www.bloomberg.com/news/newsletters/2022-06-10/supply-chain-latest-chicken-popularity-and-shortages-of-lettuce-and-sriracha
corn,The Best Restaurant in the UK Isn’t in London. It’s in Wales,2022-06-13,Bloomberg,"The destination dining spot, Ynyshir, is in Powys, Wales. On Monday, June 13, it was named No. 1 in the Estrella Damm National Restaurant Awards.",https://www.bloomberg.com/news/articles/2022-06-13/ynyshir-in-wales-is-the-best-restaurant-in-the-uk-beating-out-london
corn,We'll Be Marrying AI Robots in No Time,2022-06-14,Bloomberg,"Sentient or not, we're more alike than we think.",https://www.bloomberg.com/opinion/articles/2022-06-14/even-if-an-ai-robot-isn-t-sentient-you-can-still-marry-it
corn,Spiraling Food Crisis Hits Sri Lanka as Farmers Abandon Fields,2022-06-16,Bloomberg,"An economic meltdown, the most dire since the nation achieved independence from the British in 1948, has taken a severe toll on the agriculture sector.",https://www.bloomberg.com/news/articles/2022-06-17/sri-lanka-faces-food-crisis-as-farmers-abandon-fields-and-inflation-surges
corn,"War in Ukraine Risks Shrinking Country’s Vital Harvests by Half, Satellite Data Show",2022-06-16,Bloomberg,Satellite views of Ukraine's vast farmland show some of the country's key upcoming harvests could be halved by the war.,https://www.bloomberg.com/news/articles/2022-06-16/satellite-data-show-crucial-ukrainian-harvests-could-halve
corn,Corn Piles Up Outside Silos as Key Brazil Region Reaps Record Crop,2022-06-23,Bloomberg,Corn Piles Up Outside Silos as Key Brazil Region Reaps Record Crop.,https://www.bloomberg.com/news/articles/2022-06-23/corn-piles-up-outside-silos-as-key-brazil-region-reaps-record-crop
corn,New York Gay Bars Are Declining—and Covid Isn’t All to Blame,2022-06-24,Bloomberg,"David DeParolesa is trying to revive an endangered species: the gay bar. His plan was hatched in 2020, as DeParolesa watched storefronts darken one by one...",https://www.bloomberg.com/news/articles/2022-06-24/new-york-city-gay-bars-struggle-to-open-amid-red-tape-general-decline
corn,World Faces More Food Shortages and Ukraine’s Crop Headaches Persist,2022-06-24,Bloomberg,"From more food shortages to Ukraine's crop-storage predicament, here's a snapshot of the latest key food stories from around the world:",https://www.bloomberg.com/news/newsletters/2022-06-24/supply-chain-latest-food-shortages-and-ukraine-harvest-problems
corn,Stellantis Warns of Car Market Collapse If EVs Don’t Get Cheaper,2022-06-29,Bloomberg,One of Europe's biggest automakers warned after a landmark deal to phase out combustion engines that the industry is doomed unless electric vehicles get...,https://www.bloomberg.com/news/articles/2022-06-29/stellantis-warns-of-car-market-collapse-if-evs-don-t-get-cheaper
corn,Banks Step Up Trade Finance in Global Commodities Boom,2022-07-03,Bloomberg,Major banks are ratcheting up funds for the global commodities trade as Russia's war in Ukraine drives up prices for everything from crude oil to corn.,https://www.bloomberg.com/news/articles/2022-07-04/commodities-bull-market-sees-banks-step-up-to-fund-trading-boom
corn,Femsa to Buy Valora for Up to $1.2 Billion in Europe Push,2022-07-05,Bloomberg,"Fomento Economico Mexicano, the largest operator of convenience stores in Latin America, agreed to buy Switzerland's Valora for as much as $1.2 billion to...",https://www.bloomberg.com/news/articles/2022-07-05/femsa-to-buy-valora-for-up-to-1-2-billion-expands-in-europe
corn,Kremlin Pushes New Wave of Repression at Home as War Drags,2022-07-06,Bloomberg,"Legislators have approved new proposals to dramatically broaden treason statutes, as well as restrictions on “foreign agents,” a legal category that's been...",https://www.bloomberg.com/news/articles/2022-07-06/kremlin-pushes-new-wave-of-repression-at-home-as-war-drags-on
corn,One of Europe’s Smallest Nations Tries a Big Idea: Free Public Transit,2022-07-07,Bloomberg,"Since 2020, residents of Luxembourg have been able to ride trains and buses throughout the country without buying tickets. Is the policy paying off?",https://www.bloomberg.com/news/articles/2022-07-07/inside-luxembourg-s-experiment-with-free-public-transit
corn,Food Commodity Prices Are Tumbling as Harvests Replenish Supplies,2022-07-08,Bloomberg,"From tumbling palm oil prices to 100-degree Fahrenheit heat bearing down on the US Plains, here's a snapshot of the latest key food supply stories from...",https://www.bloomberg.com/news/newsletters/2022-07-08/supply-chain-latest-food-price-crash-and-scorching-us-heat
corn,Two of Europe’s Biggest Airlines Scrap Hundreds More Flights,2022-07-08,Bloomberg,"Two of Europe's biggest airlines announced another round of cancellations, adding to the disruption turning the travel sector's pandemic recovery summer...",https://www.bloomberg.com/news/articles/2022-07-08/klm-to-cancel-european-flights-every-day-through-end-august
corn,"Technology, transparency and transition in environmental finance | Insights | Bloomberg Professional Services",2022-07-12,Bloomberg,"Investment managers are facing a regulatory burden, with the need to comply with the SFDR, the EU Taxonomy regulation, etc.",https://www.bloomberg.com/professional/insights/sustainable-finance/technology-transparency-and-transition-in-environmental-finance/
corn,Gas Crisis May Force Fertilizer Giant Yara to Further Cut Output,2022-07-19,Bloomberg,European fertilizer giant Yara International ASA said the energy crisis is forcing it to curb output and warned that more cuts may come.,https://www.bloomberg.com/news/articles/2022-07-19/gas-crisis-may-force-fertilizer-giant-yara-to-further-cut-output
corn,Ukraine Latest: Kyiv Seeks to Freeze Bond Payments Due to War,2022-07-20,Bloomberg,The EU proposed curbing gas consumption by 15% over the next eight months amid fears that the Kremlin could halt exports entirely.,https://www.bloomberg.com/news/articles/2022-07-20/ukraine-latest-putin-warns-gas-flow-may-resume-at-reduced-rate
corn,"Breadflation, Palm Oil’s Rout and Scorched Fields Across Europe",2022-07-22,Bloomberg,"From $10 for a loaf of bread to palm oil's plunge and the highest ever temperatures in Europe, which are driving farmers to feed sports drinks to their...",https://www.bloomberg.com/news/newsletters/2022-07-22/supply-chain-latest-bread-inflation-in-us-and-heat-waves-across-europe
corn,Celia Bergin,2022-07-23,Bloomberg,Recent stories by Celia Bergin on Bloomberg.com.,https://bloomberg.com/authors/AV0wmAyRiQo/celia-bergin
corn,Europe’s Parched Earth Hits Corn as Climate Crisis Resounds,2022-08-03,Bloomberg,"Europe's Parched Earth Hits Corn as Climate Crisis Resounds · Corn fields from France to Romania suffer under heat waves · Extreme heat is also hurting power,...",https://www.bloomberg.com/news/articles/2022-08-03/europe-s-parched-earth-hits-corn-as-climate-crisis-reverberates
corn,Major Rivers Across Europe Are Drying Up at the Worst Possible Moment,2022-08-10,Bloomberg,"From the Rhine to the Danube, waterways are failing at the worst possible moment as the climate crisis worsens.",https://www.bloomberg.com/news/features/2022-08-10/europe-s-low-water-levels-threaten-rhine-river-hit-80b-trade-lifeline
corn,Cargill Posts Record Revenue of $165 Billion for Fiscal 2022,2022-08-10,Bloomberg,Commodities giant Cargill Inc. said annual revenues soared 23% to a record $165 billion in a fiscal year marked by “extreme events.”,https://www.bloomberg.com/news/articles/2022-08-10/cargill-posts-record-revenue-of-165-billion-for-fiscal-2022
corn,Rhine River Falls Below Critical Level at German Waypoint,2022-08-13,Bloomberg,"The Rhine River is set to continue shriveling early into next week, further restricting the supply of vital commodities to parts of inland Europe as the...",https://www.bloomberg.com/news/articles/2022-08-12/rhine-river-set-to-shrink-to-critical-threshold-for-navigability
corn,"‘Good But not Great’ as US Crop Tour Hits Nebraska, Indiana",2022-08-23,Bloomberg,"From wet and cold to hot and dry, corn yields suffer from sudden shift in weather, but news on soybeans is promising.",https://www.bloomberg.com/news/articles/2022-08-23/some-us-corn-plants-are-so-dry-they-re-not-producing-ears-of-grain
corn,Tortillas Help Drive Mexico’s Inflation to New 21-Year High,2022-08-24,Bloomberg,"Corn tortillas, the staple of the Mexican lunch table, played a central role behind the rise in inflation to a 21-year high this month as the country nears...",https://www.bloomberg.com/news/articles/2022-08-24/tortillas-help-drive-mexico-s-inflation-to-new-21-year-high
corn,"Look Out, Corn Kid, the Future of Your Favorite Crop Is Far From ‘Corntastic’",2022-08-25,Bloomberg,"The original video, in which the boy describes corn as “a big lump with knobs,” was picked up by a meme account on TikTok, where it drew 16 million views. A...",https://www.bloomberg.com/news/articles/2022-08-25/corn-kid-song-becomes-tiktok-sensation-just-as-supply-fears-grow
corn,Drought and Worsening Fertilizer Crisis Risk More Food Inflation,2022-08-26,Bloomberg,"From prospects for prolonged food inflation to nations' quest to safeguard supplies, and once again a worsening fertilizer crisis, here's a snapshot of recent...",https://www.bloomberg.com/news/newsletters/2022-08-26/supply-chain-latest-drought-and-fertilizer-crisis-point-to-more-food-inflation
corn,"China’s Funds Megaprojects to Fuel Growth, Expand Infrastructure",2022-08-26,Bloomberg,"Today we look at the Federal Reserve's gathering in Jackson Hole, the megaprojects that may help prop up China's flailing economy.",https://www.bloomberg.com/news/newsletters/2022-08-26/what-s-happening-in-the-world-economy-china-s-new-megaprojects
corn,Dried-Out Farms From China to Iowa Will Pressure Food Prices,2022-08-28,Bloomberg,"Drought is shrinking crops from the US Farm Belt to China's Yangtze River basin, ratcheting up fears of global hunger and weighing on the outlook for inflation.",https://www.bloomberg.com/news/articles/2022-08-27/dried-out-farms-from-china-to-iowa-put-pressure-on-food-prices
corn,Climate Change Raises New Challenges for Marijuana Farmers,2022-09-06,Bloomberg,"This week our guest writer is Andrea Bossi, who takes a look at how climate change is affecting cannabis farming, especially in California.",https://www.bloomberg.com/news/newsletters/2022-09-06/droughts-and-wildfires-spell-trouble-for-marijuana-farmers
corn,Sugar and Salt Shortage Worsens Philippines’ Food Supply Woes,2022-09-07,Bloomberg,"A top soft-drinks maker with no sugar, a burger joint out of onions and kitchens short of salt underscore the dependence of the Philippines on food imports...",https://www.bloomberg.com/news/articles/2022-09-07/sugar-and-salt-shortage-worsens-philippines-food-supply-woes
corn,Wheat Prices Surge as Putin Assails Ukraine Grain Deal,2022-09-07,Bloomberg,"Wheat futures climbed as much as 6.9% after Russian President Vladimir Putin criticized a recent grain deal with Ukraine, heightening attention on the sales...",https://www.bloomberg.com/news/articles/2022-09-07/corn-futures-retreat-after-us-report-shows-steady-crop-rating
corn,"Fuel-Shortage Risks Make Investors Bullish on Energy Stocks, Survey Shows",2022-09-12,Bloomberg,"Electricity and natural gas prices will drive global inflation if Russia chokes off flows of natural gas, survey respondents say.",https://www.bloomberg.com/news/articles/2022-09-11/looming-fuel-shortages-make-investors-bullish-on-energy-stocks-and-bonds
corn,"Australian Firm Defies Top Investor, Buys Chicago Skyway Stake From Canada Pensions",2022-09-13,Bloomberg,Atlas Arteria Ltd. agreed to buy a $2 billion stake in the Chicago Skyway toll road despite strong opposition from the Australian company's biggest...,https://www.bloomberg.com/news/articles/2022-09-12/atlas-arteria-agrees-to-buy-2-billion-stake-in-chicago-skyway
corn,Smallest French Corn Crop Since 1990 Shows Drought’s Huge Toll,2022-09-13,Bloomberg,"French farmers are collecting their smallest corn crop in more than three decades, highlighting the massive toll that summer drought has wrought on Europe's...",https://www.bloomberg.com/news/articles/2022-09-13/smallest-french-corn-crop-since-1990-shows-drought-s-huge-toll
corn,Threat of US Rail Strike Starts to Shake Up Commodity Markets,2022-09-14,Bloomberg,A potentially catastrophic strike of railroad workers across the US is starting to spook energy and commodities markets.,https://www.bloomberg.com/news/articles/2022-09-14/looming-us-rail-strike-is-starting-to-roil-commodities-markets
corn,The Globe Is Barreling Toward $1 Trillion in Weather-Disaster Damages,2022-09-15,Bloomberg,"Floods and droughts have ravaged continents, and odds are high a third La Nina will occur in 2022-2023. What does this mean across the globe? Here's a look…",https://www.bloomberg.com/graphics/2022-la-nina-weather-risk-global-economies/
corn,Europe’s Largest Building From Ceausescu Era to Cut Energy Costs,2022-09-16,Bloomberg,"Romania's parliament, the largest building in Europe, will reduce hours when it's lit up at night as part of efforts to cut energy costs.",https://www.bloomberg.com/news/articles/2022-09-16/europe-s-largest-building-from-ceausescu-era-to-cut-energy-costs
corn,Paris Fashion Week Is Showcasing 107 Houses Over 9 Days,2022-09-27,Bloomberg,Paris (AP) -- Paris is the center of the global luxury industry this week with Tuesday marking the first major day of ready-to-wear shows.,https://www.bloomberg.com/news/articles/2022-09-27/paris-fashion-week-is-showcasing-107-houses-over-9-days
corn,Solar Energy's New Superpower is Throwing Shade,2022-10-02,Bloomberg,"In rural America, the shoulder-high corn is increasingly competing with a new cash crop: solar power. Acres of solar panels shine brightly in fields along...",https://www.bloomberg.com/opinion/articles/2022-10-02/solar-energy-s-new-superpower-is-throwing-shade
corn,"China Restricts Exports of Corn Starch, Signaling Supply Worries",2022-10-03,Bloomberg,"China Restricts Exports of Corn Starch, Signaling Supply Worries ... This article is for subscribers only. China has curbed exports of corn starch in a signal...",https://www.bloomberg.com/news/articles/2022-10-03/china-restricts-corn-starch-exports
corn,French Writer Annie Ernaux Awarded Nobel Prize in Literature,2022-10-06,Bloomberg,Paris (AP) -- French author Annie Ernaux won this year's Nobel Prize in literature Thursday for blending fiction and autobiography in books that fearlessly...,https://www.bloomberg.com/news/articles/2022-10-06/nobel-panel-to-announce-winner-of-literature-prize
corn,"Europe Could Freeze This Winter Even With Full Gas Storage, Gazprom CEO Says",2022-10-12,Bloomberg,"European households could still freeze during a severe cold snap this winter, despite the continent having almost filled its gas storage facilities.",https://www.bloomberg.com/news/articles/2022-10-12/gazprom-ceo-says-europe-could-freeze-even-with-full-gas-storage
corn,"Land Is Power, and the Osage Nation Is Buying Theirs Back",2022-10-12,Bloomberg,"Raymond Red Corn remembers every bit of the drive up to Kansas to buy back his people's land. Red Corn, who was the assistant principal chief of the Osage...",https://www.bloomberg.com/news/features/2022-10-12/osage-nation-fights-to-buy-back-land-after-reign-of-terror
corn,NATO States Back German-led Anti-Missile Shield for Europe,2022-10-13,Bloomberg,"At least 15 countries mainly of the NATO military alliance, including the UK and the Netherlands, have signed a letter of intent to join a long-term German...",https://www.bloomberg.com/news/articles/2022-10-13/nato-countries-back-german-plan-for-european-anti-missile-shield
corn,Egypt Farmers Cull Chicks as Poultry Feed Stranded in Ports,2022-10-17,Bloomberg,"Egyptian livestock farmers are culling chicks amid a shortage of feed imports, as soaring costs exacerbate a historic food crisis.",https://www.bloomberg.com/news/articles/2022-10-17/egypt-farmers-cull-chicks-as-poultry-feed-stranded-in-ports
corn,Seed Giant Bayer Shortens Corn Stalks to Withstand Extreme Winds,2022-10-27,Bloomberg,Seed Giant Bayer Shortens Corn Stalks to Withstand Extreme Winds ... Bayer's new shorter-stature corn plants. ... This article is for subscribers only. With corn...,https://www.bloomberg.com/news/articles/2022-10-27/bayer-launching-seeds-for-shorter-corn-plants-to-survive-extreme-winds
corn,Drought in US: Some Farms Are So Dry the Dirt Is Repelling Fertilizer,2022-10-28,Bloomberg,"Drought is rapidly expanding across America's crop belt, making it so dry that in some grain fields fertilizer is evaporating from the soil and plants are...",https://www.bloomberg.com/news/articles/2022-10-27/some-us-farms-are-so-dry-the-dirt-is-repelling-fertilizer
corn,French Growth Slows as Europe Frets Over Recession: GDP Update,2022-10-28,Bloomberg,"Hopes that the euro zone can stave off a recession got a boost as Germany defied expectations by reporting another quarter of economic growth,...",https://www.bloomberg.com/news/articles/2022-10-28/french-growth-slows-as-europe-frets-over-recession-gdp-update
corn,"Selling a Cleaner, Affordable Cooking Fuel for Kenyan Homes",2022-11-01,Bloomberg,"Nairobi's Koko has equipped 675000 households with ethanol, used in the company's cookers and sold over an app.",https://www.bloomberg.com/news/features/2022-11-01/selling-a-cleaner-affordable-cooking-fuel-for-kenyan-homes
corn,El Salvador’s $300 Million Bitcoin ‘Revolution’ Is Failing Miserably,2022-11-04,Bloomberg,"President Nayib Bukele tied his country's fortunes to the digital token, but there isn't much sign of it. Easier to find: Mass arrests and soldiers with...",https://www.bloomberg.com/news/features/2022-11-04/el-salvador-s-bitcoin-revolution-is-failing-badly
corn,The Preppers Were Right All Along,2022-11-06,Bloomberg,"In the first seven months of 2020, as the Covid-19 pandemic brought America to its knees, sales at survivalist supplier Augason Farms surged, tripling its...",https://www.bloomberg.com/opinion/articles/2022-11-06/climate-change-is-launching-a-new-generation-of-preppers
corn,Shrunken Mississippi River Slows US Food Exports When World Needs Them Most,2022-11-09,Bloomberg,"The Mississippi River — the immense, quiet highway that courses down the middle of America, moving critical food, wood, coal and steel supplies to global...",https://www.bloomberg.com/graphics/2022-mississippi-river-drought-global-impact/
corn,Wheat Grown Indoors Offers Potential for Global Food Security,2022-11-10,Bloomberg,"Vertical farmers, known for growing herbs and salads indoors, have made a breakthrough in the quest for global food security: cultivating wheat in the same...",https://www.bloomberg.com/news/articles/2022-11-09/wheat-grown-indoors-offers-potential-for-global-food-security
corn,Canada’s Cows Binge on US Corn as Homegrown Barley Feed Gets Too Steep,2022-11-15,Bloomberg,Sky-high barley prices are turning Canada's rare buying-spree of US corn into a habit.,https://www.bloomberg.com/news/articles/2022-11-15/canada-cows-binge-on-us-corn-as-homegrown-barley-feed-gets-too-steep
corn,Mexico Signals It May Allow Exceptions to US Corn-Import Ban,2022-11-22,Bloomberg,Mexican President Andres Manuel Lopez Obrador signaled he's softening his stance on a planned ban of a type of US corn amid pressure from the US government.,https://www.bloomberg.com/news/articles/2022-11-22/mexico-signals-it-may-allow-exceptions-to-us-corn-import-ban
corn,"Backyard Beef Barbecue Costs Soar, Hurting South Africa’s Poor",2022-11-25,Bloomberg,Bloomberg's Shisa Nyama Index shows prices of ingredients for popular meal are rising faster than the inflation rate.,https://www.bloomberg.com/news/articles/2022-11-25/south-africa-shisa-nyama-ingredient-costs-rise-as-inflation-hurts-poor
corn,The Dark Side of TikTok,2022-11-30,Bloomberg,For every relatively harmless viral moment on TikTok—from corn kid to butter boards—there are more dangerous ones. Like teens climbing teetering milk crates...,https://www.bloomberg.com/news/articles/2022-11-30/video-how-tiktok-struggles-to-moderate-viral-challenges-limit-underage-users
corn,Chicago Fed Appoints Ex-Obama Adviser Goolsbee as New President,2022-12-01,Bloomberg,"The Federal Reserve Bank of Chicago appointed Austan Goolsbee, an economist and former adviser to President Barack Obama, as its new president to replace...",https://www.bloomberg.com/news/articles/2022-12-01/chicago-fed-appoints-ex-obama-adviser-goolsbee-as-new-president
corn,Global Food Prices Decline for Eighth Month Easing Inflation Pressures,2022-12-02,Bloomberg,"Global food prices fell for an eighth month in November, in a sign that inflationary pressures may be easing.",https://www.bloomberg.com/news/articles/2022-12-02/food-prices-decline-for-eighth-month-easing-inflation-pressures
corn,Musk’s Free Speech Drive Crashes Into Reality,2022-12-02,Bloomberg,"Elon Musk likes to give as good as he gets, but even he must find navigating the world of free speech increasingly tricky.",https://www.bloomberg.com/news/newsletters/2022-12-02/musk-s-free-speech-drive-crashes-into-reality
corn,2023 Outlook: Global commodities,2022-12-05,Bloomberg,"Lose-lose is our 2023 commodity bias, because if the only major asset class that gained in 2022 doesn't decline, central banks may be more likely to stay...",https://www.bloomberg.com/professional/insights/commodities/2023-outlook-global-commodities/
corn,"Toast, Terrine and Tons of Butter: The 16 Best Dishes I Ate This Year",2022-12-14,Bloomberg,Food writer (and lifelong New Yorker) Kate Krader moved to London halfway through the year. So how do the restaurants in the UK fare against those in the...,https://www.bloomberg.com/news/articles/2022-12-14/the-16-best-dishes-of-2022-foodie-restaurant-meal-picks-in-nyc-london
corn,Pursuits Weekly: The Holidays Are Here and It’s Time to Indulge,2022-12-17,Bloomberg,"Hi, I'm Kat Odell, and around here I write about food, restaurants, bars and … sushi, lots of sushi. I am especially pleased with the timing of this...",https://www.bloomberg.com/news/newsletters/2022-12-17/the-holidays-are-here-and-it-s-time-to-indulge
corn,"How Changing Diets Leave Us Exposed to War, Extreme Weather and Market Turbulence",2022-12-21,Bloomberg,"The convergence of global diets means just three crops provide 50% of the world's calories. When shocks come, they hurt.",https://www.bloomberg.com/graphics/2022-global-diet-homogeneous-food-security-risk/
corn,The Climate Impact of Our Insatiable Plastic Addiction,2022-12-30,Bloomberg,"In addition to the trash that piles up in cities and clogs oceans, the world's plastic habit has another, invisible toll: climate-warming greenhouse gases.",https://www.bloomberg.com/graphics/2022-plastic-climate-change-pollution-data/
corn,"In a World Awash in Data, Geopolitics Is All About Chips",2023-01-04,Bloomberg,Semiconductors have become the center of a fight between superpowers—and tensions can easily escalate further.,https://www.bloomberg.com/news/articles/2023-01-05/computer-chips-geopolitical-heft-puts-taiwan-in-spotlight
corn,Future of Work,2023-01-12,Bloomberg,The pandemic has changed how we work. But which of those changes are here to stay?,https://www.bloomberg.com/originals/series/future-of-work
corn,Chickens Starve at California Farm as Corn Shipments Run Late,2023-01-12,Bloomberg,"Foster Farms, which processes about 1 million chickens and 12,000 turkeys every day, has said it's had to pause some operations because of delays from Union...",https://www.bloomberg.com/news/articles/2023-01-12/chickens-starve-at-foster-farms-as-union-pacific-unp-rail-shipments-run-late
corn,"Portraits of Leo Messi Are Everywhere in Argentina, Even in Crop Fields",2023-01-13,Bloomberg,Argentina's World Cup triumph sent the soccer-mad nation into such a frenzy that some of its farmers planted seeds to reveal giant portraits of superstar...,https://www.bloomberg.com/news/articles/2023-01-13/lionel-messi-portraits-are-everywhere-in-argentina-including-crop-fields
corn,Corn Arrives to Feed Foster Farm Chickens After Train Delays,2023-01-14,Bloomberg,Union Pacific Corp. and poultry producer Foster Farms said enough corn shipments have been made to replenish feed stocks after delayed trains in recent...,https://www.bloomberg.com/news/articles/2023-01-14/foster-farms-chickens-fed-after-union-pacific-unp-trains-arrive-with-more-corn
corn,Economists See a 45% Chance of a South Africa Recession in 2023,2023-01-16,Bloomberg,Africa's most industrialized economy faces a 45% chance of slipping into recession this year as South Africa's electricity crisis deepens.,https://www.bloomberg.com/news/articles/2023-01-16/economists-see-a-45-chance-of-a-south-africa-recession-in-2023
corn,How Eco-Friendly Is That Product? Here Are Four Ways to Spot Greenwashing,2023-01-18,Bloomberg,European Union regulators identified words and marketing slogans often used to convince consumers a product is environmentally friendly.,https://www.bloomberg.com/news/articles/2023-01-18/four-examples-of-greenwashing-according-to-the-eu
corn,Lufthansa Eyes Stake in Italy’s ITA to Extend Regional Reach,2023-01-18,Bloomberg,"Deutsche Lufthansa AG said it aims to buy a minority stake in ITA Airways, seeking to advance an industry consolidation that would give the German airline a...",https://www.bloomberg.com/news/articles/2023-01-18/lufthansa-reaches-deal-for-italy-s-ita-expanding-european-hold
corn,BuzzFeed Shares Surge 120% on Plans to Embrace OpenAI,2023-01-26,Bloomberg,BuzzFeed Inc. shares surged by a record on news that the digital-media company plans to use OpenAI to bolster some of its content creation.,https://www.bloomberg.com/news/articles/2023-01-26/buzzfeed-bzfd-triples-on-plans-to-embrace-openai-for-content
corn,Feeding Chickens Stale Bread and Unsold Cookies for Zero-Carbon Eggs,2023-01-29,Bloomberg,Dutch egg producer Kipster cuts emissions by replacing the fresh grains hens consume with leftovers humans won't eat.,https://www.bloomberg.com/news/articles/2023-01-30/food-waste-becomes-feed-to-cut-co2-emissions-from-egg-production
corn,Genetically Modified Food Is the Next ESG Frontier After Energy and Defense,2023-02-01,Bloomberg,War in Ukraine has tested ESG resolve on defense and energy companies. Food security now poses an equally tricky dilemma.,https://www.bloomberg.com/opinion/articles/2023-02-02/genetically-modified-food-is-the-next-esg-frontier-after-energy-and-defense
corn,AMC Has Some Clever APEs,2023-02-01,Bloomberg,"Also active ESG share, M&A drafting, and people have stopped worrying about bond market liquidity.",https://www.bloomberg.com/opinion/articles/2023-02-01/amc-has-some-clever-apes
corn,Hispanic Craft Brewers Expand What It Means to Be a Mexican-Style Beer,2023-02-03,Bloomberg,"Corn mash and innovative, flavorful adjuncts are culture in a bottle.",https://www.bloomberg.com/news/articles/2023-02-03/hispanic-craft-brewers-expand-what-it-means-to-be-a-mexican-style-beer
corn,Dry Shampoo Safety Remains a Frustrating Mystery,2023-02-09,Bloomberg,"Hey, it's Anna in Virginia. So many of us want our dry shampoo back but first...",https://www.bloomberg.com/news/newsletters/2023-02-09/dry-shampoo-safety-remains-a-frustrating-mystery
corn,Quake Fallout Hits Retailers That Sought Supply Resilience in Turkey,2023-02-15,Bloomberg,"The devastating earthquake in Turkey reinforces the notion that you can diversify supply chains to avoid concentration in hubs like China, but ultimately...",https://www.bloomberg.com/news/newsletters/2023-02-15/quake-fallout-hits-retailers-that-sought-supply-resilience-in-turkey
corn,Shortage of Onions Threatens a New Chapter in Global Food Crisis,2023-02-23,Bloomberg,Soaring prices at the vegetable market are threatening nutrition and forcing governments from Morocco to the Philippines to protect supplies.,https://www.bloomberg.com/news/articles/2023-02-24/vegetable-shortage-onion-prices-soar-fueling-global-food-inflation
corn,Have You Heard About the Croissant Diet?,2023-02-25,Bloomberg,Reporting from the front line of London's unstoppable bakery scene.,https://www.bloomberg.com/news/newsletters/2023-02-25/the-croissant-diet-discovering-london-s-best-new-bakeries-and-pastries
corn,BRF Is Said in Talks to Sell Pet Food Unit Amid Overhaul,2023-02-27,Bloomberg,"Brazilian poultry giant BRF SA is in talks to sell its pet food unit to raise cash amid a business overhaul, according to people with direct knowledge of...",https://www.bloomberg.com/news/articles/2023-02-27/brf-is-said-in-talks-to-sell-pet-food-unit-amid-overhaul
corn,"No, China Isn’t Gobbling Up America’s Farms",2023-02-27,Bloomberg,Banning Chinese nationals from buying property in the US makes little sense. There are no federal rules restricting foreign ownership of US farmland.,https://www.bloomberg.com/opinion/articles/2023-02-27/us-laws-blocking-chinese-ownership-of-farmland-are-unnecessary
corn,Climate Change Is Launching a Mutant Seed Space Race,2023-03-03,Bloomberg,Nuclear watchdog is exposing sorghum and cress to orbital radiation in experiment to trigger resistance against global warming.,https://www.bloomberg.com/news/features/2023-03-04/climate-change-is-launching-a-mutant-seed-space-race
corn,Hallie Gu,2023-03-05,Bloomberg,"Corn Extends Gains as War Premium Ignites Broad Crops Rally. April 29, 2026. April 29, 2026. Crop Prices Hit Highest Since 2023 as War and Bad Weather Bite.",https://bloomberg.com/authors/AVfpuo_aA7w/hallie-gu
corn,New Tesla Gigafactory Marks Mexico’s Manufacturing Golden Moment,2023-03-07,Bloomberg,Tesla's decision to enter the Mexican market with a new battery-production facility — which the company calls a Gigafactory — to be built near Monterrey...,https://www.bloomberg.com/news/newsletters/2023-03-07/supply-chain-latest-new-tesla-gigafactory-is-key-success-for-mexico
corn,Hottest Fund Class Hit by Greenwash Allegations: ESG Regulation,2023-03-08,Bloomberg,The most sought-after ESG fund class in Europe has just been subjected to its first thorough academic examination — and the results aren't great...,https://www.bloomberg.com/news/articles/2023-03-08/hottest-fund-class-hit-by-greenwash-allegations-esg-regulation
corn,"Taco Prices Finally Fall, Giving a Break to Mexican Shoppers",2023-03-09,Bloomberg,"Taco prices fell in February for the first time in over a year, giving a break to Mexican consumers who had been battling spikes in everything from avocado...",https://www.bloomberg.com/news/articles/2023-03-09/taco-prices-finally-fall-in-respite-to-mexican-consumers
corn,VW Sets €180 Billion Spending Plan to Further New Technology,2023-03-14,Bloomberg,Volkswagen AG is increasing investments in software and EVs to close the gap to Tesla Inc. and halt a decline in China just as the threat of a demand...,https://www.bloomberg.com/news/articles/2023-03-14/vw-swings-180-billion-spending-plan-further-to-new-technology
corn,Brazil Pushes China for Closer Farm Ties Ahead of Lula’s Visit,2023-03-24,Bloomberg,"Hundreds of Brazilian agribusiness leaders flooded Beijing this week even before the arrival of President Luiz Inacio Lula da Silva, who's betting a...",https://www.bloomberg.com/news/articles/2023-03-24/brazil-pushes-china-for-closer-farm-ties-ahead-of-lula-s-visit
corn,The Snack Bag of the Future Won’t Be Made from Plastic,2023-03-27,Bloomberg,"Companies from Frito-Lay to Kettle Chips are experimenting with corn starch, calcium carbonate and other materials that eschew plastic but preserve taste.",https://www.bloomberg.com/news/articles/2023-03-27/snack-companies-try-alternative-packaging-to-ditch-plastic
corn,Citigroup Poaches Two Credit Suisse Consumer Bankers in Europe,2023-03-29,Bloomberg,Citigroup Inc. has hired two senior consumer dealmakers from Credit Suisse Group AG to beef up its European investment banking ranks.,https://www.bloomberg.com/news/articles/2023-03-28/citigroup-poaches-two-credit-suisse-consumer-bankers-in-europe
corn,Crop Trader ADM Weighs Options to Exit Main Russian Business,2023-03-30,Bloomberg,"Archer-Daniels-Midland Co. is weighing options to exit its main Russian operations, potentially adding to the list of Western agriculture traders pulling...",https://www.bloomberg.com/news/articles/2023-03-30/crop-trader-adm-weighs-options-to-exit-main-russian-business
corn,"Chicago Elects Tax Proponent, Progressive Johnson as Mayor",2023-04-05,Bloomberg,"Chicago elected Brandon Johnson in the mayoral runoff, a progressive who plans to raise taxes on major corporations to boost the city's revenue.",https://www.bloomberg.com/news/articles/2023-04-05/chicago-elects-business-tax-proponent-brandon-johnson-as-mayor
corn,"Wall Street Is Turning Water into Wealth, Leaving Californians Out to Dry",2023-04-11,Bloomberg,"Banks, pension funds and insurers have been turning California's scarce water into enormous profits, leaving people with less to drink.",https://www.bloomberg.com/graphics/2023-wall-street-speeds-california-groundwater-depletion//
corn,Argentina’s Epic Drought Is Pushing Economic Crisis to New Extremes,2023-04-12,Bloomberg,"Argentina's record drought is worsening inflation and sending the peso to new lows, undermining the ruling party ahead of October presidential elections...",https://www.bloomberg.com/news/articles/2023-04-12/argentina-s-drought-is-pushing-inflation-to-new-extremes
corn,AI Weed-Killing Drones Are Coming for the Mega Farms,2023-04-19,Bloomberg,This Canadian startup has developed an AI-enabled crop-spraying drone that reduces chemical use by up to 90%.,https://www.bloomberg.com/news/features/2023-04-19/ai-drone-cuts-chemical-use-in-big-farm-weeding
corn,Electric Autonomous Drones Get Approval to Spray California Crops,2023-04-24,Bloomberg,Farm fields in California's Central Valley soon will be managed by crop-spraying autonomous drones after Guardian Agriculture received approval from the...,https://www.bloomberg.com/news/articles/2023-04-24/electric-autonomous-drones-get-approval-to-spray-california-crops
corn,Weight Loss Brand Jenny Craig Considers Bankruptcy,2023-04-28,Bloomberg,"Jenny Craig Inc., the weight-loss services provider backed by H.I.G. Capital, is considering a bankruptcy filing if efforts to find a buyer for its assets...",https://www.bloomberg.com/news/articles/2023-04-27/weight-loss-brand-jenny-craig-mulls-bankruptcy-if-no-buyer-found
corn,Guggenheim to Keep Most Chicago Offices Shut as Workers Relocate,2023-05-02,Bloomberg,"Guggenheim Partners is keeping most of its Chicago offices closed, with a number of employees relocating, the latest symbolic blow to a city reeling from...",https://www.bloomberg.com/news/articles/2023-05-02/guggenheim-to-keep-most-chicago-offices-shut-as-workers-relocate
corn,Volkswagen (VW) Earnings Beat Expectations Despite Sliding China Sales,2023-05-04,Bloomberg,"The company's share of joint-venture operating profit in China fell by almost a quarter to €625 million ($690 million) during the first quarter, VW said during...",https://www.bloomberg.com/news/articles/2023-05-04/vw-profit-beats-on-higher-sales-strong-demand-in-us-and-europe
corn,Safety Fears Surround the New Trade in Russian Oil,2023-05-12,Bloomberg,Oil Trading Europe Team Leader Alaric Nightingale examines a developing risk for crude transportation following sanctions on Russia.,https://www.bloomberg.com/news/newsletters/2023-05-12/safety-fears-surround-the-new-trade-in-russian-oil
corn,"Economic reset of a lifetime? Commodities, bonds point that way | Insights | Bloomberg Professional Services",2023-05-19,Bloomberg,Our scenario for a once-in-a-generation economic reset is drawing fuel from a Federal Reserve still tightening despite collapsing producer prices and bank...,https://www.bloomberg.com/professional/insights/commodities/economic-reset-of-a-lifetime-commodities-bonds-point-that-way/
corn,Cash-Strapped Argentina Needs Rain Now to Save Crops From Drought,2023-05-22,Bloomberg,Argentina's farmers need precipitation to arrive within the next three weeks to stand any chance of emerging from a disastrous drought.,https://www.bloomberg.com/news/articles/2023-05-22/argentina-s-crisis-wracked-economy-needs-rains-now-to-save-crops
corn,Bunge-Viterra Deal Would Create $25 Billion Rival to Cargill,2023-05-26,Bloomberg,Commodity markets are bracing for a long-awaited deal that would create a $25 billion behemoth capable of competing with the world's biggest agricultural...,https://www.bloomberg.com/news/articles/2023-05-26/bunge-deal-would-create-25-billion-agri-giant-to-rival-cargill
corn,Solar and EV Booms Push China Toward Energy Tipping Point,2023-05-30,Bloomberg,Nation's transition is nearing a crucial stage where fossil fuel use falls into long-term decline.,https://www.bloomberg.com/news/newsletters/2023-05-30/china-nearing-inflection-point-for-solar-power-and-evs-ahead-of-2030-target
corn,"North Korean IT Workers Help Spy from UAE and Russia, UN Says",2023-05-31,Bloomberg,"Oh Chung Song was working in the tech industry in Dubai, developing IT systems he found through the freelancing marketplace Upwork, when his boss found out...",https://www.bloomberg.com/news/newsletters/2023-05-31/north-korean-it-workers-help-spy-from-uae-and-russia-un-says
corn,Japan’s Sticky Inflation Is Key to a Long-Lasting Bull Market,2023-06-12,Bloomberg,Japanese food maker Yaokin Corp. shocked generations raised on its Umaibo puffy corn snack last year when it increased its price from 10 yen ($0.07) for the...,https://www.bloomberg.com/news/articles/2023-06-12/japan-s-inflation-is-key-to-stock-market-s-bull-run
corn,First El Niño in Four Years Threatens New Economic Destruction,2023-06-12,Bloomberg,"The world's most potent climate phenomenon risks sparking a chain reaction of dangerous weather, food shortages and blackouts that can disrupt supply chains.",https://www.bloomberg.com/graphics/2023-el-nino-climate-change-extreme-weather/
corn,Restaurant Chain Cava Almost Doubles After $318 Million IPO,2023-06-15,Bloomberg,Fast-casual restaurant chain Cava Group Inc. almost doubled in its trading debut after exceeding the target for its initial public offering by raising $318...,https://www.bloomberg.com/news/articles/2023-06-15/restaurant-chain-cava-soars-in-debut-after-318-million-ipo
corn,UK Food Price Inflation Shows Signs of Easing in Two Surveys,2023-06-20,Bloomberg,"UK food price inflation may have passed its peak, with two separate surveys showing an improvement. The market research firm Kantar said grocery price...",https://www.bloomberg.com/news/articles/2023-06-20/food-inflation-is-still-weighing-on-british-shoppers-at-16-5
corn,Bayer Sees €100 Billion Opportunity in Shift to Cleaner Farming,2023-06-20,Bloomberg,Bayer AG is seeking to double the sales potential of its crop-science division by tapping opportunities to reduce carbon emissions from farming.,https://www.bloomberg.com/news/articles/2023-06-20/bayer-sees-100-billion-opportunity-in-shift-to-regenerative-agriculture
corn,Beyond Meat Wannabes Are Failing as Hype and Money Fade,2023-06-22,Bloomberg,Unreal Food ended its pursuit of an eggless egg. Remastered Foods stopped developing vegan bacon. The Meatless Farm halted its plant-based sausages.,https://www.bloomberg.com/news/articles/2023-06-22/fake-meat-companies-are-failing-as-money-dries-up-and-demand-slows
corn,Businessman James Crown Killed in Racetrack Accident in Colorado at Age 70,2023-06-26,Bloomberg,"James Crown, the longest-serving board member of JPMorgan Chase & Co. and a scion of one of Chicago's wealthiest families, died Sunday in a crash at a...",https://www.bloomberg.com/news/articles/2023-06-26/james-crown-killed-in-racetrack-accident-in-colorado-at-age-70
corn,China's CATL In Talks to Build EV Battery Recycling Sites in Europe,2023-06-28,Bloomberg,"Contemporary Amperex Technology Co., the world's largest battery maker, is in talks with a European partner about setting up multiple recycling sites on the...",https://www.bloomberg.com/news/articles/2023-06-28/catl-in-talks-to-build-multiple-battery-recycling-sites-in-europe
corn,Spy Fears Over a Chinese Corn Mill Led Biden to Tighten US Investment Curbs,2023-06-29,Bloomberg,Spy Fears Over a Chinese Corn Mill Led Biden to Tighten US Investment Curbs ... Presidents Joe Biden and Xi Jinping are trying to ease tensions and calm trade...,https://www.bloomberg.com/news/features/2023-06-29/biden-tightens-investment-restrictions-after-china-s-north-dakota-corn-mill-flop
corn,"Boba Has Become a Top Snack Flavor, from Popcorn to Cookies and Ice Cream",2023-06-29,Bloomberg,"When New York-based snack content creator MuchwithDes found boba milk tea jelly beans at Chicago's Sweets and Snacks Expo, the largest candy event in North...",https://www.bloomberg.com/news/articles/2023-06-29/boba-has-become-top-flavor-for-snacks-like-popcorn-cookies-ice-cream
corn,"No Testing, No Inspections: Contaminated Eyedrops Blinded and Killed Americans",2023-07-17,Bloomberg,"A drugstore staple, made in an Indian factory and tainted with an antibiotic-resistant superbug, slipped past the FDA.",https://www.bloomberg.com/news/features/2023-07-17/eyedrop-recall-2023-and-infections-were-result-of-lack-of-fda-regulation
corn,Can Cottage Cheese on TikTok Save the Dairy Industry?,2023-07-18,Bloomberg,"Dairy companies are riding a nice wave thanks to the #cottagecheese trend, but cows don't operate on social media's timing.",https://www.bloomberg.com/opinion/articles/2023-07-18/can-tiktok-cottage-cheese-trend-buoy-the-dairy-industry-long-term
corn,What End of Ukraine Grain Export Deal Means for the World,2023-07-19,Bloomberg,"Russia's efforts to obstruct Ukraine's food exports are working. First, Moscow quit a pact that had allowed safe passage of crops from Black Sea ports.",https://www.bloomberg.com/news/articles/2023-07-19/what-end-of-ukraine-grain-export-deal-means-for-the-world
corn,Kenya Braces for Opposition-Led Protests as Streets Grow Quiet,2023-07-19,Bloomberg,"Schools and a number of businesses closed in the Kenyan capital, Nairobi, as the nation's main opposition resumed protests over the rising cost of living.",https://www.bloomberg.com/news/articles/2023-07-19/kenya-protest-threat-shuts-schools-businesses-in-nairobi-mombasa-kisumu
corn,Egypt in Talks for $400 Million UAE Funding to Help It Buy Wheat,2023-07-20,Bloomberg,Egypt criticized Russia's exit from the Black Sea grain-export initiative and said it will continue to import Ukrainian wheat even after the collapse of the...,https://www.bloomberg.com/news/articles/2023-07-20/egypt-in-talks-for-400-million-uae-funding-to-help-it-buy-wheat
corn,This ‘Poor Man’s Grain’ Is Showing Up on Michelin-Starred Menus,2023-07-20,Bloomberg,An appearance at a White House state dinner was a recent high point in the push to get millet into kitchens worldwide.,https://www.bloomberg.com/news/articles/2023-07-21/why-michelin-star-chefs-are-putting-millets-on-the-menu-this-year
corn,The Stainless-Steel Boom Is Tearing a South African Mining Region Apart,2023-07-23,Bloomberg,"Areas with massive chrome ore deposits have become scarred, dystopian free-for-alls.",https://www.bloomberg.com/news/features/2023-07-24/chrome-ore-mining-for-stainless-steel-tarnishes-south-africa-s-platinum-belt
corn,Severe Dry Spell Spurs Indonesian Rice Farmers to Switch to Corn,2023-07-26,Bloomberg,"Some Indonesian rice farmers are planting corn and other crops that require less water as the country braces for its most severe dry season since 2019,...",https://www.bloomberg.com/news/articles/2023-07-27/severe-dry-spell-spurs-indonesian-rice-farmers-to-switch-to-corn
corn,Ford Beats Expectations on Strong Demand for Gas-Powered Models,2023-07-27,Bloomberg,"Ford Motor Co.'s is throttling back on plans to ramp-up electric vehicle production, pointing the finger at a price war for battery-powered vehicles.",https://www.bloomberg.com/news/articles/2023-07-27/ford-beats-expectations-on-strong-demand-for-gas-powered-models
corn,Niger’s Coup Means More Misery for West Africa’s Sahel Region,2023-07-28,Bloomberg,"This week's coup in Niger is another setback for democracy in West Africa, a blow to already diminishing western influence in the region and a boon to the...",https://www.bloomberg.com/news/newsletters/2023-07-28/niger-s-coup-means-more-misery-for-west-africa-s-sahel-region
corn,GMO Corn Won’t Save Us From Climate Change,2023-08-01,Bloomberg,"The implications are as harrowing as they are inspiring — and not because stubbier corn is genetically modified. I've argued before that GMO crop breeding,...",https://www.bloomberg.com/opinion/articles/2023-08-01/climate-change-we-need-more-than-gmo-crops
corn,Russian Drones Hit Danube Port Key to Ukraine Grain Exports,2023-08-02,Bloomberg,"Russian drones struck a Ukrainian port on the Danube River, driving global wheat and corn prices higher as Moscow continues its campaign to cripple Kyiv's...",https://www.bloomberg.com/news/articles/2023-08-02/ukraine-s-izmail-port-hit-in-russian-drone-attack-reports-say
corn,Argentina Beef Prices to Pour More Fuel on 116% Inflation,2023-08-04,Bloomberg,Beef prices in Argentina are poised to soar over the coming months — fresh fuel for inflation already galloping at 116% annually in a country that eats the...,https://www.bloomberg.com/news/articles/2023-08-04/argentina-beef-prices-to-pour-more-pressure-on-116-inflation
corn,China Faces Early Attack From Crop Pests After Extreme Weather,2023-08-11,Bloomberg,China's farmers are facing an earlier than expected assault on their crops this year as extreme weather accelerates the spread and growth of destructive...,https://www.bloomberg.com/news/articles/2023-08-12/china-faces-early-attack-from-crop-pests-after-extreme-weather
corn,TikTok’s Strange Trend of Humans Playing Robots Spurs Hope for US Shopping,2023-08-14,Bloomberg,"A woman in an ash-blond wavy wig bounces robotically, smiling and slightly out of breath, in front of a green-screened image of a bedroom room lit by pink...",https://www.bloomberg.com/news/articles/2023-08-14/strange-tiktok-trend-of-people-playing-robots-boosts-us-shopping-effort
corn,Petro Says Colombia Seeks to Renegotiate Trade Agreement with US,2023-08-16,Bloomberg,"Colombia will seek to renegotiate the free trade deal signed with the US in 2012, which is harming output and jobs, president Gustavo Petro said.",https://www.bloomberg.com/news/articles/2023-08-16/petro-says-colombia-seeks-to-renegotiate-trade-agreement-with-us
corn,Zara Billionaire Amancio Ortega Buys Chicago Apartment Tower for $232 Million,2023-08-22,Bloomberg,"Amancio Ortega, the billionaire founder of the Zara clothing chain, snapped up a luxury apartment building in Chicago for $232 million, expanding his US...",https://www.bloomberg.com/news/articles/2023-08-22/zara-billionaire-buys-chicago-apartment-tower-for-232-million
corn,US Corn Harvest Is in Trouble,2023-08-24,Bloomberg,US Corn Harvest Is in Trouble · Crop tour showing mostly lower yields than USDA estimates · Searing heat wave is killing plants as they are being surveyed. Corn...,https://www.bloomberg.com/news/articles/2023-08-24/corn-harvest-is-in-trouble-as-us-heat-fuels-more-damage
corn,Ethanol Maker Says US ‘Green’ Jet Fuel Fate Hinges on Tax Policy,2023-08-29,Bloomberg,US corn farmers and biofuel producers are poised to gain from turning ethanol into sustainable jet fuel — depending on how Washington writes the tax policy.,https://www.bloomberg.com/news/articles/2023-08-29/ethanol-maker-says-us-green-jet-fuel-fate-hinges-on-tax-policy
corn,The US Is Losing the Corn-Exporting Crown,2023-08-31,Bloomberg,"The US Is Losing the Corn-Exporting Crown. Latin America's biggest country shipped more of the staple crop overseas in the 2023 season, and it's on track to do...",https://www.bloomberg.com/news/articles/2023-08-31/us-farmers-export-less-corn-than-world-leading-brazil-in-2023-2024
corn,China’s Slowing Economy Hurts Its Appetite for Meat,2023-09-01,Bloomberg,"China's fast-growing appetite for beef, pork and chicken has been a bright spot for the meat industry for many years. Consumption in the world's top market...",https://www.bloomberg.com/news/newsletters/2023-09-01/global-food-roundup-china-s-slowdown-hurts-its-meat-demand
corn,What’s Behind a String of Scandals in Metals Trading?,2023-09-01,Bloomberg,A succession of scandals has shaken metals markets and reawakened concerns about the fragility of warehousing and shipping networks that play a critical...,https://www.bloomberg.com/news/articles/2023-09-01/why-are-there-so-many-scandals-in-metals-trading-and-what-s-being-done
corn,Brazil Became the World’s Top Corn and Soy Exporter. Cotton Is Next.,2023-09-11,Bloomberg,"Brazil is close to unseating the US to become the world's biggest cotton exporter as Texas, America's top producing region, buckles under searing heat and...",https://www.bloomberg.com/news/articles/2023-09-11/brazil-became-the-world-s-top-corn-and-soy-exporter-cotton-is-next
corn,Trillion-Dollar Industry Powering Chicago at Risk of Leaving,2023-09-18,Bloomberg,Most of them have called Chicago home for decades — providing thousands of jobs within the city's $75 billion finance industry...,https://www.bloomberg.com/news/articles/2023-09-18/trillion-dollar-industry-powering-chicago-is-at-risk-of-leaving
corn,"The Mission to Create Europe’s Battery Hub, Whatever the Cost",2023-09-18,Bloomberg,"Hungary is going all in to become one of the world's biggest suppliers for EVs, and Viktor Orban won't let anything get in the way.",https://www.bloomberg.com/news/features/2023-09-19/orban-wants-to-make-hungary-europe-s-ev-battery-hub
corn,The Global Sugar Shortage Is About to Ease Thanks to a Corn Supply Boom,2023-09-22,Bloomberg,"Corn output from agricultural powerhouse Brazil is surging, making it more profitable to use the grain to produce ethanol — a key fuel that powers cars in Latin...",https://www.bloomberg.com/news/articles/2023-09-22/sugar-shortage-2023-set-ease-thanks-to-brazil-corn-ethanol-boom
corn,Why Green Air Travel Will Be a Lifeline for US Corn Farmers,2023-09-26,Bloomberg,"The rise of green jet fuel is their best hope of staving off an existential threat. With battery-powered cars poised to slash gasoline demand by 2040, corn-...",https://www.bloomberg.com/news/articles/2023-09-26/sustainable-aviation-fuel-a-lifeline-for-america-s-corn-farmers
corn,Feeding the World Once Brought the US Untold Influence—No More,2023-09-28,Bloomberg,"Wheat, corn and soy surpluses were once a powerful tool of American statecraft. Now other agricultural superpowers are filling the void left by the...",https://www.bloomberg.com/news/articles/2023-09-28/falling-us-crop-exports-mean-america-losing-original-superpower
corn,AGCO to Buy Trimble Assets for $2 Billion to Boost Farming Tech,2023-09-28,Bloomberg,"AGCO Corp., one of the world's largest tractor makers, will acquire technology assets from Trimble Inc. for $2 billion to boost its offerings in the...",https://www.bloomberg.com/news/articles/2023-09-28/agco-to-buy-trimble-assets-for-2-billion-to-boost-farming-tech
corn,Fake Meat Looks for Revival After Boom Fizzles Out,2023-09-29,Bloomberg,"Fewer and healthier ingredients, lower prices and better taste. They're some of the solutions the ailing alternative proteins industry is looking for to revive...",https://www.bloomberg.com/news/newsletters/2023-09-29/global-food-roundup-fake-meat-needs-revival-to-lure-back-consumers
corn,CME Head Duffy Warns New Taxes Threaten Chicago’s Recovery,2023-10-06,Bloomberg,"Chief Executive Officer Terry Duffy doesn't feel constrained by those ties, with many of the exchange's leases coming up for renewal in 2025.",https://www.bloomberg.com/news/articles/2023-10-06/cme-head-says-he-and-new-chicago-mayor-don-t-agree-on-anything
corn,WK Kellogg Co,2023-10-08,Bloomberg,WK Kellogg Co operates as a cereal manufacturing company. The Company produces nutritious breakfast cereal brand products such as corn flakes with flavor and...,https://www.bloomberg.com/profile/company/KLG:US
corn,Here’s Why the Caribbean Restaurant Scene Is Booming in London,2023-10-12,Bloomberg,"From elegant hotel dining rooms to rum punch afternoon teas, there's a new creative energy in West Indies dining. And a long history behind it.",https://www.bloomberg.com/features/2023-best-caribbean-london-restaurants/
corn,Record Prices Take Toll on Europe’s Love of Olive Oil,2023-10-13,Bloomberg,Soaring prices are curbing Europeans' love for olive oil. The region is home to two-thirds of the world's olive-oil production and is a huge consumer.,https://www.bloomberg.com/news/newsletters/2023-10-13/global-food-roundup-record-olive-oil-prices-hurt-demand
corn,Blue Owl Is Said to Weigh Acquisition of European Lender Hayfin,2023-10-20,Bloomberg,"Blue Owl Capital Inc. is weighing an expansion into Europe through a potential acquisition of rival lender Hayfin Capital Management, according to a person...",https://www.bloomberg.com/news/articles/2023-10-20/blue-owl-is-said-to-weigh-acquisition-of-european-lender-hayfin
corn,"Global Food Roundup: Export Curbs, GM Crops and Ozempic Threat",2023-10-20,Bloomberg,"From more protectionist trade to farming on skyscrapers and how snack giants are responding to the boom in weight-loss drugs, here's a snapshot of key food...",https://www.bloomberg.com/news/newsletters/2023-10-20/rice-and-sugar-exports-gm-crops-and-weight-loss-drugs-food-roundup
corn,Brazil Is In Talks for $2 Billion in Funding to Boost Crop Land,2023-10-24,Bloomberg,Brazil is in talks with international investors to get 10 billion reais ($2 billion) in funding before the end of the year as the agriculture powerhouse...,https://www.bloomberg.com/news/articles/2023-10-24/brazil-is-in-talks-for-2-billion-in-funding-to-boost-crop-land
corn,Volkswagen (VW) Vows to Drive Efficiencies After Disappointing Returns,2023-10-26,Bloomberg,"Volkswagen AG plans to redouble cost savings following disappointing third-quarter margins, with wilting demand in Europe and China adding urgency to efforts...",https://www.bloomberg.com/news/articles/2023-10-26/vw-vows-to-drive-efficiencies-after-disappointing-returns
corn,Quest for Cocoa-Free Chocolate Highlights Fears Over Food Supplies,2023-10-27,Bloomberg,London startup WNWN Food Labs is rolling out more cocoa-free chocolate to cater for consumers concerned about buying the real thing.,https://www.bloomberg.com/news/newsletters/2023-10-27/cocoa-free-chocolate-tackles-deforestation-and-child-labor
corn,Top Fertilizer Maker Nutrien Warns Against ‘Artificial’ Market Constraints,2023-11-02,Bloomberg,The world's largest maker of crop nutrients is cautioning against any meddling in the economics of fertilizer markets.,https://www.bloomberg.com/news/articles/2023-11-02/top-fertilizer-maker-nutrien-warns-against-artificial-market-constraints
corn,Tarso Veloso,2023-11-07,Bloomberg,Tarso Veloso. Former Journalist. + Get Alerts RSS Feed. Latest. A Corn Harvest As US Exports Projected To Increase In 2024.,https://bloomberg.com/authors/AVfqn479OVk/tarso-veloso
corn,Bayer CEO Sees Possible Split of Crops or Consumer Health,2023-11-08,Bloomberg,"Bayer AG's new chief executive officer said he's weighing a breakup of the pharma and agriculture conglomerate, a move that could undo much of the legacy of...",https://www.bloomberg.com/news/articles/2023-11-08/bayer-ceo-sees-possible-split-of-crops-or-consumer-health
corn,US Corn Farmers Defy a Scorching Summer to Grow Record Crop,2023-11-10,Bloomberg,"The bumper harvest is fallout from the war in the Black Sea region and should keep a lid on costs for poultry and biofuel producers, as well as shoppers.",https://www.bloomberg.com/news/newsletters/2023-11-10/us-corn-farmers-defy-summer-drought-extreme-heat-for-a-record-crop
corn,Argentina Election: Farmers on the Pampas Are All In on Libertarian Javier Milei,2023-11-10,Bloomberg,Daniel Calaon is like most farmers on Argentina's fertile plains — a fan of the libertarian maverick Javier Milei and his pledge to unleash the free market...,https://www.bloomberg.com/news/articles/2023-11-10/on-argentina-s-pampas-farmers-are-all-in-on-libertarian-milei
corn,"Lockbit Gang Hacks Into Another US Financial Firm, Threatens to Dump Data",2023-11-17,Bloomberg,The criminal ransomware gang behind the recent attack on the Industrial & Commercial Bank of China Ltd. has claimed responsibility for two more hacks on US...,https://www.bloomberg.com/news/articles/2023-11-17/lockbit-gang-hacks-into-another-firm-and-threatens-to-dump-data
corn,"From Pork to Beef, It’s a Tough Time for Meat Producers",2023-11-17,Bloomberg,"Pressure is piling on meat producers around the world. Rampant inflation, sluggish economies and weaker currencies are holding back consumer demand from Africa...",https://www.bloomberg.com/news/newsletters/2023-11-17/meat-producers-hit-by-low-prices-weak-demand-and-supply-issues
corn,Dry Weather in Key Crop Shipper Brazil Has Farmers Ripping Up Crops,2023-11-17,Bloomberg,"Farmer Endrigo Dalcin, who grows grains and oilseeds in Brazil's Mato Grosso state, is among those feeling the squeeze. He had originally planned to sow 4,900...",https://www.bloomberg.com/news/articles/2023-11-17/brazil-soybean-corn-harvests-threatened-by-dry-weather
corn,Brazil’s Top Fuel Firm Is Betting on Growth in Corn Ethanol,2023-11-21,Bloomberg,"Vibra Energia SA expects to benefit from a corn ethanol production boom in Latin America's largest economy to expand sales of the biofuel in northern states,...",https://www.bloomberg.com/news/articles/2023-11-21/corn-boom-in-brazil-paves-way-for-top-fuel-firm-s-ethanol-bet
corn,"Parched Rivers, Withered Crops Show Dire Impact of Amazon Drought",2023-11-30,Bloomberg,The historic drought in the Brazilian Amazon has imperiled the livelihoods of small farmers and fishermen and slowed shipments of grains and goods.,https://www.bloomberg.com/news/features/2023-11-30/amazon-rainforest-suffers-historic-drought-as-rivers-lakes-evaporate
corn,A Climate Crisis in West Africa Is Making Chocolate More Expensive,2023-12-01,Bloomberg,"Beans in the cocoa belt are rotting from downpours and disease, pushing futures to a 46-year high.",https://www.bloomberg.com/news/newsletters/2023-12-01/chocolate-gets-pricier-as-cocoa-beans-in-west-africa-rot-from-climate-crisis
corn,How Rail and Port Chaos Add to South Africa’s Woes: QuickTake,2023-12-05,Bloomberg,"For more than 15 years, South Africa has endured crippling blackouts as a result of dysfunction at Eskom Holdings SOC Ltd., the utility that supplies more...",https://www.bloomberg.com/news/articles/2023-12-05/how-rail-and-port-chaos-add-to-south-africa-s-woes-quicktake
corn,Australia’s Top Sugar Producing State Braces for Severe Cyclone,2023-12-08,Bloomberg,"Australia's northeast coast is bracing for a potential cyclone that could make landfall in Queensland, the nation's top sugar producer.",https://www.bloomberg.com/news/articles/2023-12-07/australia-s-top-sugar-producing-state-braces-for-severe-cyclone
corn,Philippines Braces for Drought as El Nino to Persist Until 2024,2023-12-12,Bloomberg,"The Philippines is bracing itself for an extended El Nino, with drought likely to hit nearly 80% of its provinces.",https://www.bloomberg.com/news/articles/2023-12-12/philippines-braces-for-drought-as-el-nino-to-persist-until-2024
corn,Hermès Heir Art Auction Raises at Least €23 Million in Paris,2023-12-14,Bloomberg,An auction of art and furniture pieces belonging to a late member of the Hermès family has raised at least €23 million ($25.3 million) in Paris.,https://www.bloomberg.com/news/articles/2023-12-14/hermes-heir-art-auction-raises-at-least-23-million-in-paris
corn,India’s Flooded Farmlands Mask a Water Crisis Deep Underground,2023-12-18,Bloomberg,No other country consumes more groundwater. That's testing India's ability to feed itself and much of the world.,https://www.bloomberg.com/features/2023-feeding-india-water-crisis/
corn,"Cargo Ships Forced on a Long, Slow Detour to Avoid Red Sea",2023-12-19,Bloomberg,Dozens of container ships bringing manufactured goods from Asia to Europe are setting off on arduous detours around Africa — snarling trade and delaying cargo...,https://www.bloomberg.com/news/articles/2023-12-19/shipping-s-great-detour-gathers-pace-as-houthis-menace-merchant-fleet
corn,Brazil Pulls Ahead of US as Biggest Supplier of Corn to China,2023-12-19,Bloomberg,Brazil Pulls Ahead of US as Biggest Supplier of Corn to China ... This article is for subscribers only. Brazil has overtaken the US as the leading shipper of corn...,https://www.bloomberg.com/news/articles/2023-12-20/brazil-pulls-ahead-of-us-as-biggest-supplier-of-corn-to-china
corn,Investors Are Getting Rich Off a Trade That’s Sucking a Continent Dry,2023-12-27,Bloomberg,"On the world's driest inhabited continent, the market's influence over water means investors profit even as flows for farms and communities vanish.",https://www.bloomberg.com/graphics/2023-australia-water-trade-drought/
corn,Who’s Going to Lead the Continent in 2024?: Next Africa,2023-12-29,Bloomberg,a weekly newsletter on where the continent stands now — and where it's headed. Sign up here to have it delivered to your email...,https://www.bloomberg.com/news/newsletters/2023-12-29/africa-in-for-a-political-shakeup-with-18-nations-set-to-vote
corn,January commodities: Downward 2024 tilt | Insights | Bloomberg Professional Services,2024-01-03,Bloomberg,"A broad commodity-price recovery is looking increasingly unlikely for 2024, as it would depend on some combination of a rebound in Chinese economic growth.",https://www.bloomberg.com/professional/insights/commodities/january-commodities-downward-2024-tilt/
corn,M&S Drop Points to Tougher Year for 2023’s Top-Performing Sector,2024-01-11,Bloomberg,"Retail was Europe's top-performing sector last year, but already there are signs that gains this year will be much harder fought.",https://www.bloomberg.com/news/articles/2024-01-11/m-s-drop-points-to-tougher-year-for-2023-s-top-performing-sector
corn,Ecuador’s President Leverages Narco War to Push Overdue Reforms,2024-01-13,Bloomberg,"As Ecuador fights to contain violent gangs, President Daniel Noboa is making a patriotic appeal to citizens to bear part of the cost.",https://www.bloomberg.com/news/articles/2024-01-13/ecuador-violence-daniel-noboa-leverages-narco-war-to-push-overdue-reforms
corn,Philippines Plans $1.7 Billion Spending to Cut Farm Losses,2024-01-15,Bloomberg,"The Philippines, the world's top importer of rice, plans to spend 93 billion pesos ($1.7 billion) to build more storage and other facilities to boost food...",https://www.bloomberg.com/news/articles/2024-01-16/philippines-plans-1-7-billion-spending-to-cut-farm-losses
corn,EU Sees Gas Storage Levels More Than Half Full by Winter’s End,2024-01-16,Bloomberg,"The European Union expects to end the winter with its gas stores more than half full, the latest sign that the region is managing well despite a sharp drop in...",https://www.bloomberg.com/news/articles/2024-01-16/eu-sees-gas-storage-levels-more-than-half-full-by-winter-s-end
corn,"EU Can’t Sway Hungary’s Policies by Freezing Funds, Orban Says",2024-01-19,Bloomberg,The European Union won't be able to sway Hungary to change its controversial policies on asylum and LGBTQ rights by withholding fund payments.,https://www.bloomberg.com/news/articles/2024-01-19/eu-can-t-sway-hungary-s-policies-by-freezing-funds-orban-says
corn,"Fed Could Cut as Inflation Cools and Real Rates Rise, Goolsbee Says",2024-01-19,Bloomberg,Federal Reserve Bank of Chicago President Austan Goolsbee said officials should consider cutting interest rates as inflation falls to avoid keeping policy...,https://www.bloomberg.com/news/articles/2024-01-19/goolsbee-says-fed-could-cut-as-inflation-cools-real-rates-rise
corn,Former ED&F Traders Kick Off Launch of Sugar Firm With Acquisition,2024-01-24,Bloomberg,A new sugar firm established by former ED&F Man Holdings Ltd. traders agreed to buy operations of Chicago's Pullman Sugar LLC as part of its entry into the...,https://www.bloomberg.com/news/articles/2024-01-24/former-ed-f-traders-kick-off-launch-of-sugar-firm-with-acquisition
corn,World’s First Ethanol-to-Sustainable Jet Fuel Plant Opens in US,2024-01-25,Bloomberg,"The world's first plant using ethanol to make lower-polluting jet fuel opened in the US, a development that Iowa corn growers and biofuel producers say is a...",https://www.bloomberg.com/news/articles/2024-01-24/world-s-first-ethanol-to-sustainable-jet-fuel-plant-opens-in-us
corn,"Hedge Funds With 2,000% Leverage Catch EU Watchdog’s Eye",2024-01-31,Bloomberg,"European regulators are closely following a group of hedge funds with exposure to mortgage bonds and average gross leverage in excess of 2000%,...",https://www.bloomberg.com/news/articles/2024-01-31/hedge-funds-with-2-000-leverage-are-catching-the-eu-s-attention
corn,"US Economy Is Remarkably Strong Compared to Europe, OECD Economist Says",2024-02-05,Bloomberg,"The US economy is showing “remarkable strength” compared with Europe, where countries are struggling more with tighter monetary policy and the shocks of the...",https://www.bloomberg.com/news/articles/2024-02-05/us-economy-is-remarkably-strong-as-eu-weak-oecd-economist-says
corn,Old Farm Tractors Go High Tech as AGCO Tries to Compete With Deere,2024-02-05,Bloomberg,Illinois farmer Leon Adams' corn planter sits at the center of a strategy by AGCO Corp. to expand in the world of agricultural machinery dominated by Deere &...,https://www.bloomberg.com/news/articles/2024-02-05/making-old-farm-tractors-more-high-tech-helps-agco-compete-with-deere
corn,Big Oil Embraces Corn as Former Foes Unite Against EV Threat,2024-02-06,Bloomberg,Big Oil Embraces Corn as Former Foes Unite Against EV Threat ... This article is for subscribers only. After decades of battling against more ethanol going into...,https://www.bloomberg.com/news/articles/2024-02-06/big-oil-and-corn-unite-for-more-ethanol-to-combat-ev-threat
corn,"Brazil’s Corn Ethanol Craze Is About to End, Major Producer Says",2024-02-09,Bloomberg,"A corn ethanol boom that reshaped Brazil's biofuel industry is nearing an end, according to São Martinho SA, one of the country's largest producers of the fuel.",https://www.bloomberg.com/news/articles/2024-02-09/brazil-corn-ethanol-craze-is-about-to-end-major-producer-says
corn,Argentina Crop-Science Firm Eyes Agriculture Boom Under Milei,2024-02-09,Bloomberg,Argentina's Bioceres Crop Solutions Corp. is eyeing an agricultural boom in its home nation as President Javier Milei seeks to deregulate the economy and...,https://www.bloomberg.com/news/articles/2024-02-09/argentina-crop-science-firm-bioceres-eyes-agriculture-boom-under-milei
corn,The World Is Quietly Losing the Land It Needs to Feed Itself,2024-02-13,Bloomberg,Land degradation is a growing problem for not just climate change but food and water security. Why isn't it getting more attention?,https://www.bloomberg.com/news/articles/2024-02-13/the-world-is-quietly-losing-the-land-it-needs-to-feed-itself
corn,Deere Cuts Profit Outlook as Crop Slump Hurts Tractor Demand,2024-02-15,Bloomberg,Deere & Co. fell the most in nearly three months after trimming its annual profit outlook as tumbling crop prices give farmers less money for equipment...,https://www.bloomberg.com/news/articles/2024-02-15/deere-cuts-2024-profit-outlook-with-farmer-demand-easing
corn,"War, Extreme Weather and Aging Workers Makes Farming a Tough Job",2024-02-16,Bloomberg,The challenges range from what farmers call unfair trade and crop prices to extreme weather and an aging workforce.,https://www.bloomberg.com/news/newsletters/2024-02-16/global-food-roundup-farmer-protests-bad-weather-and-price-anger
corn,Chicago May Break Record High Winter Temperature: Weather Watch,2024-02-27,Bloomberg,"Chicago may post its warmest winter day on Tuesday as mild temperatures break records across the Midwest, Great Lakes and into upstate New York.",https://www.bloomberg.com/news/articles/2024-02-27/chicago-may-break-record-high-winter-temperature-weather-watch
corn,"Commodities shifted to top down in 2022, which may endure in 2024",2024-02-28,Bloomberg,"Rising elasticity, the unprecedented liquidity pump that's dumping and a potential paradigm shift in Chinese demand all point to more declines in...",https://www.bloomberg.com/professional/insights/commodities/commodities-shifted-to-top-down-in-2022-which-may-endure-in-2024/
corn,Ethanol Maker Valero to Join $8 Billion Carbon Pipeline Project,2024-03-04,Bloomberg,US fuel refiner Valero Energy Corp. is joining a massive carbon-capture and storage project in the heart of US corn country.,https://www.bloomberg.com/news/articles/2024-03-04/ethanol-maker-valero-to-join-8-billion-carbon-pipeline-project
corn,Zimbabwe Says Scorching El Nino Pattern Is Withering Corn Crop,2024-03-12,Bloomberg,"Zimbabwe warned that farmland planted with corn has shrunk by 12% because of scorching El Niño weather patterns, threatening the nation's food staple.",https://www.bloomberg.com/news/articles/2024-03-12/zimbabwe-says-scorching-el-nino-pattern-is-withering-corn-crop
corn,"Brazil Plans Rescue for Troubled Farming Sector, Minister Says",2024-03-12,Bloomberg,Brazil's government is preparing a rescue package for farmers in default and agricultural companies struggling with delinquency amid tumbling corn and...,https://www.bloomberg.com/news/articles/2024-03-12/brazil-plans-rescue-for-troubled-farming-sector-minister-says
corn,Thailand Mulls Ban on Corn Imports From Neighbors to Tackle Smog,2024-03-19,Bloomberg,"Thailand is weighing a ban on imports of corn from neighboring countries that practice agricultural burning, as the Southeast Asian nation steps up efforts...",https://www.bloomberg.com/news/articles/2024-03-20/thailand-mulls-ban-on-corn-imports-from-neighbors-to-tackle-smog
corn,Cocoa Processor Blommer to Close Chicago Chocolate Factory,2024-03-22,Bloomberg,Cocoa processor Blommer Chocolate Co. will close its Chicago chocolate factory as the aging facility is no longer reliable.,https://www.bloomberg.com/news/articles/2024-03-22/cocoa-processor-blommer-to-close-chicago-chocolate-factory
corn,Chicago Voters Reject Mansion Tax in Blow to Mayor Johnson,2024-03-22,Bloomberg,"Chicago voters rejected Mayor Brandon Johnson's plan to increase taxes on real estate transactions of $1 million or more, dealing a blow to the first-term...",https://www.bloomberg.com/news/articles/2024-03-23/chicago-voters-reject-mansion-tax-in-blow-to-mayor-johnson
corn,Bloomberg Commodities Indices | Bloomberg Professional Services,2024-03-25,Bloomberg,Bloomberg Commodity Indices (BCOM) are financial benchmarks designed to provide liquid and diversified exposure to commodities via futures contracts.,https://www.bloomberg.com/professional/products/indices/commodities/
corn,Biden’s Biofuel Push Risks Dethroning Corn as King of US Crops,2024-03-27,Bloomberg,Biden's Biofuel Push Risks Dethroning Corn as King of US Crops.,https://www.bloomberg.com/news/articles/2024-03-27/biden-s-biofuel-push-risks-dethroning-corn-as-king-of-us-crops
corn,El Nino May See First South Africa White-Corn Imports Since 2017,2024-03-27,Bloomberg,"This article is for subscribers only. South Africa may import significant amounts of white corn, used to make a staple food, for the first time since 2017...",https://www.bloomberg.com/news/articles/2024-03-27/el-nino-risks-spurring-first-south-africa-white-corn-imports-since-2017
corn,The Havoc El Nino Is Causing in Parched Southern Africa,2024-03-29,Bloomberg,"El Nino and the dry and hot weather it's brought is withering crops, igniting inflation and affecting government and monetary policy across a swath of southern...",https://www.bloomberg.com/news/newsletters/2024-03-29/el-nino-is-causing-havoc-in-southern-africa-affecting-lives-and-policies
corn,"Chinese Electric Trucks Are Set to Take on Europe, CEO Says",2024-04-03,Bloomberg,"After pushing into Europe with their electric cars, Chinese manufacturers such as BYD Co. are expected to target another piece of the market: big rigs.",https://www.bloomberg.com/news/articles/2024-04-04/scania-warns-chinese-electric-trucks-are-set-to-take-on-europe
corn,Chinese Buyers Cancel Corn Shipments as Beijing Supports Farmers,2024-04-11,Bloomberg,Chinese buyers are canceling corn shipments as they seek to comply with new government measures to support domestic farmers.,https://www.bloomberg.com/news/articles/2024-04-11/chinese-buyers-cancel-corn-shipments-as-beijing-supports-farmers
corn,Global Food Roundup: More Trade Risks and Cocoa Crisis Deepens,2024-04-12,Bloomberg,"Global food trade has faced plenty of hurdles in recent years, from war disruptions to protectionist policies and bad weather.",https://www.bloomberg.com/news/newsletters/2024-04-12/global-food-roundup-trade-risks-and-cocoa-crisis
corn,El Niño Drives Southern African Millers to Seek Brazil Corn,2024-04-15,Bloomberg,Zimbabwe is considering importing corn from Brazil for the first time since 2014 as the El Niño weather pattern withers crops in the country and its neighbors.,https://www.bloomberg.com/news/articles/2024-04-15/el-nino-zimbabwe-millers-go-to-brazil-seeking-corn
corn,"Brazil Makes First Ethanol for Green Jet Fuel, Rocking US Rivals",2024-04-16,Bloomberg,"the world's first plant that makes sustainable jet fuel from ethanol — but it's Brazilian farmers, not American ones, who'll initially reap the benefits...",https://www.bloomberg.com/news/articles/2024-04-16/brazil-makes-first-ethanol-for-green-jet-fuel-rocking-us-rivals
corn,Leafhopper Swarms Threaten Argentina Crops and Economic Recovery,2024-04-17,Bloomberg,Argentina corn farmers had high hopes for this season's harvest after near-perfect weather conditions ended years of drought. A record crop would also bode...,https://www.bloomberg.com/news/articles/2024-04-17/bug-plagues-argentina-crops-in-setback-for-milei-s-recovery-plan
corn,Africa’s Drought Ripples Through Global Food Trade,2024-04-19,Bloomberg,A devastating El Niño-induced drought across a swath of southern Africa is sending ripples through global food trade.,https://www.bloomberg.com/news/newsletters/2024-04-19/global-food-roundup-africa-s-drought-impacts-global-food-trade
corn,"A Market Lesson: ‘To Sell to Somebody Else, It's Got to Be Irresistible’",2024-04-27,Bloomberg,"In uncertain markets, Peter Borish of Computer Trading watches the 'seven Cs' of commodities.",https://www.bloomberg.com/news/newsletters/2024-04-27/wall-street-veteran-watches-commodities-seven-c-s-for-clues-to-what-s-next
corn,"Getir Quits US, Europe Markets After Pressure to Cut Losses",2024-04-29,Bloomberg,Turkish grocery delivery company Getir will quit its remaining international markets following pressure from investors to cut losses.,https://www.bloomberg.com/news/articles/2024-04-29/getir-quits-us-europe-markets-after-pressure-to-cut-losses
corn,BBVA’s Deal Appetite Signals a Bigger Shakeup at European Banks,2024-05-01,Bloomberg,The animal spirits look like they're returning to European banking. The announcement by Banco Bilbao Vizcaya Argentaria SA on Tuesday that it wants to begin...,https://www.bloomberg.com/news/articles/2024-05-01/bbva-s-deal-appetite-signals-a-bigger-shakeup-at-european-banks
corn,Chicago Bears’ Stadium Proposal Is a ‘Non-Starter’ for Pritzker,2024-05-01,Bloomberg,"The Chicago Bears' current proposal for a new stadium financed partially with municipal debt is a “non-starter” for the state, a spokesperson for Illinois...",https://www.bloomberg.com/news/articles/2024-05-01/chicago-bears-stadium-proposal-is-a-non-starter-for-pritzker
corn,"Farm, Food, and Fuel Summit: Upstream earnings pressured",2024-05-02,Bloomberg,"Generative AI is poised to be a $1.3 trillion market by 2032 as it boosts sales for the tech industry's hardware, software, services, ads and gaming...",https://www.bloomberg.com/professional/insights/commodities/farm-food-and-fuel-summit-upstream-earnings-pressured/
corn,Goolsbee Says Fed Could Better Convey How It Responds to Economy,2024-05-03,Bloomberg,Federal Reserve Bank of Chicago President Austan Goolsbee said policymakers should consider ways to improve how they communicate their views on economic...,https://www.bloomberg.com/news/articles/2024-05-03/goolsbee-says-fed-could-better-convey-how-it-responds-to-economy
corn,Worst Drought in Four Decades Cuts Zimbabwean Corn Crop by 72%,2024-05-07,Bloomberg,"Worst Drought in Four Decades Cuts Zimbabwean Corn Crop by 72% · Final estimate by government sees corn crop at 634,699 tons · Zimbabwe consumes more than 2...",https://www.bloomberg.com/news/articles/2024-05-08/worst-drought-in-four-decades-cuts-zimbabwean-corn-crop-by-72
corn,PAI Moves to Delay Exit From $10 Billion Nestle Ice Cream JV,2024-05-10,Bloomberg,"European private equity firm PAI Partners is in talks with investors about a new fund to hold its 50% stake in its ice cream joint venture with Nestle SA,...",https://www.bloomberg.com/news/articles/2024-05-10/pai-moves-to-delay-exit-from-10-billion-nestle-ice-cream-jv
corn,"Cheap Prison Labor Is Keeping People Locked Up Longer, Suit Alleges",2024-05-11,Bloomberg,Inmates do billions of dollars of work for companies and governments each year. A landmark lawsuit alleges many are being kept in prison because the...,https://www.bloomberg.com/news/features/2024-05-11/us-prison-labor-powers-billions-in-corporate-government-revenue
corn,"Walmart Files Show Wrong Prices Charged at 1,600 Stores for Days",2024-05-29,Bloomberg,One evening in March — at 8:41 p.m. Chicago time to be exact — internal warnings flashed within Walmart Inc. about a curious thing happening at hundreds of...,https://www.bloomberg.com/news/articles/2024-05-29/walmart-files-show-wrong-prices-charged-at-1-600-stores-for-days
corn,Traders Are Bracing for a Record-Smashing Summer That Will Shake Up Commodities,2024-05-30,Bloomberg,High prices for food and energy frustrate the Federal Reserve's inflation fight.,https://www.bloomberg.com/news/articles/2024-05-30/will-summer-heat-and-hurricanes-send-gas-power-and-crop-prices-soaring
corn,AMLO Ran Mexico as a Maverick. His Protege Is Playing It Safe,2024-05-31,Bloomberg,"With voters set to elect their first woman president, no one's sure how Claudia Sheinbaum will govern if she wins.",https://www.bloomberg.com/news/features/2024-05-31/claudia-sheinbaum-likely-to-be-mexico-s-next-president-will-amlo-let-go
corn,El Nino: Drought Reduces Zambian Corn Harvest to 14-Year Low,2024-06-06,Bloomberg,"Zambia's corn harvest will be the lowest since 2008, dropping 54%, after El Niño brought the most severe dry spell in at least four decades earlier this year.",https://www.bloomberg.com/news/articles/2024-06-06/en-nino-induced-drought-cuts-zambian-corn-harvest-to-14-year-low
corn,Citadel Securities Kicks Off Trading in European Rates Markets,2024-06-11,Bloomberg,Market-making powerhouse Citadel Securities LLC has started electronic trading of euro and sterling interest-rate swaps as it expands into European rates...,https://www.bloomberg.com/news/articles/2024-06-11/citadel-securities-kicks-off-trading-in-european-rates-markets
corn,"China’s Waning Appetite for Wheat, Corn Spells Danger for World Grain Market",2024-06-11,Bloomberg,China's Waning Hunger for Grain Spells Trouble for World Market ... This article is for subscribers only. China's appetite for overseas wheat and corn is...,https://www.bloomberg.com/news/articles/2024-06-12/china-s-waning-appetite-for-grain-spells-danger-for-world-market
corn,Farm Startups Bent on Shaking Up Cargill and ADM Are Floundering,2024-06-12,Bloomberg,Bold startups that once threatened to shake up the $1.5 trillion agriculture sector and disrupt the likes of crop trading giants such as...,https://www.bloomberg.com/news/articles/2024-06-12/farm-startups-bent-on-shaking-up-cargill-and-adm-are-floundering
corn,Global Food Roundup: Farming’s AI Answer and Struggling Startups,2024-06-14,Bloomberg,"From struggling farm startups to booming tallow shipments and the role of AI, here's a roundup of the latest key food stories from around the world.",https://www.bloomberg.com/news/newsletters/2024-06-14/global-food-roundup-ai-at-farms-and-struggling-startups
corn,South Africa Economy: Agribusiness Confidence at 15-Year Low on Drought,2024-06-24,Bloomberg,Confidence among South Africa's agricultural businesses fell to the lowest level in almost 15 years as an El Niño-induced drought affected grain crops.,https://www.bloomberg.com/news/articles/2024-06-24/south-africa-agribusiness-confidence-at-15-year-low-on-drought
corn,"Naira Panic Is Over, Nigerian Central Bank’s Cardoso Says",2024-06-25,Bloomberg,"Olayemi Cardoso, governor of the Central Bank of Nigeria, after a Bloomberg Television interview in London on June 25.",https://www.bloomberg.com/news/newsletters/2024-06-25/next-africa-nigerian-central-bank-s-cardoso-says-worst-for-naira-is-over
corn,"Zimbabwe to Get 300,000-Ton Corn Delivery to Aid Drought Impact",2024-06-25,Bloomberg,Zimbabwe's government expects to take delivery of 300000 tons of corn this month to boost national reserves following a drought that reduced its harvest.,https://www.bloomberg.com/news/articles/2024-06-25/zimbabwe-to-get-300-000-ton-corn-delivery-to-aid-drought-impact
corn,"Robots, Drones and Driverless Tractors Usher In New Age of Farming",2024-06-27,Bloomberg,"Tractors plow the farm fields without drivers, guided by satellites and iPhones. Solar-powered robots tend to plants on the ground like giant outdoor Roombas.",https://www.bloomberg.com/news/articles/2024-06-27/farming-goes-high-tech-with-driverless-tractors-drones-robots-de-agco-cnh
corn,Jeff Bezos Is Backing a Quest to Replace Meat,2024-06-28,Bloomberg,Jeff Bezos is pumping money into revamping alternative proteins. His Bezos Earth Fund will spend $100 million to open Bezos Centers for Sustainable Protein...,https://www.bloomberg.com/news/newsletters/2024-06-28/global-food-roundup-jeff-bezos-quest-for-alternative-meat
corn,China’s Weather Extremes Threaten Crops With Flooding and Heat,2024-07-01,Bloomberg,"China's farmers are continuing to grapple with extreme weather from flooding to drought, threatening crops including rice and placing pressure on the nation's...",https://www.bloomberg.com/news/articles/2024-07-02/china-s-weather-extremes-threaten-crops-with-flooding-and-heat
corn,Zimbabwe Gets $32 Million in Drought Insurance From AU Agency,2024-07-04,Bloomberg,"Zimbabwe received $31.8 million from African Risk Capacity, an arm of the African Union, as part of an insurance payout for the devastation the country...",https://www.bloomberg.com/news/articles/2024-07-04/zimbabwe-gets-32-million-in-drought-insurance-from-au-agency
corn,"Algeria, Italian Firm Sign $455 Million Deal for Farming Project",2024-07-07,Bloomberg,"Algeria and Italian firm Bonifiche Ferraresi SpA made a €420 million ($455 million) deal to develop an agricultural project, as the North African nation...",https://www.bloomberg.com/news/articles/2024-07-07/algeria-italian-firm-sign-455-million-deal-for-farming-project
corn,Corn Slumps to Lowest Since 2020 on Midwest Rain Forecast,2024-07-08,Bloomberg,"The Bloomberg Grains Subindex, which tracks futures for corn, soybeans and wheat in Chicago and Kansas, extended this year's losses to 17%, trading at the...",https://www.bloomberg.com/news/articles/2024-07-08/corn-slumps-to-lowest-since-2020-on-midwest-rain-forecast
corn,Hedge Funds Hold Most Number of Shorts in Corn on Record,2024-07-12,Bloomberg,Hedge Funds Hold Most Number of Shorts in Corn on Record ... By Tarso Veloso and Gerson Freitas Jr. ... This article is for subscribers only. Money managers are...,https://www.bloomberg.com/news/articles/2024-07-12/hedge-funds-hold-most-number-of-shorts-in-corn-on-record
corn,Europe’s Biggest Companies Have More Room for Buybacks and Deals,2024-07-16,Bloomberg,"Financial leverage at Europe's biggest companies is expected to ease this year to the lowest since 2008 and the global financial crisis,...",https://www.bloomberg.com/news/articles/2024-07-17/europe-s-biggest-companies-have-more-room-for-buybacks-and-deals
corn,Paris Hedge Fund Staffer Suspected of Giving Brother Insider Stock Tips,2024-07-17,Bloomberg,A staffer at Paris hedge fund Syquant Capital is suspected of funneling insider tips to his brother to make a spate of winning trades on stocks such as...,https://www.bloomberg.com/news/articles/2024-07-17/paris-hedge-fund-staffer-suspected-of-giving-brother-insider-stock-tips
corn,"Europe’s Biggest Paintmaker Warns EU, US Chemical Tariffs on China to Spur Prices",2024-07-24,Bloomberg,Europe's biggest paintmaker Akzo Nobel NV has warned that European and US tariffs on Chinese chemicals imports could drive up prices for Western consumers.,https://www.bloomberg.com/news/articles/2024-07-24/akzo-nobel-warns-eu-us-chemical-tariffs-on-china-to-spur-prices
corn,"Farming Is Hip in Brazil, Where a New Generation Is Outpacing the US",2024-07-25,Bloomberg,Young entrepreneurs are stepping into agricultural leadership roles in the latest threat to US farming's dwindling influence.,https://www.bloomberg.com/features/2024-Brazil-farmers-next-gen/
corn,"Royal London, Macquarie Among Firms Planning European CLO Debuts",2024-07-26,Bloomberg,"Europe's collateralized loan obligation market is set for a record year of issuance, and a flurry of new entrants are looking to get involved in the upturn.",https://www.bloomberg.com/news/articles/2024-07-26/royal-london-macquarie-among-firms-planning-european-clo-debuts
corn,Midwestern Farmers Who Say Yes to Solar Power Face Neighbors’ Wrath,2024-08-01,Bloomberg,"In Michigan, a new law aims to quash not-in-my-backyard local challenges to renewable energy projects. But communities remain bitterly divided.",https://www.bloomberg.com/news/features/2024-08-01/michigan-farmers-who-say-yes-to-solar-face-neighbors-wrath
corn,Harris’ Vice President Pick Brings Farming Issues Off Backburner,2024-08-08,Bloomberg,Vice President Kamala Harris' decision to pick the governor of a major farming state as her running mate has signaled to the shrinking US agricultural...,https://www.bloomberg.com/news/articles/2024-08-08/harris-vice-president-pick-brings-farming-issues-off-backburner
corn,US Farmer Co-op CHS to Build Brazilian Grain Terminal With Rumo,2024-08-08,Bloomberg,"CHS Inc., the largest farmer-owned cooperative in the US, will partner with Brazilian train operator Rumo SA to build a major grain terminal in the South...",https://www.bloomberg.com/news/articles/2024-08-08/us-farmer-co-op-chs-to-build-brazilian-grain-terminal-with-rumo
corn,Global Food Roundup: Black Sea Grain Exports and Egypt’s Wheat Appetite,2024-08-16,Bloomberg,"Ukraine is a key grain supplier, sending staples like wheat and corn around the world, most of which traditionally goes via the Black Sea.",https://www.bloomberg.com/news/newsletters/2024-08-16/supply-chain-latest-ukraine-grain-exports-and-egypt-s-wheat-purchases
corn,Summit Pipeline Chief Sees Tough Path in Winning Over Landowners,2024-08-16,Bloomberg,The head of a more than $8 billion proposed carbon pipeline that has seen numerous delays amid landowner resistance had a request this week for corn ethanol...,https://www.bloomberg.com/news/articles/2024-08-16/summit-pipeline-chief-sees-tough-path-in-winning-over-landowners
corn,Bad Harvests for Swiss Farmers Mean Cheaper Tomatoes for Shoppers,2024-08-17,Bloomberg,Bad news for Swiss farmers is good for consumers who pay the highest food prices in Europe.,https://www.bloomberg.com/news/articles/2024-08-18/swiss-economy-bad-harvests-for-farmers-mean-cheaper-tomatoes-for-shoppers
corn,Vibrant Green Fields Signal a Big US Corn Crop and Weak Prices,2024-08-22,Bloomberg,"Between hail, strong winds, floods and plant disease, US corn crops were put through some tough times this summer. But somehow, the fields of green...",https://www.bloomberg.com/news/articles/2024-08-22/vibrant-green-fields-signal-a-big-us-corn-crop-and-weak-prices
corn,"Rothschild Plans to Shut Chicago Office, Move Staff to New York",2024-08-26,Bloomberg,"Rothschild & Co. plans to shut its Chicago office as the French firm shrinks its North American footprint, according to people with knowledge of the matter.",https://www.bloomberg.com/news/articles/2024-08-26/rothschild-plans-to-shut-chicago-office-move-staff-to-new-york
corn,"Ghana Bans Rice, Corn and Soy Exports to Avoid Local Shortage",2024-08-26,Bloomberg,"Ghana Bans Rice, Corn Exports to Stave Off Food Shortage ... A vendor sorts grains for sale at a market in Tamale, Ghana. ... This article is for subscribers only.",https://www.bloomberg.com/news/articles/2024-08-26/ghana-bans-rice-corn-and-soy-exports-to-avoid-local-shortage
corn,Creditors Struggle to Seize Land in Brazil as Bankruptcies Surge,2024-08-26,Bloomberg,A court decision in the Amazon rainforest city of Sinop that shielded a corn and soybean producer's land from seizure by creditors is reverberating through...,https://www.bloomberg.com/news/articles/2024-08-26/creditors-struggle-to-seize-land-in-brazil-as-bankruptcies-surge
corn,"China Just Had Its Hottest Summer, But Heat Threat Isn’t Over",2024-09-03,Bloomberg,China just sweltered through its hottest summer on record — damaging crops from corn to soybeans and pressuring the power grid — but the risks from the extreme...,https://www.bloomberg.com/news/articles/2024-09-04/china-just-had-its-hottest-summer-but-heat-threat-isn-t-over
corn,Corn Prices Rise on Crop Forecast Cuts and Dry Weather Risks,2024-09-06,Bloomberg,Corn Prices Rise on Crop Forecast Cuts and Dry Weather Risks ... This article is for subscribers only. Corn futures are headed upward for a second week as...,https://www.bloomberg.com/news/articles/2024-09-06/corn-prices-rise-on-crop-forecast-cuts-and-dry-weather-risks
corn,Zimbabwe Needs $1.6 Billion to Lift Crop Output After Drought,2024-09-06,Bloomberg,Zimbabwe needs $1.64 billion to bolster crop production after a devastating drought increased food insecurity and prompted a state of disaster.,https://www.bloomberg.com/news/articles/2024-09-06/zimbabwe-needs-1-6-billion-to-lift-crop-output-after-drought
corn,"Great reset unfolding for commodities. Can China, Fed stop it? | Insights | Bloomberg Professional Services",2024-09-09,Bloomberg,"Commodities are in a great reset, indicated by gold's roughly 30% rise vs. a similar decline in the Bloomberg Commodity Spot Index since Russia invaded...",https://www.bloomberg.com/professional/insights/commodities/great-reset-unfolding-for-commodities-can-china-fed-stop-it/
corn,"EU Corn Crop to Fall to Third Lowest in Decade, Strategie Says",2024-09-12,Bloomberg,"Around 58 million tons of corn will be produced in Europe, according to analysis firm Strategie Grains. With harvest underway, “yield outlooks have deteriorated...",https://www.bloomberg.com/news/articles/2024-09-12/eu-corn-crop-to-fall-to-third-lowest-in-decade-strategie-says
corn,China’s Fading Hunger for Grain Spells Trouble for World Farmers,2024-09-15,Bloomberg,"Warehouses across China are bulging with grain as a deepening economic crisis takes hold, leaving the world's farmers to grapple with the prospect of a...",https://www.bloomberg.com/news/articles/2024-09-16/china-s-fading-hunger-for-grain-spells-trouble-for-world-farmers
corn,New Jersey Has Its Own Posh Downton Abbey—and You Can Stay There,2024-09-18,Bloomberg,"The new Pendry Natirar, just an hour outside New York City, has a working farm and vast, pampering spa.",https://www.bloomberg.com/news/features/2024-09-18/pendry-natirar-is-a-posh-downton-abbey-estate-turned-hotel-in-new-jersey
corn,Brazil’s Farming Boom Is Erasing an Ancient Amazonian Civilization,2024-09-25,Bloomberg,"Ancient geoglyphs and archaeological sites are being plowed over by Brazil farmers growing soy, corn and sugar crops in the Amazon Basin.",https://www.bloomberg.com/graphics/2024-brazil-amazon-deforestation-ancient-civilization/
corn,Zambia Inflation Nears Four-Year High as Food Prices Soar,2024-09-26,Bloomberg,Zambia's annual inflation rate rose to its highest level in almost four years in September and the economy grew at its slowest pace since 2021.,https://www.bloomberg.com/news/articles/2024-09-26/zambia-inflation-nears-four-year-high-as-food-prices-soar
corn,Ancient Archeological Sites Razed as Brazil Farmers Plow Into Amazon,2024-09-26,Bloomberg,"As Brazil's farmers move deeper into the Amazon to meet global demand for soy, corn and sugar, cultural authorities are rushing to protect ancient...",https://www.bloomberg.com/news/newsletters/2024-09-26/ancient-sites-razed-as-brazil-farmers-plow-into-amazon-big-take
corn,"First Look at London’s Most Exciting New Mexican Restaurant, Fonda",2024-10-02,Bloomberg,"The chef/owner of the UK's top-ranked restaurant, Kol, goes casual with £8 Baja fish tacos.",https://www.bloomberg.com/news/articles/2024-10-02/first-look-at-london-s-most-exciting-new-mexican-restaurant-fonda
corn,Brazil Seen Importing Most Diesel in Two Years as Economy Gains,2024-10-03,Bloomberg,Brazil is expected to import the most diesel in two years this month as farmers harvest the corn crop and the country's resilient economy supports demand from...,https://www.bloomberg.com/news/articles/2024-10-03/brazil-seen-importing-most-diesel-in-two-years-as-economy-gains
corn,ADM Idles Iowa Soybean Crushing Plant During Harvest Season,2024-10-04,Bloomberg,Archer-Daniels-Midland Co. will close its only soybean crushing facility in Iowa for several weeks at a time when farmers are harvesting a record crop.,https://www.bloomberg.com/news/articles/2024-10-04/adm-idles-iowa-soybean-crushing-plant-during-harvest-season
corn,Five Key Charts to Watch in Global Commodity Markets This Week,2024-10-06,Bloomberg,Gold's rally has made buying Brent with bullion cheaper. And risks to Brazil's corn crop are driving up prices of the grain. Here are five notable charts to...,https://www.bloomberg.com/news/articles/2024-10-06/five-key-charts-to-watch-in-global-commodity-markets-this-week
corn,"Corn Prices Fall on Harvest Progress in US, Storage Concerns",2024-10-14,Bloomberg,"Corn Prices Fall on Harvest Progress in US, Storage Concerns. Corn&nbsp;futures for December delivery was down 1.3% at $4.1025 per bushel. Corn futures for...",https://www.bloomberg.com/news/articles/2024-10-14/corn-prices-fall-on-harvest-progress-in-us-storage-concerns
corn,Biofuel Boom Still Leaves US Soybean Glut,2024-10-17,Bloomberg,"Despite demand from the expanding clean-fuel sector, beans are piling up amid a record harvest.",https://www.bloomberg.com/news/newsletters/2024-10-17/biofuel-boom-still-leaves-us-soybean-glut
corn,Global Water Scarcity Risks Deepening Hunger Crisis,2024-10-18,Bloomberg,"One-quarter of all crops are grown where water supply is either highly stressed or highly unreliable, or both, the World Resources Institute said.",https://www.bloomberg.com/news/newsletters/2024-10-18/global-food-roundup-water-stress-threatens-quarter-of-crops
corn,Arctic Doomsday Vault Stashes More Seeds for Future Food,2024-10-25,Bloomberg,In the Arctic wilderness sits a vault built to help withstand potential apocalyptic impacts of climate change. It just received one of the biggest deposits...,https://www.bloomberg.com/news/newsletters/2024-10-25/global-food-roundup-doomsday-seed-vault-safeguards-future-crops
corn,Zimbabwe’s Devaluation of ZiG Sees Return to Double-Digit Inflation,2024-10-25,Bloomberg,Zimbabwe's monthly inflation rate surged after a steep devaluation of its gold-backed currency stoked prices.,https://www.bloomberg.com/news/articles/2024-10-25/zimbabwe-zwg-usd-zig-43-devaluation-fans-inflation-rise-in-october
corn,How American Tax Breaks Brought a Chinese Solar Energy Giant to Ohio,2024-10-29,Bloomberg,The Inflation Reduction Act restored American manufacturing jobs – and gave China an opportunity to extend its dominance in some clean energy technologies.,https://www.bloomberg.com/news/features/2024-10-29/ira-investment-created-us-jobs-and-tax-breaks-for-chinese-solar-firms
corn,Trump’s Return Set to Upend Trade for American Farmers Yet Again,2024-11-06,Bloomberg,"Donald Trump's reelection promises another shakeup for American agriculture. Expectations for a fresh round of trade disruptions with China sent soybeans, corn...",https://www.bloomberg.com/news/articles/2024-11-06/trump-s-return-set-to-upend-trade-for-american-farmers-yet-again
corn,Nigeria Ignores Its Duty-Free Food Waivers Despite Price Woes,2024-11-07,Bloomberg,"Nigeria has not taken advantage of a six-month window to import key food duty free, even as the West African nation confronts a cost-of-living crisis.",https://www.bloomberg.com/news/articles/2024-11-07/nigeria-ignores-its-duty-free-food-waivers-despite-price-woes
corn,World Food Price Index Hits 18-Month High on Production Concerns,2024-11-08,Bloomberg,"Global food prices hit the highest level in 18-months in October, with unfavorable weather raising production concerns for many commodities and threatening...",https://www.bloomberg.com/news/articles/2024-11-08/world-food-price-index-hits-18-month-high-on-production-concerns
corn,Zambia’s Kwacha Falls as Drought Fuels Higher Import Costs,2024-11-11,Bloomberg,Zambia's worst drought in over a century is driving the kwacha toward record lows. The currency weakened for the past 13 sessions against the US dollar.,https://www.bloomberg.com/news/articles/2024-11-11/zambia-kwacha-usd-zmw-eyes-record-low-due-to-drought-and-import-needs
corn,Corteva Unveils Hybrid Wheat Breakthrough as Seed Race Heats Up,2024-11-18,Bloomberg,The race to boost wheat yields with drought-resistant varieties is heating up.,https://www.bloomberg.com/news/articles/2024-11-18/corteva-unveils-hybrid-wheat-breakthrough-as-seed-race-heats-up
corn,COP29: Pakistan’s Surprise Solar Boom,2024-11-21,Bloomberg,Good morning from Baku. Negotiators at COP29 are still trying to resolve deep differences over how to scale up international climate finance for developing...,https://www.bloomberg.com/news/newsletters/2024-11-22/cop29-pakistan-s-surprise-solar-boom
corn,European Farmer Angst Revs Up Again Over Trade Deal and Tax,2024-11-22,Bloomberg,"French and Polish growers are bemoaning a potential EU free trade deal with Latin America, while their British counterparts are up in arms over a new...",https://www.bloomberg.com/news/newsletters/2024-11-22/global-food-roundup-farmers-protest-over-trade-deal-and-inheritance-tax
corn,Ken Griffin Sold Discounted Chicago Condos to Nemesis Pritzker,2024-11-27,Bloomberg,"Griffin sold the two properties in November for a combined $19 million, public records showed without naming the buyer.",https://www.bloomberg.com/news/articles/2024-11-27/ken-griffin-sold-discounted-chicago-condos-to-nemesis-pritzker
corn,Zimbabwe Plans Fourfold Summer-Crop Increase as Drought Eases After El Niño,2024-11-27,Bloomberg,"Zimbabwe sees output of summer crops rising more than fourfold this season, boosted by above-normal rains that ended the worst drought in 40 years.",https://www.bloomberg.com/news/articles/2024-11-27/zimbabwe-plans-fourfold-summer-crop-increase-as-drought-eases-after-el-nino
corn,Here’s a Perfect Excuse to Clean Your Plate Tomorrow,2024-11-27,Bloomberg,Reducing the amount of Thanksgiving bounty that ends up in landfills could do a lot for the planet.,https://www.bloomberg.com/opinion/articles/2024-11-27/finishing-your-thanksgiving-meal-can-reduce-landfill-waste
corn,South Africa Looks Set to Miss Economic Growth Forecast for 2024,2024-12-03,Bloomberg,South Africa risks missing its 2024 economic growth forecast after the agricultural sector's deepest slump in at least three decades led to an unexpected...,https://www.bloomberg.com/news/articles/2024-12-03/south-africa-looks-set-to-miss-economic-growth-forecast-for-2024
corn,A $2 Billion Puzzle Waiting for Ghana’s New Leader,2024-12-06,Bloomberg,"Welcome to Next Africa, a twice-weekly newsletter on where the continent stands now — and where it's headed. Sign up here to have it delivered to your...",https://www.bloomberg.com/news/newsletters/2024-12-06/ghana-election-next-president-must-solve-a-2-billion-debt-puzzle
corn,EU Reaches Long-Sought Mercosur Deal Over French Objections,2024-12-06,Bloomberg,"The European Union and the South American Mercosur bloc clinched a long-sought trade deal over the vehement objections of France, which has pledged to lead...",https://www.bloomberg.com/news/articles/2024-12-06/eu-reaches-long-sought-mercosur-deal-over-macron-s-objections
corn,China’s Falling Corn Imports Show Hit to Consumer Confidence,2024-12-10,Bloomberg,China's Falling Corn Imports Show Hit to Consumer Confidence ... This article is for subscribers only. China's corn imports are expected to total just 14 million...,https://www.bloomberg.com/news/articles/2024-12-11/china-s-falling-corn-imports-show-hit-to-consumer-confidence
corn,IBM Gives Chicago’s Quantum Campus a Boost With New Investment,2024-12-12,Bloomberg,Illinois Governor JB Pritzker has scored another win as International Business Machines Corp. is investing in the state's new quantum and microelectronics...,https://www.bloomberg.com/news/articles/2024-12-12/ibm-gives-pritzker-s-quantum-campus-a-boost-with-new-investment
corn,Africa Turns to a Precarious Form of Insurance as Climate Aid Falls Short,2024-12-12,Bloomberg,"The villagers of Chilimani are hardened gamblers, praying that annual rain will bring life to scrubby fields and provide enough corn to fill their bellies a...",https://www.bloomberg.com/features/2024-malawi-crop-insurance-climate-change/
corn,BCOMAG:IND | Bloomberg Agriculture Subindex | Indices | Bloomberg Professional Services,2024-12-18,Bloomberg,"Bloomberg Agriculture Subindex index is a commodity group subindex of the BCOM. It is composed of futures contracts on coffee, corn, cotton, soybeans, soybean...",https://www.bloomberg.com/professional/products/indices/quote/BCOMAG:IND
corn,BCOMCNTR:IND | Bloomberg Corn Subindex Total Return | Indices | Bloomberg Professional Services,2024-12-18,Bloomberg,Bloomberg Corn Subindex Total Return · Performance · Index info · Overview · Key statistics · Research & Insights · Get in touch. Help & Support. Already a...,https://www.bloomberg.com/professional/products/indices/quote/BCOMCNTR:IND
corn,US Wins Dispute With Mexico Over Genetically Engineered Corn,2024-12-21,Bloomberg,An arbitration panel under the USMCA trade agreement issued its final ruling agreeing with the US that Mexico's efforts to halt imports of GMO corn were not...,https://www.bloomberg.com/news/articles/2024-12-20/us-wins-dispute-with-mexico-over-genetically-engineered-corn
corn,Soybeans Advance in Light Trading as Weather Stays in Focus,2024-12-26,Bloomberg,Soybean futures edged higher in Chicago amid light post-holiday trading. Corn and wheat also eked out gains.,https://www.bloomberg.com/news/articles/2024-12-26/soybeans-advance-in-light-trading-as-weather-stays-in-focus
corn,AgTech Startup Inari Raises Equity at $2.17 Billion Valuation,2025-01-07,Bloomberg,"Massachusetts agtech startup Inari Agriculture Inc. said it raised $144 million of new equity at a $2.17 billion valuation, a roughly 32% jump from a prior...",https://www.bloomberg.com/news/articles/2025-01-07/agtech-startup-inari-raises-equity-at-2-17-billion-valuation
corn,"Price ceilings holding back commodities, reflation | Insights | Bloomberg Professional Services",2025-01-09,Bloomberg,"To signal recovery from post-2022 deflation trends, the major commodities need to stay above threshold levels.",https://www.bloomberg.com/professional/insights/commodities/price-ceilings-holding-back-commodities-reflation/
corn,Nigeria Gets Rice Supply Under Duty Free Import Policy,2025-01-10,Bloomberg,Nigeria received a shipment of brown rice as it seeks to alleviate climbing food costs that are squeezing consumers.,https://www.bloomberg.com/news/articles/2025-01-10/nigeria-to-get-first-rice-shipment-under-duty-free-import-policy
corn,US Farm Recovery Not Expected Until 2026 as Crop Prices Stay Low,2025-01-13,Bloomberg,"Low crop prices and high costs for seeds and machinery mean a rebound in the American farm sector won't start until next year, according to an outlook...",https://www.bloomberg.com/news/articles/2025-01-13/us-farm-recovery-not-expected-until-2026-as-crop-prices-stay-low
corn,China Is Scouring the Globe in Search of New Food Suppliers,2025-01-14,Bloomberg,The country has made substantial efforts to future-proof itself for trade wars and the return of Donald Trump.,https://www.bloomberg.com/news/features/2025-01-14/china-taps-vietnam-russia-for-food-supplies-to-reduce-western-dependence
corn,Damaging Megadroughts Are Spreading Around the World,2025-01-16,Bloomberg,"The area affected by multi-year dry stretches is expanding rapidly, putting livelihoods at risk.",https://www.bloomberg.com/news/articles/2025-01-16/damaging-megadroughts-are-spreading-around-the-world
corn,Soybeans Decline After Trump Reiterates China Tariff Threat,2025-01-22,Bloomberg,"Soybeans fell in Chicago after US President Donald Trump said he's considering tariffs on China, stoking fresh worries of a trade war.",https://www.bloomberg.com/news/articles/2025-01-22/soybeans-decline-after-trump-reiterates-china-tariff-threat
corn,「メガ干ばつ」が世界中で発生、気候変動で長期化も－研究論文,2025-01-23,Bloomberg,深刻な干ばつがロサンゼルスの山火事を助長している。しかし、科学誌「サイエンス」に23日掲載された新しい研究論文で、気候変動により世界中で壊滅的な数年...,https://www.bloomberg.co.jp/news/articles/2025-01-24/SQKC11T0G1KW00
corn,"Argentina Drought Forces Bourse to Cut Soy, Corn Crop Forecasts",2025-01-23,Bloomberg,"Argentina Drought Forces Bourse to Cut Soy, Corn Crop Forecasts · Nation's most important crops will be 2% smaller than expected · Rain expected to fall last...",https://www.bloomberg.com/news/articles/2025-01-23/argentina-drought-forces-bourse-to-cut-soy-corn-crop-forecasts
corn,"From Space, Parched Argentine Soy Fields Are Looking Even Worse",2025-01-31,Bloomberg,"Soybean and corn plants hit by a drought on the Argentine Pampas are in worse shape than public forecasts say, according to an analysis of satellite imagery.",https://www.bloomberg.com/news/articles/2025-01-31/from-space-parched-argentine-soy-fields-are-looking-even-worse
corn,"Ceilings in 2025? $80 oil, $4 natural gas, $4.50 copper, $5 corn | Insights | Bloomberg Professional Services",2025-02-04,Bloomberg,"Ceilings in 2025? $80 oil, $4 natural gas, $4.50 copper, $5 corn ... This analysis is by Bloomberg Intelligence Senior Commodity Strategist Mike McGlone. It...",https://www.bloomberg.com/professional/insights/commodities/ceilings-in-2025-80-oil-4-natural-gas-4-50-copper-5-corn/
corn,Zimbabwe Starts Paying for Farms It Seized to Meet Compensation Deal,2025-02-07,Bloomberg,"Zimbabwe has started paying reparations to nations and farmers whose land was seized in the 2000s, a step toward the restructuring of its $21 billion debt pile.",https://www.bloomberg.com/news/articles/2025-02-07/zimbabwe-starts-paying-for-farms-it-seized-to-meet-compensation-deal
corn,"US Food Aid Programs for Poor Countries to Continue, USDA Says",2025-02-07,Bloomberg,"The US will continue to buy agricultural commodities to supply some of the world's poorest countries as part of aid programs, the Department of Agriculture...",https://www.bloomberg.com/news/articles/2025-02-08/us-food-aid-programs-for-poor-countries-to-continue-usda-says
corn,Europe’s Broken Markets Are Driving Innovation to Move Abroad,2025-02-10,Bloomberg,"On today's Big Take podcast: Financial markets in Europe have long lagged behind US markets. Now, Europe is trying to reverse the trend.",https://www.bloomberg.com/news/articles/2025-02-10/why-europe-s-broken-financial-markets-can-t-compete-with-us
corn,European Defense Darling Kongsberg Is Losing Favor With Analysts,2025-02-11,Bloomberg,"Kepler Cheuvreux SA on Tuesday became the third broker this week to downgrade the Norwegian defense firm's shares, cutting its recommendation to reduce from...",https://www.bloomberg.com/news/articles/2025-02-11/european-defense-darling-kongsberg-is-losing-favor-with-analysts
corn,Invesco Takes On Janus Henderson and Fair Oaks in CLO ETF Race,2025-02-12,Bloomberg,"Invesco Ltd. has entered the arena of exchange-traded funds in Europe that track collateralized loan obligations, with a target to hit $1 billion on each of...",https://www.bloomberg.com/news/articles/2025-02-13/invesco-takes-on-janus-henderson-and-fair-oaks-in-clo-etf-race
corn,Thai Feed Mills Eye $2.8 Billion of US Crops Amid Tariff Risks,2025-02-19,Bloomberg,"Thailand's feed industry is pitching to buy about $2.8 billion worth of agricultural commodities annually from the US instead of other suppliers,...",https://www.bloomberg.com/news/articles/2025-02-19/thai-feed-mills-eye-2-8-billion-of-us-crops-amid-tariff-risks
corn,Top Fertilizer Firm Says US Farmers Would Bear Trump Trade Costs,2025-02-20,Bloomberg,"US farmers would bear the cost of tariffs on imported Canadian fertilizers should President Donald Trump's levies take effect, according to top supplier...",https://www.bloomberg.com/news/articles/2025-02-20/top-fertilizer-maker-expects-record-sales-volume-on-corn-demand
corn,"CME Is Targeting Retail Traders With Micro Corn, Soy Contracts",2025-02-24,Bloomberg,Takeaways by Bloomberg AI Subscribe. CME Group wants to give retail investors an opportunity to trade corn and soybeans — without the risk of taking delivery of...,https://www.bloomberg.com/news/articles/2025-02-24/cme-is-targeting-retail-traders-with-micro-corn-soy-contracts
corn,"Lead Edge Capital Opens London Office, Plots Europe Expansion",2025-02-26,Bloomberg,Growth equity firm Lead Edge Capital opened its first office outside the US in an effort to enhance its presence in Europe.,https://www.bloomberg.com/news/articles/2025-02-26/lead-edge-capital-opens-london-office-plots-europe-expansion
corn,US Farmers to Get First Tranche of $30 Billion to Fight Downturn,2025-03-03,Bloomberg,"American farmers will soon start receiving the first tranche of $30 billion in funding approved by Congress to fight a downturn in the markets, according to...",https://www.bloomberg.com/news/articles/2025-03-03/us-farmers-to-get-first-tranche-of-30-billion-to-fight-downturn
corn,Europe’s Rearmament Prompts Traders to Bet on Swedish Krona,2025-03-03,Bloomberg,Sweden's krona is emerging as a favored way to bet on Europe's race to rearm. The currency surged more than 2% against the dollar on Monday.,https://www.bloomberg.com/news/articles/2025-03-03/europe-s-rearmament-prompts-investors-to-go-big-on-swedish-krona
corn,Europe’s Banks Post Another Record Year as Profit Peak Nears,2025-03-04,Bloomberg,"Total net income at the 20 largest listed banks in the region rose 7.1% last year to €110 billion ($115 billion), according to data compiled by Bloomberg News.",https://www.bloomberg.com/news/articles/2025-03-04/europe-s-banks-post-another-record-year-as-profit-peak-nears
corn,Trade War Puts Sales of 12 Million Tons of US Crops Under Threat,2025-03-05,Bloomberg,"With China and Canada already hitting back against President Donald Trump's tariffs and concerns over more retaliation in the works, agriculture traders are...",https://www.bloomberg.com/news/articles/2025-03-05/trade-war-leaves-12-million-tons-of-us-crop-sales-under-threat
corn,Big Oil Butts Heads With Refiners Over Biofuels,2025-03-07,Bloomberg,"Welcome to our guide to the energy and commodities powering the global economy. Today, Houston bureau chief Joe Carroll and reporter Kim Chipman look at the...",https://www.bloomberg.com/news/newsletters/2025-03-07/big-oil-butts-heads-with-refiners-over-biofuels
corn,Trump Tariffs Threaten Big Shift to Corn as Inputs Get Pricier,2025-03-07,Bloomberg,President Donald Trump's slew of tariffs means American farmers may not make that big shift to corn after all. More From Bloomberg. President Trump Departs...,https://www.bloomberg.com/news/articles/2025-03-07/trump-tariffs-threaten-big-shift-to-corn-as-inputs-get-pricier
corn,"Is that the bottom? Recovering commodities, bonds vs. US stocks | Insights | Bloomberg Professional Services",2025-03-14,Bloomberg,"Broad commodity and US Treasury bond indexes are showing bottoming patterns from multidecade lows vs. the US stock market, which could portend what matters.",https://www.bloomberg.com/professional/insights/markets/is-that-the-bottom-recovering-commodities-bonds-vs-us-stocks/
corn,China’s Corn Imports Slow to a Crawl Putting Forecasts in Doubt,2025-03-18,Bloomberg,"China imported just 180,000 tons of corn in January and February, bringing the total for the 2024-25 marketing year that began in October to 1.07 million tons,...",https://www.bloomberg.com/news/articles/2025-03-19/china-s-corn-imports-slow-to-a-crawl-putting-forecasts-in-doubt
corn,Europe Car Sales Drop as Economic Uncertainty Weighs on Buyers,2025-03-24,Bloomberg,European car sales declined the most in five months in February as uncertainty about the economy prompted consumers to hold back on bigger purchases.,https://www.bloomberg.com/news/articles/2025-03-25/europe-car-sales-drop-as-economic-uncertainty-weighs-on-buyers
corn,Surging Defense Stocks Led Europe’s Quarter of US Outperformance,2025-03-31,Bloomberg,European defense stocks dominated a historic quarter of outperformance for the region's equities. And some investors are still trying to increase their...,https://www.bloomberg.com/news/articles/2025-04-01/surging-defense-stocks-led-europe-s-quarter-of-us-outperformance
corn,Chicago School District Agrees to Minimum 16% Teacher Pay Raise,2025-04-01,Bloomberg,"Chicago's junk-rated public school district and its teachers union have agreed to a tentative contract that includes a 4% pay increase in the first year,...",https://www.bloomberg.com/news/articles/2025-04-01/chicago-school-district-agrees-to-minimum-16-teacher-pay-raise
corn,RFK Jr. Helps Underpin a $25 Billion Pivot From Farm Chemicals,2025-04-07,Bloomberg,"Rick Clark, a fifth-generation farmer in Indiana, started going all natural more than a decade ago. Today, the land where he grows corn, soybeans and...",https://www.bloomberg.com/news/features/2025-04-07/rfk-jr-helps-underpin-a-25-billion-trend-on-us-farms
corn,Blackstone Netted €9.8 Billion for Europe Property During Crash,2025-04-09,Bloomberg,"Blackstone Inc. has raised the largest ever pool of external capital for a European real estate fund, narrowly surpassing its own previous record against...",https://www.bloomberg.com/news/articles/2025-04-09/blackstone-netted-9-8-billion-for-europe-property-during-crash
corn,StoneX (SNEX) Buys Chicago Brokerage R.J. O’Brien for $900 Million,2025-04-14,Bloomberg,R.J. O'Brien & Associates started life in late 1914 as John V. McCarthy & Co. to sell butter and eggs on a cart through the streets of Chicago.,https://www.bloomberg.com/news/articles/2025-04-14/stonex-buys-chicago-brokerage-r-j-o-brien-for-900-million
corn,Philadelphia Fed Names Chicago Fed’s Anna Paulson as President,2025-04-17,Bloomberg,"The Federal Reserve Bank of Philadelphia appointed Anna Paulson, who currently serves as the Chicago Fed's head of research, as its next president.",https://www.bloomberg.com/news/articles/2025-04-17/philadelphia-fed-names-chicago-fed-s-anna-paulson-as-president
corn,BCOMCN:IND | Bloomberg Corn Subindex | Indices | Bloomberg Professional Services,2025-04-22,Bloomberg,Bloomberg Corn Subindex · Performance · Index info · Overview · Key statistics · Research & Insights · Get in touch. Help & Support. Already a customer? For...,https://www.bloomberg.com/professional/products/indices/quote/BCOMCN:IND
corn,Chicago Tower Hitting Market at Big Discount Shows City’s Stress,2025-04-30,Bloomberg,Canadian pension fund Caisse de Dépôt et Placement du Québec is seeking to sell a Chicago office tower in a deal that's expected to generate bids 59% lower...,https://www.bloomberg.com/news/articles/2025-04-30/chicago-tower-hitting-market-at-big-discount-shows-city-s-stress
corn,Venezuela’s Polar Acquires Two Food Plants in Colombia Expansion,2025-04-30,Bloomberg,Venezuelan food giant Empresas Polar said it acquired two production plants in Barranquilla as part of its plan to further expand into Colombia.,https://www.bloomberg.com/news/articles/2025-04-30/venezuela-s-polar-acquires-two-food-plants-in-colombia-expansion
corn,Santander Seeks to be ‘Relevant’ in US as Mulls Sale in Europe,2025-04-30,Bloomberg,Banco Santander SA is looking to have a larger presence in the US as it weighs pulling back from parts of Europe.,https://www.bloomberg.com/news/articles/2025-04-30/santander-seeks-to-be-relevant-in-us-as-mulls-sale-in-europe
corn,Kenya Inflation Accelerates to Eight-Month High on Food Prices,2025-04-30,Bloomberg,"Kenya's annual inflation rate climbed to an eight-month high in April on the tight supply of food items including corn, potatoes and green vegetables.",https://www.bloomberg.com/news/articles/2025-04-30/kenya-inflation-accelerates-to-eight-month-high-on-food-prices
corn,Holcim (HOLN SW) Leases Space in Downtown Chicago for Planned US Spinoff,2025-05-06,Bloomberg,Swiss cement company Holcim Ltd. said it will relocate its planned North American spinoff to downtown Chicago.,https://www.bloomberg.com/news/articles/2025-05-06/holcim-leases-space-in-downtown-chicago-for-planned-us-spinoff
corn,Can grains buck deflation?,2025-05-06,Bloomberg,"Gold's 2025 outperformance versus crude oil may signal deflation, potentially reinforced by grain prices. Without a Corn Belt supply shock, corn, soybeans,...",https://www.bloomberg.com/professional/insights/commodities/can-grains-buck-deflation/
corn,Crop Trader Andersons Tumbles After Tariffs Hit US Exports,2025-05-07,Bloomberg,Shares of crop handler Andersons Inc. slumped to the lowest level in more than two years as uncertainty around tariffs and US port fees upended trade.,https://www.bloomberg.com/news/articles/2025-05-07/crop-trader-andersons-tumbles-after-tariffs-hit-us-exports
corn,Trump's Trade War: China Is Said Seeking Argentina Crops as It Skirts US Tariffs,2025-05-08,Bloomberg,"China signed a letter of intent with exporters in Argentina to buy about $900 million of soybeans, corn and vegetable oil.",https://www.bloomberg.com/news/articles/2025-05-08/china-is-said-seeking-argentina-crops-as-it-skirts-us-tariffs
corn,RFK Jr.'s Quest to Make Americans Eat Healthier Will Be Costly,2025-05-15,Bloomberg,Ultra-processed foods have made US diets among the least expensive — and the most unhealthy — in the world. The health secretary wants to change that.,https://www.bloomberg.com/news/features/2025-05-15/can-america-afford-to-eat-healthy-rfk-jr-s-agenda-sparks-inflation-concerns
corn,"Pope Leo’s Chicago-Area Childhood Home Goes on Sale at $250,000 Starting Bid",2025-05-16,Bloomberg,The childhood Chicago-area home of Pope Leo XIV is being sold at a luxury auction following a surge of interest sparked by his election last week.,https://www.bloomberg.com/news/articles/2025-05-16/pope-leo-s-modest-childhood-home-goes-to-auction-in-chicago
corn,Chicago Taps EY to Close $1 Billion Gap as Trump Threatens Funds,2025-05-16,Bloomberg,Chicago is hiring Ernst & Young LLP to help the city slash costs and close budget gaps that are forecast to top $1 billion in each of the next two years.,https://www.bloomberg.com/news/articles/2025-05-16/chicago-taps-ey-to-close-1-billion-gap-as-trump-threatens-funds
corn,Sugar Industry Had Dodged RFK Jr.’s Health Drive — Until Now,2025-05-21,Bloomberg,Sugar producers thought they had escaped Robert F. Kennedy Jr.'s Make America Healthy Again agenda.,https://www.bloomberg.com/news/articles/2025-05-21/the-sugar-industry-had-dodged-rfk-jr-s-health-drive-until-now
corn,China’s Retreat From US Corn Makes It Cheaper for Rest of Asia,2025-05-22,Bloomberg,"Takeaways by Bloomberg AI Subscribe. China's shift away from US corn is benefiting other Asian buyers as cheaper American supply flows into the broader market,...",https://www.bloomberg.com/news/articles/2025-05-23/china-s-retreat-from-us-corn-makes-it-cheaper-for-rest-of-asia
corn,Zambia Inflation Slows to 11-Month Low as Food Prices Ease,2025-05-29,Bloomberg,Zambia's annual inflation eased to an 11-month low in May as improved rains helped cool food price rises of corn grain and vegetables.,https://www.bloomberg.com/news/articles/2025-05-29/zambia-inflation-slows-to-11-month-low-as-food-prices-ease
corn,Downward path with crude | Insights | Bloomberg Professional Services,2025-06-04,Bloomberg,"In the absence of a poor Corn Belt growing season, there may be little to stop crude oil's deflationary path from trickling down to the grains in 2025.",https://www.bloomberg.com/professional/insights/commodities/downward-path-with-crude/
corn,"Winners of Defense Stock Frenzy in Europe, From Chemical to Goggle Makers",2025-06-05,Bloomberg,"This year's surge in Europe's biggest defense stocks has elicited some obvious winners, leading investors to dig deeper beneath the surface for other names...",https://www.bloomberg.com/news/articles/2025-06-06/rheinmetall-thales-bae-systems-among-european-defense-stock-frenzy-winners
corn,NATO Names Grynkewich Supreme Allied Commander Europe,2025-06-05,Bloomberg,"NATO has named Lieutenant General Alexus G Grynkewich to the post of Supreme Allied Commander Europe, the US military's top job on the European continent.",https://www.bloomberg.com/news/articles/2025-06-05/nato-names-grynkewich-supreme-allied-commander-europe
corn,Next Africa: A Cautionary Tale of Commodity Booms and Busts,2025-06-10,Bloomberg,"Welcome to Next Africa, a twice-weekly newsletter on where the continent stands now — and where it's headed. Sign up here to have it delivered to your...",https://www.bloomberg.com/news/newsletters/2025-06-10/next-africa-a-cautionary-tale-of-commodity-booms-and-busts
corn,US Biofuel Makers Are Stuck in a Slump While Waiting for Trump Policy,2025-06-12,Bloomberg,"The White House is gearing up to finally announce its new rules on biofuel blending, critical support for the industry that's underpinned American farming...",https://www.bloomberg.com/news/articles/2025-06-12/heartland-biofuel-makers-are-stuck-in-a-slump-awaiting-us-policy
corn,"Europe’s Power Market Is So Hot, Traders Are Leaving Retirement",2025-06-18,Bloomberg,"After more than a decade out of the power market, 51-year-old Daken Engmann has been tempted back. The former trader left JPMorgan Chase & Co. in 2011 and...",https://www.bloomberg.com/news/articles/2025-06-19/europe-s-power-market-is-so-hot-traders-are-leaving-retirement
corn,European Defense ETFs are the Break Out Theme of 2025,2025-06-19,Bloomberg,"Listen and subscribe to Trillions on Apple, Spotify, iHeart and the Bloomberg Terminal.",https://www.bloomberg.com/news/articles/2025-06-19/european-defense-etfs-are-the-break-out-theme-of-2025
corn,Indian Farmers Increase Sowing of Rice and Pulses as of June 20,2025-06-24,Bloomberg,"Follow Bloomberg India on WhatsApp for exclusive content and analysis on what billionaires, businesses and markets are doing. Sign up here.",https://www.bloomberg.com/news/articles/2025-06-24/indian-farmers-increase-sowing-of-rice-and-pulses-as-of-june-20
corn,Brazil Revs Up Biofuels Just as Sugar Cane Mills Shift From Ethanol,2025-06-26,Bloomberg,One of Brazil's biggest steps to boost biofuels is poised to leave behind much of the industry that has dominated supplies for the past several decades.,https://www.bloomberg.com/news/articles/2025-06-26/brazil-revs-up-biofuels-just-as-cane-mills-shift-from-ethanol
corn,Lab-Grown Meat Is the Fake Climate Food Fix That Just Won’t Die,2025-06-27,Bloomberg,"In We Are Eating the Earth, Michael Grunwald under-indexes on solutions that scale, and spends too many pages lauding lab-grown meat.",https://www.bloomberg.com/news/articles/2025-06-27/lab-grown-meat-is-the-fake-climate-food-fix-that-just-won-t-die
corn,China Corn Miller Shunned by North Dakota Near Deal for New Site,2025-07-01,Bloomberg,China's Fufeng Group is selecting a new site to build a corn mill in the US after an earlier plan in North Dakota fell through amid heightened tensions...,https://www.bloomberg.com/news/articles/2025-07-01/china-s-fufeng-group-is-nearing-site-choice-for-us-corn-mill
corn,Chinese Firm Xiamen C&D in Talks to Import Distillers Grains From Brazil,2025-07-03,Bloomberg,Commodity trader Xiamen C&D Inc. is in talks to import distillers grains from Brazil as China prepares to begin sourcing the protein-rich feed ingredient...,https://www.bloomberg.com/news/articles/2025-07-03/chinese-firm-in-talks-to-import-distillers-grains-from-brazil
corn,India May Allow GM Animal-Feed Imports From US in Trade Deal,2025-07-03,Bloomberg,"India may allow imports of some processed, genetically modified US farm products as it seeks to strike a trade deal with Washington, a potential concession...",https://www.bloomberg.com/news/articles/2025-07-03/india-may-allow-gm-animal-feed-imports-from-us-in-trade-deal
corn,Watch The New Economics of Farming in the US,2025-07-12,Bloomberg,"America's farms are more productive than ever, but farmers are facing, rising input costs, and shrinking export markets. In Iowa, multigenerational families...",https://www.bloomberg.com/news/videos/2025-07-12/the-new-economics-of-farming-in-the-us-video
corn,Trump Targets Brazil Ethanol Market That American Firms Helped Fuel,2025-07-17,Bloomberg,"Brazil has drastically reduced its dependence on US biofuel imports by investing billions of dollars in corn-based ethanol, creating a domestic industry that...",https://www.bloomberg.com/news/articles/2025-07-17/trump-targets-brazil-ethanol-market-american-firms-helped-fuel
corn,"China’s Citic to Develop Large Soybean, Corn Farms in Angola",2025-07-21,Bloomberg,"A unit of Chinese state-owned conglomerate Citic Ltd. will develop large-scale soybean and corn farms in Angola, as the world's second-largest economy seeks...",https://www.bloomberg.com/news/articles/2025-07-21/china-s-citic-to-develop-large-soybean-corn-farms-in-angola
corn,Watch Coca-Cola Takes High Fructose Corn Syrup Out of Coke in US,2025-07-22,Bloomberg,"Coke has used high fructose corn syrup for decades, which is cheaper than cane sugar. President Donald Trump has been pressuring Coke and other companies to...",https://www.bloomberg.com/news/videos/2025-07-22/coca-cola-to-sell-cane-sugar-soda-in-us-video
corn,Corn Co Ltd,2025-07-23,Bloomberg,"Company profile page for Corn Co Ltd including stock price, company news, executives, board members, and contact information.",https://www.bloomberg.com/profile/company/2350043D:KS
corn,America's Corn Syrup Addiction Began With Deceit,2025-07-26,Bloomberg,"America's Corn Syrup Addiction Began With Deceit. If Robert F. Kennedy, Jr. wants more industries to support his plan to eliminate the sugar substitute, people...",https://www.bloomberg.com/opinion/articles/2025-07-26/america-s-high-fructose-corn-syrup-addiction-began-with-deceit
corn,Why MAGA Wants to Make Mexican Coke in the US,2025-07-27,Bloomberg,Coca-Cola's decision to offer its flagship drink with cane sugar instead of high fructose corn syrup is as much about trade policy as it is about health...,https://www.bloomberg.com/opinion/articles/2025-07-27/why-maga-wants-to-make-mexican-coke-in-the-us
corn,Charting the Global Economy: US Job Market Wavers in Cue for Fed,2025-08-02,Bloomberg,The US labor market is wavering after a slowdown in economic growth during the first half of the year — implications of heightened uncertainty tied to trade...,https://www.bloomberg.com/news/articles/2025-08-02/world-economy-latest-us-job-market-wavers-in-cue-for-fed
corn,Record US Corn Crop Drives Profits for Top Fertilizer Maker,2025-08-06,Bloomberg,"Nutrien, the world's largest fertilizer maker posted second-quarter earnings that beat expectations and raised its midpoint potash sales guidance for the year...",https://www.bloomberg.com/news/articles/2025-08-06/record-us-corn-crop-drives-profits-for-top-fertilizer-maker
corn,"Bayer Gets Boost From Older Drugs, Corn Seeds in Outlook Lift",2025-08-06,Bloomberg,Bayer AG shares fell amid disappointing revenue for soybean seeds and pesticides including the Roundup weedkiller.,https://www.bloomberg.com/news/articles/2025-08-06/bayer-gets-boost-from-older-drugs-corn-seeds-in-outlook-lift
corn,Mexico’s Sheinbaum Finds Unlikely Ally in Young Heir to Corn-Flour Fortune,2025-08-07,Bloomberg,"Leer en español. Days after winning Mexico's presidential election last year, Claudia Sheinbaum tried to calm traders who were dumping their pesos.",https://www.bloomberg.com/news/features/2025-08-07/who-is-altagracia-gomez-minsa-heir-mexico-president-sheinbaum-s-new-ally
corn,トウモロコシが１年ぶり安値、米農務省が記録的収穫見通しを上方修正,2025-08-12,Bloomberg,米シカゴ市場のトウモロコシ先物価格が12日、ほぼ１年ぶりの安値に下落した。米農務省（ＵＳＤＡ）が米国の記録的なトウモロコシ収穫見通しをさらに上方修正したことで売りが...,https://www.bloomberg.co.jp/news/articles/2025-08-13/T0WKXXGP9VD100
corn,Corn Drops With Record US Harvest Seen Bigger Than Expected,2025-08-12,Bloomberg,"The USDA in a monthly report Tuesday estimated US corn production at 16.742 billion bushels, with a yield of 188.8 bushels per acre, with each surpassing...",https://www.bloomberg.com/news/articles/2025-08-12/corn-drops-with-record-us-harvest-seen-bigger-than-expected
corn,Ugly Corn Photos on Social Media Show Risk Posed to Record US Crop,2025-08-18,Bloomberg,The photos show corn with missing kernels as a result of uneven pollination caused by “tight tassel wrap.” The phenomenon is adding to the frustration of...,https://www.bloomberg.com/news/articles/2025-08-18/ugly-corn-photos-going-viral-show-risk-posed-to-record-us-crop
corn,US Farmers Facing Double Whammy of Trade War and Bumper Crops,2025-08-21,Bloomberg,"For American farmers traveling through the Heartland scouting corn and soybean fields, it feels like 2019 all over again.",https://www.bloomberg.com/news/articles/2025-08-21/us-farmers-facing-double-whammy-of-trade-war-and-bumper-crops
corn,"EU’s Hot Weather Has Curbed Corn Quality, Bolstering Imports",2025-08-22,Bloomberg,"Takeaways by Bloomberg AI Subscribe. Scorching temperatures are hurting the European Union's corn crops, putting the bloc on track for its largest imports in...",https://www.bloomberg.com/news/articles/2025-08-22/eu-s-hot-weather-has-curbed-corn-quality-bolstering-imports
corn,"Crop Tour Sees Corn Yields at Record But Heat, Disease Are Risks",2025-08-22,Bloomberg,"Data from the seven-state tour projects corn at a record 182.7 bushels per acre, though missing the 188.8 bushels predicted by the US Department of Agriculture.",https://www.bloomberg.com/news/articles/2025-08-22/crop-tour-sees-corn-yields-at-record-but-heat-disease-are-risks
corn,Why Iowa Chooses Not to Clean Up Its Polluted Water,2025-09-03,Bloomberg,Runoff from fields and feedlots fills Iowa's waterways with dangerous nitrates. It would be fixable if not for the political and economic power of Big Ag.,https://www.bloomberg.com/news/features/2025-09-03/big-agriculture-is-stopping-polluted-water-from-being-cleaned-in-iowa
corn,Watch The Dark Side of America’s Big Agriculture,2025-09-03,Bloomberg,"Nitrate from fertilizer and manure befouls countless waterways and kitchen taps across the US. But unlike other big polluters, from petroleum to plastics,...",https://www.bloomberg.com/news/videos/2025-09-03/the-dark-side-of-america-s-big-agriculture-video
corn,Chicago’s Citadel Center for Sale 3 Years After Miami Move,2025-09-04,Bloomberg,"The Chicago tower that once served as headquarters of Citadel has been put up for sale by its owners, three years after Ken Griffin moved his financial...",https://www.bloomberg.com/news/articles/2025-09-03/chicago-s-citadel-center-is-up-for-sale-3-years-after-miami-move
corn,"Petrobras Is Said to Advance Ethanol Talks With FS, Inpasa",2025-09-09,Bloomberg,Petrobras is in advanced joint-venture talks with ethanol producers FS — Fueling Sustainability and Inpasa Agroindustrial SA as part of the Brazilian...,https://www.bloomberg.com/news/articles/2025-09-09/petrobras-is-said-to-advance-ethanol-talks-with-fs-inpasa
corn,Deadly Fungus Spreading in Hospitals Triggers European Warning,2025-09-11,Bloomberg,"A deadly fungus is spreading rapidly across Europe's hospitals, according to the European Centre for Disease Prevention and Control, which warned of a...",https://www.bloomberg.com/news/articles/2025-09-11/candidozyma-auris-warning-as-deadly-fungus-spreads-in-europe-hospitals
corn,"European Union, India in ‘Intense’ Talks to Clinch Trade Deal",2025-09-12,Bloomberg,"The European Union and India are maximizing efforts to finalize a free trade agreement, a top minister in Prime Minister Narendra Modi's cabinet said,...",https://www.bloomberg.com/news/articles/2025-09-12/european-union-india-in-intense-talks-to-clinch-trade-deal
corn,Tyson Foods to Eliminate Corn Syrup From Products by Year-End,2025-09-15,Bloomberg,"Tyson Foods Inc. said it plans to eliminate corn syrup and other ingredients from its products by the end of the year, echoing calls by the Trump...",https://www.bloomberg.com/news/articles/2025-09-15/tyson-foods-to-eliminate-corn-syrup-from-products-by-year-end
corn,Holiday Rental Firm Awaze’s Debt Slides as Loses Credit Rating,2025-09-30,Bloomberg,Europe's largest holiday rentals and resorts business Awaze's loan pricing has dropped after Moody's Ratings withdrew its coverage of the Platinum Equity...,https://www.bloomberg.com/news/articles/2025-09-29/holiday-rental-firm-awaze-s-debt-slides-as-loses-credit-rating
corn,European Stocks Are Set for Best September Gain in Six Years,2025-09-30,Bloomberg,"European stocks ended on a winning note Tuesday to wrap up their best September since 2019, as optimism around resilient US economic growth and lower...",https://www.bloomberg.com/news/articles/2025-09-30/european-stocks-are-set-for-best-september-gain-in-six-years
corn,‘Farmageddon’ Can’t Be Solved With a Bailout Alone,2025-10-09,Bloomberg,"It's harvest time in the Midwest and farmers are bringing in bumper crops of soybeans, corn and wheat. They should be elated.",https://www.bloomberg.com/opinion/articles/2025-10-09/us-farmers-need-more-than-a-bailout-to-survive-tariffs
corn,Bank OZK Sells Parcel in Failed $6 Billion Chicago Project,2025-10-17,Bloomberg,Part of the land under a failed $6 billion real estate development in Chicago has finally found a buyer.,https://www.bloomberg.com/news/articles/2025-10-16/bank-ozk-sells-parcel-in-failed-6-billion-chicago-development
corn,Nuveen’s Junk Muni Fund Slashes 99% of Its Chicago Schools Debt,2025-10-17,Bloomberg,"Nuveen has sold major holdings of Chicago's cash-strapped school district bonds, trading out of debt positions it has held for close to a decade.",https://www.bloomberg.com/news/articles/2025-10-17/nuveen-s-junk-muni-fund-slashes-99-of-its-chicago-schools-debt
corn,China Races to Secure Corn Harvest After Heavy Rains Rot Crops,2025-10-21,Bloomberg,"Epic rains in northern China have disrupted the harvest and left crops rotting in the fields, pressuring grain supplies at a time when trade relations are...",https://www.bloomberg.com/news/articles/2025-10-22/china-races-to-secure-corn-harvest-after-heavy-rains-rot-crops
corn,A Stripped Corn Cob On The Ground,2025-10-23,Bloomberg,A stripped corn cob in a field on a farm. Photographer: Nathan Laine/Bloomberg.,https://mercury.bloomberg.com/images/391638194
corn,Brazil’s Corn Ethanol Boom Is Pushing Global Sugar Prices Lower,2025-10-24,Bloomberg,"Brazil's Corn Ethanol Boom Is Pushing Global Sugar Prices Lower. A worker loads a truck with sacks of grain at a corn processing facility near Rio Branco,...",https://www.bloomberg.com/news/articles/2025-10-24/brazil-s-corn-ethanol-boom-is-pushing-global-sugar-prices-lower
corn,Soybeans Jump on Signs of Easing US-China Trade Tensions,2025-10-27,Bloomberg,Soybeans and other grains surged as progress in negotiations between the US and China lifted hopes that the world's two largest economies were edging toward...,https://www.bloomberg.com/news/articles/2025-10-27/soybeans-jump-on-signs-of-easing-us-china-trade-tensions
corn,US Corn in Indian Cars Won’t Be an Easy Sell,2025-10-27,Bloomberg,"US sanctions on Rosneft and Lukoil may have finally succeeded in weaning India off Russian crude oil, a trade the Trump administration has blamed repeatedly...",https://www.bloomberg.com/opinion/articles/2025-10-27/us-corn-in-indian-cars-won-t-be-an-easy-sell
corn,A Corn Crisis Is Brewing in Mexico,2025-10-31,Bloomberg,"This staple crop is both a cultural symbol and a cornerstone of national identity, with roots stretching back to pre-Hispanic times. Indigenous groups regard it...",https://www.bloomberg.com/opinion/articles/2025-10-31/mexico-s-national-symbol-of-corn-is-facing-some-market-realities
corn,EU Debates ‘In-Kind’ China Tariff to Ensure Critical Materials,2025-10-31,Bloomberg,The European Union is weighing a new trade measure that would require some Chinese exporters to supply critical raw materials to the bloc's stockpiles when...,https://www.bloomberg.com/news/articles/2025-10-31/eu-debates-in-kind-china-tariff-to-ensure-critical-materials-mher0iwk
corn,Soybeans Extend Rally as US Says China Halts Retaliatory Tariffs,2025-11-02,Bloomberg,"Soybeans extended gains after the US said China agreed to halt retaliatory tariffs following a key summit last week, and reiterated the Asian nation will...",https://www.bloomberg.com/news/articles/2025-11-03/soybeans-extend-rally-as-us-says-china-halts-retaliatory-tariffs
corn,Corn and Soybeans Slump With US Data Void Clouding Export Demand,2025-11-04,Bloomberg,Takeaways by Bloomberg AI Subscribe · Corn and soybeans fell while wheat erased earlier gains in Chicago as the US government shutdown kept traders in the dark...,https://www.bloomberg.com/news/articles/2025-11-04/corn-and-soybeans-slump-with-us-data-void-clouding-export-demand
corn,"EU Finalizes Farmer Protections, Advancing Mercosur Trade Deal",2025-11-06,Bloomberg,"The European Union took a step toward approving its massive trade agreement with South American nations, finalizing measures to protect farmers once the...",https://www.bloomberg.com/news/articles/2025-11-06/eu-finalizes-farmer-protections-advancing-mercosur-trade-deal
corn,Grains Futures Rise on Signs US Shutdown May Be Coming to an End,2025-11-09,Bloomberg,"Chicago grains futures rose on Monday on hopes the US may be heading toward a compromise to end the longest government shutdown on record, restoring access...",https://www.bloomberg.com/news/articles/2025-11-10/grains-futures-rise-on-signs-us-shutdown-may-be-coming-to-an-end
corn,Thailand Opens Door to US Corn Under Its Zero-Tariff Pledge,2025-11-11,Bloomberg,"The Thai government will raise the annual quota for feed-corn imports to one million tons, from 54,700 currently, while cutting the existing 20% in-quota tariff...",https://www.bloomberg.com/news/articles/2025-11-11/thailand-opens-door-to-us-corn-under-its-zero-tariff-pledge
corn,Chicago’s ‘Job Killer’ Corporate Tax Plan Rejected by Committee,2025-11-17,Bloomberg,"Chicago Mayor Brandon Johnson's proposal to levy a $21-per-employee, per-month tax on companies was shot down by a city council committee on Monday.",https://www.bloomberg.com/news/articles/2025-11-17/chicago-s-job-killer-corporate-tax-plan-rejected-by-committee
corn,"US to Announce Farm Relief Plan in Early December, Rollins Says",2025-11-19,Bloomberg,"The Trump administration intends to release its long-awaited plan to offer relief for beleaguered farmers early next month, US Agriculture Secretary Brooke...",https://www.bloomberg.com/news/articles/2025-11-19/us-to-announce-farm-relief-plan-in-early-december-rollins-says
corn,Corn Hits Two-Month High in China as Rain Damage Feeds Concerns,2025-11-24,Bloomberg,"Corn rose to the highest in more than two months in China, as buyers rushed to secure good-quality supplies after heavy rains.",https://www.bloomberg.com/news/articles/2025-11-24/corn-hits-two-month-high-in-china-as-rain-damage-feeds-concerns
corn,South Africa Corn Crop Rises to Second Largest on Record on Rain,2025-11-27,Bloomberg,Takeaways by Bloomberg AI Subscribe. South African farmers probably produced the second-biggest corn crop on record in 2025 as the country experienced good...,https://www.bloomberg.com/news/articles/2025-11-27/south-africa-corn-crop-rises-to-second-largest-on-record-on-rain
corn,CME Group Shares Steady After Hours-Long Trading Outage,2025-11-28,Bloomberg,Shares in CME Group Inc. were mostly steady Friday after a technical glitch froze futures trading on the Chicago Mercantile Exchange before it began...,https://www.bloomberg.com/news/articles/2025-11-28/us-exchange-operators-in-focus-as-glitch-freezes-futures-trading
corn,US Firms Are Snapping Up the Rare Earths Europe Needs to Rearm,2025-12-01,Bloomberg,"As Europe embarks on a historic rearming effort, its defense companies are scrambling for a vital component in high-tech weapons: rare earth minerals,...",https://www.bloomberg.com/news/articles/2025-12-02/us-firms-are-snapping-up-the-rare-earths-europe-needs-to-rearm
corn,"Europe’s Biotech Standout Faces Crucial Year After 1,300% Rally",2025-12-03,Bloomberg,"French biotech company Abivax SA started the year with a market value of less than $500 million. After a meteoric rally, it's now worth more than $8 billion...",https://www.bloomberg.com/news/articles/2025-12-04/europe-s-biotech-standout-faces-crucial-year-after-1-300-rally
corn,Visa to Move European Headquarters to London’s Canary Wharf,2025-12-05,Bloomberg,"Visa Inc. has agreed to a deal to move its European headquarters to Canary Wharf, the latest win for the east London financial district.",https://www.bloomberg.com/news/articles/2025-12-05/visa-to-move-european-headquarters-to-london-s-canary-wharf
corn,"Milei Is Cutting Export Taxes on Argentine Soy, Corn and Wheat",2025-12-09,Bloomberg,"President Javier Milei's government reduced tariffs on exports of soybeans, corn and wheat as he seeks to make good on a repeated promise to do away with the...",https://www.bloomberg.com/news/articles/2025-12-09/milei-is-cutting-export-taxes-on-argentine-soy-corn-and-wheat
corn,Temu’s Europe HQ Raided as Part of EU Foreign-Subsidy Probe,2025-12-10,Bloomberg,"Temu's European headquarters in Dublin have been hit by raids by European Union competition watchdogs, amid suspicions the Chinese e-commerce giant may have...",https://www.bloomberg.com/news/articles/2025-12-10/temu-s-europe-hq-raided-as-part-of-eu-foreign-subsidy-probe
corn,"Wheat Heads for Longest Rally Since April on War, Weather Risks",2025-12-24,Bloomberg,Chicago wheat futures headed for the longest rally since April as Black Sea supply risks and weather uncertainties support prices.,https://www.bloomberg.com/news/articles/2025-12-24/wheat-heads-for-longest-rally-since-april-on-war-weather-risks
corn,Russia Boosts Late Season Grain Export Quota as Prices Pick Up,2025-12-24,Bloomberg,"Russia has set a grain export quota of 20 million tons for the latter part of the season, a level that should allow the world's top wheat shipper to...",https://www.bloomberg.com/news/articles/2025-12-24/russia-boosts-late-season-grain-export-quota-as-prices-pick-up
corn,Corn Slumps Most in a Month With Focus on China Grain Reserves,2025-12-29,Bloomberg,Corn's biggest intraday losses in over a month paced declines in grain futures Monday as traders sought demand signals to break markets out of their holiday...,https://www.bloomberg.com/news/articles/2025-12-29/corn-slumps-most-in-a-month-with-focus-on-china-grain-reserves
corn,The Price Honeybees May Pay for Biofuel,2025-12-31,Bloomberg,Financial incentives to shrink the carbon footprint of air travel could turbocharge the destruction of grasslands critical to pollination.,https://www.bloomberg.com/news/articles/2025-12-31/the-price-honeybees-may-pay-for-increased-biofuel-production
corn,China Takes Record Share of Europe’s EV Market in November,2025-12-31,Bloomberg,"Chinese carmakers captured a record 12.8% of Europe's electric-vehicle market in November, building on gains made this year despite the cost of European...",https://www.bloomberg.com/news/articles/2025-12-31/china-takes-record-share-of-europe-s-ev-market-in-november
corn,"Cotton Hits Eight-Week High on Caution Over Supplies, Oil Prices",2026-01-06,Bloomberg,Cotton futures in New York surged to the highest in eight weeks as traders weigh an outlook for tighter supplies this year and volatility in oil markets.,https://www.bloomberg.com/news/articles/2026-01-06/cotton-hits-eight-week-high-on-caution-over-supplies-oil-prices
corn,Corn Drops Most Since 2024 as USDA Unexpectedly Raises US Yield,2026-01-12,Bloomberg,Corn futures fell by the most since June 2023 after the US Department of Agriculture raised its outlook for American supplies when analysts were expecting a...,https://www.bloomberg.com/news/articles/2026-01-12/corn-drops-most-since-2024-as-usda-unexpectedly-raises-us-yield
corn,Corn Rises to Two-Week High as Report Seen Cutting US Yield,2026-01-12,Bloomberg,"Corn futures hit the highest in two weeks as traders await a key monthly report from the US Department of Agriculture, which is expected to pare the outlook...",https://www.bloomberg.com/news/articles/2026-01-12/corn-rises-to-two-week-high-as-report-seen-cutting-us-corn-yield
corn,Warburg Pincus Targets Up to €1.5 Billion for Defense Fund,2026-01-12,Bloomberg,"Warburg Pincus is considering a dedicated defense fund to tap rising investor demand for the sector as Europe hikes military spending, people familiar with...",https://www.bloomberg.com/news/articles/2026-01-12/warburg-is-said-to-target-up-to-1-5-billion-for-defense-fund
corn,"European Defense Stocks Near Valuation Peak, Deutsche Bank Says",2026-01-13,Bloomberg,"European defense stocks might be approaching a peak in their valuations, warn Deustche Bank AG analysts, who are among the few contrarian voices on a sector...",https://www.bloomberg.com/news/articles/2026-01-13/european-defense-stocks-near-valuation-peak-deutsche-bank-says
corn,European Stocks Post Fifth Weekly Advance; Novo Nordisk Rises,2026-01-16,Bloomberg,European stocks posted their fifth straight weekly advance as investors remained confident about artificial intelligence demand. Novo Nordisk A/S jumped...,https://www.bloomberg.com/news/articles/2026-01-16/european-stocks-set-for-longest-weekly-winning-streak-since-may
corn,Wheat Extends Gain on Worries Freezing Weather Will Hurt Crops,2026-01-23,Bloomberg,"Wheat futures rose for a second day in Chicago amid concern freezing weather in the US and Russia could damage crops, while traders kept an eye on...",https://www.bloomberg.com/news/articles/2026-01-23/wheat-extends-gain-on-worries-freezing-weather-will-hurt-crops
corn,"Crops Gain as Weak Dollar, Trump Biofuel Comments Bolster Demand",2026-01-28,Bloomberg,Wheat soared the most since November while corn and soybeans also gained in Chicago as a recent slide in the US dollar boosted demand expectations for...,https://www.bloomberg.com/news/articles/2026-01-28/crops-gain-as-weak-dollar-trump-biofuel-comments-bolster-demand
corn,Dutch Pension PME Pivots to Europe as US ‘No Longer Reliable’,2026-01-29,Bloomberg,"Dutch pension fund PME will focus more on European opportunities going forward, especially in the technology sector, as the investor criticizes the...",https://www.bloomberg.com/news/articles/2026-01-29/dutch-pension-pme-pivots-to-europe-as-us-no-longer-reliable
corn,Wheat Eyes Biggest Monthly Gain Since May 2024 as Dollar Weakens,2026-01-30,Bloomberg,Grain and oilseed futures fell Friday amid a strengthening US dollar as President Donald Trump announced Kevin Warsh as his pick for the top job at the...,https://www.bloomberg.com/news/articles/2026-01-30/wheat-eyes-biggest-monthly-gain-since-may-2024-as-dollar-weakens
corn,China Books Brazilian Distillers Grains in Boon to Corn Mills,2026-02-02,Bloomberg,"Brazil is readying its first cargoes of distillers grains for shipments into China, as the South American country's growing corn ethanol industry seeks new...",https://www.bloomberg.com/news/articles/2026-02-02/china-books-brazilian-distillers-grains-in-boon-to-corn-mills
corn,Broadcom Faces Mounting EU Scrutiny Over VMware Licensing Curbs,2026-02-06,Bloomberg,"Broadcom Inc. faces an increased threat of an in-depth European Union antitrust probe over alleged licensing restrictions on VMware Inc. software,...",https://www.bloomberg.com/news/articles/2026-02-06/broadcom-faces-mounting-eu-scrutiny-over-vmware-licensing-curbs
corn,Italy’s Richest Family Wants to Conquer America’s Breakfast Tables,2026-02-06,Bloomberg,"Giovanni Ferrero, who leads the Nutella maker, has prioritized the US in a decade-long acquisition spree.",https://www.bloomberg.com/news/features/2026-02-06/ferrero-wants-to-conquer-us-breakfasts-with-kellogg-nutella-peanut
corn,Universal Wins Conditional EU Nod for $775 Million Downtown Deal,2026-02-13,Bloomberg,"Universal Music Group NV's $775 million bid for Downtown Music Holdings won European Union approval, after the entertainment giant agreed to concessions...",https://www.bloomberg.com/news/articles/2026-02-13/universal-wins-conditional-eu-nod-for-775-million-downtown-deal
corn,India Farm Group Close to Modi Wary of GM Products in US Deal,2026-02-13,Bloomberg,Prime Minister Narendra Modi's close ally in the farm sector has raised concerns about genetically modified byproducts entering India after the interim US...,https://www.bloomberg.com/news/articles/2026-02-13/india-farm-group-close-to-modi-wary-of-gm-products-in-us-deal
corn,European Gas Hits Five-Week Low as Weather Outlook Turns Milder,2026-02-15,Bloomberg,"European natural gas futures hit a five-week low as the weather outlook shifted milder, potentially easing strains on rapidly depleting fuel inventories.",https://www.bloomberg.com/news/articles/2026-02-16/european-gas-hits-five-week-low-as-weather-outlook-turns-milder
corn,"European Stocks Decline as Airbus, Renault Earnings Disappoint",2026-02-19,Bloomberg,"European stocks retreated from Wednesday's record close after underwhelming earnings from the likes of Airbus SE and Renault SA, with investors also...",https://www.bloomberg.com/news/articles/2026-02-19/european-stocks-steady-after-mixed-earnings-from-nestle-airbus
corn,Farmers Bet on Soy With More Planting Tied to China Demand,2026-02-19,Bloomberg,"US growers will boost soybean plantings this spring and scale back on corn, the most widely grown American crop, after the revival of stalled exports of the...",https://www.bloomberg.com/news/articles/2026-02-19/farmers-to-bet-on-soy-with-more-us-planting-tied-to-china-demand
corn,Arla Foods Makes Record Investment With $350 Million Cheese Bet,2026-02-25,Bloomberg,"Arla Foods Amba, Northern Europe's largest dairy company, will make its biggest investment ever, spending about €300 million ($350 million) to expand cheese...",https://www.bloomberg.com/news/articles/2026-02-25/arla-foods-makes-record-investment-with-350-million-cheese-bet
corn,Chicago Hit by Fitch Credit Rating Cut as Fiscal Woes Mount,2026-02-26,Bloomberg,"Fitch Ratings lowered Chicago's credit grade one notch due to the city's deficits and the friction between Mayor Brandon Johnson and the city council,...",https://www.bloomberg.com/news/articles/2026-02-26/chicago-hit-by-fitch-credit-rating-cut-as-fiscal-troubles-mount
corn,Iran War Threatens Supply Disruptions for Agriculture Markets,2026-03-02,Bloomberg,Agriculture traders rushed to adjust positions with the escalating conflict in Iran threatening to disrupt supply chains from corn and soybean meal to...,https://www.bloomberg.com/news/articles/2026-03-02/soy-oil-hits-two-year-high-as-crude-rallies-after-iran-strikes
corn,Iran Conflict Sparks Global Rush For Critical Fertilizers,2026-03-06,Bloomberg,"Chet Edinger had already bought most of the fertilizer for his corn and soybean farm last year, but on Monday morning, with war breaking out in the Middle...",https://www.bloomberg.com/news/articles/2026-03-06/iran-conflict-sends-farmers-rushing-to-secure-critical-fertilizers
corn,Option Frenzy From Oil to Corn Highlights Iran War Market Stress,2026-03-08,Bloomberg,Takeaways by Bloomberg AI Subscribe. Traders are piling into options as supply disruptions from the war in Iran send oil and other commodity prices soaring.,https://www.bloomberg.com/news/articles/2026-03-08/option-frenzy-from-oil-to-corn-highlights-iran-war-market-stress
corn,Chicago Soy Oil Jumps 4% as Crude’s Rally Boosts Biofuel Demand,2026-03-09,Bloomberg,Palm and soybean oil prices surged and wheat hovered near the highest in almost two years as the war in the Middle East drove up energy and fertilizer costs...,https://www.bloomberg.com/news/articles/2026-03-09/chicago-soy-oil-jumps-4-as-crude-s-rally-boosts-biofuel-demand
corn,Form 13F Cornerstone Financial Group For: 6 May,2026-05-06,Investing.com,,https://www.investing.com/news/filings/form-13f-cornerstone-financial-group-for-6-may-93CH-4664539
corn,Form 8K Corning For: 6 May,2026-05-06,Investing.com,,https://www.investing.com/news/filings/form-8k-corning-for-6-may-93CH-4662930
corn,NVIDIA and Corning form partnership to expand US optical manufacturing,2026-05-06,Investing.com,"

NVIDIA (NVDA) and Corning Incorporated (GLW) announced a multiyear commercial and technology partnership to expand U.S.-based manufacturing of optical connectivity solutions for AI...",https://www.investing.com/news/assorted/nvidia-and-corning-form-partnership-to-expand-us-optical-manufacturing-432SI-4662848
corn,"Andersons Q1 2026 slides: record earnings, renewables surge",2026-05-06,Investing.com,"Introduction & Market ContextThe Andersons Inc. (NYSE:ANDE) presented its first quarter 2026 earnings results on May 6, 2026, showcasing what the company described as its strongest first-quarter...",https://www.investing.com/news/company-news/andersons-q1-2026-slides-record-earnings-renewables-surge-93CH-4664047
corn,Corning EVP John Z. Zhang sells $2.77m in company stock,2026-05-06,Investing.com,"John Z. Zhang, Executive Vice President and Chief Commercial and Digital Officer at CORNING INC /NY (NYSE:GLW), reported the sale of company common stock on May 6, 2026, according to a recent SEC Form...",https://www.investing.com/news/insider-trading-news/corning-evp-john-z-zhang-sells-277m-in-company-stock-93CH-4665210
corn,Why is Corning stock surging today?,2026-05-06,Investing.com,Investing.com -- Corning stock surged +12.39% in morning trading today after the company and NVIDIA jointly announced a multiyear commercial and technology partnership to dramatically expand...,https://www.investing.com/news/stock-market-news/why-is-corning-stock-surging-today-93CH-4664015
corn,Corning stock reaches all-time high of 189.97 USD,2026-05-06,Investing.com,"Corning Inc. stock has reached a significant milestone, hitting an all-time high of 189.97 USD, with shares currently trading at $190.05 and a market capitalization of $139.5 billion. This achievement...",https://www.investing.com/news/company-news/corning-stock-reaches-alltime-high-of-18997-usd-93CH-4663665
corn,Form 8K Owens Corning For: 6 May,2026-05-06,Investing.com,,https://www.investing.com/news/filings/form-8k-owens-corning-for-6-may-93CH-4662261
corn,Earnings call transcript: Andersons Q1 2026 beats EPS but stock drops,2026-05-06,Investing.com,"The Andersons Inc. (ANDE) reported its strongest first-quarter earnings on record, with an EPS of $1.12, significantly surpassing the forecasted $0.52. However, revenue fell short of expectations at...",https://www.investing.com/news/transcripts/earnings-call-transcript-andersons-q1-2026-beats-eps-but-stock-drops-93CH-4663822
corn,Oppenheimer lowers AGCO stock price target to $134 on tariff concerns,2026-05-06,Investing.com,"Investing.com - Oppenheimer lowered its price target on AGCO Corporation (NYSE:AGCO) to $134 from $136 while maintaining an Outperform rating.
AGCO shares closed down 5.5% Tuesday compared to the S&P...",https://www.investing.com/news/analyst-ratings/oppenheimer-lowers-agco-stock-price-target-to-134-on-tariff-concerns-93CH-4662572
corn,Corteva Q1 2026 slides: margin expansion drives guidance reaffirmation,2026-05-06,Investing.com,"Introduction & Market ContextCorteva Agriscience (NYSE:CTVA) presented its first-quarter 2026 earnings results on May 6, 2026, showcasing robust financial performance that enabled the agricultural...",https://www.investing.com/news/company-news/corteva-q1-2026-slides-margin-expansion-drives-guidance-reaffirmation-93CH-4664469
corn,Nvidia and Corning partner to expand U.S. optical manufacturing,2026-05-06,Investing.com,"SANTA CLARA, Calif. & CORNING, N.Y. - NVIDIA (NASDAQ:NVDA) and Corning Incorporated (NYSE:GLW) announced a multiyear commercial and technology partnership to expand U.S.-based manufacturing of optical...",https://www.investing.com/news/company-news/nvidia-and-corning-partner-to-expand-us-optical-manufacturing-93CH-4662871
corn,Form 13F Cornerstone Planning Group LLC For: 6 May,2026-05-06,Investing.com,,https://www.investing.com/news/filings/form-13f-cornerstone-planning-group-llc-for-6-may-93CH-4665024
corn,"Corn Planting Flat Year-Over-Year, Soybeans Ahead by 5%",2026-05-06,Investing.com,"Investing.com -- Corn planting reached 38% completion as of this week, matching last year’s pace and running 4% ahead of the recent average, according to the USDA weekly Crop Progress report....",https://www.investing.com/news/stock-market-news/corn-planting-flat-yearoveryear-soybeans-ahead-by-5-93CH-4662407
corn,Form 13F CORNERSTONE ADVISORS ASSET MANAGEMENT For: 7 May,2026-05-07,Investing.com,,https://www.investing.com/news/filings/form-13f-cornerstone-advisors-asset-management-for-7-may-93CH-4670156
corn,Form 144 Corning Incorporated  For: 7 May,2026-05-07,Investing.com,,https://www.investing.com/news/filings/form-144-corning-incorporated--for-7-may-93CH-4668715
corn,Bernstein initiates CNH Industrial stock coverage at Market Perform,2026-05-07,Investing.com,"Investing.com - Bernstein SocGen Group initiated coverage on CNH Industrial (NYSE:CNH) with a Market Perform rating and a price target of $11.00 on Thursday.
The firm noted that CNH Industrial is a...",https://www.investing.com/news/analyst-ratings/bernstein-initiates-cnh-industrial-stock-coverage-at-market-perform-93CH-4666373
corn,"Earnings call transcript: Green Plains Inc. Q1 2026 exceeds EPS expectations, stock rises",2026-05-07,Investing.com,"Green Plains Inc. reported its financial results for the first quarter of 2026, significantly surpassing earnings per share (EPS) expectations. The company posted an EPS of $0.42, well above the...",https://www.investing.com/news/transcripts/earnings-call-transcript-green-plains-inc-q1-2026-exceeds-eps-expectations-stock-rises-93CH-4669108
corn,UBS raises Corning stock price target on strong growth outlook,2026-05-07,Investing.com,"Investing.com - UBS raised its price target on Corning Inc. shares (NYSE:GLW) to $223 from $179 on Wednesday while maintaining a Buy rating on the stock. The shares currently trade at $181.70,...",https://www.investing.com/news/analyst-ratings/ubs-raises-corning-stock-price-target-on-strong-growth-outlook-93CH-4668784
corn,Covista earnings up next: Can Chamberlain enrollment turn corner?,2026-05-07,Investing.com,"Covista Inc. reports its fiscal third-quarter earnings Thursday after the market close, as investors look for signs that enrollment at its flagship Chamberlain University nursing program is rebounding...",https://www.investing.com/news/earnings/covista-earnings-up-next-can-chamberlain-enrollment-turn-corner-93CH-4669149
corn,Green Plains Q1 2026 slides: carbon credits fuel profitability surge,2026-05-07,Investing.com,"Green Plains Inc. (NASDAQ:GPRE) presented its first quarter 2026 earnings results on May 7, showcasing a dramatic turnaround in profitability driven by operational improvements and carbon...",https://www.investing.com/news/company-news/green-plains-q1-2026-slides-carbon-credits-fuel-profitability-surge-93CH-4669312
corn,Corn Extends Gains as War Premium Ignites Broad Crops Rally,2026-05-08,Bloomberg,"Chicago corn extended gains to hit the highest level in a year as war-driven spikes in fertilizer and energy prices raised production costs,...",https://www.bloomberg.com/news/articles/2026-04-30/corn-extends-gains-as-war-premium-ignites-broad-crops-rally
corn,PE Firms Tap Europe’s Junk Market for Dividends as Exits Stall,2026-05-08,Bloomberg,Private equity firms are once again tapping the European junk debt market to pay themselves dividends as market volatility fueled by the Iran war and AI...,https://www.bloomberg.com/news/articles/2026-05-08/pe-firms-tap-europe-s-junk-market-for-dividends-as-exits-stall
corn,Singapore Is Pulling In Dubai Gold as Middle East War Drags On,2026-05-08,Bloomberg,"Imports of gold into Singapore from Dubai hit a record last month, thanks to wealthy investors seeking alternative hubs against the backdrop of an...",https://www.bloomberg.com/news/articles/2026-04-29/singapore-is-pulling-in-dubai-gold-as-middle-east-war-drags-on
corn,Japan’s Mimura Declines to Comment on Yen Intervention Talk,2026-05-08,Bloomberg,"Japan's top currency official said authorities in Tokyo are maintaining readiness to intervene in the crude oil futures market, where speculative moves have...",https://www.bloomberg.com/news/articles/2026-05-01/japan-s-mimura-declines-to-comment-on-yen-intervention-chatter
corn,Nations Race to Secure Enough Fertilizer and Prevent Food Crisis,2026-05-08,Bloomberg,"Governments are rushing to secure supplies of critical crop nutrients ahead of spring planting, as the Middle East war chokes off the flow of commodities...",https://www.bloomberg.com/news/articles/2026-03-25/nations-race-to-secure-enough-fertilizer-and-prevent-food-crisis
corn,"Banco do Brasil Weighs Farmer Relief Amid War, Capital Risk",2026-05-08,Bloomberg,"Banco do Brasil SA is weighing fresh financial relief for farmers hit by the war in Iran, a move that risks straining its balance sheet and reviving the...",https://www.bloomberg.com/news/articles/2026-03-30/banco-do-brasil-weighs-farmer-relief-amid-war-capital-risk
corn,Kalshi Bows to Agriculture Industry Pushback on Trading Hours,2026-05-08,Bloomberg,Kalshi Inc. has agreed to limit trading hours on new financial contracts tied to crops like corn and wheat after facing pushback from the agriculture...,https://www.bloomberg.com/news/articles/2026-04-30/kalshi-bows-to-agriculture-industry-pushback-on-trading-hours
corn,BrasilAgro reports net loss for nine months as revenue declines,2026-05-08,Investing.com,"BrasilAgro – Brazilian Agricultural Real Estate Co (B3:AGRO3, NYSE:LND) reported a net loss of R$76.1 million for the nine months ended March 31, 2026, compared to net income of R$76.7 million in the...",https://www.investing.com/news/sec-filings/brasilagro-reports-net-loss-for-nine-months-as-revenue-declines-93CH-4671966
corn,Iran Shifts Grain Imports to Gulf of Oman With Hormuz Locked Up,2026-05-08,Bloomberg,"Iran appears to be shifting import routes to secure key grains, ensuring it can bring in staple food supplies while the Strait of Hormuz remains effectively...",https://www.bloomberg.com/news/articles/2026-03-27/iran-routes-grain-imports-to-gulf-of-oman-with-hormuz-locked-up
corn,Form 144 Owens Corning For: 8 May,2026-05-08,Investing.com,,https://www.investing.com/news/filings/form-144-owens-corning-for-8-may-93CH-4673923
corn,Europe’s Worst Earnings Are Coming From Luxury and Auto Sectors,2026-05-08,Bloomberg,"Europe's luxury firms, carmakers and hotels largely disappointed investors this earnings season, making consumer discretionary the worst-performing sector...",https://www.bloomberg.com/news/articles/2026-05-07/europe-s-worst-earnings-are-coming-from-luxury-and-auto-sectors
corn,Europe Gas Traders Buy Options to Hedge for Winter Price Spike,2026-05-08,Bloomberg,Some European natural gas traders are already hedging against a spike in prices next winter as the war in the Middle East continues to disrupt supplies.,https://www.bloomberg.com/news/articles/2026-05-06/europe-gas-traders-buy-options-to-hedge-for-winter-price-spike
corn,Montenegro Says EU Working to Fix Euro Issue Hindering Accession,2026-05-08,Bloomberg,"The European Union is working on resolving the thorny issue of Montenegro's unilateral use of the euro, an obstacle for the Adriatic nation's plans to join...",https://www.bloomberg.com/news/articles/2026-05-04/montenegro-says-eu-working-to-fix-euro-issue-hindering-accession
corn,Brazil Corn Ethanol Clears IMO Regulatory Step for Maritime Use,2026-05-08,Bloomberg,"Brazil said its corn ethanol passed a significant regulatory step from the International Maritime Organization, giving the country an edge in the race to...",https://www.bloomberg.com/news/articles/2026-05-04/brazil-corn-ethanol-clears-imo-regulatory-step-for-maritime-use
corn,French Farmers Cut Back on Corn Sowing as Iran War Boosts Costs,2026-05-08,Bloomberg,"The effects of soaring fuel and fertilizer costs brought about by the Iran war are starting to impact corn farmers in France, Europe's top producer.",https://www.bloomberg.com/news/articles/2026-04-21/france-corn-area-falls-below-5-year-norm-as-war-lifts-costs
corn,US Seeks to Deploy Hypersonic Missile For the First Time Against Iran,2026-05-08,Bloomberg,"US Central Command has asked to send the Army's long-delayed Dark Eagle hypersonic missile to the Middle East for possible use against Iran, seeking a...",https://www.bloomberg.com/news/articles/2026-04-29/us-seeks-to-deploy-hypersonic-for-the-first-time-against-iran
corn,Crop Prices Hit Highest Since 2023 as War and Bad Weather Bite,2026-05-08,Bloomberg,"The extended closure of the Strait of Hormuz and extreme weather have jolted farm commodities prices to a two-year high, as fertilizer headaches and the...",https://www.bloomberg.com/news/articles/2026-04-29/crop-prices-hit-highest-since-2023-as-war-and-bad-weather-bite
corn,Wheat at Highest Since 2024 as Drought Stokes Food Inflation,2026-05-08,Bloomberg,Takeaways by Bloomberg AI Subscribe. European corn hit its highest level in six weeks as concerns grow that surging fertilizer prices — a result of the war in...,https://www.bloomberg.com/news/articles/2026-04-24/wheat-at-highest-since-2024-as-drought-stokes-food-inflation
corn,Zimbabwe Starts Trials to Blend Ethanol and Diesel to Cut Costs,2026-05-08,Bloomberg,"Zimbabwe began trials of blending ethanol and diesel to offset rising costs caused by conflict in the Middle East, the nation's energy minister said.",https://www.bloomberg.com/news/articles/2026-05-05/zimbabwe-starts-trials-to-blend-ethanol-and-diesel-to-cut-costs
corn,"Tractors & farm equipment, TAFE Motors sell $52m AGCO stock",2026-05-08,Investing.com,"Tractors & Farm Equipment Ltd and TAFE Motors & Tractors Ltd, along with Ms. Mallika Srinivasan, collectively reported the sale of AGCO Corp (NYSE:AGCO) common stock totaling approximately $52.1...",https://www.investing.com/news/insider-trading-news/tractors--farm-equipment-tafe-motors-sell-52m-agco-stock-93CH-4670637
corn,US Allies Look to Europe to Build a Post-Trump Global Order,2026-05-08,Bloomberg,Some of the US's closest allies including Canada and the UK are warning that the international system of security and trade championed by western powers for...,https://www.bloomberg.com/news/articles/2026-05-04/us-allies-look-to-europe-to-rebuild-a-post-trumpian-global-order
corn,"It’s Boating Season, But Only If You Can Afford Fuel",2026-05-08,Bloomberg,"Off the southern shores of Louisiana's Bayou Country, where the Mississippi River turns brackish as it spills into the Gulf, Khristian Rousseve has been...",https://www.bloomberg.com/news/articles/2026-04-30/boat-season-could-look-different-with-gas-prices-continuing-to-skyrocket
corn,EU to Clarify That Airlines Can Use Jet-A Fuel Amid Hormuz Block,2026-05-08,Bloomberg,"The European Union is set to confirm that the continent's airlines can burn a type of jet fuel that's far more commonly consumed in the US, helping them to...",https://www.bloomberg.com/news/articles/2026-05-08/eu-to-clarify-that-airlines-can-use-jet-a-fuel-amid-hormuz-block
corn,Corning SVP Stefan Becker sells $3.95m in company stock,2026-05-08,Investing.com,"Stefan Becker, Senior Vice President, Finance &amp; Corporate Controller at Corning Inc. (NYSE:GLW), sold 21,000 shares of the company’s common stock on May 8, 2026. The transaction totaled...",https://www.investing.com/news/insider-trading-news/corning-svp-stefan-becker-sells-395m-in-company-stock-93CH-4673969
corn,BrasilAgro Q3 2026 slides: revenue drops 27% amid commodity headwinds,2026-05-08,Investing.com,"BrasilAgro (NYSE:LND) presented its third quarter 2026 results on May 8, revealing significant financial challenges as the Brazilian agribusiness company navigated volatile commodity markets and...",https://www.investing.com/news/company-news/brasilagro-q3-2026-slides-revenue-drops-27-amid-commodity-headwinds-93CH-4673525
corn,Form 13F Cornerstone Advisors For: 8 May,2026-05-08,Investing.com,,https://www.investing.com/news/filings/form-13f-cornerstone-advisors-for-8-may-93CH-4674030
corn,Form 13F Cornerstone Investment Partners For: 8 May,2026-05-08,Investing.com,,https://www.investing.com/news/filings/form-13f-cornerstone-investment-partners-for-8-may-93CH-4674113
corn,Fertilizer Makers See Earnings Windfall as War Disrupts Supplies,2026-05-08,Bloomberg,"Fertilizer makers are seeing a windfall from Iran's war, highlighting the impact of the conflict's upheaval on supply chains for the key crop nutrients.",https://www.bloomberg.com/news/articles/2026-05-06/fertilizer-makers-see-earnings-windfall-as-war-disrupts-supplies
corn,Corn Prices: Crop Hits Two-Week High as Iran War Threatens Fertilizer Supply,2026-05-08,Bloomberg,Corn Hits Two-Week High as Iran War Threatens Fertilizer Supply ... Corn futures rose to a two-week high as disrupted fertilizer supplies from the effective...,https://www.bloomberg.com/news/articles/2026-03-23/corn-hits-two-week-high-as-iran-war-threatens-fertilizer-supply
corn,"Fuel Crunch From War Threatens S. African Wheat, Corn Crops",2026-05-08,Bloomberg,Takeaways by Bloomberg AI Subscribe. Farmers in South Africa are heading into the winter planting season with surging diesel prices and tightening supplies —...,https://www.bloomberg.com/news/articles/2026-03-24/fuel-crunch-from-war-threatens-south-african-wheat-corn-crops
corn,Form 13F Cornerstone Financial Management LLC For: 8 May,2026-05-08,Investing.com,,https://www.investing.com/news/filings/form-13f-cornerstone-financial-management-llc-for-8-may-93CH-4674029
corn,Form 144 Corning Incorporated For: 8 May,2026-05-08,Investing.com,,https://www.investing.com/news/filings/form-144-corning-incorporated-for-8-may-93CH-4673206
corn,‘Made in Europe’ Won’t Make Europe Competitive,2026-05-08,Bloomberg,"Throughout Europe, companies are facing a quandary: How can they afford immense investments in decarbonization when a combination of now-surging energy...",https://www.bloomberg.com/opinion/articles/2026-05-04/-made-in-europe-protectionism-hurts-consumers-and-innovation
corn,Zelenskiy Says Iran War Leaves Kyiv Hanging for Peace Talks,2026-05-08,Bloomberg,"Ukraine is in limbo waiting for a resumption of peace talks that might end the war with Russia, with the distraction caused by the conflict in Iran a key...",https://www.bloomberg.com/news/articles/2026-04-30/zelenskiy-says-iran-war-leaves-ukraine-hanging-for-peace-talks
corn,Iran War Cost Spike Straining Farmers Ahead of Midterm Elections,2026-05-08,Bloomberg,"US farmers, long one of Donald Trump's most loyal constituencies, are increasingly worried by the Iran war as soaring fertilizer and fuel prices hammer them...",https://www.bloomberg.com/news/articles/2026-03-17/iran-war-cost-spike-straining-farmers-ahead-of-midterm-elections
corn,Jobs report and consumer sentiment among economic data due Friday,2026-05-07 18:00:53,Investing.com,"As traders approach another pivotal day for financial markets, a series of crucial economic data releases that could sway market...",https://www.investing.com/news/stock-market-news/jobs-report-and-consumer-sentiment-among-economic-data-due-friday-93CH-4669267,1
corn,"Corn Planting Flat Year-Over-Year, Soybeans Ahead by 5%",2026-05-06 10:39:42,Investing.com,"Investing.com -- Corn planting reached 38% completion as of this week, matching last year’s pace and running 4% ahead of the...",https://www.investing.com/news/stock-market-news/corn-planting-flat-yearoveryear-soybeans-ahead-by-5-93CH-4662407,1
corn,"Chicago Wheat, Corn, Soy Prices Fall on Profit-Taking, Farmer Selling",2026-05-05 18:10:06,Investing.com,"Investing.com -- Chicago wheat, corn and soybean futures declined on Tuesday, ending a two-session rally as profit-taking and...",https://www.investing.com/news/commodities-news/chicago-wheat-corn-soy-prices-fall-on-profittaking-farmer-selling-93CH-4660542,1
corn,"CBOT Corn Futures Rise on Higher Crude Oil, Planting Delays",2026-05-04 19:29:17,Investing.com,"Investing.com -- Chicago Board of Trade corn futures rose on Monday, supported by stronger crude oil prices and concerns about...",https://www.investing.com/news/commodities-news/cbot-corn-futures-rise-on-higher-crude-oil-planting-delays-93CH-4657166,1
corn,"Soybean futures hit seven-week high on oil gains, strong demand",2026-05-04 19:04:41,Investing.com,Investing.com -- Chicago Board of Trade soybean futures climbed to a seven-week peak on Monday as crude oil prices surged and...,https://www.investing.com/news/commodities-news/soybean-futures-hit-sevenweek-high-on-oil-gains-strong-demand-93CH-4657138,1
corn,Manufacturing PMI and ISM data highlight Friday’s economic calendar,2026-04-30 18:01:03,Investing.com,"As traders approach another pivotal day for financial markets, a series of crucial economic data releases that could sway market...",https://www.investing.com/news/stock-market-news/manufacturing-pmi-and-ism-data-highlight-fridays-economic-calendar-93CH-4650864,1
corn,"Chicago grains pare gains, mirroring crude oil",2026-04-30 14:44:37,Reuters,"PARIS/BEIJING, April 30 (Reuters) - Chicago grain futures reversed course on Thursday, tracking a retreat in crude oil prices...",https://www.investing.com/news/commodities-news/chicago-grains-pare-gains-mirroring-crude-oil-4650083,1
corn,"Corn futures reach one-year high on export demand, weather worries",2026-04-29 19:52:01,Investing.com,"Investing.com -- Chicago Board of Trade corn futures reached a one-year high on Wednesday, supported by strong export demand and...",https://www.investing.com/news/commodities-news/corn-futures-reach-oneyear-high-on-export-demand-weather-worries-93CH-4646694,1
corn,Farm commodities surge to two-year high on Hormuz closure,2026-04-29 11:56:49,Investing.com,Investing.com -- The extended closure of the Strait of Hormuz and extreme weather have pushed farm commodity prices to a two-year...,https://www.investing.com/news/economy-news/farm-commodities-surge-to-twoyear-high-on-hormuz-closure-93CH-4644665,1
corn,CBOT corn hits 10-month high on crude oil surge,2026-04-27 18:47:12,Investing.com,"Investing.com -- Chicago Board of Trade corn futures reached 10-month highs on Monday as crude oil prices climbed, with concerns...",https://www.investing.com/news/commodities-news/cbot-corn-hits-10month-high-on-crude-oil-surge-93CH-4639642,1
corn,Analysis-Iran war fertiliser squeeze could spell trouble for next year’s grain harvests,2026-04-27 11:07:30,Reuters,"By Gus Trompiz and Naveen Thukral PARIS/SINGAPORE, April 27 (Reuters) - Farmers around the world are facing the second surge in...",https://www.investing.com/news/stock-market-news/analysisiran-war-fertiliser-squeeze-could-spell-trouble-for-next-years-grain-harvests-4638058,2
corn,Michigan consumer sentiment and rig count data due Friday,2026-04-23 18:00:49,Investing.com,"As traders approach the final day of the trading week, a series of economic data releases that could influence market dynamics are...",https://www.investing.com/news/stock-market-news/michigan-consumer-sentiment-and-rig-count-data-due-friday-93CH-4633665,2
corn,Analysis-Biofuels back in vogue as Iran war triggers oil price surge,2026-04-21 06:06:31,Reuters,"By Nigel Hunt and May Angel LONDON, April 21 (Reuters) - Soaring oil prices in the wake of the U.S.-Israeli war on Iran are...",https://www.investing.com/news/commodities-news/analysisbiofuels-back-in-vogue-as-iran-war-triggers-oil-price-surge-4625047,2
corn,Fed officials speak and rig count data highlight Friday’s calendar,2026-04-16 18:00:27,Investing.com,"As traders approach the final trading day of the week, a series of Federal Reserve speeches and key industry data releases are...",https://www.investing.com/news/stock-market-news/fed-officials-speak-and-rig-count-data-highlight-fridays-calendar-93CH-4618901,2
corn,"Diplomatic push underway on Hormuz fertiliser proposal, UN says, as shortages bite",2026-04-13 12:25:15,Reuters,"By Olivia Le Poidevin GENEVA, April 13 (Reuters) - A diplomatic push is under way on a U.N.-led proposal to ensure safe passage...",https://www.investing.com/news/commodities-news/diplomatic-push-underway-on-hormuz-fertiliser-proposal-un-says-as-shortages-bite-4610288,2
corn,CPI inflation data highlights economic calendar for Friday,2026-04-09 18:00:33,Investing.com,"As traders approach another pivotal day for financial markets, a series of crucial economic data releases that could sway market...",https://www.investing.com/news/stock-market-news/cpi-inflation-data-highlights-economic-calendar-for-friday-93CH-4606391,2
corn,Chinese pigs fed new menu as Beijing weans farmers off US soy,2026-04-07 04:12:31,Reuters,"By Daphne Zhang and Lewis Jackson TAIZHOU, China, April 7 (Reuters) - At the edge of one of the many pig farms spread across the...",https://www.investing.com/news/stock-market-news/chinese-pigs-fed-new-menu-as-beijing-weans-farmers-off-us-soy-4599601,2
corn,"World food price rise set to continue if Iran war lasts, FAO says",2026-04-03 13:00:29,Reuters,"By Sybille de La Hamaide PARIS, April 3 (Reuters) - World food prices climbed in March to their highest level since September...",https://www.investing.com/news/commodities-news/world-food-prices-extend-rise-in-march-united-nations-fao-says-4596882,2
corn,"Jobs report, Services PMI among key economic data due Friday",2026-04-02 18:00:51,Investing.com,"As traders approach another pivotal day for financial markets, a series of crucial economic data releases that could sway market...",https://www.investing.com/news/stock-market-news/jobs-report-services-pmi-among-key-economic-data-due-friday-93CH-4596173,2
corn,Australian growers shift to less fertiliser-intensive crops as Iran war costs surge,2026-04-02 08:42:26,Reuters,"By Naveen Thukral SINGAPORE, April 2 (Reuters) - Australian farmers are expected to favour less nitrogen-intensive crops such as...",https://www.investing.com/news/commodities-news/australian-growers-shift-to-less-fertiliserintensive-crops-as-iran-war-costs-surge-4594818,2
corn,US farmers to plant less corn as Iran war spikes fertilizer prices,2026-04-01 16:54:38,Reuters,"By Tom Polansek CHICAGO, March 31 (Reuters) - U.S. farmers plan to plant less corn and more soybeans in 2026 than last year, the...",https://www.investing.com/news/commodities-news/us-farmers-to-plant-less-corn-as-iran-war-spikes-fertilizer-prices-4593749,3
corn,"USDA reports corn acres above forecast, soybean acres below expectations, Baird comments",2026-04-01 11:19:58,Investing.com,Investing.com -- The U.S. Department of Agriculture’s prospective plantings report showed corn acreage slightly above consensus...,https://www.investing.com/news/stock-market-news/usda-reports-corn-acres-above-forecast-soybean-acres-below-expectations-baird-comments-93CH-4592762,3
corn,Beijing courts U.S. agribusiness as rural modernization takes center stage,2026-03-28 07:20:27,Investing.com,"Investing.com -- China is calling on American corporations to deepen their involvement in its domestic agricultural sector,...",https://www.investing.com/news/economy-news/beijing-courts-us-agribusiness-as-rural-modernization-takes-center-stage-4586478,3
corn,"US corn planting seen down, soy acres up as Iran war inflates costs, analysts say",2026-03-27 10:06:39,Reuters,"By Karl Plume CHICAGO, March 27 (Reuters) - The Iran war has upended the planting intentions of U.S. farmers, resulting in fewer...",https://www.investing.com/news/commodities-news/us-corn-planting-seen-down-soy-acres-up-as-iran-war-inflates-costs-analysts-say-4584425,3
corn,Michigan consumer sentiment and Fed speakers highlight Friday’s data,2026-03-26 18:01:20,Investing.com,"As traders approach the final trading day of the week, a series of consumer sentiment readings and Federal Reserve officials’...",https://www.investing.com/news/stock-market-news/michigan-consumer-sentiment-and-fed-speakers-highlight-fridays-data-93CH-4583234,3
corn,JPMorgan cuts Tyson Foods stock price target on beef margin concerns,2026-03-24 10:42:56,Investing.com,Investing.com - JPMorgan lowered its price target on Tyson Foods stock (NYSE:TSN) to $65 from $67 while maintaining a Neutral...,https://www.investing.com/news/analyst-ratings/jpmorgan-cuts-tyson-foods-stock-price-target-on-beef-margin-concerns-93CH-4577044,3
corn,Rig counts and CFTC positioning data among reports due Friday,2026-03-19 18:00:51,Investing.com,"As traders approach the final session of the trading week, a series of industry indicators and positioning reports that could...",https://www.investing.com/news/stock-market-news/rig-counts-and-cftc-positioning-data-among-reports-due-friday-93CH-4571423,3
corn,"CTAs dump 75% of equities as Middle East conflict escalates, UBS says",2026-03-17 12:43:22,Investing.com,"Investing.com -- Commodity trading advisers have slashed equity risk as geopolitical tensions surge, according to...",https://www.investing.com/news/stock-market-news/ctas-dump-75-of-equities-as-middle-east-conflict-escalates-ubs-says-4565643,3
corn,Morgan Stanley maintains positive view on hog producer amid feed cost pressures,2026-03-16 14:13:17,Investing.com,"Investing.com -- Hog futures declined last week, while rising feed prices linked to the Iran conflict are expected to slightly...",https://www.investing.com/news/stock-market-news/morgan-stanley-maintains-positive-view-on-hog-producer-amid-feed-cost-pressures-93CH-4563129,3
corn,US farmers rush to sell crops as Iran war fuels rally,2026-03-13 10:13:57,Reuters,"By Tom Polansek CHICAGO, March 13 (Reuters) - U.S. grain prices have surged since the Iran war began, triggering a flurry of corn...",https://www.investing.com/news/stock-market-news/us-farmers-rush-to-sell-crops-as-iran-war-fuels-rally-4559359,3
corn,"GDP, JOLTs job openings and core PCE among economic data due Friday",2026-03-12 18:01:10,Investing.com,"As traders approach another pivotal day for financial markets, a series of crucial economic data releases that could sway market...",https://www.investing.com/news/stock-market-news/gdp-jolts-job-openings-and-core-pce-among-economic-data-due-friday-93CH-4557910,4
corn,Brazil farmers face diesel cost jump as Middle East conflict lifts oil prices,2026-03-09 20:18:33,Reuters,"By Roberto Samora SAO PAULO, March 9 (Reuters) - A spike in diesel prices is emerging as the first and most immediate threat to...",https://www.investing.com/news/commodities-news/brazil-farmers-face-diesel-cost-jump-as-middle-east-conflict-lifts-oil-prices-4550526,4
corn,"Oil soars 25%, gold drops as Iran war jolts global commodity markets",2026-03-09 04:30:29,Reuters,"By Naveen Thukral SINGAPORE, March 9 (Reuters) - Oil prices surged around 25% on Monday to their highest since mid-2022, with...",https://www.investing.com/news/commodities-news/oil-soars-25-gold-drops-as-iran-war-jolts-global-commodity-markets-4548690,4
corn,"World food prices rebound in February, United Nations’ FAO says",2026-03-06 10:00:31,Reuters,"PARIS, March 6 (Reuters) - World food prices rose in February after falling for five straight months, as higher cereal, meat and...",https://www.investing.com/news/commodities-news/world-food-prices-rebound-in-february-united-nations-fao-says-4546225,4
corn,"Farmers see fertiliser price surge as Iran war blocks exports, threatening losses",2026-03-05 21:00:37,Reuters,"By Naveen Thukral and Ed White SINGAPORE/WINNIPEG, March 5 (Reuters) - The world’s farmers face soaring fertiliser and fuel...",https://www.investing.com/news/commodities-news/farmers-see-fertiliser-price-surge-as-iran-war-blocks-exports-threatening-losses-4545206,4
corn,"Expanding Iran conflict threatens Brazil grain exports, fertilizer supplies",2026-03-05 13:30:57,Reuters,"By Ana Mano and Roberto Samora SAO PAULO, March 5 (Reuters) - Brazilian farmers may be squeezed by the escalating conflict in the...",https://www.investing.com/news/stock-market-news/expanding-iran-conflict-threatens-brazil-grain-exports-fertilizer-supplies-4544089,4
corn,PPI data highlights economic calendar for Friday,2026-02-26 19:00:35,Investing.com,"As traders approach another pivotal day for financial markets, a series of crucial economic data releases that could sway market...",https://www.investing.com/news/stock-market-news/ppi-data-highlights-economic-calendar-for-friday-93CH-4529232,4
corn,"Indonesia may struggle to deliver on new US farm import promises, traders say",2026-02-25 09:19:00,Reuters,"By Bernadette Christina, Dewi Kurniawati and Naveen Thukral JAKARTA/SINGAPORE, Feb 25 (Reuters) - Indonesia could struggle to...",https://www.investing.com/news/commodities-news/indonesia-may-struggle-to-deliver-on-new-us-farm-import-promises-traders-say-4523421,4
corn,Protesters to leave Cargill’s Brazil facility in 48 hours,2026-02-24 16:50:34,Reuters,"By Adriano Machado SANTAREM, Brazil, Feb 24 (Reuters) - Brazilian Indigenous protesters who invaded a Cargill port facility in...",https://www.investing.com/news/stock-market-news/protesters-to-leave-cargills-brazil-facility-in-48-hours-4522013,4
corn,Indigenous protesters occupy Cargill’s Santarem port terminal in Brazil,2026-02-21 14:12:25,Reuters,"By Fabio Teixeira RIO DE JANEIRO, Feb 21 (Reuters) - Indigenous protesters have occupied Cargill’s Santarem river port terminal...",https://www.investing.com/news/stock-market-news/indigenous-protesters-occupy-cargills-santarem-port-terminal-in-brazil-4517512,4
corn,USDA defends $12 billion subsidy amid farm economy challenges,2026-02-20 21:07:13,Reuters,"By Karl Plume and P.J. Huffstutter ARLINGTON, Virginia/CHICAGO, Feb 20 (Reuters) - As the U.S. Department of Agriculture prepares...",https://www.investing.com/news/commodities-news/usda-defends-12-billion-subsidy-amid-farm-economy-challenges-4517086,5
corn,"US farmers to sow more soybeans in 2026, less corn, USDA says",2026-02-19 13:49:39,Reuters,"By Karl Plume WASHINGTON, Feb 19 (Reuters) - U.S. farmers will plant more soybeans and less corn in 2026 than last year, although...",https://www.investing.com/news/commodities-news/us-farmers-to-sow-more-soybeans-in-2026-less-corn-usda-says-4513776,5
corn,"Indonesia, US firms sign $38.4 billion in trade, investment deals",2026-02-19 05:54:30,Reuters,"By David Lawder WASHINGTON/JAKARTA, Feb 18 (Reuters) - Indonesian and U.S. companies on Wednesday signed deals worth $38.4...",https://www.investing.com/news/stock-market-news/indonesia-us-firms-sign-over-7-billion-in-trade-investment-deals-4512445,5
corn,"As US agriculture flails, farmers see big corn acres as best bet to break even",2026-02-18 11:07:12,Reuters,"By Julie Ingwersen CHICAGO, Feb 18 (Reuters) - U.S. farmers, though punished by slumping prices after last year’s monster corn...",https://www.investing.com/news/commodities-news/as-us-agriculture-flails-farmers-see-big-corn-acres-as-best-bet-to-break-even-4510359,5
corn,"’Exports to China look dismal,’ leader of busiest US seaport says",2026-02-17 20:54:58,Reuters,"By Lisa Baertlein LOS ANGELES, Feb 17 (Reuters) - Exports from the Port of Los Angeles, the busiest U.S. gateway for ocean trade,...",https://www.investing.com/news/commodities-news/exports-to-china-look-dismal-leader-of-busiest-us-seaport-says-4509640,5
corn,CPI data takes center stage in Friday’s economic calendar,2026-02-12 19:01:01,Investing.com,"As traders approach another pivotal day for financial markets, a series of crucial economic data releases that could sway market...",https://www.investing.com/news/stock-market-news/cpi-data-takes-center-stage-in-fridays-economic-calendar-93CH-4503836,5
corn,Analysis-USDA’s reputation suffers after massive revisions in US corn acres,2026-02-10 11:24:27,Reuters,"By Tom Polansek CHICAGO, Feb 10 (Reuters) - The U.S. Department of Agriculture, long the world’s gold standard for crop...",https://www.investing.com/news/commodities-news/analysisusdas-reputation-suffers-after-massive-revisions-in-us-corn-acres-4495912,5
corn,Explainer-India-US trade pact and its impact on millions of Indian farmers,2026-02-09 11:54:50,Reuters,"By Rajendra Jadhav and Mayank Bhardwaj NEW DELHI, Feb 9 (Reuters) - The United States and India have released an interim...",https://www.investing.com/news/commodities-news/explainerindiaus-trade-pact-and-its-impact-on-millions-of-indian-farmers-4493225,5
corn,Trump speech headlines economic events due Friday,2026-02-05 19:00:28,Investing.com,"As traders approach another pivotal day for financial markets, a series of crucial decisions and economic data releases that could...",https://www.investing.com/news/stock-market-news/trump-speech-headlines-economic-events-due-friday-93CH-4488661,5
corn,"Vietnam willing to boost US purchases, trade minister says, as new round of tariff talks begins",2026-02-04 06:18:28,Reuters,"HANOI, Feb 4 (Reuters) - Vietnam is willing to increase purchases of U.S. goods, especially machinery and high‑tech products, its...",https://www.investing.com/news/commodities-news/vietnam-willing-to-boost-us-purchases-trade-minister-says-as-new-round-of-tariff-talks-begins-4483636,5
corn,"Metals, crude oil dive in broad commodities market tumble",2026-02-02 22:49:05,Reuters,"By Naveen Thukral SINGAPORE, Feb 2 (Reuters) - Commodities markets slumped on Monday as a de-escalation of tensions between the...",https://www.investing.com/news/commodities-news/metals-crude-oil-dive-in-broad-commodities-market-tumble-4480399,6
corn,PPI data takes center stage in Friday’s economic calendar,2026-01-29 19:00:27,Investing.com,"As traders approach another pivotal day for financial markets, Friday, January 30, 2026, will feature several crucial economic...",https://www.investing.com/news/stock-market-news/ppi-data-takes-center-stage-in-fridays-economic-calendar-93CH-4474243,6
corn,"In Iowa, Trump touts economy as protests roil neighboring Minnesota",2026-01-28 04:42:26,Reuters,"By Jarrett Renshaw, Karl Plume and Trevor Hunnicutt CLIVE, Iowa, Jan 27 (Reuters) - U.S. President Donald Trump rallied...",https://www.investing.com/news/commodities-news/trump-heads-to-iowa-as-farm-stress-and-biofuel-delays-test-support-4466799,6
corn,Analysis-China to favour Brazilian soybean imports in H1 despite renewed US inflows,2026-01-28 03:06:47,Reuters,"By Naveen Thukral, Ella Cao and Ana Mano SINGAPORE/BEIJING/SAO PAULO, Jan 27 (Reuters) - China is expected to boost imports of...",https://www.investing.com/news/commodities-news/analysischina-to-favour-brazilian-soybean-imports-in-h1-despite-renewed-us-inflows-4469123,6
corn,Analysis-China to favour Brazilian soybean imports in H1 despite renewed U.S. inflows,2026-01-26 23:07:00,Reuters,"SINGAPORE/BEIJING/SAO PAULO, Jan 27 (Reuters) - China is expected to boost imports of Brazilian soybeans in the first half of...",https://www.investing.com/news/commodities-news/analysischina-to-favour-brazilian-soybean-imports-in-h1-despite-renewed-us-inflows-4466249,6
corn,Republican lawmakers plan to study year-round E15 gasoline sales,2026-01-22 20:24:49,Investing.com,Investing.com -- Republican U.S. lawmakers are planning to create a task force to study potential year-round sales of...,https://www.investing.com/news/economy-news/republican-lawmakers-plan-to-study-yearround-e15-gasoline-sales-93CH-4461271,6
corn,US Congress to create ethanol task force after E15 deal falls through,2026-01-22 20:24:29,Reuters,"WASHINGTON, Jan 22 (Reuters) - Republican U.S. lawmakers plan to create a task force to study potential year-round sales of...",https://www.investing.com/news/commodities-news/us-congress-to-create-ethanol-task-force-after-e15-deal-falls-through-4461267,6
corn,Services and manufacturing PMI data to headline Friday’s economic calendar,2026-01-22 19:00:30,Investing.com,"As traders approach another pivotal day for financial markets, a series of crucial economic data releases that could sway market...",https://www.investing.com/news/stock-market-news/services-and-manufacturing-pmi-data-to-headline-fridays-economic-calendar-93CH-4461187,6
corn,"Industrial production, rig count, and CFTC positions highlight Friday’s agenda",2026-01-15 19:00:36,Investing.com,"As traders approach another pivotal day for financial markets, a series of crucial economic indicators are expected on Friday,...",https://www.investing.com/news/stock-market-news/industrial-production-rig-count-and-cftc-positions-highlight-fridays-agenda-93CH-4450430,6
corn,"US farm economy shows widening cracks as costs rise, jobs vanish",2026-01-15 11:20:31,Reuters,"By P.J. Huffstutter, Karl Plume and Julie Ingwersen CHICAGO, Jan 15 (Reuters) - Across the U.S. farm belt, these have become...",https://www.investing.com/news/stock-market-news/us-farm-economy-shows-widening-cracks-as-costs-rise-jobs-vanish-4449056,6
corn,"Trade with Iran makes Brazil a target for more US tariffs, data shows",2026-01-13 14:18:33,Reuters,"By Ana Mano and Marcela Ayres SAO PAULO/BRASILIA, Jan 13 (Reuters) - Brazil ran a $2.9 billion trade surplus with Iran last year,...",https://www.investing.com/news/stock-market-news/trade-with-iran-makes-brazil-a-target-for-more-us-tariffs-data-shows-4444900,7
corn,"Jobs report, building permits highlight critical economic data due Friday",2026-01-08 19:00:43,Investing.com,"As traders approach another pivotal day for financial markets, Friday, January 9, 2026, will bring a series of crucial economic...",https://www.investing.com/news/stock-market-news/jobs-report-building-permits-highlight-critical-economic-data-due-friday-93CH-4437940,7
corn,"Silver shines in 2025 global market spotlight as softs, oil lag",2025-12-31 04:06:35,Reuters,"By Naveen Thukral and Lucas Liew SINGAPORE, Dec 31 (Reuters) - Precious metals were the standout performers among commodities...",https://www.investing.com/news/commodities-news/silver-shines-in-2025-global-market-spotlight-as-softs-oil-lag-4426138,7
corn,"Jobless claims, crude oil inventories to headline Wednesday’s economic data",2025-12-30 19:00:33,Investing.com,"As traders approach another pivotal day for financial markets, a series of crucial decisions and economic data releases that could...",https://www.investing.com/news/stock-market-news/jobless-claims-crude-oil-inventories-to-headline-wednesdays-economic-data-93CH-4425738,7
corn,"Fed Goolsbee speech, rig count data highlight Friday’s economic calendar",2025-12-11 19:01:36,Investing.com,"As traders approach another pivotal day for financial markets, a series of economic data releases that could sway market dynamics...",https://www.investing.com/news/stock-market-news/fed-goolsbee-speech-rig-count-data-highlight-fridays-economic-calendar-93CH-4404217,7
corn,Analysis-US farmers say Trump’s $12 billion aid package won’t cover losses,2025-12-10 19:31:15,Reuters,"By Leah Douglas and P.J. Huffstutter WASHINGTON, Dec 10 (Reuters) - U.S. farmers facing steep losses this year welcomed President...",https://www.investing.com/news/commodities-news/analysisus-farmers-say-trumps-12-billion-aid-package-wont-cover-losses-4400545,7
corn,Factbox-Key facts about trading on the CME,2025-11-28 11:25:18,Reuters,(Reuters) -An outage at the world’s biggest exchange operator CME Group on Friday halted trading on its popular currency platform...,https://www.investing.com/news/commodities-news/factboxkey-facts-about-trading-on-the-cme-4381644,7
corn,"Soybean oil poised for bullish 2026 as wheat faces pressure, BofA reports",2025-11-25 15:41:31,Investing.com,Investing.com - Bank of America maintained its bearish outlook on wheat and soymeal markets while projecting a strong bullish...,https://www.investing.com/news/commodities-news/soybean-oil-poised-for-bullish-2026-as-wheat-faces-pressure-bofa-reports-93CH-4377754,7
corn,Manufacturing PMI and services PMI highlight Friday’s economic calendar,2025-11-20 19:00:28,Investing.com,"As traders approach another pivotal day for financial markets, a series of crucial economic data releases that could sway market...",https://www.investing.com/news/stock-market-news/manufacturing-pmi-and-services-pmi-highlight-fridays-economic-calendar-93CH-4371265,7
corn,USDA data blackout fuels uncertainty ahead of upcoming crop report,2025-11-13 19:48:49,Reuters,By Karl Plume and Julie Ingwersen CHICAGO (Reuters) -A crop data blackout during the longest-ever U.S. government shutdown has...,https://www.investing.com/news/commodities-news/usda-data-blackout-fuels-uncertainty-ahead-of-upcoming-crop-report-4354697,7
corn,"BrasilAgro updates 2025/2026 harvest forecasts, notes weather uncertainties",2025-11-07 12:02:45,Investing.com,"BrasilAgro – Brazilian Agricultural Real Estate Co (B3:AGRO3, NYSE:LND) released updated estimates for its 2025/2026 harvest year...",https://www.investing.com/news/sec-filings/brasilagro-updates-20252026-harvest-forecasts-notes-weather-uncertainties-93CH-4342048,8
corn,"Chinese firm signs $5.2 billion of agricultural deals with traders including Cargill, LDC",2025-11-06 15:00:54,Reuters,BEIJING (Reuters) -Chinese supply chain operator and property developer Xiamen C&D said on Thursday it had signed contracts...,https://www.investing.com/news/stock-market-news/chinese-firm-signs-52-billion-of-agricultural-deals-with-traders-including-cargill-ldc-4338757,8
corn,Corteva launches two new insect control products for crop protection,2025-11-05 15:22:04,Investing.com,Corteva Inc. (CTVA) announced two new crop protection solutions designed to combat insects that cause an estimated $70 billion in...,https://www.investing.com/news/assorted/corteva-launches-two-new-insect-control-products-for-crop-protection-432SI-4334207,8
corn,Argentina’s farmers give Milei vote of confidence before midterms,2025-10-24 15:12:28,Reuters,By Maximilian Heath BUENOS AIRES (Reuters) -Argentine farmers are renewing their vote of confidence in President Javier Milei...,https://www.investing.com/news/commodities-news/argentinas-farmers-give-milei-vote-of-confidence-before-midterms-4308224,8
corn,UBS sees agricultural cycle near bottom as it upgrades Deere,2025-10-17 15:53:24,investing.com,Investing.com -- UBS raised its rating on Deere & Co to Buy from Neutral on expectations that the agricultural machinery downcycle...,https://www.investing.com/news/stock-market-news/ubs-sees-agricultural-cycle-near-bottom-as-it-upgrades-deere-4295110,8
corn,Weight-loss drugs and MAHA are hammering US sugar beet farmers,2025-10-08 10:18:55,Reuters,"By Karl Plume CHICAGO (Reuters) -For years, sugar beets were a lifeline for American farmers. More than half of domestically...",https://www.investing.com/news/commodities-news/weightloss-drugs-and-maha-are-hammering-us-sugar-beet-farmers-4276687,8
corn,Argentina resumes export taxes on grains and by-products,2025-09-25 16:19:15,Reuters,BUENOS AIRES (Reuters) -Argentina has reimplemented export taxes on grains and their by-products after temporarily suspending...,https://www.investing.com/news/commodities-news/argentina-reapplies-export-taxes-on-grains-and-byproducts-4254514,8
corn,Argentina suspends agro-export taxes to scoop up dollars,2025-09-22 20:00:47,Reuters,By Maximilian Heath and Aida Pelaez-Fernandez BUENOS AIRES (Reuters) -Argentina’s government on Monday temporarily eliminated...,https://www.investing.com/news/forex-news/argentina-suspends-agroexport-taxes-to-scoop-up-dollars-4249850,8
corn,Baker Hughes rig count and CFTC data in focus for Friday,2025-09-18 18:00:33,Investing.com,"As traders approach another pivotal day for financial markets on Friday, September 19, 2025, attention will be focused on the...",https://www.investing.com/news/stock-market-news/baker-hughes-rig-count-and-cftc-data-in-focus-for-friday-93CH-4245487,8
corn,"USDA considering economic aid for farmers this fall, says secretary",2025-09-15 21:12:46,Reuters,By Leah Douglas WASHINGTON (Reuters) - The U.S. Department of Agriculture is working with Congress to evaluate whether economic...,https://www.investing.com/news/commodities-news/usda-considering-economic-aid-for-farmers-this-fall-says-secretary-4239211,8
corn,"USDA projects record US corn crop, biggest harvested acres since 1933",2025-09-12 19:24:55,Reuters,By Karl Plume CHICAGO (Reuters) -U.S. farmers will harvest the most acres of corn since 1933 and produce more of the grain than...,https://www.investing.com/news/commodities-news/usda-projects-record-us-corn-crop-biggest-harvested-acres-since-1933-4237515,9
corn,"Consumer sentiment, WASDE report among key economic events due Friday",2025-09-11 18:00:29,Investing.com,"As traders approach another pivotal day for financial markets, a series of crucial economic data releases that could sway market...",https://www.investing.com/news/stock-market-news/consumer-sentiment-wasde-report-among-key-economic-events-due-friday-93CH-4235898,9
corn,"World food prices at more than two-year high, FAO says",2025-09-05 09:55:15,Reuters,"PARIS (Reuters) -World food prices hovered around their highest level in more than two years in August, as costlier meat, sugar...",https://www.investing.com/news/commodities-news/world-food-prices-at-more-than-twoyear-high-fao-says-4226205,9
corn,Alma partners with celebrity skin expert Nurse Jamie to boost global reach,2025-09-04 14:04:53,Investing.com,"HONG KONG - Sisram Medical (1696.HK), trading at $18.31 and showing a year-to-date decline of nearly 18%, announced Thursday that...",https://www.investing.com/news/company-news/alma-partners-with-celebrity-skin-expert-nurse-jamie-to-boost-global-reach-93CH-4224660,9
corn,"BofA model favors gasoline and gold, underweights Brent in latest commodity outlook",2025-09-04 09:55:12,Investing.com,"Investing.com - Bank of America’s latest commodity model indicates investors should overweight gasoline, gasoil, soybean meal, and...",https://www.investing.com/news/stock-market-news/bofa-model-favors-gasoline-and-gold-underweights-brent-in-latest-commodity-outlook-93CH-4223682,9
corn,"K+S stock falls 4% after Berenberg downgrade to “sell,” price target cut to €11",2025-08-20 08:45:45,Investing.com,Investing.com -- K+S AG (ETR:SDFGn) shares fell 4% on Wednesday after Berenberg downgraded the stock to “sell” and cut its price...,https://www.investing.com/news/stock-market-news/ks-stock-falls-4-after-berenberg-downgrade-to-sell-price-target-cut-to-11-4201372,9
corn,Steadfast F receives Investment Bank Analyst Rating Update,2025-08-20 05:17:02,Investing.com,,https://www.investing.com/news/pro/berenberg-downgrades-steadfast-group-to-sell-with-a-price-target-of-a1100-4201139,9
corn,"Banco do Brasil facing record agribusiness default levels, CEO says",2025-08-15 15:41:25,Reuters,"SAO PAULO (Reuters) -Banco do Brasil is facing the highest default level ever recorded in its agribusiness loan portfolio, CEO...",https://www.investing.com/news/stock-market-news/banco-do-brasil-facing-record-agribusiness-default-levels-ceo-says-4195703,9
corn,"Brazil’s BRF expects China, Europe to resume chicken imports",2025-08-15 15:26:02,Reuters,"By Ana Mano SAO PAULO (Reuters) -China and Europe will resume buying chicken products from Brazil ""in a matter of days or weeks""...",https://www.investing.com/news/stock-market-news/brazils-brf-expects-china-europe-to-resume-chicken-imports-4195513,9
corn,Banco do Brasil faces record defaults in agribusiness loans,2025-08-15 13:07:07,Investing.com,"Investing.com -- Banco do Brasil is experiencing unprecedented default levels in its agribusiness loan portfolio, according to CEO...",https://www.investing.com/news/stock-market-news/banco-do-brasil-faces-record-defaults-in-agribusiness-loans-93CH-4195377,9
corn,Deere warns of bigger tariff hit after quarterly profit declines,2025-08-14 17:10:36,Reuters,By Nathan Gomes (Reuters) -Deere & Co reported a drop in third-quarter profit on Thursday and warned of a bigger tariff hit than...,https://www.investing.com/news/stock-market-news/deeres-thirdquarter-profit-falls-4191361,10
corn,Corn futures tumble following WASDE report,2025-08-12 16:27:51,Investing.com,Investing.com -- Corn futures plunged Tuesday after the USDA’s latest World Agricultural Supply and Demand Estimates (WASDE)...,https://www.investing.com/news/commodities-news/corn-futures-tumble-following-wasde-report-4185863,10
corn,"An American toddler in foster care, a mom in ICE detention",2025-07-22 16:23:38,Reuters,"By Kristina Cooke and Ted Hesson GREENVILLE, Ohio (Reuters) -For 125 days in her immigration detention cell, Ingrid Mejia...",https://www.investing.com/news/world-news/an-american-toddler-in-foster-care-a-mom-in-ice-detention-4146630,10
corn,"Coke’s shift to cane sugar would be expensive, hurt US farmers",2025-07-18 02:26:00,Reuters,"By Marcelo Teixeira, Karl Plume and Renee Hickman NEW YORK (Reuters) -A possible move by Coca-Cola (NYSE:KO) , and other beverage...",https://www.investing.com/news/stock-market-news/cokes-shift-to-cane-sugar-would-be-expensive-hurt-us-farmers-4140533,10
corn,Trump says Coca-Cola agreed to use real cane sugar in US,2025-07-17 06:41:44,Reuters,WASHINGTON (Reuters) -President Donald Trump said on Wednesday that Coca-Cola (NYSE:KO) had agreed to use cane sugar in its...,https://www.investing.com/news/stock-market-news/trump-says-cocacola-agreed-to-use-real-cane-sugar-in-us-4138486,10
corn,"Factbox-Agreements between US, Indonesian firms in leadup to trade deal",2025-07-16 07:21:00,Reuters,JAKARTA (Reuters) -U.S. President Donald announced a trade agreement with Indonesia that would see Washington lower its tariff...,https://www.investing.com/news/stock-market-news/factboxagreements-between-us-indonesian-firms-in-leadup-to-trade-deal-4136961,10
corn,Ferrero poised to revive WK Kellogg sales for health-conscious Americans,2025-07-16 06:05:41,Reuters,"By Savyata Mishra (Reuters) -Nutella spread maker Ferrero, armed with experience in health-regulated European markets and a track...",https://www.investing.com/news/stock-market-news/analysisferrero-poised-to-revive-wk-kellogg-sales-for-healthconscious-americans-4136417,10
corn,Analysis-Brazil corn ethanol boom covers demand as country hikes biofuel mandate,2025-06-27 09:06:05,Reuters,By Oliver Griffin SAO PAULO (Reuters) -Growth of Brazil’s corn ethanol sector has become key to meeting the country’s growing...,https://www.investing.com/news/commodities-news/analysisbrazil-corn-ethanol-boom-covers-demand-as-country-hikes-biofuel-mandate-4114104,10
corn,"US set to object to green jet fuel recommendation at UN aviation council, sources say",2025-06-17 16:22:37,Reuters,By Allison Lampert and Oliver Griffin MONTREAL/SAO PAULO (Rtrs) -The U.S. is expected to object this month to a recommendation at...,https://www.investing.com/news/commodities-news/us-set-to-object-to-green-jet-fuel-recommendation-at-un-aviation-council-sources-say-4098705,10
corn,Deere & Co receives Investment Bank Analyst Rating Update,2025-06-11 12:08:03,Investing.com,,https://www.investing.com/news/pro/bernstein-socgen-group-maintains-deerecompany-at-market-perform-with-a-price-target-of-54800-4090746,10
corn,"Farmers in EU raise alarm over Mercosur, Ukraine trade deals",2025-06-04 13:37:54,Reuters,By Sybille de La Hamaide and Inti Landauro PARIS/MADRID (Reuters) -French and Spanish farmers warned on Wednesday that a flood of...,https://www.investing.com/news/commodities-news/farmers-in-eu-raise-alarm-over-mercosur-ukraine-trade-deals-4080835,11
corn,Bank of America Securities sees near-term weakness in Brent; upside in gold,2025-06-03 11:20:17,Investing.com,"Investing.com - Bank of America has adjusted its commodity portfolio strategy for the next one-month horizon.
With the recent...",https://www.investing.com/news/commodities-news/bank-of-america-securities-sees-nearterm-weakness-in-brent-upside-in-gold-4077664,11
corn,Argentina’s farmers describe ’sea of water’ after downpour hits harvest,2025-05-19 20:41:56,Reuters,"By Maximilian Heath BUENOS AIRES (Reuters) -Argentina’s agricultural heartland has been lashed by heavy rains in recent days,...",https://www.investing.com/news/commodities-news/argentinas-farmers-describe-sea-of-water-after-downpour-hits-harvest-4053659,11
corn,U.S. soybean exports risk 20% drop without improved China deal,2025-05-14 12:00:48,Reuters,By Sybille de La Hamaide GENEVA (Reuters) -U.S. soybean exports may drop 20% and prices will plunge if the United States and...,https://www.investing.com/news/commodities-news/us-soybean-exports-may-fall-20-without-china-trade-deal-agresource-says-4043901,11
corn,"China to allow Brazil’s ethanol by-product amid Lula visit, US-China trade war",2025-05-13 16:23:27,Reuters,By Ella Cao and Eduardo Baptista BEIJING (Reuters) -Brazil signed protocols with China on Tuesday to allow exports of an ethanol...,https://www.investing.com/news/commodities-news/china-to-allow-brazils-ethanol-byproduct-amid-lula-visit-uschina-trade-war-4041810,11
corn,US farmers say Brazil keeps edge in China’s soy market despite trade truce,2025-05-13 15:42:01,Reuters,By Tom Polansek CHICAGO (Reuters) - A surprising tariff pause between Beijing and Washington will not help U.S. farmers revive...,https://www.investing.com/news/stock-market-news/us-farmers-say-brazil-still-has-edge-in-chinas-soybean-market-despite-trade-truce-4041070,11
corn,Japan’s Ishiba signals increasing corn imports as part of US trade talks,2025-05-12 08:01:40,Reuters,By Leika Kihara and Makiko Yamazaki TOKYO (Reuters) -Japanese Prime Minister Shigeru Ishiba on Monday signalled that increasing...,https://www.investing.com/news/commodities-news/japans-ishiba-signals-increasing-corn-imports-as-part-of-us-trade-talks-4037800,11
corn,Bunge posts Q1 profit beat as tariff-fueled uncertainty lifts demand,2025-05-07 17:46:18,Reuters,By Karl Plume CHICAGO (Reuters) -Grain trader and processor  Bunge  (NYSE:BG) Global said on Wednesday its first-quarter profit...,https://www.investing.com/news/stock-market-news/bunge-beats-firstquarter-profit-estimates-driven-by-high-processing-margins-4027574,11
corn,ADM warns 2025 profit at low end of prior forecast as tariffs stoke uncertainty,2025-05-06 19:04:23,Reuters,By Karl Plume and Mrinalika Roy CHICAGO (Reuters) - Tariffs and trade chaos stung Archer-Daniels-Midland as the grains merchant...,https://www.investing.com/news/stock-market-news/adm-reports-firstquarter-profit-beat-4024282,11
corn,Funds hold bullish corn and soybean bets steady as trade talks await clarity: Braun,2025-04-28 11:31:18,Reuters,"By Karen Braun NAPERVILLE, ILLINOIS (Reuters) -Speculators held on to bullish bets in Chicago corn and soybeans last week in...",https://www.investing.com/news/commodities-news/columnfunds-hold-bullish-corn-and-soybean-bets-steady-as-trade-talks-await-clarity-braun-4006015,11
corn,"Kentucky farmers hit by one-two punch of trade war, historic floods",2025-04-24 10:19:03,Reuters,"By Julie Ingwersen and Karl Plume GLENDALE, Kentucky (Reuters) - Kentucky farmer Drew Langley got an early start planting...",https://www.investing.com/news/commodities-news/kentucky-farmers-hit-by-onetwo-punch-of-trade-war-historic-floods-4000857,12
corn,Brazil’s would-be cocoa king aims to revolutionize industry with giant farm,2025-04-22 23:32:46,Reuters,"By Marcelo Teixeira RIACHAO DAS NEVES, Brazil (Reuters) - In the Brazilian state of Bahia, farmer Moises Schmidt is developing...",https://www.investing.com/news/commodities-news/brazils-wouldbe-cocoa-king-aims-to-revolutionize-industry-with-giant-farm-3994993,12
corn,"Bitcoin to Catch up to Gold, Fundstrat’s Tom Lee Says, Here’s Key Argument",2025-04-21 19:30:15,U.Today,U.Today - Fundstrat expert Tom Lee has joined the team of CNBC’s Squawk Box hosts to talk about Bitcoin and gold. The latter...,https://www.investing.com/news/cryptocurrency-news/bitcoin-to-catch-up-to-gold-fundstrats-tom-lee-says-heres-key-argument-3994146,12
corn,Exclusive-Argentina bumper wheat harvest could hit record if export tax cuts extended,2025-04-15 20:27:14,Reuters,"By Maximilian Heath BUENOS AIRES (Reuters) - Argentina’s major Buenos Aires grains exchange, already forecasting a bumper wheat...",https://www.investing.com/news/forex-news/exclusiveargentina-bumper-wheat-harvest-could-hit-record-if-export-tax-cuts-extended-3986698,12
corn,Argentina farmers focus on harvest over sales despite currency boost,2025-04-14 17:51:16,Reuters,"BUENOS AIRES (Reuters) - Argentina’s grain industry welcomed an exchange-rate overhaul on Monday, though the new measures will...",https://www.investing.com/news/economy-news/argentina-farmers-focus-on-harvest-over-sales-despite-currency-boost-3984210,12
corn,"EU tariffs to curb US corn imports, soy at lower risk for now",2025-04-09 14:57:53,Reuters,By Sybille de La Hamaide and Michael Hogan PARIS/HAMBURG (Reuters) - European Union counter-tariffs on U.S. goods starting next...,https://www.investing.com/news/commodities-news/eu-tariffs-to-curb-us-corn-imports-soy-at-lower-risk-for-now-3977149,12
corn,"Asian buyers shun US farm goods, hit by ship crunch and trade war",2025-04-09 07:10:58,Reuters,By Naveen Thukral SINGAPORE (Reuters) - Asian buyers are reducing purchases of U.S. agricultural goods as Washington's planned...,https://www.investing.com/news/commodities-news/asian-buyers-shun-us-farm-goods-hit-by-ship-crunch-and-trade-war-3975698,12
corn,Brazil protesters lift blockade of Amazon grain shipping route,2025-04-08 15:03:31,Reuters,"By Ana Mano SAO PAULO (Reuters) -Brazilian indigenous protesters have lifted a blockade of the Trans-Amazonian Highway, reopening...",https://www.investing.com/news/commodities-news/brazil-protesters-lift-blockade-of-amazon-grain-shipping-route-3974400,12
corn,"Oil drops to four-year low, metals fall on recession fears",2025-04-07 13:26:21,Reuters,"By Anna Hirtenstein LONDON (Reuters) - Oil slid around 3% on Monday to its weakest since 2021, while most commodity markets...",https://www.investing.com/news/commodities-news/oil-drops-to-fouryear-low-metals-fall-on-recession-fears-3970649,12
corn,What retaliatory tariffs could mean for U.S. farmers?,2025-04-06 09:30:02,Investing.com,Investing.com -- The latest wave of U.S. tariffs has raised concerns about a renewed trade war and potential ripple effects across...,https://www.investing.com/news/stock-market-news/what-retaliatory-tariffs-could-mean-for-us-farmers-3967673,12
corn,"Ukraine’s corn could benefit from US tariffs, analyst says",2025-04-03 12:47:03,Reuters,"By Pavel Polityuk KYIV (Reuters) -Ukrainian corn, a key element in the country’s grain sector, could benefit from the tariffs...",https://www.investing.com/news/commodities-news/ukraines-corn-could-benefit-from-us-tariffs-analyst-says-3964933,13
corn,USDA to begin disbursing economic aid to farmers amid low prices,2025-03-18 20:50:52,Reuters,By Leah Douglas (Reuters) - The U.S. Department of Agriculture will on Wednesday begin accepting applications from farmers...,https://www.investing.com/news/commodities-news/usda-to-begin-disbursing-economic-aid-to-farmers-amid-low-prices-3934847,13
corn,"Index funds could double record sales of agricultural futures amid recession fears, research provider says",2025-03-11 14:45:59,Reuters,"NEW YORK (Reuters) - Index funds, the biggest participants in the commodities markets, last week sold a record amount of...",https://www.investing.com/news/commodities-news/index-funds-could-double-record-sales-of-agricultural-futures-amid-recession-fears-research-provider-says-3921312,13
corn,"With Trump’s tariffs, Illinois farmers worry about losing corn sales to Mexico",2025-03-04 20:46:47,Reuters,"By Tom Polansek JACKSONVILLE, Illinois (Reuters) - U.S. President Donald Trump’s tariffs on imports from Mexico carry an outsized...",https://www.investing.com/news/stock-market-news/with-trumps-tariffs-illinois-farmers-worry-about-losing-corn-sales-to-mexico-3907007,13
corn,Factbox-Trump’s China tariffs trigger retaliation against U.S. farm products,2025-03-04 06:25:47,Reuters,By Mei Mei Chu BEIJING (Reuters) - China has decreased its reliance on imports of U.S. farm goods since the trade war during...,https://www.investing.com/news/commodities-news/factboxtrumps-china-tariffs-trigger-retaliation-against-us-farm-products-3904608,13
corn,"Analysis-American farmers to plant more corn, seeking best chance at profits",2025-02-26 20:56:05,Reuters,By Julie Ingwersen CHICAGO (Reuters) - Farmers in the U.S. plan to plant more corn and fewer soybeans this spring than they did...,https://www.investing.com/news/commodities-news/analysisamerican-farmers-to-plant-more-corn-seeking-best-chance-at-profits-3892282,13
corn,Funds snap long buying streak in Chicago corn and soybeans: Braun,2025-02-18 12:31:10,Reuters,"By Karen Braun NAPERVILLE, Illinois (Reuters) -Last week, speculators were net sellers of Chicago corn and soybeans for the first...",https://www.investing.com/news/commodities-news/columnfunds-snap-long-buying-streak-in-chicago-corn-and-soybeans-braun-3872706,13
corn,Effective global corn supplies heading for 29-year lows: Braun,2025-02-14 12:31:29,Reuters,"By Karen Braun NAPERVILLE, Illinois (Reuters) -Relative to demand, world corn stocks later this year are predicted to hit 11-year...",https://www.investing.com/news/commodities-news/columneffective-global-corn-supplies-heading-for-29year-lows-braun-3869439,13
corn,Is China ending its stint as major global grain importer? -Braun,2025-02-12 12:33:05,Reuters,"By Karen Braun CHICAGO (Reuters) -China giveth, China taketh away.  Agricultural exporters around the world know this feeling all...",https://www.investing.com/news/commodities-news/columnis-china-ending-its-stint-as-major-global-grain-importer-braun-3863265,13
corn,Funds extend bullish corn stance to 7-month peak,2025-02-10 18:20:19,Investing.com,"Money managers increased their net long position in CBOT corn futures and options, reaching the most bullish stance since April...",https://www.investing.com/news/forex-news/funds-extend-bullish-corn-stance-to-7month-peak-93CH-3859912,13
corn,Funds push bullish CBOT corn bets to highest since April 2022: Braun,2025-02-10 12:30:52,Reuters,"By Karen Braun NAPERVILLE, Illinois (Reuters) -“Funds bought corn” is perhaps becoming a broken record for U.S. grain markets,...",https://www.investing.com/news/commodities-news/columnfunds-push-bullish-cbot-corn-bets-to-highest-since-april-2022-braun-3857931,14
corn,"US grain, oilseed exports surge in 2024 without boost from China -Braun",2025-02-06 12:35:50,Reuters,"By Karen Braun NAPERVILLE, Illinois (Reuters) -Most global importers last year took advantage of plentiful and cheaper U.S. bulk...",https://www.investing.com/news/commodities-news/columnus-grain-oilseed-exports-surge-in-2024-without-boost-from-china-braun-3852305,14
corn,Factbox-US agricultural exports/imports threatened by Trump trade actions,2025-02-03 16:50:40,Reuters,"By Karl Plume and P.J. Huffstutter CHICAGO (Reuters) -U.S. President Donald Trump on Saturday ordered sweeping tariffs on Mexico,...",https://www.investing.com/news/commodities-news/factboxus-agricultural-exportsimports-threatened-by-trump-trade-actions-3846084,14
corn,Unprecedented clash forms between funds' CBOT corn and wheat views -Braun,2025-02-03 12:31:44,Reuters,"By Karen Braun NAPERVILLE, Illinois (Reuters) -The recent buildup of speculators’ massively bullish Chicago corn bets has been...",https://www.investing.com/news/commodities-news/columnunprecedented-clash-forms-between-funds-cbot-corn-and-wheat-views-braun-3844134,14
corn,"CME Group to launch micro grain, oilseed futures in 2025",2025-01-31 09:51:32,Investing.com,"CME Group announced its plan to introduce a new suite of micro grain and oilseed futures contracts, aiming to provide additional...",https://www.investing.com/news/commodities-news/cme-group-to-launch-micro-grain-oilseed-futures-in-2025-93CH-3841911,14
corn,Brazil's slow corn planting may further squeeze tight world stocks -Braun,2025-01-30 12:33:01,Reuters,"By Karen Braun NAPERVILLE, Illinois (Reuters) -With global corn supplies set for decade lows later this year, Brazil’s corn...",https://www.investing.com/news/commodities-news/columnbrazils-slow-corn-planting-may-further-squeeze-tight-world-stocks-braun-3837741,14
corn,Surging corn prices trigger spate of sales from US farmers,2025-01-16 11:12:18,Reuters,By P.J. Huffstutter and Heather Schlitz CHICAGO (Reuters) - Iowa farmer Caleb Hamer grabbed his phone and dialed a local corn...,https://www.investing.com/news/stock-market-news/surging-corn-prices-trigger-spate-of-sales-from-us-farmers-3816065,14
corn,Nutrien receives Investment Bank Analyst Rating Update,2025-01-13 10:29:02,Investing.com,,https://www.investing.com/news/pro/nutrien-receives-investment-bank-analyst-rating-update-3808547,14
corn,Will USDA data dump spoil the bullish party for corn? -Braun,2025-01-10 12:34:05,Reuters,"By Karen Braun NAPERVILLE, Illinois (Reuters) -If anything can derail a price rally, it is a curveball from the U.S. Department...",https://www.investing.com/news/commodities-news/columnwill-usda-data-dump-spoil-the-bullish-party-for-corn-braun-3805653,14
corn,US wins Mexico GM corn dispute case as panel finds curbs not science-based,2024-12-20 23:37:06,Reuters,By David Lawder WASHINGTON (Reuters) -A trade-dispute panel ruled on Friday that Mexico's restrictions on U.S. genetically...,https://www.investing.com/news/commodities-news/trade-panel-rules-in-us-favor-in-mexico-gmo-corn-dispute-case-3785372,14
corn,Cargill begins job cuts in drive to reduce headcount by 5%,2024-12-04 16:22:31,Reuters,By Tom Polansek CHICAGO (Reuters) -Global commodities trader Cargill began laying off employees across its vast operations on...,https://www.investing.com/news/commodities-news/cargill-to-terminate-about-475-employees-in-minnesota-3751849,15
corn,"Commodities trading giant Cargill plans to cut around 8,000 jobs",2024-12-03 04:45:43,Reuters,"By Amy Lv, Naveen Thukral and Tony Munroe (Reuters) -Global trading house Cargill said on Tuesday it plans to cut around 5% of...",https://www.investing.com/news/economy-news/cargill-plans-to-cut-around-5-of-global-employees-internal-memo-says-3750267,15
corn,BofA sees more weakness ahead for grains and soy,2024-12-02 19:42:09,Investing.com,"BofA has provided an update on the grains and soy market, highlighting that grain import demand is weak and may not see a recovery...",https://www.investing.com/news/commodities-news/bofa-sees-more-weakness-ahead-for-grains-and-soy-93CH-3749692,15
corn,Five factors that will affect the outlook for commodities in 2025,2024-11-30 10:30:00,Investing.com,"Investing.com -- The outlook for commodities in 2025 hinges on five key factors, as mentioned by analysts at BofA Securities in...",https://www.investing.com/news/stock-market-news/five-factors-that-will-affect-the-outlook-for-commodities-in-2025-3742517,15
corn,"How China reduced its reliance on US farm imports, softening trade war risks",2024-11-13 03:09:41,Reuters,By Mei Mei Chu BEIJING (Reuters) - Since the U.S. and China imposed tit-for-tat tariffs in their trade war during Donald Trump's...,https://www.investing.com/news/commodities-news/how-china-reduced-its-reliance-on-us-farm-imports-softening-trade-war-risks-3718617,15
corn,Factbox-US farm exports to China at risk from Trump's tariff threat,2024-11-07 09:04:36,Reuters,"By Mei Mei Chu BEIJING (Reuters) - Chinese imports of U.S. farm goods, which have slowed since the trade war during Donald...",https://www.investing.com/news/commodities-news/factboxus-farm-exports-to-china-at-risk-from-trumps-tariff-threat-3707630,15
corn,"Trump's tariffs would reorder trade flows, raise costs, draw retaliation",2024-11-04 11:16:15,Reuters,By David Lawder WASHINGTON (Reuters) - Iowa farmer Bob Hemesath is worried that U.S. agriculture will pay dearly if Donald Trump...,https://www.investing.com/news/economic-indicators/trumps-tariffs-would-reorder-trade-flows-raise-costs-draw-retaliation-3698979,15
corn,"Speedy US corn and soy harvests strain farmers, storage capacity",2024-10-21 10:46:14,Reuters,By Julie Ingwersen and Heather Schlitz CHICAGO (Reuters) - U.S. farmers are harvesting two of the largest corn and soybean crops...,https://www.investing.com/news/commodities-news/speedy-us-corn-and-soy-harvests-strain-farmers-storage-capacity-3672523,15
corn,CME Group Reports Second-Highest Monthly ADV of 31.7 Million Contracts in August,2024-09-04 11:34:02,Investing.com,"CME Group (NASDAQ:CME), the world's leading derivatives marketplace, today reported its second-highest monthly volume ever, with...",https://www.investing.com/news/assorted/cme-group-reports-secondhighest-monthly-adv-of-317-million-contracts-in-august-432SI-3600306,15
corn,"Argentine farmers eye pivot to soy on corn plague fears, rain outlook",2024-08-27 10:51:19,Reuters,"By Maximilian Heath BUENOS AIRES (Reuters) - Argentine farmers are likely to plant more soybeans in the current 2024/25 season,...",https://www.investing.com/news/commodities-news/argentine-farmers-eye-pivot-to-soy-on-corn-plague-fears-rain-outlook-3588400,15
corn,What a Trump presidency could mean for commodities,2024-07-21 08:31:02,Investing.com,"Citi analysts believe a potential Donald Trump presidency, with odds of winning the 2024 US election now at ~66%, could...",https://www.investing.com/news/stock-market-news/what-a-trump-presidency-could-mean-for-commodities-3527982,16
corn,"USDA increases US corn production estimate, cuts stocks",2024-07-12 17:00:52,Reuters,By Heather Schlitz (Reuters) - The U.S. Department of Agriculture raised its estimate for corn production and cut the soybean...,https://www.investing.com/news/commodities-news/usda-increases-us-corn-production-estimate-cuts-stocks-3517771,16
corn,Nigeria to suspend taxes on certain food imports to curb rising prices,2024-07-08 17:05:36,Reuters,By MacDonald Dzirutwe LAGOS (Reuters) - Nigeria plans to suspend taxes on certain food imports including wheat and maize for...,https://www.investing.com/news/economy-news/nigeria-to-suspend-taxes-on-certain-food-imports-to-curb-rising-prices-3510606,16
corn,"Mexico to drop plan to cut yellow corn imports, new agriculture minister says",2024-07-01 14:21:31,Reuters,By Adriana Barrera and Cassandra Garrison MEXICO CITY (Reuters) - Mexico's incoming government will discard a core goal of...,https://www.investing.com/news/commodities-news/mexico-to-drop-plan-to-cut-yellow-corn-imports-new-agriculture-minister-says-3503721,16
corn,"US farmers shun buyers, cling to unsold corn as prices slump",2024-06-17 10:12:09,Reuters,By P.J. Huffstutter and Karl Plume CHICAGO (Reuters) - South Dakota farmer Eric Kroupa received a flurry of calls from grain...,https://www.investing.com/news/stock-market-news/us-farmers-shun-buyers-cling-to-unsold-corn-as-prices-slump-3486339,16
corn,China Limits Corn Imports As Domestic Production Accelerates,2024-06-14 14:30:52,Yolowire.com,yolowire.com - China’s government is limiting imports of Corn in the nation of 1.4 billion people as domestic production of...,https://www.investing.com/news/commodities-news/china-limits-corn-imports-as-domestic-production-accelerates-3485220,16
corn,Gold Futures receives Investment Bank Analyst Rating Update,2024-06-13 03:01:05,Investing.com,,https://www.investing.com/news/pro/citi-offers-7-conviction-commodity-ideas-for-q3-and-beyond-432SI-3482378,16
corn,US farmers opt for soy to limit losses as all crop prices slump,2024-06-04 10:14:19,Reuters,By Karl Plume CHICAGO (Reuters) - Mark Tuttle planted more soy and less corn on his northern Illinois farm this spring as prices...,https://www.investing.com/news/commodities-news/us-farmers-opt-for-soy-to-limit-losses-as-all-crop-prices-slump-3469317,16
corn,Exclusive-Argentina on track to start corn exports to China in July - grains chamber head,2024-05-28 17:21:23,Reuters,"By Maximilian Heath BUENOS AIRES (Reuters) -Argentina is on track to start long-awaited corn shipments to China from July, the...",https://www.investing.com/news/commodities-news/exclusiveargentina-on-track-to-start-corn-exports-to-china-in-july--grains-chamber-head-3459285,16
corn,Nutrien PT receives Investment Bank Analyst Rating Update,2024-05-17 12:05:06,Investing.com,,https://www.investing.com/news/pro/nutrien-receives-investment-bank-analyst-rating-update-3445963,16
corn,Morning Bid: Rates relief; harvest gloom,2024-05-07 04:40:28,Reuters,A look at the day ahead in European and global markets from Tom Westbrook Gilts and London stocks were poised to catch up with...,https://www.investing.com/news/stock-market-news/morning-bid-rates-relief-harvest-gloom-3423106,17
corn,Iowa's drought conditions have farmers budgeting water use,2024-03-21 20:16:20,Reuters,"By P.J. Huffstutter CHICAGO (Reuters) - As Iowa heads toward its fourth year of drought, grain farmers prepping for planting next...",https://www.investing.com/news/commodities-news/iowas-drought-conditions-have-farmers-budgeting-water-use-3348613,17
corn,"Analysis-Brazil mills boost sugar capacity, 'leave' ethanol to corn processors",2024-03-07 15:31:36,Reuters,By Marcelo Teixeira NEW YORK (Reuters) - Brazil cane mills will boost their sugar production capacity as much as 10% in the new...,https://www.investing.com/news/stock-market-news/analysisbrazil-mills-boost-sugar-capacity-leave-ethanol-to-corn-processors-3329168,17
corn,"Mexico waiting on US proof that GM corn safe for its people, deputy ag minister says",2024-03-07 02:32:45,Reuters,By Adriana Barrera and Cassandra Garrison MEXICO CITY (Reuters) - Mexico is waiting for the United States to prove imported...,https://www.investing.com/news/commodities-news/mexico-waiting-on-us-proof-that-gm-corn-safe-for-its-people-deputy-ag-minister-says-3327817,17
corn,US farmers face harsh economics with record corn supplies in silos,2024-02-22 11:37:20,Reuters,"By Tom Polansek CHICAGO (Reuters) - Illinois farmer Dan Henebry regrets not selling more of his corn crop last summer, when the...",https://www.investing.com/news/commodities-news/us-farmers-face-harsh-economics-with-record-corn-supplies-in-silos-3310963,17
corn,Corn and wheat prices diverge amid global demand and weather forecasts,2024-01-17 22:36:54,Investing.com,"CHICAGO - In the latest commodity market movements, corn futures remained steady while wheat prices experienced a slight uptick,...",https://www.investing.com/news/commodities-news/corn-and-wheat-prices-diverge-amid-global-demand-and-weather-forecasts-93CH-3276737,17
corn,Shares dip to cap stellar year; Treasuries end volatile 2023 flat,2023-12-29 21:46:43,Reuters,By Lawrence Delevingne and Alun John (Reuters) -Global shares pulled back on the last trading day of the year but notched their...,https://www.investing.com/news/stock-market-news/shares-dip-to-cap-stellar-year-treasuries-end-volatile-2023-flat-3264538,17
corn,"Strong gains for cocoa, iron ore in 2023 as energy prices dip",2023-12-29 05:40:41,Reuters,"By Naveen Thukral and Florence Tan SINGAPORE (Reuters) - Cocoa and iron ore prices surged in 2023, while natural gas and coal...",https://www.investing.com/news/commodities-news/strong-gains-for-cocoa-iron-ore-in-2023-as-energy-prices-dip-3264543,17
corn,"Global 2024 staple food supplies to be strained by dry weather, export curbs",2023-12-27 02:05:53,Reuters,By Naveen Thukral SINGAPORE (Reuters) -High food prices in recent years have prompted farmers worldwide to plant more cereals and...,https://www.investing.com/news/commodities-news/global-2024-staple-food-supplies-to-be-strained-by-dry-weather-export-curbs-3263359,17
corn,Mexican poultry farmers warn US-Mexico rail bridges closure will impact trade,2023-12-19 04:06:27,Reuters,MEXICO CITY (Reuters) - Mexican poultry farmers warned of consequences to international trade on Monday and called on their...,https://www.investing.com/news/stock-market-news/mexican-poultry-farmers-warn-usmexico-rail-bridges-closure-will-impact-trade-3259439,17
corn,"Vilsack sees China's purchases of US corn rising again, urges end to over-reliance on single markets",2023-11-30 17:21:37,Reuters,By Andrea Shalal and Leah Douglas WASHINGTON (Reuters) -U.S. Agriculture Secretary Tom Vilsack on Wednesday said China took...,https://www.investing.com/news/economy/vilsack-sees-chinas-purchases-of-us-corn-rising-again-urges-end-to-overreliance-on-single-markets-3247116,18
corn,"Corn and soybean prices dip on Brazilian weather outlook, wheat edges lower",2023-11-17 20:55:26,Investing.com,"CHICAGO - In early trading today on the Chicago Board of Trade (CBOT), agricultural commodities experienced mixed movements with...",https://www.investing.com/news/commodities-news/corn-and-soybean-prices-dip-on-brazilian-weather-outlook-wheat-edges-lower-93CH-3238136,18
corn,"U.S. soybean exports hit annual peak, corn sales surpass forecasts",2023-11-16 18:07:26,Investing.com,"WASHINGTON - U.S. agricultural exports witnessed a significant shift in the week ending on Wednesday, with soybean shipments...",https://www.investing.com/news/commodities-news/us-soybean-exports-hit-annual-peak-corn-sales-surpass-forecasts-93CH-3236847,18
corn,Milk futures and dairy markets decline amid anticipated demand increase,2023-11-07 21:10:22,Investing.com,"On Tuesday, milk futures and cash dairy markets on the Chicago Mercantile Exchange (CME) witnessed a downward trend. November...",https://www.investing.com/news/commodities-news/milk-futures-and-dairy-markets-decline-amid-anticipated-demand-increase-93CH-3225580,18
corn,"Foreign money futures trading sees significant changes, corn prices decline amid geopolitical volatility",2023-11-03 08:26:28,Investing.com,The Chicago Mercantile Exchange (CME) observed considerable shifts in foreign money futures trading on Friday. The currencies...,https://www.investing.com/news/commodities-news/foreign-money-futures-trading-sees-significant-changes-corn-prices-decline-amid-geopolitical-volatility-93CH-3220619,18
corn,"U.S. farm leaders, visiting China, talk up agriculture trade",2023-11-02 09:52:04,Reuters,By Dominique Patton BEIJING (Reuters) - Dozens of U.S. agriculture industry representatives gathered in Beijing on Thursday to...,https://www.investing.com/news/commodities-news/us-farm-leaders-visiting-china-talk-up-agriculture-trade-3218448,18
corn,"Low wheat prices irk Kansas farmers, capping US winter wheat acreage",2023-10-12 10:26:10,Reuters,"By Julie Ingwersen CHICAGO (Reuters) - U.S. farmers are about halfway done planting winter wheat for harvest in 2024, but acreage...",https://www.investing.com/news/commodities-news/low-wheat-prices-irk-kansas-farmers-capping-us-winter-wheat-acreage-3196870,18
corn,"Soybean Export Inspections Surge, Boosting Cbot Futures Trading Prices",2023-10-10 17:18:20,Investing.com,"In the week ending on Sunday, soybean export inspections saw a notable rise, according to a recent report by the U.S. Department...",https://www.investing.com/news/commodities-news/soybean-export-inspections-surge-boosting-cbot-futures-trading-prices-93CH-3195174,18
corn,Earnings season kickoff and September inflation data in focus this week,2023-10-08 22:13:27,Investing.com,"This week, market participants are bracing for the release of key inflation data as well as the start of third-quarter earnings...",https://www.investing.com/news/stock-market-news/earnings-season-kickoff-and-september-inflation-data-in-focus-this-week-93CH-3193166,18
corn,"Purdue University/CME Group's Economy Barometer shows dip, farmland value expectations remain steady",2023-10-06 06:48:07,Investing.com,"In the month of September, Purdue University/CME Group's Economy Barometer revealed a continued decline in agri-producer...",https://www.investing.com/news/commodities-news/purdue-universitycme-groups-economy-barometer-shows-dip-farmland-value-expectations-remain-steady-93CH-3192009,18
corn,CME Group reports record Q3 volumes and robust September performance,2023-10-03 13:38:08,Investing.com,"On Tuesday, CME Group (NASDAQ:CME), the world's leading derivatives marketplace, reported its market statistics for September and...",https://www.investing.com/news/stock-market-news/cme-group-reports-record-q3-volumes-and-robust-september-performance-93CH-3189326,19
corn,Brazil September trade surplus hits record but misses expectations,2023-10-02 18:35:50,Reuters,"BRASILIA (Reuters) - Brazil's trade surplus reached a historic high for September, but fell slightly short of market estimates,...",https://www.investing.com/news/economic-indicators/brazil-september-trade-surplus-hits-record-but-misses-expectations-3188340,19
corn,"Global stocks edge down with data boost fading, shutdown and quarter-end in focus",2023-09-29 20:56:17,Reuters,By Sinéad Carew NEW YORK (Reuters) - MSCI'S global equities ended Friday's choppy session slightly lower as investors prepared...,https://www.investing.com/news/stock-market-news/global-stocks-edge-down-with-data-boost-fading-shutdown-and-quarterend-in-focus-3185849,19
corn,Metals and raw materials surge ahead of Federal Reserve's anticipated statement,2023-09-15 00:42:48,Investing.com,"Ahead of an expected statement from the Federal Reserve, traders have driven a noteworthy rally in the values of metals and other...",https://www.investing.com/news/commodities-news/metals-and-raw-materials-surge-ahead-of-federal-reserves-anticipated-statement-93CH-3175017,19
corn,Rural confidence dips amidst commodity price concerns and drought fears,2023-09-13 03:53:02,Investing.com,"Australian farmers' confidence has taken a hit, with concerns over lower commodity prices and the threat of returning drought...",https://www.investing.com/news/assorted/rural-confidence-dips-amidst-commodity-price-concerns-and-drought-fears-93CH-3173125,19
corn,World food price index back at two-year low despite rice surge -FAO,2023-09-08 08:46:00,Reuters,"PARIS (Reuters) -The United Nations food agency's world price index fell in August to a new two-year low, reversing a rebound...",https://www.investing.com/news/economic-indicators/world-food-price-index-back-at-twoyear-low-despite-rice-surge-fao-3170403,19
corn,U.S. farmer sentiment dips amid rising costs and interest rates,2023-09-06 13:12:37,Investing.com,"US farmers' sentiment has weakened in August compared to July, as indicated by the Purdue University-CME Group Ag Economy...",https://www.investing.com/news/assorted/us-farmer-sentiment-dips-amid-rising-costs-and-interest-rates-93CH-3168690,19
corn,Philippines and ASEAN nations ink MOU for agricultural cooperation and small business development,2023-09-06 11:04:43,Investing.com,The private sectors from the Philippines and eight Southeast Asian Nations-Business Advisory Council (ASEAN-BAC) member states...,https://www.investing.com/news/assorted/philippines-and-asean-nations-ink-mou-for-agricultural-cooperation-and-small-business-development-93CH-3168499,19
corn,"Inflation data, Broadcom earnings, Lululemon: 3 things to watch",2023-08-30 19:31:56,Investing.com,Investing.com -- Stocks were rising as investors anticipate jobs data on Friday that could convince the Federal Reserve to pause...,https://www.investing.com/news/stock-market-news/inflation-data-broadcom-earnings-lululemon-3-things-to-watch-3164682,19
corn,Take Five: Farewell to a bruising August,2023-08-28 07:55:33,Reuters,(Reuters) -Bruised bond market investors will seek some solace from U.S. jobs data and European inflation numbers out in the week...,https://www.investing.com/news/economy/take-five-farewell-to-a-bruising-august-3162271,19
corn,Analysis-Brazil clears bottlenecks to oust US as top corn exporter,2023-08-24 10:17:16,Reuters,"By Ana Mano SAO PAULO (Reuters) - Brazil is set to overtake the U.S. this year as the world's top corn exporter, reflecting both...",https://www.investing.com/news/commodities-news/analysisbrazil-clears-bottlenecks-to-oust-us-as-top-corn-exporter-3160529,20
corn,US escalates Mexico corn trade spat with dispute panel request,2023-08-17 20:27:12,Reuters,By David Lawder WASHINGTON (Reuters) -The United States on Thursday escalated its objections to Mexico's curbs on genetically...,https://www.investing.com/news/commodities-news/us-escalates-mexico-corn-trade-spat-with-dispute-panel-request-3156760,20
corn,US to escalate claim that Mexico corn policy violates trade pact - Bloomberg News,2023-08-17 06:25:43,Reuters,(Reuters) - The United States is preparing to escalate its complaint that Mexico's ban on genetically modified corn violates the...,https://www.investing.com/news/commodities-news/us-to-escalate-claim-that-mexico-corn-policy-violates-trade-pact-bloomberg-news-3156059,20
corn,Russian attack damages grain silos at Ukraine's Danube port of Reni - Kyiv,2023-08-16 08:52:53,Reuters,By Pavel Polityuk KYIV (Reuters) - Russian drone strikes damaged grain silos and warehouses at the Ukrainian river port of Reni...,https://www.investing.com/news/commodities-news/russian-attack-damages-grain-silos-at-ukraines-danube-port-of-reni--kyiv-3155117,20
corn,"US import prices rebound in July, trend remains soft",2023-08-15 13:46:15,Reuters,"WASHINGTON (Reuters) - U.S. import prices rebounded more than expected in July amid higher costs for petroleum products and food,...",https://www.investing.com/news/economic-indicators/us-import-prices-rebound-in-july-trend-remains-soft-3154651,20
corn,World food prices fall again in June - UN food agency,2023-07-07 08:21:08,Reuters,"ROME (Reuters) - The United Nations food agency's world price index fell in June to its lowest level in more than two years,...",https://www.investing.com/news/commodities-news/world-food-prices-fall-again-in-june--un-food-agency-3121308,20
corn,"Hog Herds to Shrink as US Farms Lose Money, Smithfield Warns",2023-06-22 16:12:31,Bloomberg,(Bloomberg) -- American pig farmers are losing so much money that some may soon start selling the corn they would normally use to...,https://www.investing.com/news/commodities-news/hog-herds-to-shrink-as-us-farms-lose-money-smithfield-warns-3111286,20
corn,"Biden 2023 Trade To-Do List Puts Frameworks, Rules Action at Top",2023-03-01 19:54:15,Bloomberg,(Bloomberg) -- President Joe Biden’s 2023 trade agenda will focus on creating new frameworks outside traditional free-trade...,https://www.investing.com/news/politics/biden-2023-trade-todo-list-puts-frameworks-rules-action-at-top-3019345,20
corn,Wheat falls to 10-week low as Ukraine grain deal is extended,2022-11-17 10:04:51,Investing.com,"By Geoffrey Smith 
Investing.com -- Wheat prices fell on Thursday after Ukraine and Turkey confirmed that the deal to safeguard...",https://www.investing.com/news/commodities-news/wheat-falls-to-10week-low-as-ukraine-grain-deal-is-extended-2946560,20
corn,Wheat Prices Fall as Russia Rejoins Black Sea Deal on Safe Passage,2022-11-02 11:49:38,Investing.com,"By Geoffrey Smith
Investing.com -- World wheat prices fell nearly 6% after Russia said it will rejoin the UN-sponsored deal...",https://www.investing.com/news/commodities-news/wheat-prices-fall-as-russia-rejoins-black-sea-deal-on-safe-passage-2929345,20
corn,"Tesla-Glencore Talks, Russia Grain Deal, Lula Victory - What's Moving Markets",2022-10-31 10:52:17,Investing.com,"By Geoffrey Smith
Investing.com -- Tesla eyes radical steps to lock in supplies of key battery metals, while Apple's main supplier...",https://www.investing.com/news/economy/teslaglencore-talks-russia-grain-deal-lula-victory--whats-moving-markets-2926746,21
corn,Wheat Futures Rise 6% as Russia Abandons Grain Deal with Ukraine,2022-10-31 09:00:02,Investing.com,"By Geoffrey Smith 
Investing.com -- Wheat Futures jumped nearly 6% at the open on Monday in Europe after Russia pulled out of an...",https://www.investing.com/news/commodities-news/wheat-futures-rise-6-as-russia-abandons-grain-deal-with-ukraine-2926468,21
corn,Grain Prices Ease as First Ship Leaves Ukraine Port Under UN Deal,2022-08-01 12:08:01,Investing.com,"By Geoffrey Smith 
Investing.com -- Grain prices eased on Monday after a ship left a Ukrainian port with a cargo of corn for the...",https://www.investing.com/news/commodities-news/grain-prices-ease-as-first-ship-leaves-ukraine-port-under-un-deal-2859387,21
corn,"China Slows, Ukraine Grain Ship, Shale Earnings - What's Moving Markets",2022-08-01 10:39:15,Investing.com,"By Geoffrey Smith
Investing.com -- China's economy slowed again in July, suggesting a rocky road to full recovery. PMIs from...",https://www.investing.com/news/economy/china-slows-ukraine-grain-ship-shale-earnings--whats-moving-markets-2859188,21
corn,Wheat Climbs After Five-Day Slump With Rising Supply in Focus,2022-07-18 06:36:16,Bloomberg,(Bloomberg) -- Wheat snapped a run of declines with investors assessing a broader rise in commodities against the outlook for...,https://www.investing.com/news/commodities-news/wheat-climbs-after-fiveday-slump-with-rising-supply-in-focus-2848251,21
corn,Energy & Precious Metals - Weekly Review and Outlook,2022-02-27 09:10:58,Investing.com,"By Barani Krishnan
Investing.com -- The Big V is back. And it stands for volatility. Commodities from crude oil to gas, gold,...",https://www.investing.com/news/commodities-news/energy--precious-metals--weekly-review-and-outlook-2773232,21
corn,The Great Commodities Boom of 2021 Is Facing Its First Big Test,2021-05-20 13:45:38,Bloomberg,"(Bloomberg) -- One of the biggest commodities booms in decades is looking for a fresh reason to power higher.
Markets from copper...",https://www.investing.com/news/stock-market-news/the-great-commodities-boom-of-2021-is-facing-its-first-big-test-2512149,21
corn,"Dollar Falls, Musk's New Antagonist, IEA Warning - What's Moving Markets",2021-05-18 10:31:32,Investing.com,"By Geoffrey Smith 
Investing.com -- The dollar fell to its lowest in nearly three months as Federal Reserve officials continued to...",https://www.investing.com/news/economy/dollar-falls-musks-new-antagonist-iea-warning--whats-moving-markets-2509304,21
corn,"Retail Sales, Stocks Rebound, Colonial Restarts  - What's Moving Markets",2021-05-14 10:37:29,Investing.com,"By Geoffrey Smith 
Investing.com -- Stocks and other risk assets are rebounding after heavy sell-offs but retail sales data for...",https://www.investing.com/news/economy/retail-sales-stocks-rebound-colonial-restarts---whats-moving-markets-2506496,21
corn,Comic: Commodities' Streak Ahead,2021-05-04 16:46:58,Investing.com,"By Geoffrey Smith
Investing.com -- The rally in stock markets may be faltering, but it seems like nothing can stop the commodities...",https://www.investing.com/news/commodities-news/comic-commodities-streak-ahead-2494784,21
corn,"Tesla's Bitcoin-Fueled Profit, Peak Earnings Season, FOMC - What's Moving Markets",2021-04-27 10:35:38,Investing.com,"By Geoffrey Smith 
Investing.com -- Tesla (NASDAQ:TSLA) reported record profits, which were, however, entirely due to sales of...",https://www.investing.com/news/economy/teslas-bitcoinfueled-profit-peak-earnings-season-fomc--whats-moving-markets-2486216,22
corn,"Commodities Surge, Tesla Earnings, Durable Goods - What's Moving Markets",2021-04-26 10:27:45,Investing.com,"By Geoffrey Smith 
Investing.com -- Industrial and agricultural commodities prices hit multiyear highs in sync, albeit for...",https://www.investing.com/news/economy/commodities-surge-tesla-earnings-durable-goods--whats-moving-markets-2484884,22
corn,Energy & Precious Metals - Weekly Review and Calendar Ahead,2020-01-19 13:37:00,Investing.com,"By Barani Krishnan 
Investing.com - It finally got done. And we’re back to arguing what good it can do, now that it’s...",https://www.investing.com/news/commodities-news/energy--precious-metals--weekly-review-and-calendar-ahead-2062740,22
corn,"Stocks - China Growth, Easing Trade Tensions Fuel Wall Street Rally",2019-12-16 22:17:00,Investing.com,"Investing.com – Stocks surged Monday with the major indexes hitting all-time highs and closing highs.
The catalysts were...",https://www.investing.com/news/stock-market-news/stocks--china-growth-easing-trade-tensions-fuel-wall-street-rally-2042394,22
corn,"Stocks - Boeing, Walgreens Boost Dow; China Stalls Market",2019-11-11 22:05:00,Investing.com,"Investing.com – Stocks overall struggled on Monday, but the Dow was pushed higher by gains in Boeing and  Walgreen Boots...",https://www.investing.com/news/stock-market-news/stocks--boeing-walgreens-boost-dow-china-stalls-market-2018167,22
corn,China's Trump Retaliation Options Range From Soybeans to Boeing,2019-08-02 08:44:00,Bloomberg,(Bloomberg) -- After President Donald Trump blindsided Xi Jinping by raising tariffs just days after the end of trade talks that...,https://www.investing.com/news/economy/chinas-trump-retaliation-options-range-from-soybeans-to-boeing-1943725,22
corn,What to Watch in Commodities: Winners and Losers in Second Half,2019-07-08 07:11:00,Bloomberg,"(Bloomberg) -- After taking a knock last year, raw materials had a mixed first half, with a gauge of spot prices climbing about 7%...",https://www.investing.com/news/commodities-news/what-to-watch-in-commodities-winners-and-losers-in-second-half-1917059,22
corn,Soybeans May Be Next Market to Surge as U.S. Showers Drag On,2019-06-24 08:50:00,Bloomberg,"(Bloomberg) -- Corn prices have been on an epic run. Now, soybeans could soon be catching up.
With more rains forecast for the...",https://www.investing.com/news/commodities-news/soybeans-may-be-next-market-to-surge-as-us-showers-drag-on-1905420,22
corn,"Stocks - Wall Street Plunges on Trade, Growth Worries",2019-05-23 20:32:00,Investing.com,Investing.com - Stocks took a beating Thursday as investors worried that a U.S.-China trade war could drag on indefinitely and sap...,https://www.investing.com/news/stock-market-news/stocks--wall-street-plunges-on-trade-growth-worries-1877580,22
corn,"Hog, Corn Futures Jump as U.S., Mexico Agree on Trade Deal",2018-08-27 15:50:00,Bloomberg,"(Bloomberg) -- The agriculture markets are getting a lift as U.S. trade relations improve with Mexico, one of the largest foreign...",https://www.investing.com/news/commodities-news/hog-corn-futures-jump-as-us-mexico-agree-on-trade-deal-1588127,22
corn,China Tariffs Blindside U.S. Farmers at Worst Possible Time,2018-04-05 14:32:00,Bloomberg,"(Bloomberg) -- Planting season, always a critical time for farmers, just became more nerve-wracking for U.S. growers of soybeans...",https://www.investing.com/news/economy-news/china-tariffs-blindside-us-farmers-at-worst-possible-time-1380167,23
corn,World stocks advance as trade war worries ease,2018-04-05 11:40:18,Reuters,By Kit Rees LONDON (Reuters) - World stocks edged higher on Thursday as investors responded to signs of an easing of Sino-U.S....,https://www.investing.com/news/stock-market-news/asia-shares-bounce-from-twomonth-lows-as-trade-war-fears-ebb-1379108,23
corn,Top 5 Things to Know in the Market on Wednesday,2018-04-04 09:30:31,Investing.com,"Investing.com - Here are the top five things you need to know in financial markets on Wednesday, April 4:
1. China Announces...",https://www.investing.com/news/economy-news/top-5-things-to-know-in-the-market-on-wednesday-1376930,23
corn,China Hits U.S. Where It Hurts With 25% Tariff on Soybeans,2018-04-04 09:01:00,Bloomberg,(Bloomberg) -- China said it will levy reciprocal tariffs on U.S. soybeans in a significant escalation of trade tensions between...,https://www.investing.com/news/commodities-news/china-hits-us-where-it-hurts-with-25-tariff-on-soybeans-1376889,23
corn,Grain glut leaves U.S. farmers facing losses from specialty corn,2018-01-11 23:32:27,Reuters,By Michael Hirtzer CHICAGO (Reuters) - U.S. farmers who sought to boost revenues by planting corn used to make tortillas may be...,https://www.investing.com/news/stock-market-news/grain-glut-leaves-us-farmers-facing-losses-from-specialty-corn-1094888,23
corn,"White House denies Trump order on biofuels program pending, markets roiled",2017-02-28 23:27:45,Reuters,By Chris Prentice (Reuters) - The White House on Tuesday denied that President Donald Trump planned to issue an executive order...,https://www.investing.com/news/stock-market-news/trump-to-shift-biofuel-blending-burden-off-refiners:-u.s.-ethanol-group-462704,23
corn,Strong dollar impeding U.S. grain export growth,2016-12-09 17:59:50,Investing.com,"Investing.com - The strong dollar is ""impeding"" U.S. exports of wheat, corn, and soybeans.
The USD/JPY closed up on Friday.
The...",https://www.investing.com/news/commodities-news/strong-dollar-impeding-u.s.-grain-export-growth-446877,23
corn,Grain futures - weekly outlook: July 13 - 17,2015-07-12 13:37:22,Investing.com,"Investing.com - U.S. corn futures rallied to a 13-month high on Friday, after the U.S. Department of Agriculture lowered their...",https://www.investing.com/news/commodities-news/grain-futures---weekly-outlook:-july-13---17-350797,23
corn,U.S. soybeans bounce off 1-week low on U.S. weather concerns,2015-07-09 10:00:32,Investing.com,Investing.com - U.S. soybean futures rose for the second consecutive session on Thursday to move further away from a more than...,https://www.investing.com/news/commodities-news/u.s.-soybeans-bounce-off-1-week-low-on-u.s.-weather-concerns-350372,23
corn,U.S. soybeans struggle near 1-week low on upbeat crop prospects,2015-07-08 10:07:44,Investing.com,Investing.com - U.S. soybean futures fell for the fifth consecutive session on Wednesday to hit a more than one-week low as...,https://www.investing.com/news/commodities-news/u.s.-soybeans-struggle-near-1-week-low-on-upbeat-crop-prospects-350167,23
corn,U.S. soybean futures fall to 1-week low on improving crop prospects,2015-07-07 10:46:27,Investing.com,Investing.com - U.S. soybean futures extended losses from the previous session on Tuesday to hit a one-week low amid improving...,https://www.investing.com/news/commodities-news/u.s.-soybean-futures-fall-to-1-week-low-on-improving-crop-prospects-349971,24
corn,U.S. grain futures plunge as risk aversion mounts on Grexit jitters,2015-07-06 11:15:01,Investing.com,"Investing.com - U.S. grain futures fell sharply on Monday, as risk aversion dominated commodity markets amid heightened fears of a...",https://www.investing.com/news/commodities-news/u.s.-grain-futures-plunge-as-risk-aversion-mounts-on-grexit-jitters-349795,24
corn,U.S. wheat futures trade near 6-month high ahead of USDA reports,2015-06-30 10:13:23,Investing.com,"Investing.com - U.S. wheat futures traded near a six-month peak on Tuesday, amid mounting concerns over the pace of the...",https://www.investing.com/news/commodities-news/u.s.-wheat-futures-trade-near-6-month-high-ahead-of-usda-reports-348872,24
corn,U.S. wheat futures rally to 6-month peak on harvest concerns,2015-06-29 10:13:44,Investing.com,"Investing.com - U.S. wheat futures rallied to a six-month high on Monday, amid speculation excessive rainfall in the U.S. Midwest...",https://www.investing.com/news/commodities-news/u.s.-wheat-futures-rally-to-6-month-peak-on-harvest-concerns-348645,24
corn,Grain futures - weekly outlook: June 29 - July 3,2015-06-28 13:21:52,Investing.com,"Investing.com - U.S. wheat futures soared almost 6% on Friday, amid speculation excessive rainfall in the U.S. Midwest will damage...",https://www.investing.com/news/commodities-news/grain-futures---weekly-outlook:-june-29---july-3-348564,24
corn,U.S. wheat futures pull back from 2-week high,2015-06-25 10:02:44,Investing.com,"Investing.com - U.S. wheat futures moved further away from a two-week high on Thursday, but losses were limited amid growing...",https://www.investing.com/news/commodities-news/u.s.-wheat-futures-pull-back-from-2-week-high-348161,24
corn,"U.S. wheat, corn futures decline after Tuesday's sharp rally",2015-06-24 10:08:08,Investing.com,"Investing.com - U.S. wheat and corn futures declined on Wednesday, one day after posting strong gains on the back of growing...","https://www.investing.com/news/commodities-news/u.s.-wheat,-corn-futures-decline-after-tuesday's-sharp-rally-347955",24
corn,U.S. soybean futures rally to 15-week high on crop concerns,2015-06-23 10:12:21,Investing.com,"Investing.com - U.S. soybean futures rose to a 15-week high on Tuesday, amid growing worries over crop conditions in the...",https://www.investing.com/news/commodities-news/u.s.-soybean-futures-rally-to-15-week-high-on-crop-concerns-347767,24
corn,U.S. corn futures slump to 1-week low on ideal crop weather,2015-06-22 10:14:38,Investing.com,Investing.com - U.S. corn futures declined for the third consecutive session on Monday to hit a one-week low on forecasts for...,https://www.investing.com/news/commodities-news/u.s.-corn-futures-slump-to-1-week-low-on-ideal-crop-weather-347587,24
corn,Grain futures - weekly outlook: June 22 - 26,2015-06-21 12:58:58,Investing.com,"Investing.com - U.S. soybean futures declined for the first time in four sessions on Friday, as investors cashed out of the market...",https://www.investing.com/news/commodities-news/grain-futures--weekly-outlook-june-22--26-347502,24
corn,U.S. soybean futures ease off 5-week high on profit-taking,2015-06-18 11:08:51,Investing.com,"Investing.com - U.S. soybean futures declined for the first time in three sessions on Thursday, as investors cashed out of the...",https://www.investing.com/news/commodities-news/u.s.-soybean-futures-ease-off-5-week-high-on-profit-taking-347170,25
corn,"U.S. soybean futures rally to 5-week high on crop, planting concerns",2015-06-17 10:04:32,Investing.com,Investing.com - U.S. soybean futures extended strong gains from the previous session on Wednesday to hit a five-week high amid...,"https://www.investing.com/news/commodities-news/u.s.-soybean-futures-rally-to-5-week-high-on-crop,-planting-concerns-346951",25
corn,U.S. corn futures bounce off 8-month low in early trade,2015-06-16 10:58:35,Investing.com,"Investing.com - U.S. corn futures rose for the first time in six sessions on Tuesday, as investors returned to the market to seek...",https://www.investing.com/news/commodities-news/u.s.-corn-futures-bounce-off-8-month-low-in-early-trade-346777,25
corn,"U.S. wheat, corn slump to 2-week low on upbeat supply outlook",2015-06-15 10:09:32,Investing.com,Investing.com - U.S. wheat and corn futures extended losses from the previous session on Monday to hit two-week lows amid optimism...,"https://www.investing.com/news/commodities-news/u.s.-wheat,-corn-slump-to-2-week-low-on-upbeat-supply-outlook-346588",25
corn,U.S. wheat drops to 1-week low after USDA raises supply forecast,2015-06-11 10:21:02,Investing.com,Investing.com - U.S. wheat futures extended sharp losses from the previous session on Thursday to hit a one-week low after the...,https://www.investing.com/news/commodities-news/u.s.-wheat-drops-to-1-week-low-after-usda-raises-supply-forecast-346133,25
corn,U.S. wheat futures climb to 2-month high before USDA supply report,2015-06-10 10:53:40,Investing.com,"Investing.com - U.S. wheat futures rose to a two-month high on Wednesday, as investors looked ahead to the U.S. Department of...",https://www.investing.com/news/commodities-news/u.s.-wheat-futures-climb-to-2-month-high-before-usda-supply-report-345921,25
corn,U.S. grain futures mixed ahead of USDA supply report,2015-06-09 10:20:50,Investing.com,"Investing.com - U.S. grain futures were mixed in subdued trade on Tuesday, as market players awaited the release of the U.S....",https://www.investing.com/news/commodities-news/u.s.-grain-futures-mixed-ahead-of-usda-supply-report-345711,25
corn,U.S. wheat futures push higher on crop concerns,2015-06-08 11:18:33,Investing.com,"Investing.com - U.S. wheat futures rose on Monday, amid renewed concerns over the health of the winter-wheat crop. Market players...",https://www.investing.com/news/commodities-news/u.s.-wheat-futures-push-higher-on-crop-concerns-345532,25
corn,Grain futures - weekly outlook: June 8 - 12,2015-06-07 12:46:44,Investing.com,"Investing.com - U.S. wheat futures ended lower on Friday, as investors sold contracts to lock in gains from a sharp rally which...",https://www.investing.com/news/commodities-news/grain-futures---weekly-outlook:-june-8---12-345425,25
corn,U.S. wheat futures fall for 2nd day as short-covering rally fades,2015-06-04 10:52:32,Investing.com,"Investing.com - U.S. wheat futures declined for the second consecutive session on Thursday, as a short-covering rally which...",https://www.investing.com/news/commodities-news/u.s.-wheat-futures-fall-for-2nd-day-as-short-covering-rally-fades-345032,25
corn,"U.S. grain prices rise despite planting progress, ideal crop weather",2015-06-02 10:13:41,Investing.com,"Investing.com - U.S. grain futures edged higher on Tuesday, with wheat prices extending strong gains from the previous session as...","https://www.investing.com/news/commodities-news/u.s.-grain-prices-rise-despite-planting-progress,-ideal-crop-weather-344611",26
corn,U.S. grain futures slump on ideal crop weather,2015-06-01 10:23:33,Investing.com,"Investing.com - U.S. grain futures edged lower on Monday, on forecasts for ideal weather in the Great-Plains region and amid...",https://www.investing.com/news/commodities-news/u.s.-grain-futures-slump-on-ideal-crop-weather-344397,26
corn,Grain futures - weekly outlook: June 1 - 5,2015-05-31 13:10:38,Investing.com,"Investing.com - U.S. wheat futures fell sharply on Friday to hit the lowest level in more than two weeks on forecasts for drier,...",https://www.investing.com/news/commodities-news/grain-futures---weekly-outlook:-june-1---5-344291,26
corn,U.S. corn futures hold near 7-month low on U.S. planting progress,2015-05-28 10:05:53,Investing.com,"Investing.com - U.S. corn futures struggled near the lowest level in seven months on Thursday, amid indications of rapid planting...",https://www.investing.com/news/commodities-news/u.s.-corn-futures-hold-near-7-month-low-on-u.s.-planting-progress-343865,26
corn,"U.S. wheat futures fall to 2-week low, corn at 7-month trough",2015-05-27 10:08:28,Investing.com,"Investing.com - U.S. wheat futures fell to a two-week low on Wednesday, after data showed that crop conditions in the Midwest held...","https://www.investing.com/news/commodities-news/u.s.-wheat-futures-fall-to-2-week-low,-corn-at-7-month-trough-343667",26
corn,U.S. soybean futures trade near 8-month low on planting progress,2015-05-26 10:08:10,Investing.com,"Investing.com - U.S. soybean futures inched up modestly on Tuesday, but held near the lowest level in almost eight months amid...",https://www.investing.com/news/commodities-news/u.s.-soybean-futures-trade-near-8-month-low-on-planting-progress-343485,26
corn,U.S. soybean futures bounce off 7-month low on bargain buying,2015-05-21 10:09:17,Investing.com,"Investing.com - U.S. soybean futures rose for the first time in three sessions on Thursday, as investors returned to the market to...",https://www.investing.com/news/commodities-news/u.s.-soybean-futures-bounce-off-7-month-low-on-bargain-buying-342883,26
corn,U.S. soybean futures slump to 7-month low on planting progress,2015-05-20 10:11:34,Investing.com,"Investing.com - U.S. soybean futures fell to a seven-month low on Wednesday, amid indications of rapid planting progress in the...",https://www.investing.com/news/commodities-news/u.s.-soybean-futures-slump-to-7-month-low-on-planting-progress-342686,26
corn,"U.S. wheat futures fall from 6-week peak, Midwest rains in focus",2015-05-19 10:59:07,Investing.com,"Investing.com - U.S. wheat futures declined on Tuesday, as investors booked profits one day after prices rallied to the highest...","https://www.investing.com/news/commodities-news/u.s.-wheat-futures-fall-from-6-week-peak,-midwest-rains-in-focus-342488",26
corn,U.S. corn futures hit 1-week low on rapid U.S. planting progress,2015-05-12 10:07:25,Investing.com,"Investing.com - U.S. corn futures fell to a one-week low on Tuesday, after a report from the U.S. Department of Agriculture showed...",https://www.investing.com/news/commodities-news/u.s.-corn-futures-hit-1-week-low-on-rapid-u.s.-planting-progress-341386,26
corn,U.S. grain futures edge higher ahead of USDA report,2015-05-11 10:50:37,Investing.com,"Investing.com - U.S. grain futures were modestly higher on Monday, as market players awaited the release of the U.S. Department of...",https://www.investing.com/news/commodities-news/u.s.-grain-futures-edge-higher-ahead-of-usda-report-341218,27
corn,Grain futures - weekly outlook: May 11 - 15,2015-05-10 13:13:29,Investing.com,"Investing.com - U.S. wheat futures rallied sharply on Friday, amid fresh concerns over crop prospects in the U.S. Midwest and...",https://www.investing.com/news/commodities-news/grain-futures---weekly-outlook:-may-11---15-341122,27
corn,U.S. corn futures ease from 1-week high on Midwest planting outlook,2015-05-07 11:00:57,Investing.com,"Investing.com - U.S. corn futures fell from the previous session's one-week peak on Thursday, as crop-friendly weather in the U.S....",https://www.investing.com/news/commodities-news/u.s.-corn-futures-ease-from-1-week-high-on-midwest-planting-outlook-340710,27
corn,U.S. soybean futures rise for 3rd day as soy oil extends rally,2015-05-06 10:23:29,Investing.com,"Investing.com - U.S. soybean futures rose for the third consecutive session on Wednesday, supported by strong gains in the soy oil...",https://www.investing.com/news/commodities-news/u.s.-soybean-futures-rise-for-3rd-day-as-soy-oil-extends-rally-340492,27
corn,U.S. corn hits fresh 6-month low on U.S. planting progress,2015-05-05 10:05:38,Investing.com,"Investing.com - U.S. corn futures tumbled to the lowest level in more than six months on Tuesday, after a report from the U.S....",https://www.investing.com/news/commodities-news/u.s.-corn-hits-fresh-6-month-low-on-u.s.-planting-progress-340274,27
corn,U.S. corn hits 6-month low ahead of USDA planting progress report,2015-05-04 10:09:59,Investing.com,"Investing.com - U.S. corn futures declined for the third consecutive session on Monday, amid indications of rapid planting...",https://www.investing.com/news/commodities-news/u.s.-corn-hits-6-month-low-ahead-of-usda-planting-progress-report-340088,27
corn,Grain futures - weekly outlook: May 4 - 8,2015-05-03 12:55:47,Investing.com,"Investing.com - U.S. corn futures fell to the lowest level in nearly six months on Friday, amid indications of rapid planting...",https://www.investing.com/news/commodities-news/grain-futures---weekly-outlook:-may-4---8-339992,27
corn,"U.S. wheat, corn futures move further off multi-month lows",2015-04-30 10:12:02,Investing.com,"Investing.com - U.S. wheat and corn futures extended gains from the previous session on Thursday, as investors returned to the...","https://www.investing.com/news/commodities-news/u.s.-wheat,-corn-futures-move-further-off-multi-month-lows-339647",27
corn,Corn futures trade near 6-month low on U.S. planting progress,2015-04-29 09:42:04,Investing.com,"Investing.com - U.S. corn futures traded near the lowest level in almost six months on Wednesday, amid indications of rapid...",https://www.investing.com/news/commodities-news/corn-futures-trade-near-6-month-low-on-u.s.-planting-progress-339435,27
corn,"Wheat, corn futures fall to multi-month lows on U.S. planting progress",2015-04-28 10:10:14,Investing.com,"Investing.com - U.S. wheat and corn futures fell to the lowest level in almost seven months on Tuesday, after a report from the...","https://www.investing.com/news/commodities-news/wheat,-corn-futures-fall-to-multi-month-lows-on-u.s.-planting-progress-339223",27
corn,Corn futures fall for 6th straight session on U.S. planting progress,2015-04-27 10:19:19,Investing.com,Investing.com - U.S. corn futures fell for the sixth consecutive session on Monday to trade near the lowest level in more than...,https://www.investing.com/news/commodities-news/corn-futures-fall-for-6th-straight-session-on-u.s.-planting-progress-339043,28
corn,Grain futures - weekly outlook: April 27 - May 1,2015-04-26 12:16:13,Investing.com,"Investing.com - U.S. corn futures fell to the lowest level in more than five months on Friday, amid indications of rapid planting...",https://www.investing.com/news/commodities-news/grain-futures---weekly-outlook:-april-27---may-1-338949,28
corn,Corn futures fall to 1-week low on rapid U.S. planting progress,2015-04-22 09:50:10,Investing.com,"Investing.com - U.S. corn futures fell for the third consecutive session on Wednesday, amid indications of rapid planting progress...",https://www.investing.com/news/commodities-news/corn-futures-fall-to-1-week-low-on-rapid-u.s.-planting-progress-338305,28
corn,Corn futures drop on U.S. planting progress,2015-04-21 10:47:29,Investing.com,"Investing.com - U.S. corn futures fell for the second consecutive session on Tuesday, after a report from the U.S. Department of...",https://www.investing.com/news/commodities-news/corn-futures-drop-on-u.s.-planting-progress-338105,28
corn,Corn futures rise to 8-day high on U.S. planting delays,2015-04-20 10:14:58,Investing.com,"Investing.com - U.S. corn futures traded rose to an eight-day peak on Monday, amid ongoing concerns over wet weather delaying...",https://www.investing.com/news/commodities-news/corn-futures-rise-to-8-day-high-on-u.s.-planting-delays-337917,28
corn,Grain futures - weekly outlook: April 20 - 24,2015-04-19 12:27:32,Investing.com,"Investing.com - U.S. corn futures rose to a more than one-week high on Friday, as concerns over wet weather delaying planting in...",https://www.investing.com/news/commodities-news/grain-futures---weekly-outlook:-april-20---24-337824,28
corn,Wheat futures trade close to 6-week low on U.S. rainfall,2015-04-16 09:50:02,Investing.com,"Investing.com - U.S. wheat futures traded close to a six-week low on Thursday, after agricultural meteorologists forecast further...",https://www.investing.com/news/commodities-news/wheat-futures-trade-close-to-6-week-low-on-u.s.-rainfall-337394,28
corn,Wheat futures fall to fresh 4-week low on more U.S. rainfall,2015-04-15 10:00:39,Investing.com,"Investing.com - U.S. wheat futures fell to a fresh four-week low on Wednesday, after agricultural meteorologists forecast further...",https://www.investing.com/news/commodities-news/wheat-futures-fall-to-fresh-4-week-low-on-more-u.s.-rainfall-337159,28
corn,Wheat futures extend losses to hit 4-week low on U.S. rainfall,2015-04-14 10:11:39,Investing.com,"Investing.com - U.S. wheat futures extended losses from the previous session to hit a four-week low on Tuesday, after agricultural...",https://www.investing.com/news/commodities-news/wheat-futures-extend-losses-to-hit-4-week-low-on-u.s.-rainfall-336947,28
corn,Wheat futures tumble 2% as U.S. weather improves,2015-04-13 11:17:41,Investing.com,"Investing.com - U.S. wheat futures tumbled on Monday, as much-needed rainfall in the U.S. grain belt eased concerns over the...",https://www.investing.com/news/commodities-news/wheat-futures-tumble-2-as-u.s.-weather-improves-336763,28
corn,Grain futures - weekly outlook: April 13 - 17,2015-04-12 13:21:56,Investing.com,"Investing.com - U.S. soybean futures tumbled to a six-month low on Friday, as optimism over the outlook for supplies in South...",https://www.investing.com/news/commodities-news/grain-futures---weekly-outlook:-april-13---17-336665,29
corn,U.S. soybeans fall to 1-week low amid ample global supplies,2015-04-08 10:08:52,Investing.com,"Investing.com - U.S. soybean futures fell to a one-week low on Wednesday, as optimism over the outlook for supplies in Brazil and...",https://www.investing.com/news/commodities-news/u.s.-soybeans-fall-to-1-week-low-amid-ample-global-supplies-336072,29
corn,Wheat futures decline for 2nd day as U.S. weather improves,2015-04-07 10:48:42,Investing.com,"Investing.com - U.S. wheat futures declined for the second consecutive session on Tuesday, as forecasts for much-needed rainfall...",https://www.investing.com/news/commodities-news/wheat-futures-decline-for-2nd-day-as-u.s.-weather-improves-335884,29
corn,Wheat futures trade close to 7-week peak on U.S. weather concerns,2015-04-06 10:39:21,Investing.com,Investing.com - U.S. wheat futures rallied for the third straight session on Monday to trade close to a seven-week high as a lack...,https://www.investing.com/news/commodities-news/wheat-futures-trade-close-to-7-week-peak-on-u.s.-weather-concerns-335729,29
corn,Grain futures - weekly outlook: April 6 - 10,2015-04-05 12:40:20,Investing.com,"Investing.com - U.S. wheat futures rose to a six-week peak on Thursday, as a lack of rainfall in the U.S. grain belt fuelled...",https://www.investing.com/news/commodities-news/grain-futures---weekly-outlook:-april-6---10-335665,29
corn,U.S. grain futures mostly lower ahead of Easter holiday,2015-04-02 10:13:44,Investing.com,"Investing.com - U.S. grain futures were mostly lower on Thursday, as investors readjusted positions ahead of the Easter holiday...",https://www.investing.com/news/commodities-news/u.s.-grain-futures-mostly-lower-ahead-of-easter-holiday-335397,29
corn,U.S. corn futures rebound after plunging 4% on Tuesday,2015-04-01 10:56:31,Investing.com,"Investing.com - U.S. corn futures regained strength on Wednesday, one day after plunging more than 4% after the U.S. Department of...",https://www.investing.com/news/commodities-news/u.s.-corn-futures-rebound-after-plunging-4-on-tuesday-335216,29
corn,U.S. wheat futures trade near 1-week high ahead of USDA report,2015-03-31 10:44:04,Investing.com,Investing.com - U.S. wheat futures rose to a one-week high on Tuesday before turning modestly lower as investors readjusted...,https://www.investing.com/news/commodities-news/u.s.-wheat-futures-trade-near-1-week-high-ahead-of-usda-report-335007,29
corn,U.S. wheat futures rise for second day ahead of USDA planting report,2015-03-30 10:27:59,Investing.com,"Investing.com - U.S. wheat futures extended strong gains from the previous session on Monday, as market players turned their...",https://www.investing.com/news/commodities-news/u.s.-wheat-futures-rise-for-second-day-ahead-of-usda-planting-report-334797,29
corn,Grain futures - weekly outlook: March 30 - April 3,2015-03-29 12:50:47,Investing.com,Investing.com - U.S. soybean futures fell for the fourth consecutive session on Friday to hit a one-week low as optimism over the...,https://www.investing.com/news/commodities-news/grain-futures---weekly-outlook:-march-30---april-3-334687,29
corn,U.S. corn futures extend rally to hit 2-1/2 month high,2015-03-26 11:09:05,Investing.com,Investing.com - U.S. corn rose for the fifth consecutive session on Thursday to trade at the highest level in more than two...,https://www.investing.com/news/commodities-news/u.s.-corn-futures-extend-rally-to-hit-2-1-2-month-high-334293,30
corn,U.S. corn futures extend rally to hit 4-week high,2015-03-25 11:13:54,Investing.com,"Investing.com - U.S. corn rose for the fourth consecutive session on Wednesday to trade at the highest level in almost four weeks,...",https://www.investing.com/news/commodities-news/u.s.-corn-futures-extend-rally-to-hit-4-week-high-334083,30
corn,U.S. wheat drops from 5-week high as crop conditions improve,2015-03-24 11:11:57,Investing.com,"Investing.com - U.S. wheat futures fell from the previous session's five-week peak on Tuesday, after the U.S. Department of...",https://www.investing.com/news/commodities-news/u.s.-wheat-drops-from-5-week-high-as-crop-conditions-improve-333874,30
corn,"U.S. wheat jumps to 5-week high on crop concerns, dollar weakness",2015-03-23 11:50:03,Investing.com,Investing.com - U.S. wheat futures extended strong gains from the previous session on Monday to hit a five-week high as concerns...,"https://www.investing.com/news/commodities-news/u.s.-wheat-jumps-to-5-week-high-on-crop-concerns,-dollar-weakness-333694",30
corn,Grain futures - weekly outlook: March 23 - 27,2015-03-22 13:56:43,Investing.com,"Investing.com - U.S. grain futures rallied sharply on Friday, with wheat prices hitting a four-week high, as a broadly weaker U.S....",https://www.investing.com/news/commodities-news/grain-futures---weekly-outlook:-march-23---27-333582,30
corn,U.S. grain futures trim gains as investors monitor dollar movement,2015-03-19 11:42:38,Investing.com,"Investing.com - U.S. grain futures were higher on Thursday, albeit off the best levels of the session, as traders monitored the...",https://www.investing.com/news/commodities-news/u.s.-grain-futures-trim-gains-as-investors-monitor-dollar-movement-333192,30
corn,U.S. soybean futures fall to 5-month low on ample supplies,2015-03-18 11:31:25,Investing.com,"Investing.com - U.S. soybean futures fell to a five-month low on Wednesday, as optimism over the outlook for supplies in Brazil...",https://www.investing.com/news/commodities-news/u.s.-soybean-futures-fall-to-5-month-low-on-ample-supplies-332964,30
corn,U.S. wheat futures climb to 2-week high on crop concerns,2015-03-17 11:48:03,Investing.com,"Investing.com - U.S. wheat futures rose to a two-week high on Tuesday, as concerns over the health of the winter-wheat crop...",https://www.investing.com/news/commodities-news/u.s.-wheat-futures-climb-to-2-week-high-on-crop-concerns-332755,30
corn,﻿U.S. soybean futures fall to 5-week low on supply outlook,2015-03-16 11:50:16,Investing.com,"Investing.com - U.S. soybean futures fell to a five-week low on Monday, as ample global supplies and a broadly stronger U.S....",https://www.investing.com/news/commodities-news/﻿u.s.-soybean-futures-fall-to-5-week-low-on-supply-outlook-332564,30
corn,Grain futures - weekly outlook: March 16 - 20,2015-03-15 13:40:31,Investing.com,"Investing.com - U.S. grain futures fell sharply on Friday, pressured by a broadly stronger U.S. dollar and ample global suppliesOn...",https://www.investing.com/news/commodities-news/grain-futures---weekly-outlook:-march-16---20-332447,30
corn,U.S. wheat futures climb to 1-week high on supply outlook,2015-03-12 11:14:21,Investing.com,"Investing.com - U.S. wheat futures rose to one-week high on Thursday, as prices remained supported after the U.S. Department of...",https://www.investing.com/news/commodities-news/u.s.-wheat-futures-climb-to-1-week-high-on-supply-outlook-332052,31
corn,U.S. corn futures jump to 7-day high after USDA cuts forecast,2015-03-11 11:14:14,Investing.com,"Investing.com - U.S. corn futures rose to the highest level in more than a week on Wednesday, after the U.S. Department of...",https://www.investing.com/news/commodities-news/u.s.-corn-futures-jump-to-7-day-high-after-usda-cuts-forecast-331847,31
corn,U.S. grain futures under pressure before USDA report,2015-03-10 11:12:37,Investing.com,"Investing.com - U.S. wheat futures fell for the first time in three sessions on Tuesday, as investors looked ahead to the U.S....",https://www.investing.com/news/commodities-news/u.s.-grains-futures-under-pressure-before-usda-report-331653,31
corn,U.S. wheat futures rebound from contract low ahead of USDA report,2015-03-09 11:20:51,Investing.com,Investing.com - U.S. wheat futures rose for the second consecutive session on Monday to move further away from a contract low as...,https://www.investing.com/news/commodities-news/u.s.-wheat-futures-rebound-from-contract-low-ahead-of-usda-report-331481,31
corn,Grain futures - weekly outlook: March 9 - 13,2015-03-08 13:50:49,Investing.com,"Investing.com - U.S. wheat futures fell to a contract low on Friday, before rebounding slightly as investors returned to the...",https://www.investing.com/news/commodities-news/grain-futures---weekly-outlook:-march-9---13-331388,31
corn,"U.S. soybeans slump to 3-week low, wheat falls to 1-week trough",2015-03-05 11:09:44,Investing.com,Investing.com - U.S. soybean futures fell for the fourth consecutive session on Thursday to trade at a three-week low as concerns...,"https://www.investing.com/news/commodities-news/u.s.-soybeans-slump-to-3-week-low,-wheat-falls-to-1-week-trough-330987",31
corn,U.S. soybeans trade close to 1-week low on Brazil export prospects,2015-03-04 11:33:34,Investing.com,Investing.com - U.S. soybean futures declined on Wednesday to trade near a one-week low amid receding concerns over Brazilian...,https://www.investing.com/news/commodities-news/u.s.-soybeans-trade-close-to-1-week-low-on-brazil-export-prospects-330786,31
corn,U.S. grain futures edge up after Monday's declines,2015-03-03 11:49:39,Investing.com,"Investing.com - U.S. grain futures edged higher on Tuesday, as investors returned to the market to seek cheap valuations in wake...",https://www.investing.com/news/commodities-news/u.s.-grain-futures-edge-up-after-monday's-declines-330587,31
corn,U.S. soybeans touch 7-week high as Brazil truck strike continues,2015-03-02 11:41:06,Investing.com,"Investing.com - U.S. soybean futures rose to a seven-week high on Monday, as ongoing concerns over a disruption to supplies from...",https://www.investing.com/news/commodities-news/u.s.-soybeans-touch-7-week-high-as-brazil-truck-strike-continues-330383,31
corn,Grain futures - weekly outlook: March 2 - 6,2015-03-01 13:59:40,Investing.com,"Investing.com - U.S. soybean futures rose to the highest level in almost seven weeks on Friday, as ongoing concerns over a...",https://www.investing.com/news/commodities-news/grain-futures---weekly-outlook:-march-2---6-330267,31
corn,U.S. soybean futures edge higher amid Brazil supply disruption,2015-02-26 11:13:43,Investing.com,Investing.com - U.S. soybean futures edged higher on Thursday to trade just below a six-week peak hit earlier in the week as...,https://www.investing.com/news/commodities-news/u.s.-soybean-futures-edge-higher-amid-brazil-supply-disruption-329797,32
corn,"U.S. wheat slumps to 3-week low, soybeans fall from 6-week top",2015-02-25 11:50:20,Investing.com,"Investing.com - U.S. wheat futures declined to the lowest level in three weeks on Wednesday, amid ample global supplies and...","https://www.investing.com/news/commodities-news/u.s.-wheat-slumps-to-3-week-low,-soybeans-fall-from-6-week-top-329563",32
corn,"U.S. wheat futures bounce off 3-week low, further losses seen ahead",2015-02-24 11:25:22,Investing.com,"Investing.com - U.S. wheat futures regained strength on Tuesday, as investors returned to the market to seek cheap valuations...","https://www.investing.com/news/commodities-news/u.s.-wheat-futures-bounce-off-3-week-low,-further-losses-seen-ahead-329356",32
corn,U.S. wheat futures hit 3-week low amid weak export demand,2015-02-23 12:06:14,Investing.com,"Investing.com - U.S. wheat futures fell to the lowest level in almost three weeks on Monday, amid ongoing indications of slowing...",https://www.investing.com/news/commodities-news/u.s.-wheat-futures-hit-3-week-low-amid-weak-export-demand-329205,32
corn,Grain futures - weekly outlook: February 23 - 27,2015-02-22 13:55:35,Investing.com,"Investing.com - U.S. wheat futures plunged more than 3% on Friday to hit the lowest level in more than two weeks, amid indications...",https://www.investing.com/news/commodities-news/grain-futures---weekly-outlook:-february-23---27-329087,32
corn,U.S. wheat futures extend losses on demand concerns,2015-02-19 11:06:53,Investing.com,"Investing.com - U.S. wheat futures extended losses from the previous session on Thursday, amid indications of weakening demand for...",https://www.investing.com/news/commodities-news/u.s.-wheat-futures-extend-losses-on-demand-concerns-328714,32
corn,U.S. soybean futures rise to 5-week high on crushing demand,2015-02-18 11:29:47,Investing.com,Investing.com - U.S. soybean futures extended gains from the previous session on Wednesday to hit the highest level in almost five...,https://www.investing.com/news/commodities-news/u.s.-soybean-futures-rise-to-5-week-high-on-crushing-demand-328543,32
corn,U.S. wheat futures rise to 4-week high on crop concerns,2015-02-17 11:17:56,Investing.com,Investing.com - U.S. wheat futures rose sharply on Tuesday to hit the highest level in almost four weeks as forecasts showing...,https://www.investing.com/news/commodities-news/u.s.-wheat-futures-rise-to-4-week-high-on-crop-concerns-328374,32
corn,Grain futures - weekly outlook: February 16 - 20,2015-02-15 13:46:04,Investing.com,Investing.com - U.S. soybean futures rose for the third consecutive session on Friday to hit the highest level in almost two...,https://www.investing.com/news/commodities-news/grain-futures---weekly-outlook:-february-16---20-328162,32
corn,U.S. grain futures edge higher but ample supplies limit gains,2015-02-12 11:37:18,Investing.com,"Investing.com - U.S. grain futures edged mildly higher on Thursday, but gains were likely to remain limited amid the view that...",https://www.investing.com/news/commodities-news/u.s.-grain-futures-edge-higher-but-ample-supplies-limit-gains-327790,32
corn,U.S. wheat futures extend losses after USDA raises supply outlook,2015-02-11 11:51:13,Investing.com,"Investing.com - U.S. wheat futures extended losses from the previous session on Wednesday, after the U.S. Department of...",https://www.investing.com/news/commodities-news/u.s.-wheat-futures-extend-losses-after-usda-raises-supply-outlook-327589,33
corn,U.S. corn futures hold near 3-week high before USDA report,2015-02-10 11:24:02,Investing.com,"Investing.com - U.S. corn futures held near a three-week high struck in the previous session on Tuesday, as investors looked ahead...",https://www.investing.com/news/commodities-news/u.s.-corn-futures-hold-near-3-week-high-before-usda-report-327398,33
corn,U.S. wheat futures decline with USDA report in focus,2015-02-09 11:54:01,Investing.com,"Investing.com - U.S. wheat futures edged lower on Monday, as investors readjusted positions ahead of the U.S. Department of...",https://www.investing.com/news/commodities-news/u.s.-wheat-futures-decline-with-usda-report-in-focus-327221,33
corn,Grain futures - weekly outlook: February 9 - 13,2015-02-08 13:49:00,Investing.com,"Investing.com - U.S. corn futures rose to the highest level in more than two weeks on Friday, but gains were likely to remain...",https://www.investing.com/news/commodities-news/grain-futures---weekly-outlook:-february-9---13-327105,33
corn,U.S. corn trades near 2-week peak but outlook remains clouded,2015-02-05 11:42:03,Investing.com,"Investing.com - U.S. corn futures recovered from the previous session's losses to trade near a two-week high on Thursday, as a...",https://www.investing.com/news/commodities-news/u.s.-corn-trades-near-2-week-peak-but-outlook-remains-clouded-326683,33
corn,U.S. wheat futures extend gains to move further off 4-month low,2015-02-04 11:26:30,Investing.com,"Investing.com - U.S. wheat futures rose for the second consecutive session on Wednesday to hit a one-week high, as a...",https://www.investing.com/news/commodities-news/u.s.-wheat-futures-extend-gains-to-move-further-off-4-month-low-326495,33
corn,U.S. grain futures bounce off multi-month lows on bargain-buying,2015-02-03 11:17:42,Investing.com,"Investing.com - U.S. wheat futures rose for the first time in three sessions on Tuesday, as investors returned to the market to...",https://www.investing.com/news/commodities-news/u.s.-grain-futures-bounce-off-multi-month-lows-on-bargain-buying-326298,33
corn,U.S. wheat futures trade near 4-month low amid ample supplies,2015-02-02 12:05:04,Investing.com,"Investing.com - U.S. wheat futures traded near the lowest levels in almost four months on Monday, as indications that global...",https://www.investing.com/news/commodities-news/u.s.-wheat-futures-trade-near-4-month-low-amid-ample-supplies-326118,33
corn,Grain futures - weekly outlook: February 2 - 6,2015-02-01 14:11:14,Investing.com,"Investing.com - U.S. wheat and soybean futures fell to their lowest levels in more than three months on Friday, as indications...",https://www.investing.com/news/commodities-news/grain-futures---weekly-outlook:-february-2---6-326012,33
corn,U.S. grain futures sink to multi-month lows on ample supplies,2015-01-29 11:21:05,Investing.com,"Investing.com - U.S. grain futures traded near their lowest levels in almost three months on Thursday, as indications that global...",https://www.investing.com/news/commodities-news/u.s.-grain-futures-sink-to-multi-month-lows-on-ample-supplies-325627,33
corn,"U.S. wheat futures down for 6th straight day, trade at 11-week low",2015-01-28 11:20:33,Investing.com,Investing.com - U.S. wheat futures fell for the sixth consecutive session on Wednesday to hit a fresh 11-week low amid ample...,"https://www.investing.com/news/commodities-news/u.s.-wheat-futures-down-for-6th-straight-day,-trade-at-11-week-low-325447",34
corn,U.S. wheat futures slump to 11-week low amid demand concerns,2015-01-27 11:23:30,Investing.com,Investing.com - U.S. wheat futures fell for the sixth consecutive session on Tuesday to hit an 11-week low amid ample global...,https://www.investing.com/news/commodities-news/u.s.-wheat-futures-slump-to-11-week-low-amid-demand-concerns-325258,34
corn,Soybeans fall to 3-month low amid optimism over Brazil crop,2015-01-26 11:34:34,Investing.com,"Investing.com - U.S. soybean futures fell for the third consecutive session on Monday, as optimism over crop prospects in Brazil...",https://www.investing.com/news/commodities-news/soybeans-fall-to-3-month-low-amid-optimism-over-brazil-crop-325073,34
corn,Grain futures - weekly outlook: January 26 - 30,2015-01-25 14:20:26,Investing.com,"Investing.com - U.S. soybean futures fell to a three-month low on Friday, as optimism over crop prospects in Brazil and Argentina...",https://www.investing.com/news/commodities-news/grain-futures---weekly-outlook:-january-26---30-324976,34
corn,U.S. soybeans extend bounce from 3-month low,2015-01-22 11:26:31,Investing.com,"Investing.com - U.S. soybean futures rose for the second consecutive session on Thursday, as investors returned to the market to...",https://www.investing.com/news/commodities-news/u.s.-soybeans-extend-bounce-from-3-month-low-324595,34
corn,U.S. wheat rises for 2nd day after hitting 10-week low,2015-01-21 12:17:37,Investing.com,"Investing.com - U.S. wheat futures rose for the second consecutive session on Wednesday, as investors returned to the market to...",https://www.investing.com/news/commodities-news/u.s.-wheat-rises-for-2nd-day-after-hitting-2-month-low-324409,34
corn,U.S. grains under pressure; soybeans trade at 3-month low,2015-01-20 11:15:35,Investing.com,"Investing.com - U.S. soybean futures fell to the lowest level in almost three months on Tuesday, as concerns over weakening demand...",https://www.investing.com/news/commodities-news/u.s.-grains-under-pressure;-soybeans-trade-at-3-month-low-324210,34
corn,Grain futures - weekly outlook: January 19 - 23,2015-01-18 14:10:07,Investing.com,"Investing.com - U.S. corn futures rebounded on Friday, as investors returned to the market to seek cheap valuations after prices...",https://www.investing.com/news/commodities-news/grain-futures---weekly-outlook:-january-19---23-323993,34
corn,U.S. grains edge higher but remain near multi-week lows,2015-01-15 11:42:34,Investing.com,"Investing.com - U.S. grain futures bounced off the previous session's multi-week lows on Thursday, as investors returned to the...",https://www.investing.com/news/commodities-news/u.s.-grains-edge-higher-but-remain-near-multi-week-lows-323594,34
corn,U.S. grains down sharply; soybeans fall to 6-week low,2015-01-14 12:40:41,Investing.com,Investing.com - U.S. soybean futures declined for the third consecutive session on Wednesday to hit a six-week low as investors...,https://www.investing.com/news/commodities-news/u.s.-grains-down-sharply;-soybeans-fall-to-6-week-low-323410,34
corn,U.S. soybeans edge higher after plunging 3.5% on Monday,2015-01-13 11:26:12,Investing.com,"Investing.com - U.S. soybean futures edged higher on Tuesday, one day after posting its biggest daily loss since June after the...",https://www.investing.com/news/commodities-news/u.s.-soybeans-edge-higher-after-plunging-3.5-on-monday-323230,35
corn,U.S. wheat futures hold near 6-week low ahead of USDA reports,2015-01-12 12:26:03,Investing.com,"Investing.com - U.S. wheat futures hovered near a six-week low on Monday, as investors squared positions ahead of key data from...",https://www.investing.com/news/commodities-news/u.s.-wheat-futures-hold-near-6-week-low-ahead-of-usda-reports-323052,35
corn,Grain futures - weekly outlook: January 12 - 16,2015-01-11 13:44:00,Investing.com,"Investing.com - U.S. corn futures rallied on Friday, as investors readjusted positions ahead of the U.S. Department of...",https://www.investing.com/news/commodities-news/grain-futures---weekly-outlook:-january-12---16-322943,35
corn,Wheat near 1-month low amid easing concerns over U.S. crops,2015-01-08 11:24:29,Investing.com,"Investing.com - U.S. wheat futures traded near a one-month low on Thursday, amid receding concerns about damage to crops from...",https://www.investing.com/news/commodities-news/wheat-near-1-month-low-amid-easing-concerns-over-u.s.-crops-322581,35
corn,Soybean futures up for third day on South America crop concerns,2015-01-07 12:19:44,Investing.com,"Investing.com - U.S. soybean futures rose for the third consecutive session on Wednesday, amid concerns about damage to crops from...",https://www.investing.com/news/commodities-news/soybean-futures-up-for-third-day-on-south-america-crop-concerns-322417,35
corn,Wheat futures extend rally as U.S. cold blast threatens crops,2015-01-06 11:45:56,Investing.com,"Investing.com - U.S. wheat futures rose for the second consecutive session on Tuesday, amid mounting concerns about damage to...",https://www.investing.com/news/commodities-news/wheat-futures-extend-rally-as-u.s.-cold-blast-threatens-crops-322237,35
corn,Wheat futures rally amid frigid U.S. weather conditions,2015-01-05 11:11:37,Investing.com,"Investing.com - U.S. wheat futures rose for the first time in four sessions on Monday, amid growing concerns about damage to crops...",https://www.investing.com/news/commodities-news/wheat-futures-rally-amid-frigid-u.s.-weather-conditions-322079,35
corn,Grain futures - weekly outlook: January 5 - 9,2015-01-04 14:23:58,Investing.com,"Investing.com - U.S. soybean futures fell to the lowest level in nearly a month on Friday, as concerns over rising global supplies...",https://www.investing.com/news/commodities-news/grain-futures---weekly-outlook:-january-5---9-321994,35
corn,Grain futures - weekly outlook: December 15 - 19,2014-12-14 14:06:02,Investing.com,"Investing.com - U.S. corn and wheat futures rallied to multi-month highs on Friday, as heavy buying from large institutional...",https://www.investing.com/news/commodities-news/grain-futures---weekly-outlook:-december-15---19-320145,35
corn,U.S. soybean futures edge higher after USDA cuts harvest outlook,2014-12-11 12:01:06,Investing.com,"Investing.com - U.S. soybean futures edged higher on Thursday, after the U.S. Department of Agriculture lowered its forecast of...",https://www.investing.com/news/commodities-news/u.s.-soybean-futures-edge-higher-after-usda-cuts-harvest-outlook-319867,35
corn,U.S. soybean futures rise to 1-month high before USDA report,2014-12-10 11:18:54,Investing.com,"Investing.com - U.S. soybean futures rallied to a one-month high on Wednesday, as investors looked ahead to the U.S. Department of...",https://www.investing.com/news/commodities-news/u.s.-soybean-futures-rise-to-1-month-high-before-usda-report-319687,36
corn,U.S. soybean futures decline ahead of USDA monthly report,2014-12-09 11:24:55,Investing.com,"Investing.com - U.S. soybean futures fell for the first time in five sessions on Tuesday, as investors readjusted positions ahead...",https://www.investing.com/news/commodities-news/u.s.-soybean-futures-decline-ahead-of-usda-monthly-report-319536,36
corn,U.S. soybean futures give back some gains ahead of USDA report,2014-12-08 11:56:57,Investing.com,"Investing.com - U.S. soybean futures gave back some of the previous session's gains on Monday, as investors squared positions...",https://www.investing.com/news/commodities-news/u.s.-soybean-futures-give-back-some-gains-ahead-of-usda-report-319419,36
corn,Grain futures - weekly outlook: December 8 - 12,2014-12-07 14:54:49,Investing.com,"Investing.com - U.S. soybean futures rallied more than 2% on Friday to hit a one-week high as surging demand for soybean products,...",https://www.investing.com/news/commodities-news/grain-futures---weekly-outlook:-december-8---12-319325,36
corn,U.S. wheat futures fall sharply on demand concerns,2014-12-04 11:46:56,Investing.com,"Investing.com - U.S. wheat futures extended sharp losses from the previous session on Thursday, as investors bet that demand for...",https://www.investing.com/news/commodities-news/u.s.-wheat-futures-fall-sharply-on-demand-concerns-319049,36
corn,U.S. soybean futures drop to 5-week low on Brazil crop prospects,2014-12-03 11:44:06,Investing.com,Investing.com - U.S. soybean and corn futures extended sharp losses from the previous session on Wednesday amid expectations for a...,https://www.investing.com/news/commodities-news/u.s.-soybean-futures-drop-to-5-week-low-on-brazil-crop-prospects-318889,36
corn,U.S. wheat trades near 6-month high amid Russia supply concerns,2014-12-02 12:46:00,Investing.com,"Investing.com - U.S. wheat futures traded near the highest level in six months on Tuesday, amid ongoing speculation Russia will...",https://www.investing.com/news/commodities-news/u.s.-wheat-trades-near-6-month-high-amid-russia-supply-concerns-318744,36
corn,U.S. wheat holds near 5-month high on Russia export outlook,2014-12-01 11:55:41,Investing.com,"Investing.com - U.S. wheat futures held near a five-month high struck in the previous session on Monday, amid speculation Russia...",https://www.investing.com/news/commodities-news/u.s.-wheat-holds-near-5-month-high-on-russia-export-outlook-318584,36
corn,Grain futures - weekly outlook: December 1 - 5,2014-11-30 13:07:29,Investing.com,"Investing.com - U.S. wheat futures rallied to the highest level in nearly five months on Friday, amid speculation Russia will...",https://www.investing.com/news/commodities-news/grain-futures---weekly-outlook:-december-1---5-318474,36
corn,U.S. wheat rallies to 3-month high amid crop concerns,2014-11-26 11:13:12,Investing.com,"Investing.com - U.S. wheat futures rallied to a three-month high on Wednesday, as forecasts showing adverse weather conditions...",https://www.investing.com/news/commodities-news/u.s.-wheat-rallies-to-3-month-high-amid-crop-concerns-318093,36
corn,U.S. soybeans trade near 1-week high amid robust demand,2014-11-25 11:34:50,Investing.com,"Investing.com - U.S. soybean futures traded near a one-week high on Tuesday, amid indications of robust demand for U.S....",https://www.investing.com/news/commodities-news/u.s.-soybeans-trade-near-1-week-high-amid-robust-demand-317957,37
corn,"U.S. soybean, corn futures edge lower as harvest nears completion",2014-11-24 11:47:36,Investing.com,"Investing.com - U.S. soybean and corn futures edged lower on Monday, as a record harvest in the U.S. neared completion.
On the...","https://www.investing.com/news/commodities-news/u.s.-soybean,-corn-futures-edge-lower-as-harvest-nears-completion-317845",37
corn,Grain futures - weekly outlook: November 24 - 28,2014-11-23 14:03:32,Investing.com,"Investing.com - U.S. soybean futures rallied sharply on Friday, as investors bet that fresh stimulus measures in China will lead...",https://www.investing.com/news/commodities-news/grain-futures---weekly-outlook:-november-24---28-317776,37
corn,"U.S. soybean, corn futures trade near 2-week lows on harvest outlook",2014-11-20 11:06:56,Investing.com,"Investing.com - U.S. soybean and corn futures traded near two-week lows on Thursday, as a record harvest in the U.S. neared...","https://www.investing.com/news/commodities-news/u.s.-soybean,-corn-futures-trade-near-2-week-lows-on-harvest-outlook-317476",37
corn,U.S. soybeans fall to 2-week low on record harvest outlook,2014-11-19 11:13:52,Investing.com,"Investing.com - U.S. soybean futures extended losses from the previous session to hit a two-week low on Wednesday, as a record...",https://www.investing.com/news/commodities-news/u.s.-soybeans-fall-to-2-week-low-on-record-harvest-outlook-317303,37
corn,Corn under pressure as pace of U.S. harvest improves,2014-11-18 11:34:34,Investing.com,"Investing.com - U.S. corn futures extended losses from the previous session on Tuesday, as a pickup in the pace of the U.S....",https://www.investing.com/news/commodities-news/corn-under-pressure-as-pace-of-u.s.-harvest-improves-317163,37
corn,U.S. wheat futures trade near 3-month high on crop outlook,2014-11-17 11:25:40,Investing.com,"Investing.com - U.S. wheat futures traded near the previous session's three-month high on Monday, amid speculation freezing...",https://www.investing.com/news/commodities-news/u.s.-wheat-futures-trade-near-3-month-high-on-crop-outlook-317024,37
corn,Grain futures - weekly outlook: November 17 - 21,2014-11-16 14:19:12,Investing.com,Investing.com - U.S. wheat futures rallied for the fifth consecutive session on Friday to hit the highest level in more than two...,https://www.investing.com/news/commodities-news/grain-futures---weekly-outlook:-november-17---21-316934,37
corn,U.S. corn futures trade near 4-month high on crop outlook,2014-11-13 11:52:32,Investing.com,"Investing.com - U.S. corn futures traded near the previous session's four-month high on Thursday, as forecasts showing adverse...",https://www.investing.com/news/commodities-news/u.s.-corn-futures-trade-near-4-month-high-on-crop-outlook-316605,37
corn,U.S. soybeans rally to 2-month high on robust demand,2014-11-12 11:07:57,Investing.com,"Investing.com - U.S. soybean futures rallied to the highest level in more than two months on Wednesday, amid indications of robust...",https://www.investing.com/news/commodities-news/u.s.-soybeans-rally-to-2-month-high-on-robust-demand-316411,37
corn,U.S. soybeans decline after USDA raises harvest outlook,2014-11-11 11:05:40,Investing.com,"Investing.com - U.S. soybean futures extended losses from the previous session on Tuesday, after the U.S. Department of...",https://www.investing.com/news/commodities-news/u.s.-soybeans-decline-after-usda-raises-harvest-outlook-316266,38
corn,Soybeans rise to 1-week high ahead of USDA monthly report,2014-11-10 11:51:25,Investing.com,"Investing.com - U.S. soybean futures rose to a one-week high on Monday, as investors squared positions ahead of the U.S....",https://www.investing.com/news/commodities-news/soybeans-rise-to-1-week-high-ahead-of-usda-monthly-report-316119,38
corn,Grain futures - weekly outlook: November 10 - 14,2014-11-09 13:52:47,Investing.com,"Investing.com - U.S. soybean futures rose for the third consecutive session on Friday, amid indications of robust demand for U.S....",https://www.investing.com/news/commodities-news/grain-futures---weekly-outlook:-november-10---14-316033,38
corn,"Soybeans, corn edge lower on ideal U.S. crop weather",2014-11-06 11:12:54,Investing.com,"Investing.com - U.S. soybean and corn futures edged lower on Thursday, amid speculation beneficial weather in the U.S. Midwest...","https://www.investing.com/news/commodities-news/soybeans,-corn-edge-lower-on-ideal-u.s.-crop-weather-315715",38
corn,"Soybeans, corn fall to 1-week low on U.S. harvest progress",2014-11-05 11:53:49,Investing.com,"Investing.com - U.S. soybean and futures extended losses into a third session on Wednesday, as optimism over the pace of the U.S....","https://www.investing.com/news/commodities-news/soybeans,-corn-fall-to-1-week-low-on-u.s.-harvest-progress-315536",38
corn,"Corn, soybeans under pressure as pace of U.S. harvest improves",2014-11-04 11:46:18,Investing.com,"Investing.com - U.S. corn and soybean futures extended losses from the previous session on Tuesday, as a pickup in the pace of the...","https://www.investing.com/news/commodities-news/corn,-soybeans-under-pressure-as-pace-of-u.s.-harvest-improves-315332",38
corn,U.S. corn futures rally to 3-1/2 month high on harvest outlook,2014-10-30 11:42:10,Investing.com,Investing.com - U.S. corn futures rallied for the fourth consecutive session to hot the highest level in more than three months on...,https://www.investing.com/news/commodities-news/u.s.-corn-futures-rally-to-3-1-2-month-high-on-harvest-outlook-314796,38
corn,U.S. grain futures trade near multi-week highs on harvest delays,2014-10-29 11:36:05,Investing.com,"Investing.com - U.S. corn, soybean and wheat futures all traded near multi-week highs on Wednesday, as a slowdown in the pace of...",https://www.investing.com/news/commodities-news/u.s.-grain-futures-trade-near-multi-week-highs-on-harvest-delays-314643,38
corn,"Soybeans, corn rally to 2-month highs as pace of U.S. harvest slows",2014-10-28 13:10:44,Investing.com,Investing.com - U.S. soybean and corn futures extended strong gains from the previous session to hit the highest level in more...,"https://www.investing.com/news/commodities-news/soybeans,-corn-rally-to-2-month-highs-as-pace-of-u.s.-harvest-slows-314506",38
corn,"Soybean, corn futures decline on ideal U.S. crop weather",2014-10-27 11:52:44,Investing.com,"Investing.com - U.S. soybean and corn futures declined for the second consecutive session on Monday, amid speculation beneficial...","https://www.investing.com/news/commodities-news/soybean,-corn-futures-decline-on-ideal-u.s.-crop-weather-314354",38
corn,Grain futures - weekly outlook: October 27 - 31,2014-10-26 13:39:47,Investing.com,"Investing.com - U.S. grain futures tumbled on Friday, as investors cashed out of the market to lock in gains from a recent rally...",https://www.investing.com/news/commodities-news/grain-futures---weekly-outlook:-october-27---31-314283,39
corn,"Soybeans, corn draw support from U.S. harvest delays",2014-10-23 10:06:06,Investing.com,"Investing.com - U.S. soybean and corn prices edged higher on Thursday, as a slowdown in the U.S. harvest last week continued to...","https://www.investing.com/news/commodities-news/soybeans,-corn-draw-support-from-u.s.-harvest-delays-313996",39
corn,Corn trades near 7-week high on U.S. harvest delays,2014-10-22 10:18:50,Investing.com,"Investing.com - U.S. corn prices held near the previous session's seven-week high on Wednesday, as a slowdown in the U.S. harvest...",https://www.investing.com/news/commodities-news/corn-trades-near-7-week-high-on-u.s.-harvest-delays-313853,39
corn,Soybean futures rise as pace of U.S. harvest slows,2014-10-21 10:20:27,Investing.com,"Investing.com - U.S. soybean prices rose for the first time in three session's on Tuesday, as a slowdown in the U.S. harvest last...",https://www.investing.com/news/commodities-news/soybean-futures-rise-as-pace-of-u.s.-harvest-slows-313703,39
corn,"Soybean, corn futures decline on ideal U.S. crop weather",2014-10-20 10:47:37,Investing.com,"Investing.com - U.S. soybean and corn futures declined for the second consecutive session on Monday, amid speculation beneficial...","https://www.investing.com/news/commodities-news/soybean,-corn-futures-decline-on-ideal-u.s.-crop-weather-313559",39
corn,Grain futures - weekly outlook: October 20 - 24,2014-10-19 13:19:16,Investing.com,"Investing.com - U.S. corn and soybean futures edged lower on Friday, amid speculation beneficial weather in the U.S. Midwest will...",https://www.investing.com/news/commodities-news/grain-futures---weekly-outlook:-october-20---24-313482,39
corn,"U.S. corn, soybean futures pause after rally to 4-week highs",2014-10-15 09:27:22,Investing.com,"Investing.com - U.S. corn and soybean futures declined for the first time in three sessions on Wednesday, as investors locked in...",https://www.investing.com/news/commodities-news/us-corn-soybean-futures-pause-after-rally-to-4week-highs-313058,39
corn,"U.S. corn, soybean futures supported by harvest delays",2014-10-14 10:14:51,Investing.com,"Investing.com - U.S. corn and soybean futures edged higher on Tuesday, as a slowdown in the U.S. harvest due to rains in the...","https://www.investing.com/news/commodities-news/u.s.-corn,-soybean-futures-supported-by-harvest-delays-312902",39
corn,"U.S. corn, soybeans edge lower on record U.S. harvest outlook",2014-10-13 11:40:52,Investing.com,"Investing.com - U.S. corn and soybean futures edged lower on Monday, as ongoing expectations of record yields across much of the...","https://www.investing.com/news/commodities-news/u.s.-corn,-soybeans-edge-lower-on-record-u.s.-harvest-outlook-312764",39
corn,Grain futures - weekly outlook: October 13 - 17,2014-10-12 12:06:55,Investing.com,"Investing.com - U.S. corn and soybean futures sold off sharply on Friday, after the U.S. Department of Agriculture predicted...",https://www.investing.com/news/commodities-news/grain-futures---weekly-outlook:-october-13---17-312671,39
corn,U.S. corn trades near 3-week high ahead of USDA monthly report,2014-10-08 10:35:11,Investing.com,"Investing.com - U.S. corn futures traded near a three-week high on Wednesday, as investors squared positions ahead of the U.S....",https://www.investing.com/news/commodities-news/u.s.-corn-trades-near-3-week-high-ahead-of-usda-monthly-report-312218,40
corn,"U.S. soybeans, corn edge lower after previous day's rally",2014-10-07 10:27:06,Investing.com,"Investing.com - U.S. soybean and corn futures edged lower on Tuesday, one day after rallying more than 3% on the back of concerns...","https://www.investing.com/news/commodities-news/u.s.-soybeans,-corn-edge-lower-after-previous-day's-rally-312077",40
corn,"U.S. soybeans, corn rally 1% on harvest delays, wheat at 2-week high",2014-10-06 10:45:31,Investing.com,"Investing.com - U.S. soybean and corn futures rallied more than 1% on Monday, as a slowdown in the U.S. harvest due to rains in...","https://www.investing.com/news/commodities-news/u.s.-soybeans,-corn-rally-1-on-harvest-delays,-wheat-at-2-week-high-311946",40
corn,Grain futures - weekly outlook: October 6 - 10,2014-10-05 13:07:05,Investing.com,"Investing.com - U.S. soybean futures ended the week close to the lowest level in more than four years on Friday, as ongoing...",https://www.investing.com/news/commodities-news/grain-futures---weekly-outlook:-october-6---10-311865,40
corn,"U.S. soybeans, corn revisit multiyear lows on record crop outlook",2014-10-02 10:37:00,Investing.com,"Investing.com - U.S. soybean and corn futures resumed their downward trend on Thursday, as ongoing expectations for a record U.S....","https://www.investing.com/news/commodities-news/u.s.-soybeans,-corn-revisit-multiyear-lows-on-record-crop-outlook-311605",40
corn,U.S. corn falls to lowest since September 2009 on record crop,2014-10-01 09:58:49,Investing.com,"Investing.com - U.S. corn futures slumped to a five-year low on Wednesday, after the U.S. Department of Agriculture forecast...",https://www.investing.com/news/commodities-news/u.s.-corn-falls-to-lowest-since-september-2009-on-record-crop-311442,40
corn,"U.S. corn, soybeans trade near 4-year lows ahead of USDA report",2014-09-30 10:24:31,Investing.com,"Investing.com - U.S. corn and soybean futures traded near their lowest levels in more than four-years on Tuesday, as investors...","https://www.investing.com/news/commodities-news/u.s.-corn,-soybeans-trade-near-4-year-lows-ahead-of-usda-report-311287",40
corn,"U.S. corn, soybeans slump to 4-year lows on supply outlook",2014-09-22 10:53:55,Investing.com,"Investing.com - U.S. corn and soybean futures fell to their lowest levels in more than four-years on Monday, as ongoing optimism...","https://www.investing.com/news/commodities-news/u.s.-corn,-soybeans-slump-to-4-year-lows-on-supply-outlook-310291",40
corn,Grain futures - weekly outlook: September 22 - 26,2014-09-21 12:49:32,Investing.com,"Investing.com - U.S. corn, soy and wheat futures ended the week at their lowest level in more than four years on Friday, as...",https://www.investing.com/news/commodities-news/grain-futures---weekly-outlook:-september-22---26-310223,40
corn,U.S. grains hover close to 4-year lows on supply outlook,2014-09-18 11:35:46,Investing.com,"Investing.com - U.S. corn, soy and wheat futures traded near their lowest levels in more than four-years on Thursday, as ongoing...",https://www.investing.com/news/commodities-news/u.s.-grains-hover-close-to-4-year-lows-on-supply-outlook-309932,40
corn,U.S. corn trades near 4-year low on record crop outlook,2014-09-17 10:27:26,Investing.com,"Investing.com - U.S. corn futures declined on Wednesday, as ongoing expectations of record yields across much of the U.S. grain...",https://www.investing.com/news/commodities-news/u.s.-corn-trades-near-4-year-low-on-record-crop-outlook-309753,41
corn,U.S. grains rebound from 4-year lows on bargain buying,2014-09-16 10:50:12,Investing.com,"Investing.com - U.S. grain futures regained strength on Tuesday, as investors returned to the market to seek cheap valuations...",https://www.investing.com/news/commodities-news/u.s.-grains-rebound-from-4-year-lows-on-bargain-buying-309602,41
corn,U.S. wheat futures extend losses to 4-year low on supply outlook,2014-09-15 10:45:10,Investing.com,"Investing.com - U.S. wheat futures fell for the sixth consecutive session on Monday, as indications of ample global supplies and...",https://www.investing.com/news/commodities-news/u.s.-wheat-futures-extend-losses-to-4-year-low-on-supply-outlook-309446,41
corn,Grain futures - weekly outlook: September 15 - 19,2014-09-14 13:12:15,Investing.com,"Investing.com - U.S. corn, soy and wheat futures ended the week close to their lowest level in four years on Friday, after the...",https://www.investing.com/news/commodities-news/grain-futures---weekly-outlook:-september-15---19-309364,41
corn,U.S. grain futures trade at 4-year lows ahead of USDA report,2014-09-11 10:13:05,Investing.com,"Investing.com - U.S. soybean and corn futures traded at the lowest level in four years on Thursday, as investors looked ahead to...",https://www.investing.com/news/commodities-news/u.s.-grain-futures-trade-at-4-year-lows-ahead-of-usda-report-309069,41
corn,U.S. soybeans hold below $10-a-bushel ahead of USDA report,2014-09-10 10:20:52,Investing.com,"Investing.com - U.S. soybean futures held near a four-year low on Wednesday, as investors squared positions ahead of the U.S....",https://www.investing.com/news/commodities-news/u.s.-soybeans-hold-below-$9-a-bushel-ahead-of-usda-report-308922,41
corn,"U.S. corn, soybeans extend losses on upbeat crop outlook",2014-09-09 10:16:45,Investing.com,Investing.com - U.S. corn and soybean futures extended losses from the previous session on Tuesday to trade close to four-year...,"https://www.investing.com/news/commodities-news/u.s.-corn,-soybeans-extend-losses-on-upbeat-crop-outlook-308676",41
corn,"U.S. corn, soybeans hold near 4-year lows on record crop outlook",2014-09-08 11:45:24,Investing.com,"Investing.com - U.S. corn and soybean futures traded close to their lowest levels in four years on Monday, as expectations of...","https://www.investing.com/news/commodities-news/u.s.-corn,-soybeans-hold-near-4-year-lows-on-record-crop-outlook-308342",41
corn,Grain futures - weekly outlook: September 8 - 12,2014-09-07 12:56:55,Investing.com,"Investing.com - U.S. corn futures rallied more than 2% on Friday, as forecasts showing adverse weather conditions across the U.S....",https://www.investing.com/news/commodities-news/grain-futures---weekly-outlook:-september-8---12-308208,41
corn,"U.S. corn, soybeans trade near 4-year lows on record crop outlook",2014-09-04 10:19:38,Investing.com,"Investing.com - U.S. corn and soybean futures traded near the lowest level in four years on Thursday, as expectations of record...","https://www.investing.com/news/commodities-news/u.s.-corn,-soybeans-trade-near-4-year-lows-on-record-crop-outlook-307666",41
corn,U.S. soybeans trade near 4-year low on upbeat crop outlook,2014-09-03 10:16:17,Investing.com,"Investing.com - U.S. soybean futures traded near a four-year low on Wednesday, as expectations of record yields across much of the...",https://www.investing.com/news/commodities-news/u.s.-soybeans-trade-near-4-year-low-on-upbeat-crop-outlook-307240,42
corn,U.S. soybeans rebound ahead of USDA export sales data,2014-08-28 09:51:38,Investing.com,"Investing.com - U.S. soybean futures regained strength on Thursday, as investors returned to the market to seek cheap valuations...",https://www.investing.com/news/commodities-news/u.s.-soybeans-rebound-ahead-of-usda-export-sales-data-306129,42
corn,U.S. corn futures fall for 3rd straight session on crop outlook,2014-08-27 10:13:29,Investing.com,"Investing.com - U.S. corn futures fell for the third consecutive session on Wednesday, amid expectations of record yields across...",https://www.investing.com/news/commodities-news/u.s.-corn-futures-fall-for-3rd-straight-session-on-crop-outlook-305806,42
corn,U.S. soybeans falls to another 4-year low on record crop outlook,2014-08-26 11:54:53,Investing.com,"Investing.com - U.S. soybean futures fell to a fresh four-year low for the second consecutive session on Tuesday, as ongoing...",https://www.investing.com/news/commodities-news/u.s.-soybeans-falls-to-another-4-year-low-on-record-crop-outlook-305533,42
corn,U.S. soybeans sink to 4-year low on bumper crop outlook,2014-08-25 11:50:20,Investing.com,"Investing.com - U.S. soybean futures fell to a four-year low on Monday, as ongoing expectations for a record U.S. harvest...",https://www.investing.com/news/commodities-news/u.s.-soybeans-sink-to-4-year-low-on-bumper-crop-outlook-305247,42
corn,U.S. grains rebound ahead of USDA export sales data,2014-08-21 11:31:59,Investing.com,"Investing.com - U.S. corn and soybean futures regained strength on Thursday, as investors returned to the market to seek cheap...",https://www.investing.com/news/commodities-news/u.s.-grains-rebound-ahead-of-usda-export-sales-data-304730,42
corn,"Soybean, corn futures decline on beneficial U.S. weather",2014-08-19 11:32:30,Investing.com,"Investing.com - U.S. soybean and corn futures edged lower on Tuesday, as near-ideal crop weather in the U.S. Midwest bolstered...","https://www.investing.com/news/commodities-news/soybean,-corn-futures-decline-on-beneficial-u.s.-weather-304168",42
corn,Grain futures - weekly outlook: August 18 - 22,2014-08-17 13:06:42,Investing.com,"Investing.com - U.S. wheat futures rallied more than 2% on Friday, amid fears that the conflict between Ukraine and Russia will...",https://www.investing.com/news/commodities-news/grain-futures---weekly-outlook:-august-18---22-303862,42
corn,U.S. soybeans fall to four-year low on upbeat crop outlook,2014-08-14 11:34:05,Investing.com,"Investing.com - U.S. soybean futures fell to a four-year low on Thursday, as ongoing expectations for a record U.S. harvest...",https://www.investing.com/news/commodities-news/u.s.-soybeans-fall-to-four-year-low-on-upbeat-crop-outlook-303395,42
corn,U.S. soybeans bounce off 4-year low in early trade,2014-08-13 10:10:51,Investing.com,"Investing.com - U.S. soybean futures regained strength on Wednesday, one day after falling sharply following the release of the...",https://www.investing.com/news/commodities-news/u.s.-soybeans-bounce-off-4-year-low-in-early-trade-303071,42
corn,U.S. wheat falls for 4th straight session ahead of USDA crop report,2014-08-12 10:30:19,Investing.com,"Investing.com - U.S. wheat futures fell for the fourth consecutive session on Tuesday, as investors readjusted positions ahead of...",https://www.investing.com/news/commodities-news/u.s.-wheat-falls-for-4th-straight-session-ahead-of-usda-crop-report-302753,43
corn,U.S. wheat extends losses ahead of USDA report,2014-08-11 10:27:46,Investing.com,"Investing.com - U.S. wheat futures fell for the third consecutive session on Monday, as investors squared positions ahead of the...",https://www.investing.com/news/commodities-news/u.s.-wheat-extends-losses-ahead-of-usda-report-302454,43
corn,Grain futures - weekly outlook: August 11 - 15,2014-08-10 14:18:53,Investing.com,"Investing.com - U.S. wheat futures plunged more than 2% on Friday, amid fears that Russian sanctions will dampen demand for U.S....",https://www.investing.com/news/commodities-news/grain-futures---weekly-outlook:-august-11---15-302384,43
corn,U.S. wheat falls from 1-month high after Russia bans U.S. food imports,2014-08-07 09:45:48,Investing.com,"Investing.com - U.S. wheat futures fell from a one-month high on Thursday, after Russia announced that it will ban all food...",https://www.investing.com/news/commodities-news/u.s.-wheat-falls-from-1-month-high-after-russia-bans-u.s.-food-imports-301726,43
corn,U.S. wheat rallies to 1-month high amid European crop concerns,2014-08-06 10:10:11,Investing.com,"Investing.com - U.S. wheat futures extended a recent rally to hit a one-month high on Wednesday, as mounting concerns over crop...",https://www.investing.com/news/commodities-news/u.s.-wheat-rallies-to-1-month-high-amid-european-crop-concerns-301286,43
corn,"Soybean, corn futures decline on U.S. crop outlook",2014-08-05 09:54:42,Investing.com,"Investing.com - U.S. soybean and corn futures declined on Tuesday, as optimism over crop conditions in the U.S. drove prices...","https://www.investing.com/news/commodities-news/soybean,-corn-futures-decline-on-u.s.-crop-outlook-300785",43
corn,U.S. wheat rises to 2-week high amid European crop concerns,2014-08-04 11:58:42,Investing.com,Investing.com - U.S. wheat futures rallied sharply on Monday to hit a two-week high amid growing concerns over crop conditions in...,https://www.investing.com/news/commodities-news/u.s.-wheat-rises-to-2-week-high-amid-european-crop-concerns-300464,43
corn,Grain futures - weekly outlook: August 4 - 8,2014-08-03 12:55:28,Investing.com,"Investing.com - U.S. corn futures fell to the lowest level in four years on Friday, as ongoing expectations for a record U.S....",https://www.investing.com/news/commodities-news/grain-futures---weekly-outlook:-august-4---8-300310,43
corn,"U.S. corn, wheat decline on global crop prospects",2014-07-31 11:02:20,Investing.com,"Investing.com - U.S. corn and wheat futures declined on Thursday, as indications of ample global supplies drove prices lower.
On...","https://www.investing.com/news/commodities-news/u.s.-corn,-wheat-decline-on-global-crop-prospects-299585",43
corn,"U.S. soybeans, corn edge lower after Monday’s rally",2014-07-29 11:34:41,Investing.com,"Investing.com - U.S. soybean and corn futures edged lower on Tuesday, one day after rallying sharply amid speculation lower prices...","https://www.investing.com/news/commodities-news/u.s.-soybeans,-corn-edge-lower-after-monday’s-rally-298642",43
corn,"U.S. soybeans, corn rise on demand hopes",2014-07-28 11:32:05,Investing.com,"Investing.com - U.S. soybean and corn futures were higher on Monday, as investors returned to the market amid speculation lower...","https://www.investing.com/news/commodities-news/u.s.-soybeans,-corn-rise-on-demand-hopes-298302",44
corn,Grain futures - weekly outlook: July 28 - August 1,2014-07-27 12:25:02,Investing.com,"Investing.com - U.S. corn futures ended the week close to the lowest level in four years on Friday, as ongoing expectations for a...",https://www.investing.com/news/commodities-news/grain-futures---weekly-outlook:-july-28---august-1-298197,44
corn,"U.S. corn, wheat futures drop to 4-year lows on crop prospects",2014-07-23 10:10:51,Investing.com,"Investing.com - U.S. corn and wheat futures both traded at their lowest levels since July 2010 on Wednesday, as ongoing...","https://www.investing.com/news/commodities-news/u.s.-corn,-wheat-futures-drop-to-4-year-lows-on-crop-prospects-297085",44
corn,U.S. grains decline; corn falls to 4-year low on crop outlook,2014-07-21 11:56:34,Investing.com,"Investing.com - U.S. corn futures fell to a fresh four-year low on Monday, as ongoing expectations for a record U.S. harvest...",https://www.investing.com/news/commodities-news/u.s.-grains-decline;-corn-falls-to-4-year-low-on-crop-outlook-296375,44
corn,Grain futures - weekly outlook: July 21 - 25,2014-07-20 14:06:06,Investing.com,"Investing.com - U.S. corn futures plunged to a four-year low on Friday, as ongoing expectations for a record U.S. harvest...",https://www.investing.com/news/commodities-news/grain-futures---weekly-outlook:-july-21---25-296285,44
corn,U.S. grains hold near multi-year lows on ample supply outlook,2014-07-17 11:48:18,Investing.com,"Investing.com - U.S. grain futures traded near multi-year lows on Thursday, as investors were hesitant to enter the market amid...",https://www.investing.com/news/commodities-news/u.s.-grains-hold-near-multi-year-lows-on-ample-supply-outlook-295767,44
corn,U.S. grains rebound from multi-year lows; corn ticks up,2014-07-16 11:52:29,Investing.com,"Investing.com - U.S. grain futures rebounded on Wednesday, as investors returned to the market to seek cheap valuations after...",https://www.investing.com/news/commodities-news/u.s.-grains-rebound-from-multi-year-lows;-corn-ticks-up-295359,44
corn,U.S. grains decline; corn trades near 4-year low on U.S. crop outlook,2014-07-15 12:17:06,Investing.com,"Investing.com - U.S. corn futures traded near the lowest level in four years on Tuesday, amid ongoing expectations for a record...",https://www.investing.com/news/commodities-news/u.s.-grains-decline;-corn-trades-near-4-year-low-on-u.s.-crop-outlook-294972,44
corn,Grain futures - weekly outlook: July 14 - 18,2014-07-13 12:59:10,Investing.com,"Investing.com - U.S. grain futures plunged to multi-year lows on Friday, after the U.S. Department of Agriculture forecast...",https://www.investing.com/news/commodities-news/grain-futures---weekly-outlook:-july-14---18-294495,44
corn,U.S. grains rebound; corn bounces off 4-year low,2014-07-10 12:01:25,Investing.com,"Investing.com - U.S. corn futures regained strength on Thursday, as investors returned to the market to seek cheap valuations...",https://www.investing.com/news/commodities-news/u.s.-grains-rebound;-corn-bounces-off-4-year-low-294137,44
corn,U.S. grains decline; corn falls further below $4 a bushel,2014-07-09 11:44:15,Investing.com,"Investing.com - U.S. corn futures traded at the lowest level in four years on Wednesday, as ongoing expectations for a record U.S....",https://www.investing.com/news/commodities-news/u.s.-grains-decline;-corn-falls-further-below-$4-a-bushel-293886,45
corn,U.S. grains mixed; corn trades near 4-year low on U.S. crop outlook,2014-07-08 10:02:12,Investing.com,"Investing.com - U.S. corn futures traded near the lowest level in four years on Tuesday, amid ongoing expectations for a record...",https://www.investing.com/news/commodities-news/u.s.-grains-mixed;-corn-trades-near-4-year-low-on-u.s.-crop-outlook-293507,45
corn,Grain futures - weekly outlook: July 7 - 11,2014-07-06 12:35:36,Investing.com,"Investing.com - U.S. grain futures ended the week down sharply, with soybeans prices falling to the lowest level in more than four...",https://www.investing.com/news/commodities-news/grain-futures---weekly-outlook:-july-7---11-293114,45
corn,U.S. grain futures rebound after heavy losses; soybeans higher,2014-07-03 10:33:04,Investing.com,"Investing.com - U.S. soybean futures rose for the first time in five sessions on Thursday, as investors returned to the market to...",https://www.investing.com/news/commodities-news/u.s.-grain-futures-rebound-after-heavy-losses;-soybeans-higher-292908,45
corn,U.S. corn down for third straight session on upbeat crop outlook,2014-07-02 11:05:57,Investing.com,"Investing.com - U.S. corn futures fell for the third consecutive session on Wednesday, amid ongoing expectations for a record U.S....",https://www.investing.com/news/commodities-news/u.s.-corn-down-for-third-straight-session-on-upbeat-crop-outlook-292692,45
corn,"U.S. soybeans, corn trade near multi-month lows on supply outlook",2014-07-01 10:08:21,Investing.com,"Investing.com - U.S. soybean and corn futures traded near multi-month lows on Tuesday, after the U.S. Department of Agriculture...","https://www.investing.com/news/commodities-news/u.s.-soybeans,-corn-trade-near-multi-month-lows-on-supply-outlook-292373",45
corn,Grain futures lower ahead of USDA reports,2014-06-30 10:16:40,Investing.com,"Investing.com - U.S. grain futures were mostly lower on Monday, as investors squared positions ahead of the U.S. Department of...",https://www.investing.com/news/commodities-news/grain-futures-lower-ahead-of-usda-reports-292059,45
corn,Grain futures - weekly outlook: June 30 - July 4,2014-06-29 12:03:50,Investing.com,"Investing.com - U.S. grain futures ended Friday’s session mixed, as investors readjusted positions ahead of the U.S....",https://www.investing.com/news/commodities-news/grain-futures---weekly-outlook:-june-30---july-4-291985,45
corn,Grain futures mixed; U.S. corn weighed by upbeat crop outlook,2014-06-26 10:37:38,Investing.com,"Investing.com - U.S. corn futures swung between small gains and losses on Thursday, amid ongoing expectations for a record U.S....",https://www.investing.com/news/commodities-news/grain-futures-mixed;-u.s.-corn-weighed-by-upbeat-crop-outlook-291637,45
corn,Grain futures lower; U.S. corn extends losses on crop outlook,2014-06-25 11:48:35,Investing.com,"Investing.com - U.S. corn futures extended losses from the previous session to on Wednesday, amid ongoing expectations for a...",https://www.investing.com/news/commodities-news/grain-futures-lower;-u.s.-corn-extends-losses-on-crop-outlook-291397,45
corn,Grain futures lower; U.S. corn under pressure on upbeat crop outlook,2014-06-24 10:35:48,Investing.com,"Investing.com - U.S. corn futures fell to a four-month low on Tuesday, amid ongoing optimism over the health of the U.S. corn...",https://www.investing.com/news/commodities-news/grain-futures-lower;-u.s.-corn-under-pressure-on-upbeat-crop-outlook-291132,46
corn,"Grain futures higher; U.S. wheat, corn rise on rainy Plains weather",2014-06-23 10:36:24,Investing.com,"Investing.com - U.S. wheat and corn futures rose on Monday, as excessive rain in the U.S. over the weekend sparked concerns over...","https://www.investing.com/news/commodities-news/grain-futures-higher;-u.s.-wheat,-corn-rise-on-rainy-plains-weather-290871",46
corn,Grain futures - weekly outlook: June 23 - 27,2014-06-22 13:23:12,Investing.com,"Investing.com - U.S. wheat futures ended the week close to a four-month low on Friday, as ongoing indications of ample supplies...",https://www.investing.com/news/commodities-news/grain-futures---weekly-outlook:-june-23---27-290826,46
corn,"Grain futures higher; U.S. wheat, corn rise for 2nd day",2014-06-19 10:26:45,Investing.com,"Investing.com - U.S. wheat and corn futures rose for the second consecutive session on Thursday, as investors looked to take...","https://www.investing.com/news/commodities-news/grain-futures-higher;-u.s.-wheat,-corn-rise-for-2nd-day-290492",46
corn,"Grain futures rebound; U.S. corn, wheat bounce off 4-month lows",2014-06-18 10:30:06,Investing.com,"Investing.com - U.S. corn and wheat futures bounced off four-month lows struck in the previous session on Wednesday, as investors...","https://www.investing.com/news/commodities-news/grain-futures-rebound;-u.s.-corn,-wheat-bounce-off-4-month-lows-290256",46
corn,Grain futures; U.S. corn falls to 4-month low on upbeat crop outlook,2014-06-17 10:00:53,Investing.com,"Investing.com - U.S. corn futures fell to a four-month low on Tuesday, amid growing optimism over the health of the U.S. corn...",https://www.investing.com/news/commodities-news/grain-futures;-u.s.-corn-falls-to-4-month-low-on-upbeat-crop-outlook-289988,46
corn,U.S. wheat edges higher ahead of crop progress report,2014-06-16 10:36:45,Investing.com,"Investing.com - U.S. wheat futures edged higher on Monday, as investors returned to the market to seek cheap valuations in wake of...",https://www.investing.com/news/commodities-news/u.s.-wheat-edges-higher-ahead-of-crop-progress-report-289711,46
corn,Grain futures - weekly outlook: June 16 - 20,2014-06-15 12:54:19,Investing.com,"Investing.com - U.S. wheat futures ended the week close to a four-month low on Friday, as ongoing indications of ample global...",https://www.investing.com/news/commodities-news/grain-futures---weekly-outlook:-june-16---20-289651,46
corn,"U.S. wheat, corn trade near multi-month lows on supply outlook",2014-06-12 10:16:38,Investing.com,"Investing.com - U.S. wheat and corn futures traded near multi-month lows on Thursday, after the U.S. Department of Agriculture...","https://www.investing.com/news/commodities-news/u.s.-wheat,-corn-trade-near-multi-month-lows-on-supply-outlook-289267",46
corn,"U.S. wheat, corn bounce off multi-month lows ahead of USDA report",2014-06-11 10:28:16,Investing.com,"Investing.com - U.S. wheat and corn futures bounced off multi-month lows hit earlier in the week on Wednesday, as investors...","https://www.investing.com/news/commodities-news/u.s.-wheat,-corn-bounce-off-multi-month-lows-ahead-of-usda-report-289032",46
corn,"Xi-Trump summit may yield farm deal, but China has limited soybean appetite",2026-05-12 02:55:13,Reuters,"By Ella Cao, Trevor Hunnicutt and Naveen Thukral BEIJING/SINGAPORE, May 12 (Reuters) - China and the United States may reach a...",https://www.investing.com/news/stock-market-news/xitrump-summit-may-yield-farm-deal-but-china-has-limited-soybean-appetite-4678939,1
corn,Jobs report and consumer sentiment among economic data due Friday,2026-05-07 18:00:53,Investing.com,"As traders approach another pivotal day for financial markets, a series of crucial economic data releases that could sway market...",https://www.investing.com/news/stock-market-news/jobs-report-and-consumer-sentiment-among-economic-data-due-friday-93CH-4669267,1
corn,"Corn Planting Flat Year-Over-Year, Soybeans Ahead by 5%",2026-05-06 10:39:42,Investing.com,"Investing.com -- Corn planting reached 38% completion as of this week, matching last year’s pace and running 4% ahead of the...",https://www.investing.com/news/stock-market-news/corn-planting-flat-yearoveryear-soybeans-ahead-by-5-93CH-4662407,1
corn,"Chicago Wheat, Corn, Soy Prices Fall on Profit-Taking, Farmer Selling",2026-05-05 18:10:06,Investing.com,"Investing.com -- Chicago wheat, corn and soybean futures declined on Tuesday, ending a two-session rally as profit-taking and...",https://www.investing.com/news/commodities-news/chicago-wheat-corn-soy-prices-fall-on-profittaking-farmer-selling-93CH-4660542,1
corn,"CBOT Corn Futures Rise on Higher Crude Oil, Planting Delays",2026-05-04 19:29:17,Investing.com,"Investing.com -- Chicago Board of Trade corn futures rose on Monday, supported by stronger crude oil prices and concerns about...",https://www.investing.com/news/commodities-news/cbot-corn-futures-rise-on-higher-crude-oil-planting-delays-93CH-4657166,1
corn,"Soybean futures hit seven-week high on oil gains, strong demand",2026-05-04 19:04:41,Investing.com,Investing.com -- Chicago Board of Trade soybean futures climbed to a seven-week peak on Monday as crude oil prices surged and...,https://www.investing.com/news/commodities-news/soybean-futures-hit-sevenweek-high-on-oil-gains-strong-demand-93CH-4657138,1
corn,Manufacturing PMI and ISM data highlight Friday’s economic calendar,2026-04-30 18:01:03,Investing.com,"As traders approach another pivotal day for financial markets, a series of crucial economic data releases that could sway market...",https://www.investing.com/news/stock-market-news/manufacturing-pmi-and-ism-data-highlight-fridays-economic-calendar-93CH-4650864,1
corn,"Chicago grains pare gains, mirroring crude oil",2026-04-30 14:44:37,Reuters,"PARIS/BEIJING, April 30 (Reuters) - Chicago grain futures reversed course on Thursday, tracking a retreat in crude oil prices...",https://www.investing.com/news/commodities-news/chicago-grains-pare-gains-mirroring-crude-oil-4650083,1
corn,"Corn futures reach one-year high on export demand, weather worries",2026-04-29 19:52:01,Investing.com,"Investing.com -- Chicago Board of Trade corn futures reached a one-year high on Wednesday, supported by strong export demand and...",https://www.investing.com/news/commodities-news/corn-futures-reach-oneyear-high-on-export-demand-weather-worries-93CH-4646694,1
corn,Farm commodities surge to two-year high on Hormuz closure,2026-04-29 11:56:49,Investing.com,Investing.com -- The extended closure of the Strait of Hormuz and extreme weather have pushed farm commodity prices to a two-year...,https://www.investing.com/news/economy-news/farm-commodities-surge-to-twoyear-high-on-hormuz-closure-93CH-4644665,1
corn,CBOT corn hits 10-month high on crude oil surge,2026-04-27 18:47:12,Investing.com,"Investing.com -- Chicago Board of Trade corn futures reached 10-month highs on Monday as crude oil prices climbed, with concerns...",https://www.investing.com/news/commodities-news/cbot-corn-hits-10month-high-on-crude-oil-surge-93CH-4639642,2
corn,Analysis-Iran war fertiliser squeeze could spell trouble for next year’s grain harvests,2026-04-27 11:07:30,Reuters,"By Gus Trompiz and Naveen Thukral PARIS/SINGAPORE, April 27 (Reuters) - Farmers around the world are facing the second surge in...",https://www.investing.com/news/stock-market-news/analysisiran-war-fertiliser-squeeze-could-spell-trouble-for-next-years-grain-harvests-4638058,2
corn,Michigan consumer sentiment and rig count data due Friday,2026-04-23 18:00:49,Investing.com,"As traders approach the final day of the trading week, a series of economic data releases that could influence market dynamics are...",https://www.investing.com/news/stock-market-news/michigan-consumer-sentiment-and-rig-count-data-due-friday-93CH-4633665,2
corn,Analysis-Biofuels back in vogue as Iran war triggers oil price surge,2026-04-21 06:06:31,Reuters,"By Nigel Hunt and May Angel LONDON, April 21 (Reuters) - Soaring oil prices in the wake of the U.S.-Israeli war on Iran are...",https://www.investing.com/news/commodities-news/analysisbiofuels-back-in-vogue-as-iran-war-triggers-oil-price-surge-4625047,2
corn,Fed officials speak and rig count data highlight Friday’s calendar,2026-04-16 18:00:27,Investing.com,"As traders approach the final trading day of the week, a series of Federal Reserve speeches and key industry data releases are...",https://www.investing.com/news/stock-market-news/fed-officials-speak-and-rig-count-data-highlight-fridays-calendar-93CH-4618901,2
corn,"Diplomatic push underway on Hormuz fertiliser proposal, UN says, as shortages bite",2026-04-13 12:25:15,Reuters,"By Olivia Le Poidevin GENEVA, April 13 (Reuters) - A diplomatic push is under way on a U.N.-led proposal to ensure safe passage...",https://www.investing.com/news/commodities-news/diplomatic-push-underway-on-hormuz-fertiliser-proposal-un-says-as-shortages-bite-4610288,2
corn,CPI inflation data highlights economic calendar for Friday,2026-04-09 18:00:33,Investing.com,"As traders approach another pivotal day for financial markets, a series of crucial economic data releases that could sway market...",https://www.investing.com/news/stock-market-news/cpi-inflation-data-highlights-economic-calendar-for-friday-93CH-4606391,2
corn,Chinese pigs fed new menu as Beijing weans farmers off US soy,2026-04-07 04:12:31,Reuters,"By Daphne Zhang and Lewis Jackson TAIZHOU, China, April 7 (Reuters) - At the edge of one of the many pig farms spread across the...",https://www.investing.com/news/stock-market-news/chinese-pigs-fed-new-menu-as-beijing-weans-farmers-off-us-soy-4599601,2
corn,"World food price rise set to continue if Iran war lasts, FAO says",2026-04-03 13:00:29,Reuters,"By Sybille de La Hamaide PARIS, April 3 (Reuters) - World food prices climbed in March to their highest level since September...",https://www.investing.com/news/commodities-news/world-food-prices-extend-rise-in-march-united-nations-fao-says-4596882,2
corn,"Jobs report, Services PMI among key economic data due Friday",2026-04-02 18:00:51,Investing.com,"As traders approach another pivotal day for financial markets, a series of crucial economic data releases that could sway market...",https://www.investing.com/news/stock-market-news/jobs-report-services-pmi-among-key-economic-data-due-friday-93CH-4596173,2
corn,Australian growers shift to less fertiliser-intensive crops as Iran war costs surge,2026-04-02 08:42:26,Reuters,"By Naveen Thukral SINGAPORE, April 2 (Reuters) - Australian farmers are expected to favour less nitrogen-intensive crops such as...",https://www.investing.com/news/commodities-news/australian-growers-shift-to-less-fertiliserintensive-crops-as-iran-war-costs-surge-4594818,3
corn,US farmers to plant less corn as Iran war spikes fertilizer prices,2026-04-01 16:54:38,Reuters,"By Tom Polansek CHICAGO, March 31 (Reuters) - U.S. farmers plan to plant less corn and more soybeans in 2026 than last year, the...",https://www.investing.com/news/commodities-news/us-farmers-to-plant-less-corn-as-iran-war-spikes-fertilizer-prices-4593749,3
corn,"USDA reports corn acres above forecast, soybean acres below expectations, Baird comments",2026-04-01 11:19:58,Investing.com,Investing.com -- The U.S. Department of Agriculture’s prospective plantings report showed corn acreage slightly above consensus...,https://www.investing.com/news/stock-market-news/usda-reports-corn-acres-above-forecast-soybean-acres-below-expectations-baird-comments-93CH-4592762,3
corn,Beijing courts U.S. agribusiness as rural modernization takes center stage,2026-03-28 07:20:27,Investing.com,"Investing.com -- China is calling on American corporations to deepen their involvement in its domestic agricultural sector,...",https://www.investing.com/news/economy-news/beijing-courts-us-agribusiness-as-rural-modernization-takes-center-stage-4586478,3
corn,"US corn planting seen down, soy acres up as Iran war inflates costs, analysts say",2026-03-27 10:06:39,Reuters,"By Karl Plume CHICAGO, March 27 (Reuters) - The Iran war has upended the planting intentions of U.S. farmers, resulting in fewer...",https://www.investing.com/news/commodities-news/us-corn-planting-seen-down-soy-acres-up-as-iran-war-inflates-costs-analysts-say-4584425,3
corn,Michigan consumer sentiment and Fed speakers highlight Friday’s data,2026-03-26 18:01:20,Investing.com,"As traders approach the final trading day of the week, a series of consumer sentiment readings and Federal Reserve officials’...",https://www.investing.com/news/stock-market-news/michigan-consumer-sentiment-and-fed-speakers-highlight-fridays-data-93CH-4583234,3
corn,JPMorgan cuts Tyson Foods stock price target on beef margin concerns,2026-03-24 10:42:56,Investing.com,Investing.com - JPMorgan lowered its price target on Tyson Foods stock (NYSE:TSN) to $65 from $67 while maintaining a Neutral...,https://www.investing.com/news/analyst-ratings/jpmorgan-cuts-tyson-foods-stock-price-target-on-beef-margin-concerns-93CH-4577044,3
corn,Rig counts and CFTC positioning data among reports due Friday,2026-03-19 18:00:51,Investing.com,"As traders approach the final session of the trading week, a series of industry indicators and positioning reports that could...",https://www.investing.com/news/stock-market-news/rig-counts-and-cftc-positioning-data-among-reports-due-friday-93CH-4571423,3
corn,"CTAs dump 75% of equities as Middle East conflict escalates, UBS says",2026-03-17 12:43:22,Investing.com,"Investing.com -- Commodity trading advisers have slashed equity risk as geopolitical tensions surge, according to...",https://www.investing.com/news/stock-market-news/ctas-dump-75-of-equities-as-middle-east-conflict-escalates-ubs-says-4565643,3
corn,Morgan Stanley maintains positive view on hog producer amid feed cost pressures,2026-03-16 14:13:17,Investing.com,"Investing.com -- Hog futures declined last week, while rising feed prices linked to the Iran conflict are expected to slightly...",https://www.investing.com/news/stock-market-news/morgan-stanley-maintains-positive-view-on-hog-producer-amid-feed-cost-pressures-93CH-4563129,3
corn,US farmers rush to sell crops as Iran war fuels rally,2026-03-13 10:13:57,Reuters,"By Tom Polansek CHICAGO, March 13 (Reuters) - U.S. grain prices have surged since the Iran war began, triggering a flurry of corn...",https://www.investing.com/news/stock-market-news/us-farmers-rush-to-sell-crops-as-iran-war-fuels-rally-4559359,4
corn,"GDP, JOLTs job openings and core PCE among economic data due Friday",2026-03-12 18:01:10,Investing.com,"As traders approach another pivotal day for financial markets, a series of crucial economic data releases that could sway market...",https://www.investing.com/news/stock-market-news/gdp-jolts-job-openings-and-core-pce-among-economic-data-due-friday-93CH-4557910,4
corn,Brazil farmers face diesel cost jump as Middle East conflict lifts oil prices,2026-03-09 20:18:33,Reuters,"By Roberto Samora SAO PAULO, March 9 (Reuters) - A spike in diesel prices is emerging as the first and most immediate threat to...",https://www.investing.com/news/commodities-news/brazil-farmers-face-diesel-cost-jump-as-middle-east-conflict-lifts-oil-prices-4550526,4
corn,"Oil soars 25%, gold drops as Iran war jolts global commodity markets",2026-03-09 04:30:29,Reuters,"By Naveen Thukral SINGAPORE, March 9 (Reuters) - Oil prices surged around 25% on Monday to their highest since mid-2022, with...",https://www.investing.com/news/commodities-news/oil-soars-25-gold-drops-as-iran-war-jolts-global-commodity-markets-4548690,4
corn,"World food prices rebound in February, United Nations’ FAO says",2026-03-06 10:00:31,Reuters,"PARIS, March 6 (Reuters) - World food prices rose in February after falling for five straight months, as higher cereal, meat and...",https://www.investing.com/news/commodities-news/world-food-prices-rebound-in-february-united-nations-fao-says-4546225,4
corn,"Farmers see fertiliser price surge as Iran war blocks exports, threatening losses",2026-03-05 21:00:37,Reuters,"By Naveen Thukral and Ed White SINGAPORE/WINNIPEG, March 5 (Reuters) - The world’s farmers face soaring fertiliser and fuel...",https://www.investing.com/news/commodities-news/farmers-see-fertiliser-price-surge-as-iran-war-blocks-exports-threatening-losses-4545206,4
corn,"Expanding Iran conflict threatens Brazil grain exports, fertilizer supplies",2026-03-05 13:30:57,Reuters,"By Ana Mano and Roberto Samora SAO PAULO, March 5 (Reuters) - Brazilian farmers may be squeezed by the escalating conflict in the...",https://www.investing.com/news/stock-market-news/expanding-iran-conflict-threatens-brazil-grain-exports-fertilizer-supplies-4544089,4
corn,PPI data highlights economic calendar for Friday,2026-02-26 19:00:35,Investing.com,"As traders approach another pivotal day for financial markets, a series of crucial economic data releases that could sway market...",https://www.investing.com/news/stock-market-news/ppi-data-highlights-economic-calendar-for-friday-93CH-4529232,4
corn,"Indonesia may struggle to deliver on new US farm import promises, traders say",2026-02-25 09:19:00,Reuters,"By Bernadette Christina, Dewi Kurniawati and Naveen Thukral JAKARTA/SINGAPORE, Feb 25 (Reuters) - Indonesia could struggle to...",https://www.investing.com/news/commodities-news/indonesia-may-struggle-to-deliver-on-new-us-farm-import-promises-traders-say-4523421,4
corn,Protesters to leave Cargill’s Brazil facility in 48 hours,2026-02-24 16:50:34,Reuters,"By Adriano Machado SANTAREM, Brazil, Feb 24 (Reuters) - Brazilian Indigenous protesters who invaded a Cargill port facility in...",https://www.investing.com/news/stock-market-news/protesters-to-leave-cargills-brazil-facility-in-48-hours-4522013,4
corn,Indigenous protesters occupy Cargill’s Santarem port terminal in Brazil,2026-02-21 14:12:25,Reuters,"By Fabio Teixeira RIO DE JANEIRO, Feb 21 (Reuters) - Indigenous protesters have occupied Cargill’s Santarem river port terminal...",https://www.investing.com/news/stock-market-news/indigenous-protesters-occupy-cargills-santarem-port-terminal-in-brazil-4517512,5
corn,USDA defends $12 billion subsidy amid farm economy challenges,2026-02-20 21:07:13,Reuters,"By Karl Plume and P.J. Huffstutter ARLINGTON, Virginia/CHICAGO, Feb 20 (Reuters) - As the U.S. Department of Agriculture prepares...",https://www.investing.com/news/commodities-news/usda-defends-12-billion-subsidy-amid-farm-economy-challenges-4517086,5
corn,"US farmers to sow more soybeans in 2026, less corn, USDA says",2026-02-19 13:49:39,Reuters,"By Karl Plume WASHINGTON, Feb 19 (Reuters) - U.S. farmers will plant more soybeans and less corn in 2026 than last year, although...",https://www.investing.com/news/commodities-news/us-farmers-to-sow-more-soybeans-in-2026-less-corn-usda-says-4513776,5
corn,"Indonesia, US firms sign $38.4 billion in trade, investment deals",2026-02-19 05:54:30,Reuters,"By David Lawder WASHINGTON/JAKARTA, Feb 18 (Reuters) - Indonesian and U.S. companies on Wednesday signed deals worth $38.4...",https://www.investing.com/news/stock-market-news/indonesia-us-firms-sign-over-7-billion-in-trade-investment-deals-4512445,5
corn,"As US agriculture flails, farmers see big corn acres as best bet to break even",2026-02-18 11:07:12,Reuters,"By Julie Ingwersen CHICAGO, Feb 18 (Reuters) - U.S. farmers, though punished by slumping prices after last year’s monster corn...",https://www.investing.com/news/commodities-news/as-us-agriculture-flails-farmers-see-big-corn-acres-as-best-bet-to-break-even-4510359,5
corn,"’Exports to China look dismal,’ leader of busiest US seaport says",2026-02-17 20:54:58,Reuters,"By Lisa Baertlein LOS ANGELES, Feb 17 (Reuters) - Exports from the Port of Los Angeles, the busiest U.S. gateway for ocean trade,...",https://www.investing.com/news/commodities-news/exports-to-china-look-dismal-leader-of-busiest-us-seaport-says-4509640,5
corn,CPI data takes center stage in Friday’s economic calendar,2026-02-12 19:01:01,Investing.com,"As traders approach another pivotal day for financial markets, a series of crucial economic data releases that could sway market...",https://www.investing.com/news/stock-market-news/cpi-data-takes-center-stage-in-fridays-economic-calendar-93CH-4503836,5
corn,Analysis-USDA’s reputation suffers after massive revisions in US corn acres,2026-02-10 11:24:27,Reuters,"By Tom Polansek CHICAGO, Feb 10 (Reuters) - The U.S. Department of Agriculture, long the world’s gold standard for crop...",https://www.investing.com/news/commodities-news/analysisusdas-reputation-suffers-after-massive-revisions-in-us-corn-acres-4495912,5
corn,Explainer-India-US trade pact and its impact on millions of Indian farmers,2026-02-09 11:54:50,Reuters,"By Rajendra Jadhav and Mayank Bhardwaj NEW DELHI, Feb 9 (Reuters) - The United States and India have released an interim...",https://www.investing.com/news/commodities-news/explainerindiaus-trade-pact-and-its-impact-on-millions-of-indian-farmers-4493225,5
corn,Trump speech headlines economic events due Friday,2026-02-05 19:00:28,Investing.com,"As traders approach another pivotal day for financial markets, a series of crucial decisions and economic data releases that could...",https://www.investing.com/news/stock-market-news/trump-speech-headlines-economic-events-due-friday-93CH-4488661,5
corn,"Vietnam willing to boost US purchases, trade minister says, as new round of tariff talks begins",2026-02-04 06:18:28,Reuters,"HANOI, Feb 4 (Reuters) - Vietnam is willing to increase purchases of U.S. goods, especially machinery and high‑tech products, its...",https://www.investing.com/news/commodities-news/vietnam-willing-to-boost-us-purchases-trade-minister-says-as-new-round-of-tariff-talks-begins-4483636,6
corn,"Metals, crude oil dive in broad commodities market tumble",2026-02-02 22:49:05,Reuters,"By Naveen Thukral SINGAPORE, Feb 2 (Reuters) - Commodities markets slumped on Monday as a de-escalation of tensions between the...",https://www.investing.com/news/commodities-news/metals-crude-oil-dive-in-broad-commodities-market-tumble-4480399,6
corn,PPI data takes center stage in Friday’s economic calendar,2026-01-29 19:00:27,Investing.com,"As traders approach another pivotal day for financial markets, Friday, January 30, 2026, will feature several crucial economic...",https://www.investing.com/news/stock-market-news/ppi-data-takes-center-stage-in-fridays-economic-calendar-93CH-4474243,6
corn,"In Iowa, Trump touts economy as protests roil neighboring Minnesota",2026-01-28 04:42:26,Reuters,"By Jarrett Renshaw, Karl Plume and Trevor Hunnicutt CLIVE, Iowa, Jan 27 (Reuters) - U.S. President Donald Trump rallied...",https://www.investing.com/news/commodities-news/trump-heads-to-iowa-as-farm-stress-and-biofuel-delays-test-support-4466799,6
corn,Analysis-China to favour Brazilian soybean imports in H1 despite renewed US inflows,2026-01-28 03:06:47,Reuters,"By Naveen Thukral, Ella Cao and Ana Mano SINGAPORE/BEIJING/SAO PAULO, Jan 27 (Reuters) - China is expected to boost imports of...",https://www.investing.com/news/commodities-news/analysischina-to-favour-brazilian-soybean-imports-in-h1-despite-renewed-us-inflows-4469123,6
corn,Analysis-China to favour Brazilian soybean imports in H1 despite renewed U.S. inflows,2026-01-26 23:07:00,Reuters,"SINGAPORE/BEIJING/SAO PAULO, Jan 27 (Reuters) - China is expected to boost imports of Brazilian soybeans in the first half of...",https://www.investing.com/news/commodities-news/analysischina-to-favour-brazilian-soybean-imports-in-h1-despite-renewed-us-inflows-4466249,6
corn,Republican lawmakers plan to study year-round E15 gasoline sales,2026-01-22 20:24:49,Investing.com,Investing.com -- Republican U.S. lawmakers are planning to create a task force to study potential year-round sales of...,https://www.investing.com/news/economy-news/republican-lawmakers-plan-to-study-yearround-e15-gasoline-sales-93CH-4461271,6
corn,US Congress to create ethanol task force after E15 deal falls through,2026-01-22 20:24:29,Reuters,"WASHINGTON, Jan 22 (Reuters) - Republican U.S. lawmakers plan to create a task force to study potential year-round sales of...",https://www.investing.com/news/commodities-news/us-congress-to-create-ethanol-task-force-after-e15-deal-falls-through-4461267,6
corn,Services and manufacturing PMI data to headline Friday’s economic calendar,2026-01-22 19:00:30,Investing.com,"As traders approach another pivotal day for financial markets, a series of crucial economic data releases that could sway market...",https://www.investing.com/news/stock-market-news/services-and-manufacturing-pmi-data-to-headline-fridays-economic-calendar-93CH-4461187,6
corn,"Industrial production, rig count, and CFTC positions highlight Friday’s agenda",2026-01-15 19:00:36,Investing.com,"As traders approach another pivotal day for financial markets, a series of crucial economic indicators are expected on Friday,...",https://www.investing.com/news/stock-market-news/industrial-production-rig-count-and-cftc-positions-highlight-fridays-agenda-93CH-4450430,6
corn,"US farm economy shows widening cracks as costs rise, jobs vanish",2026-01-15 11:20:31,Reuters,"By P.J. Huffstutter, Karl Plume and Julie Ingwersen CHICAGO, Jan 15 (Reuters) - Across the U.S. farm belt, these have become...",https://www.investing.com/news/stock-market-news/us-farm-economy-shows-widening-cracks-as-costs-rise-jobs-vanish-4449056,7
corn,"Trade with Iran makes Brazil a target for more US tariffs, data shows",2026-01-13 14:18:33,Reuters,"By Ana Mano and Marcela Ayres SAO PAULO/BRASILIA, Jan 13 (Reuters) - Brazil ran a $2.9 billion trade surplus with Iran last year,...",https://www.investing.com/news/stock-market-news/trade-with-iran-makes-brazil-a-target-for-more-us-tariffs-data-shows-4444900,7
corn,"Jobs report, building permits highlight critical economic data due Friday",2026-01-08 19:00:43,Investing.com,"As traders approach another pivotal day for financial markets, Friday, January 9, 2026, will bring a series of crucial economic...",https://www.investing.com/news/stock-market-news/jobs-report-building-permits-highlight-critical-economic-data-due-friday-93CH-4437940,7
corn,"Silver shines in 2025 global market spotlight as softs, oil lag",2025-12-31 04:06:35,Reuters,"By Naveen Thukral and Lucas Liew SINGAPORE, Dec 31 (Reuters) - Precious metals were the standout performers among commodities...",https://www.investing.com/news/commodities-news/silver-shines-in-2025-global-market-spotlight-as-softs-oil-lag-4426138,7
corn,"Jobless claims, crude oil inventories to headline Wednesday’s economic data",2025-12-30 19:00:33,Investing.com,"As traders approach another pivotal day for financial markets, a series of crucial decisions and economic data releases that could...",https://www.investing.com/news/stock-market-news/jobless-claims-crude-oil-inventories-to-headline-wednesdays-economic-data-93CH-4425738,7
corn,"Fed Goolsbee speech, rig count data highlight Friday’s economic calendar",2025-12-11 19:01:36,Investing.com,"As traders approach another pivotal day for financial markets, a series of economic data releases that could sway market dynamics...",https://www.investing.com/news/stock-market-news/fed-goolsbee-speech-rig-count-data-highlight-fridays-economic-calendar-93CH-4404217,7
corn,Analysis-US farmers say Trump’s $12 billion aid package won’t cover losses,2025-12-10 19:31:15,Reuters,"By Leah Douglas and P.J. Huffstutter WASHINGTON, Dec 10 (Reuters) - U.S. farmers facing steep losses this year welcomed President...",https://www.investing.com/news/commodities-news/analysisus-farmers-say-trumps-12-billion-aid-package-wont-cover-losses-4400545,7
corn,Factbox-Key facts about trading on the CME,2025-11-28 11:25:18,Reuters,(Reuters) -An outage at the world’s biggest exchange operator CME Group on Friday halted trading on its popular currency platform...,https://www.investing.com/news/commodities-news/factboxkey-facts-about-trading-on-the-cme-4381644,7
corn,"Soybean oil poised for bullish 2026 as wheat faces pressure, BofA reports",2025-11-25 15:41:31,Investing.com,Investing.com - Bank of America maintained its bearish outlook on wheat and soymeal markets while projecting a strong bullish...,https://www.investing.com/news/commodities-news/soybean-oil-poised-for-bullish-2026-as-wheat-faces-pressure-bofa-reports-93CH-4377754,7
corn,Manufacturing PMI and services PMI highlight Friday’s economic calendar,2025-11-20 19:00:28,Investing.com,"As traders approach another pivotal day for financial markets, a series of crucial economic data releases that could sway market...",https://www.investing.com/news/stock-market-news/manufacturing-pmi-and-services-pmi-highlight-fridays-economic-calendar-93CH-4371265,7
corn,USDA data blackout fuels uncertainty ahead of upcoming crop report,2025-11-13 19:48:49,Reuters,By Karl Plume and Julie Ingwersen CHICAGO (Reuters) -A crop data blackout during the longest-ever U.S. government shutdown has...,https://www.investing.com/news/commodities-news/usda-data-blackout-fuels-uncertainty-ahead-of-upcoming-crop-report-4354697,8
corn,"BrasilAgro updates 2025/2026 harvest forecasts, notes weather uncertainties",2025-11-07 12:02:45,Investing.com,"BrasilAgro – Brazilian Agricultural Real Estate Co (B3:AGRO3, NYSE:LND) released updated estimates for its 2025/2026 harvest year...",https://www.investing.com/news/sec-filings/brasilagro-updates-20252026-harvest-forecasts-notes-weather-uncertainties-93CH-4342048,8
corn,"Chinese firm signs $5.2 billion of agricultural deals with traders including Cargill, LDC",2025-11-06 15:00:54,Reuters,BEIJING (Reuters) -Chinese supply chain operator and property developer Xiamen C&D said on Thursday it had signed contracts...,https://www.investing.com/news/stock-market-news/chinese-firm-signs-52-billion-of-agricultural-deals-with-traders-including-cargill-ldc-4338757,8
corn,Corteva launches two new insect control products for crop protection,2025-11-05 15:22:04,Investing.com,Corteva Inc. (CTVA) announced two new crop protection solutions designed to combat insects that cause an estimated $70 billion in...,https://www.investing.com/news/assorted/corteva-launches-two-new-insect-control-products-for-crop-protection-432SI-4334207,8
corn,Argentina’s farmers give Milei vote of confidence before midterms,2025-10-24 15:12:28,Reuters,By Maximilian Heath BUENOS AIRES (Reuters) -Argentine farmers are renewing their vote of confidence in President Javier Milei...,https://www.investing.com/news/commodities-news/argentinas-farmers-give-milei-vote-of-confidence-before-midterms-4308224,8
corn,UBS sees agricultural cycle near bottom as it upgrades Deere,2025-10-17 15:53:24,investing.com,Investing.com -- UBS raised its rating on Deere & Co to Buy from Neutral on expectations that the agricultural machinery downcycle...,https://www.investing.com/news/stock-market-news/ubs-sees-agricultural-cycle-near-bottom-as-it-upgrades-deere-4295110,8
corn,Weight-loss drugs and MAHA are hammering US sugar beet farmers,2025-10-08 10:18:55,Reuters,"By Karl Plume CHICAGO (Reuters) -For years, sugar beets were a lifeline for American farmers. More than half of domestically...",https://www.investing.com/news/commodities-news/weightloss-drugs-and-maha-are-hammering-us-sugar-beet-farmers-4276687,8
corn,Argentina resumes export taxes on grains and by-products,2025-09-25 16:19:15,Reuters,BUENOS AIRES (Reuters) -Argentina has reimplemented export taxes on grains and their by-products after temporarily suspending...,https://www.investing.com/news/commodities-news/argentina-reapplies-export-taxes-on-grains-and-byproducts-4254514,8
corn,Argentina suspends agro-export taxes to scoop up dollars,2025-09-22 20:00:47,Reuters,By Maximilian Heath and Aida Pelaez-Fernandez BUENOS AIRES (Reuters) -Argentina’s government on Monday temporarily eliminated...,https://www.investing.com/news/forex-news/argentina-suspends-agroexport-taxes-to-scoop-up-dollars-4249850,8
corn,Baker Hughes rig count and CFTC data in focus for Friday,2025-09-18 18:00:33,Investing.com,"As traders approach another pivotal day for financial markets on Friday, September 19, 2025, attention will be focused on the...",https://www.investing.com/news/stock-market-news/baker-hughes-rig-count-and-cftc-data-in-focus-for-friday-93CH-4245487,8
corn,"USDA considering economic aid for farmers this fall, says secretary",2025-09-15 21:12:46,Reuters,By Leah Douglas WASHINGTON (Reuters) - The U.S. Department of Agriculture is working with Congress to evaluate whether economic...,https://www.investing.com/news/commodities-news/usda-considering-economic-aid-for-farmers-this-fall-says-secretary-4239211,9
corn,"USDA projects record US corn crop, biggest harvested acres since 1933",2025-09-12 19:24:55,Reuters,By Karl Plume CHICAGO (Reuters) -U.S. farmers will harvest the most acres of corn since 1933 and produce more of the grain than...,https://www.investing.com/news/commodities-news/usda-projects-record-us-corn-crop-biggest-harvested-acres-since-1933-4237515,9
corn,"Consumer sentiment, WASDE report among key economic events due Friday",2025-09-11 18:00:29,Investing.com,"As traders approach another pivotal day for financial markets, a series of crucial economic data releases that could sway market...",https://www.investing.com/news/stock-market-news/consumer-sentiment-wasde-report-among-key-economic-events-due-friday-93CH-4235898,9
corn,"World food prices at more than two-year high, FAO says",2025-09-05 09:55:15,Reuters,"PARIS (Reuters) -World food prices hovered around their highest level in more than two years in August, as costlier meat, sugar...",https://www.investing.com/news/commodities-news/world-food-prices-at-more-than-twoyear-high-fao-says-4226205,9
corn,Alma partners with celebrity skin expert Nurse Jamie to boost global reach,2025-09-04 14:04:53,Investing.com,"HONG KONG - Sisram Medical (1696.HK), trading at $18.31 and showing a year-to-date decline of nearly 18%, announced Thursday that...",https://www.investing.com/news/company-news/alma-partners-with-celebrity-skin-expert-nurse-jamie-to-boost-global-reach-93CH-4224660,9
corn,"BofA model favors gasoline and gold, underweights Brent in latest commodity outlook",2025-09-04 09:55:12,Investing.com,"Investing.com - Bank of America’s latest commodity model indicates investors should overweight gasoline, gasoil, soybean meal, and...",https://www.investing.com/news/stock-market-news/bofa-model-favors-gasoline-and-gold-underweights-brent-in-latest-commodity-outlook-93CH-4223682,9
corn,"K+S stock falls 4% after Berenberg downgrade to “sell,” price target cut to €11",2025-08-20 08:45:45,Investing.com,Investing.com -- K+S AG (ETR:SDFGn) shares fell 4% on Wednesday after Berenberg downgraded the stock to “sell” and cut its price...,https://www.investing.com/news/stock-market-news/ks-stock-falls-4-after-berenberg-downgrade-to-sell-price-target-cut-to-11-4201372,9
corn,Steadfast F receives Investment Bank Analyst Rating Update,2025-08-20 05:17:02,Investing.com,,https://www.investing.com/news/pro/berenberg-downgrades-steadfast-group-to-sell-with-a-price-target-of-a1100-4201139,9
corn,"Banco do Brasil facing record agribusiness default levels, CEO says",2025-08-15 15:41:25,Reuters,"SAO PAULO (Reuters) -Banco do Brasil is facing the highest default level ever recorded in its agribusiness loan portfolio, CEO...",https://www.investing.com/news/stock-market-news/banco-do-brasil-facing-record-agribusiness-default-levels-ceo-says-4195703,9
corn,"Brazil’s BRF expects China, Europe to resume chicken imports",2025-08-15 15:26:02,Reuters,"By Ana Mano SAO PAULO (Reuters) -China and Europe will resume buying chicken products from Brazil ""in a matter of days or weeks""...",https://www.investing.com/news/stock-market-news/brazils-brf-expects-china-europe-to-resume-chicken-imports-4195513,9
corn,Banco do Brasil faces record defaults in agribusiness loans,2025-08-15 13:07:07,Investing.com,"Investing.com -- Banco do Brasil is experiencing unprecedented default levels in its agribusiness loan portfolio, according to CEO...",https://www.investing.com/news/stock-market-news/banco-do-brasil-faces-record-defaults-in-agribusiness-loans-93CH-4195377,10
corn,Deere warns of bigger tariff hit after quarterly profit declines,2025-08-14 17:10:36,Reuters,By Nathan Gomes (Reuters) -Deere & Co reported a drop in third-quarter profit on Thursday and warned of a bigger tariff hit than...,https://www.investing.com/news/stock-market-news/deeres-thirdquarter-profit-falls-4191361,10
corn,Corn futures tumble following WASDE report,2025-08-12 16:27:51,Investing.com,Investing.com -- Corn futures plunged Tuesday after the USDA’s latest World Agricultural Supply and Demand Estimates (WASDE)...,https://www.investing.com/news/commodities-news/corn-futures-tumble-following-wasde-report-4185863,10
corn,"An American toddler in foster care, a mom in ICE detention",2025-07-22 16:23:38,Reuters,"By Kristina Cooke and Ted Hesson GREENVILLE, Ohio (Reuters) -For 125 days in her immigration detention cell, Ingrid Mejia...",https://www.investing.com/news/world-news/an-american-toddler-in-foster-care-a-mom-in-ice-detention-4146630,10
corn,"Coke’s shift to cane sugar would be expensive, hurt US farmers",2025-07-18 02:26:00,Reuters,"By Marcelo Teixeira, Karl Plume and Renee Hickman NEW YORK (Reuters) -A possible move by Coca-Cola (NYSE:KO) , and other beverage...",https://www.investing.com/news/stock-market-news/cokes-shift-to-cane-sugar-would-be-expensive-hurt-us-farmers-4140533,10
corn,Trump says Coca-Cola agreed to use real cane sugar in US,2025-07-17 06:41:44,Reuters,WASHINGTON (Reuters) -President Donald Trump said on Wednesday that Coca-Cola (NYSE:KO) had agreed to use cane sugar in its...,https://www.investing.com/news/stock-market-news/trump-says-cocacola-agreed-to-use-real-cane-sugar-in-us-4138486,10
corn,"Factbox-Agreements between US, Indonesian firms in leadup to trade deal",2025-07-16 07:21:00,Reuters,JAKARTA (Reuters) -U.S. President Donald announced a trade agreement with Indonesia that would see Washington lower its tariff...,https://www.investing.com/news/stock-market-news/factboxagreements-between-us-indonesian-firms-in-leadup-to-trade-deal-4136961,10
corn,Ferrero poised to revive WK Kellogg sales for health-conscious Americans,2025-07-16 06:05:41,Reuters,"By Savyata Mishra (Reuters) -Nutella spread maker Ferrero, armed with experience in health-regulated European markets and a track...",https://www.investing.com/news/stock-market-news/analysisferrero-poised-to-revive-wk-kellogg-sales-for-healthconscious-americans-4136417,10
corn,Analysis-Brazil corn ethanol boom covers demand as country hikes biofuel mandate,2025-06-27 09:06:05,Reuters,By Oliver Griffin SAO PAULO (Reuters) -Growth of Brazil’s corn ethanol sector has become key to meeting the country’s growing...,https://www.investing.com/news/commodities-news/analysisbrazil-corn-ethanol-boom-covers-demand-as-country-hikes-biofuel-mandate-4114104,10
corn,"US set to object to green jet fuel recommendation at UN aviation council, sources say",2025-06-17 16:22:37,Reuters,By Allison Lampert and Oliver Griffin MONTREAL/SAO PAULO (Rtrs) -The U.S. is expected to object this month to a recommendation at...,https://www.investing.com/news/commodities-news/us-set-to-object-to-green-jet-fuel-recommendation-at-un-aviation-council-sources-say-4098705,10
corn,Deere & Co receives Investment Bank Analyst Rating Update,2025-06-11 12:08:03,Investing.com,,https://www.investing.com/news/pro/bernstein-socgen-group-maintains-deerecompany-at-market-perform-with-a-price-target-of-54800-4090746,11
corn,"Farmers in EU raise alarm over Mercosur, Ukraine trade deals",2025-06-04 13:37:54,Reuters,By Sybille de La Hamaide and Inti Landauro PARIS/MADRID (Reuters) -French and Spanish farmers warned on Wednesday that a flood of...,https://www.investing.com/news/commodities-news/farmers-in-eu-raise-alarm-over-mercosur-ukraine-trade-deals-4080835,11
corn,Bank of America Securities sees near-term weakness in Brent; upside in gold,2025-06-03 11:20:17,Investing.com,"Investing.com - Bank of America has adjusted its commodity portfolio strategy for the next one-month horizon.
With the recent...",https://www.investing.com/news/commodities-news/bank-of-america-securities-sees-nearterm-weakness-in-brent-upside-in-gold-4077664,11
corn,Argentina’s farmers describe ’sea of water’ after downpour hits harvest,2025-05-19 20:41:56,Reuters,"By Maximilian Heath BUENOS AIRES (Reuters) -Argentina’s agricultural heartland has been lashed by heavy rains in recent days,...",https://www.investing.com/news/commodities-news/argentinas-farmers-describe-sea-of-water-after-downpour-hits-harvest-4053659,11
corn,U.S. soybean exports risk 20% drop without improved China deal,2025-05-14 12:00:48,Reuters,By Sybille de La Hamaide GENEVA (Reuters) -U.S. soybean exports may drop 20% and prices will plunge if the United States and...,https://www.investing.com/news/commodities-news/us-soybean-exports-may-fall-20-without-china-trade-deal-agresource-says-4043901,11
corn,"China to allow Brazil’s ethanol by-product amid Lula visit, US-China trade war",2025-05-13 16:23:27,Reuters,By Ella Cao and Eduardo Baptista BEIJING (Reuters) -Brazil signed protocols with China on Tuesday to allow exports of an ethanol...,https://www.investing.com/news/commodities-news/china-to-allow-brazils-ethanol-byproduct-amid-lula-visit-uschina-trade-war-4041810,11
corn,US farmers say Brazil keeps edge in China’s soy market despite trade truce,2025-05-13 15:42:01,Reuters,By Tom Polansek CHICAGO (Reuters) - A surprising tariff pause between Beijing and Washington will not help U.S. farmers revive...,https://www.investing.com/news/stock-market-news/us-farmers-say-brazil-still-has-edge-in-chinas-soybean-market-despite-trade-truce-4041070,11
corn,Japan’s Ishiba signals increasing corn imports as part of US trade talks,2025-05-12 08:01:40,Reuters,By Leika Kihara and Makiko Yamazaki TOKYO (Reuters) -Japanese Prime Minister Shigeru Ishiba on Monday signalled that increasing...,https://www.investing.com/news/commodities-news/japans-ishiba-signals-increasing-corn-imports-as-part-of-us-trade-talks-4037800,11
corn,Bunge posts Q1 profit beat as tariff-fueled uncertainty lifts demand,2025-05-07 17:46:18,Reuters,By Karl Plume CHICAGO (Reuters) -Grain trader and processor  Bunge  (NYSE:BG) Global said on Wednesday its first-quarter profit...,https://www.investing.com/news/stock-market-news/bunge-beats-firstquarter-profit-estimates-driven-by-high-processing-margins-4027574,11
corn,ADM warns 2025 profit at low end of prior forecast as tariffs stoke uncertainty,2025-05-06 19:04:23,Reuters,By Karl Plume and Mrinalika Roy CHICAGO (Reuters) - Tariffs and trade chaos stung Archer-Daniels-Midland as the grains merchant...,https://www.investing.com/news/stock-market-news/adm-reports-firstquarter-profit-beat-4024282,11
corn,Funds hold bullish corn and soybean bets steady as trade talks await clarity: Braun,2025-04-28 11:31:18,Reuters,"By Karen Braun NAPERVILLE, ILLINOIS (Reuters) -Speculators held on to bullish bets in Chicago corn and soybeans last week in...",https://www.investing.com/news/commodities-news/columnfunds-hold-bullish-corn-and-soybean-bets-steady-as-trade-talks-await-clarity-braun-4006015,12
corn,"Kentucky farmers hit by one-two punch of trade war, historic floods",2025-04-24 10:19:03,Reuters,"By Julie Ingwersen and Karl Plume GLENDALE, Kentucky (Reuters) - Kentucky farmer Drew Langley got an early start planting...",https://www.investing.com/news/commodities-news/kentucky-farmers-hit-by-onetwo-punch-of-trade-war-historic-floods-4000857,12
corn,Brazil’s would-be cocoa king aims to revolutionize industry with giant farm,2025-04-22 23:32:46,Reuters,"By Marcelo Teixeira RIACHAO DAS NEVES, Brazil (Reuters) - In the Brazilian state of Bahia, farmer Moises Schmidt is developing...",https://www.investing.com/news/commodities-news/brazils-wouldbe-cocoa-king-aims-to-revolutionize-industry-with-giant-farm-3994993,12
corn,"Bitcoin to Catch up to Gold, Fundstrat’s Tom Lee Says, Here’s Key Argument",2025-04-21 19:30:15,U.Today,U.Today - Fundstrat expert Tom Lee has joined the team of CNBC’s Squawk Box hosts to talk about Bitcoin and gold. The latter...,https://www.investing.com/news/cryptocurrency-news/bitcoin-to-catch-up-to-gold-fundstrats-tom-lee-says-heres-key-argument-3994146,12
corn,Exclusive-Argentina bumper wheat harvest could hit record if export tax cuts extended,2025-04-15 20:27:14,Reuters,"By Maximilian Heath BUENOS AIRES (Reuters) - Argentina’s major Buenos Aires grains exchange, already forecasting a bumper wheat...",https://www.investing.com/news/forex-news/exclusiveargentina-bumper-wheat-harvest-could-hit-record-if-export-tax-cuts-extended-3986698,12
corn,Argentina farmers focus on harvest over sales despite currency boost,2025-04-14 17:51:16,Reuters,"BUENOS AIRES (Reuters) - Argentina’s grain industry welcomed an exchange-rate overhaul on Monday, though the new measures will...",https://www.investing.com/news/economy-news/argentina-farmers-focus-on-harvest-over-sales-despite-currency-boost-3984210,12
corn,"EU tariffs to curb US corn imports, soy at lower risk for now",2025-04-09 14:57:53,Reuters,By Sybille de La Hamaide and Michael Hogan PARIS/HAMBURG (Reuters) - European Union counter-tariffs on U.S. goods starting next...,https://www.investing.com/news/commodities-news/eu-tariffs-to-curb-us-corn-imports-soy-at-lower-risk-for-now-3977149,12
corn,"Asian buyers shun US farm goods, hit by ship crunch and trade war",2025-04-09 07:10:58,Reuters,By Naveen Thukral SINGAPORE (Reuters) - Asian buyers are reducing purchases of U.S. agricultural goods as Washington's planned...,https://www.investing.com/news/commodities-news/asian-buyers-shun-us-farm-goods-hit-by-ship-crunch-and-trade-war-3975698,12
corn,Brazil protesters lift blockade of Amazon grain shipping route,2025-04-08 15:03:31,Reuters,"By Ana Mano SAO PAULO (Reuters) -Brazilian indigenous protesters have lifted a blockade of the Trans-Amazonian Highway, reopening...",https://www.investing.com/news/commodities-news/brazil-protesters-lift-blockade-of-amazon-grain-shipping-route-3974400,12
corn,"Oil drops to four-year low, metals fall on recession fears",2025-04-07 13:26:21,Reuters,"By Anna Hirtenstein LONDON (Reuters) - Oil slid around 3% on Monday to its weakest since 2021, while most commodity markets...",https://www.investing.com/news/commodities-news/oil-drops-to-fouryear-low-metals-fall-on-recession-fears-3970649,12
corn,What retaliatory tariffs could mean for U.S. farmers?,2025-04-06 09:30:02,Investing.com,Investing.com -- The latest wave of U.S. tariffs has raised concerns about a renewed trade war and potential ripple effects across...,https://www.investing.com/news/stock-market-news/what-retaliatory-tariffs-could-mean-for-us-farmers-3967673,13
corn,"Ukraine’s corn could benefit from US tariffs, analyst says",2025-04-03 12:47:03,Reuters,"By Pavel Polityuk KYIV (Reuters) -Ukrainian corn, a key element in the country’s grain sector, could benefit from the tariffs...",https://www.investing.com/news/commodities-news/ukraines-corn-could-benefit-from-us-tariffs-analyst-says-3964933,13
corn,USDA to begin disbursing economic aid to farmers amid low prices,2025-03-18 20:50:52,Reuters,By Leah Douglas (Reuters) - The U.S. Department of Agriculture will on Wednesday begin accepting applications from farmers...,https://www.investing.com/news/commodities-news/usda-to-begin-disbursing-economic-aid-to-farmers-amid-low-prices-3934847,13
corn,"Index funds could double record sales of agricultural futures amid recession fears, research provider says",2025-03-11 14:45:59,Reuters,"NEW YORK (Reuters) - Index funds, the biggest participants in the commodities markets, last week sold a record amount of...",https://www.investing.com/news/commodities-news/index-funds-could-double-record-sales-of-agricultural-futures-amid-recession-fears-research-provider-says-3921312,13
corn,"With Trump’s tariffs, Illinois farmers worry about losing corn sales to Mexico",2025-03-04 20:46:47,Reuters,"By Tom Polansek JACKSONVILLE, Illinois (Reuters) - U.S. President Donald Trump’s tariffs on imports from Mexico carry an outsized...",https://www.investing.com/news/stock-market-news/with-trumps-tariffs-illinois-farmers-worry-about-losing-corn-sales-to-mexico-3907007,13
corn,Factbox-Trump’s China tariffs trigger retaliation against U.S. farm products,2025-03-04 06:25:47,Reuters,By Mei Mei Chu BEIJING (Reuters) - China has decreased its reliance on imports of U.S. farm goods since the trade war during...,https://www.investing.com/news/commodities-news/factboxtrumps-china-tariffs-trigger-retaliation-against-us-farm-products-3904608,13
corn,"Analysis-American farmers to plant more corn, seeking best chance at profits",2025-02-26 20:56:05,Reuters,By Julie Ingwersen CHICAGO (Reuters) - Farmers in the U.S. plan to plant more corn and fewer soybeans this spring than they did...,https://www.investing.com/news/commodities-news/analysisamerican-farmers-to-plant-more-corn-seeking-best-chance-at-profits-3892282,13
corn,Funds snap long buying streak in Chicago corn and soybeans: Braun,2025-02-18 12:31:10,Reuters,"By Karen Braun NAPERVILLE, Illinois (Reuters) -Last week, speculators were net sellers of Chicago corn and soybeans for the first...",https://www.investing.com/news/commodities-news/columnfunds-snap-long-buying-streak-in-chicago-corn-and-soybeans-braun-3872706,13
corn,Effective global corn supplies heading for 29-year lows: Braun,2025-02-14 12:31:29,Reuters,"By Karen Braun NAPERVILLE, Illinois (Reuters) -Relative to demand, world corn stocks later this year are predicted to hit 11-year...",https://www.investing.com/news/commodities-news/columneffective-global-corn-supplies-heading-for-29year-lows-braun-3869439,13
corn,Is China ending its stint as major global grain importer? -Braun,2025-02-12 12:33:05,Reuters,"By Karen Braun CHICAGO (Reuters) -China giveth, China taketh away.  Agricultural exporters around the world know this feeling all...",https://www.investing.com/news/commodities-news/columnis-china-ending-its-stint-as-major-global-grain-importer-braun-3863265,13
corn,Funds extend bullish corn stance to 7-month peak,2025-02-10 18:20:19,Investing.com,"Money managers increased their net long position in CBOT corn futures and options, reaching the most bullish stance since April...",https://www.investing.com/news/forex-news/funds-extend-bullish-corn-stance-to-7month-peak-93CH-3859912,14
corn,Funds push bullish CBOT corn bets to highest since April 2022: Braun,2025-02-10 12:30:52,Reuters,"By Karen Braun NAPERVILLE, Illinois (Reuters) -“Funds bought corn” is perhaps becoming a broken record for U.S. grain markets,...",https://www.investing.com/news/commodities-news/columnfunds-push-bullish-cbot-corn-bets-to-highest-since-april-2022-braun-3857931,14
corn,"US grain, oilseed exports surge in 2024 without boost from China -Braun",2025-02-06 12:35:50,Reuters,"By Karen Braun NAPERVILLE, Illinois (Reuters) -Most global importers last year took advantage of plentiful and cheaper U.S. bulk...",https://www.investing.com/news/commodities-news/columnus-grain-oilseed-exports-surge-in-2024-without-boost-from-china-braun-3852305,14
corn,Factbox-US agricultural exports/imports threatened by Trump trade actions,2025-02-03 16:50:40,Reuters,"By Karl Plume and P.J. Huffstutter CHICAGO (Reuters) -U.S. President Donald Trump on Saturday ordered sweeping tariffs on Mexico,...",https://www.investing.com/news/commodities-news/factboxus-agricultural-exportsimports-threatened-by-trump-trade-actions-3846084,14
corn,Unprecedented clash forms between funds' CBOT corn and wheat views -Braun,2025-02-03 12:31:44,Reuters,"By Karen Braun NAPERVILLE, Illinois (Reuters) -The recent buildup of speculators’ massively bullish Chicago corn bets has been...",https://www.investing.com/news/commodities-news/columnunprecedented-clash-forms-between-funds-cbot-corn-and-wheat-views-braun-3844134,14
corn,"CME Group to launch micro grain, oilseed futures in 2025",2025-01-31 09:51:32,Investing.com,"CME Group announced its plan to introduce a new suite of micro grain and oilseed futures contracts, aiming to provide additional...",https://www.investing.com/news/commodities-news/cme-group-to-launch-micro-grain-oilseed-futures-in-2025-93CH-3841911,14
corn,Brazil's slow corn planting may further squeeze tight world stocks -Braun,2025-01-30 12:33:01,Reuters,"By Karen Braun NAPERVILLE, Illinois (Reuters) -With global corn supplies set for decade lows later this year, Brazil’s corn...",https://www.investing.com/news/commodities-news/columnbrazils-slow-corn-planting-may-further-squeeze-tight-world-stocks-braun-3837741,14
corn,Surging corn prices trigger spate of sales from US farmers,2025-01-16 11:12:18,Reuters,By P.J. Huffstutter and Heather Schlitz CHICAGO (Reuters) - Iowa farmer Caleb Hamer grabbed his phone and dialed a local corn...,https://www.investing.com/news/stock-market-news/surging-corn-prices-trigger-spate-of-sales-from-us-farmers-3816065,14
corn,Nutrien receives Investment Bank Analyst Rating Update,2025-01-13 10:29:02,Investing.com,,https://www.investing.com/news/pro/nutrien-receives-investment-bank-analyst-rating-update-3808547,14
corn,Will USDA data dump spoil the bullish party for corn? -Braun,2025-01-10 12:34:05,Reuters,"By Karen Braun NAPERVILLE, Illinois (Reuters) -If anything can derail a price rally, it is a curveball from the U.S. Department...",https://www.investing.com/news/commodities-news/columnwill-usda-data-dump-spoil-the-bullish-party-for-corn-braun-3805653,14
corn,US wins Mexico GM corn dispute case as panel finds curbs not science-based,2024-12-20 23:37:06,Reuters,By David Lawder WASHINGTON (Reuters) -A trade-dispute panel ruled on Friday that Mexico's restrictions on U.S. genetically...,https://www.investing.com/news/commodities-news/trade-panel-rules-in-us-favor-in-mexico-gmo-corn-dispute-case-3785372,15
corn,Cargill begins job cuts in drive to reduce headcount by 5%,2024-12-04 16:22:31,Reuters,By Tom Polansek CHICAGO (Reuters) -Global commodities trader Cargill began laying off employees across its vast operations on...,https://www.investing.com/news/commodities-news/cargill-to-terminate-about-475-employees-in-minnesota-3751849,15
corn,"Commodities trading giant Cargill plans to cut around 8,000 jobs",2024-12-03 04:45:43,Reuters,"By Amy Lv, Naveen Thukral and Tony Munroe (Reuters) -Global trading house Cargill said on Tuesday it plans to cut around 5% of...",https://www.investing.com/news/economy-news/cargill-plans-to-cut-around-5-of-global-employees-internal-memo-says-3750267,15
corn,BofA sees more weakness ahead for grains and soy,2024-12-02 19:42:09,Investing.com,"BofA has provided an update on the grains and soy market, highlighting that grain import demand is weak and may not see a recovery...",https://www.investing.com/news/commodities-news/bofa-sees-more-weakness-ahead-for-grains-and-soy-93CH-3749692,15
corn,Five factors that will affect the outlook for commodities in 2025,2024-11-30 10:30:00,Investing.com,"Investing.com -- The outlook for commodities in 2025 hinges on five key factors, as mentioned by analysts at BofA Securities in...",https://www.investing.com/news/stock-market-news/five-factors-that-will-affect-the-outlook-for-commodities-in-2025-3742517,15
corn,"How China reduced its reliance on US farm imports, softening trade war risks",2024-11-13 03:09:41,Reuters,By Mei Mei Chu BEIJING (Reuters) - Since the U.S. and China imposed tit-for-tat tariffs in their trade war during Donald Trump's...,https://www.investing.com/news/commodities-news/how-china-reduced-its-reliance-on-us-farm-imports-softening-trade-war-risks-3718617,15
corn,Factbox-US farm exports to China at risk from Trump's tariff threat,2024-11-07 09:04:36,Reuters,"By Mei Mei Chu BEIJING (Reuters) - Chinese imports of U.S. farm goods, which have slowed since the trade war during Donald...",https://www.investing.com/news/commodities-news/factboxus-farm-exports-to-china-at-risk-from-trumps-tariff-threat-3707630,15
corn,"Trump's tariffs would reorder trade flows, raise costs, draw retaliation",2024-11-04 11:16:15,Reuters,By David Lawder WASHINGTON (Reuters) - Iowa farmer Bob Hemesath is worried that U.S. agriculture will pay dearly if Donald Trump...,https://www.investing.com/news/economic-indicators/trumps-tariffs-would-reorder-trade-flows-raise-costs-draw-retaliation-3698979,15
corn,"Speedy US corn and soy harvests strain farmers, storage capacity",2024-10-21 10:46:14,Reuters,By Julie Ingwersen and Heather Schlitz CHICAGO (Reuters) - U.S. farmers are harvesting two of the largest corn and soybean crops...,https://www.investing.com/news/commodities-news/speedy-us-corn-and-soy-harvests-strain-farmers-storage-capacity-3672523,15
corn,CME Group Reports Second-Highest Monthly ADV of 31.7 Million Contracts in August,2024-09-04 11:34:02,Investing.com,"CME Group (NASDAQ:CME), the world's leading derivatives marketplace, today reported its second-highest monthly volume ever, with...",https://www.investing.com/news/assorted/cme-group-reports-secondhighest-monthly-adv-of-317-million-contracts-in-august-432SI-3600306,15
corn,"Argentine farmers eye pivot to soy on corn plague fears, rain outlook",2024-08-27 10:51:19,Reuters,"By Maximilian Heath BUENOS AIRES (Reuters) - Argentine farmers are likely to plant more soybeans in the current 2024/25 season,...",https://www.investing.com/news/commodities-news/argentine-farmers-eye-pivot-to-soy-on-corn-plague-fears-rain-outlook-3588400,16
corn,What a Trump presidency could mean for commodities,2024-07-21 08:31:02,Investing.com,"Citi analysts believe a potential Donald Trump presidency, with odds of winning the 2024 US election now at ~66%, could...",https://www.investing.com/news/stock-market-news/what-a-trump-presidency-could-mean-for-commodities-3527982,16
corn,"USDA increases US corn production estimate, cuts stocks",2024-07-12 17:00:52,Reuters,By Heather Schlitz (Reuters) - The U.S. Department of Agriculture raised its estimate for corn production and cut the soybean...,https://www.investing.com/news/commodities-news/usda-increases-us-corn-production-estimate-cuts-stocks-3517771,16
corn,Nigeria to suspend taxes on certain food imports to curb rising prices,2024-07-08 17:05:36,Reuters,By MacDonald Dzirutwe LAGOS (Reuters) - Nigeria plans to suspend taxes on certain food imports including wheat and maize for...,https://www.investing.com/news/economy-news/nigeria-to-suspend-taxes-on-certain-food-imports-to-curb-rising-prices-3510606,16
corn,"Mexico to drop plan to cut yellow corn imports, new agriculture minister says",2024-07-01 14:21:31,Reuters,By Adriana Barrera and Cassandra Garrison MEXICO CITY (Reuters) - Mexico's incoming government will discard a core goal of...,https://www.investing.com/news/commodities-news/mexico-to-drop-plan-to-cut-yellow-corn-imports-new-agriculture-minister-says-3503721,16
corn,"US farmers shun buyers, cling to unsold corn as prices slump",2024-06-17 10:12:09,Reuters,By P.J. Huffstutter and Karl Plume CHICAGO (Reuters) - South Dakota farmer Eric Kroupa received a flurry of calls from grain...,https://www.investing.com/news/stock-market-news/us-farmers-shun-buyers-cling-to-unsold-corn-as-prices-slump-3486339,16
corn,China Limits Corn Imports As Domestic Production Accelerates,2024-06-14 14:30:52,Yolowire.com,yolowire.com - China’s government is limiting imports of Corn in the nation of 1.4 billion people as domestic production of...,https://www.investing.com/news/commodities-news/china-limits-corn-imports-as-domestic-production-accelerates-3485220,16
corn,Gold Futures receives Investment Bank Analyst Rating Update,2024-06-13 03:01:05,Investing.com,,https://www.investing.com/news/pro/citi-offers-7-conviction-commodity-ideas-for-q3-and-beyond-432SI-3482378,16
corn,US farmers opt for soy to limit losses as all crop prices slump,2024-06-04 10:14:19,Reuters,By Karl Plume CHICAGO (Reuters) - Mark Tuttle planted more soy and less corn on his northern Illinois farm this spring as prices...,https://www.investing.com/news/commodities-news/us-farmers-opt-for-soy-to-limit-losses-as-all-crop-prices-slump-3469317,16
corn,Exclusive-Argentina on track to start corn exports to China in July - grains chamber head,2024-05-28 17:21:23,Reuters,"By Maximilian Heath BUENOS AIRES (Reuters) -Argentina is on track to start long-awaited corn shipments to China from July, the...",https://www.investing.com/news/commodities-news/exclusiveargentina-on-track-to-start-corn-exports-to-china-in-july--grains-chamber-head-3459285,16
corn,Nutrien PT receives Investment Bank Analyst Rating Update,2024-05-17 12:05:06,Investing.com,,https://www.investing.com/news/pro/nutrien-receives-investment-bank-analyst-rating-update-3445963,17
corn,Morning Bid: Rates relief; harvest gloom,2024-05-07 04:40:28,Reuters,A look at the day ahead in European and global markets from Tom Westbrook Gilts and London stocks were poised to catch up with...,https://www.investing.com/news/stock-market-news/morning-bid-rates-relief-harvest-gloom-3423106,17
corn,Iowa's drought conditions have farmers budgeting water use,2024-03-21 20:16:20,Reuters,"By P.J. Huffstutter CHICAGO (Reuters) - As Iowa heads toward its fourth year of drought, grain farmers prepping for planting next...",https://www.investing.com/news/commodities-news/iowas-drought-conditions-have-farmers-budgeting-water-use-3348613,17
corn,"Analysis-Brazil mills boost sugar capacity, 'leave' ethanol to corn processors",2024-03-07 15:31:36,Reuters,By Marcelo Teixeira NEW YORK (Reuters) - Brazil cane mills will boost their sugar production capacity as much as 10% in the new...,https://www.investing.com/news/stock-market-news/analysisbrazil-mills-boost-sugar-capacity-leave-ethanol-to-corn-processors-3329168,17
corn,"Mexico waiting on US proof that GM corn safe for its people, deputy ag minister says",2024-03-07 02:32:45,Reuters,By Adriana Barrera and Cassandra Garrison MEXICO CITY (Reuters) - Mexico is waiting for the United States to prove imported...,https://www.investing.com/news/commodities-news/mexico-waiting-on-us-proof-that-gm-corn-safe-for-its-people-deputy-ag-minister-says-3327817,17
corn,US farmers face harsh economics with record corn supplies in silos,2024-02-22 11:37:20,Reuters,"By Tom Polansek CHICAGO (Reuters) - Illinois farmer Dan Henebry regrets not selling more of his corn crop last summer, when the...",https://www.investing.com/news/commodities-news/us-farmers-face-harsh-economics-with-record-corn-supplies-in-silos-3310963,17
corn,Corn and wheat prices diverge amid global demand and weather forecasts,2024-01-17 22:36:54,Investing.com,"CHICAGO - In the latest commodity market movements, corn futures remained steady while wheat prices experienced a slight uptick,...",https://www.investing.com/news/commodities-news/corn-and-wheat-prices-diverge-amid-global-demand-and-weather-forecasts-93CH-3276737,17
corn,Shares dip to cap stellar year; Treasuries end volatile 2023 flat,2023-12-29 21:46:43,Reuters,By Lawrence Delevingne and Alun John (Reuters) -Global shares pulled back on the last trading day of the year but notched their...,https://www.investing.com/news/stock-market-news/shares-dip-to-cap-stellar-year-treasuries-end-volatile-2023-flat-3264538,17
corn,"Strong gains for cocoa, iron ore in 2023 as energy prices dip",2023-12-29 05:40:41,Reuters,"By Naveen Thukral and Florence Tan SINGAPORE (Reuters) - Cocoa and iron ore prices surged in 2023, while natural gas and coal...",https://www.investing.com/news/commodities-news/strong-gains-for-cocoa-iron-ore-in-2023-as-energy-prices-dip-3264543,17
corn,"Global 2024 staple food supplies to be strained by dry weather, export curbs",2023-12-27 02:05:53,Reuters,By Naveen Thukral SINGAPORE (Reuters) -High food prices in recent years have prompted farmers worldwide to plant more cereals and...,https://www.investing.com/news/commodities-news/global-2024-staple-food-supplies-to-be-strained-by-dry-weather-export-curbs-3263359,17
corn,Mexican poultry farmers warn US-Mexico rail bridges closure will impact trade,2023-12-19 04:06:27,Reuters,MEXICO CITY (Reuters) - Mexican poultry farmers warned of consequences to international trade on Monday and called on their...,https://www.investing.com/news/stock-market-news/mexican-poultry-farmers-warn-usmexico-rail-bridges-closure-will-impact-trade-3259439,18
corn,"Vilsack sees China's purchases of US corn rising again, urges end to over-reliance on single markets",2023-11-30 17:21:37,Reuters,By Andrea Shalal and Leah Douglas WASHINGTON (Reuters) -U.S. Agriculture Secretary Tom Vilsack on Wednesday said China took...,https://www.investing.com/news/economy/vilsack-sees-chinas-purchases-of-us-corn-rising-again-urges-end-to-overreliance-on-single-markets-3247116,18
corn,"Corn and soybean prices dip on Brazilian weather outlook, wheat edges lower",2023-11-17 20:55:26,Investing.com,"CHICAGO - In early trading today on the Chicago Board of Trade (CBOT), agricultural commodities experienced mixed movements with...",https://www.investing.com/news/commodities-news/corn-and-soybean-prices-dip-on-brazilian-weather-outlook-wheat-edges-lower-93CH-3238136,18
corn,"U.S. soybean exports hit annual peak, corn sales surpass forecasts",2023-11-16 18:07:26,Investing.com,"WASHINGTON - U.S. agricultural exports witnessed a significant shift in the week ending on Wednesday, with soybean shipments...",https://www.investing.com/news/commodities-news/us-soybean-exports-hit-annual-peak-corn-sales-surpass-forecasts-93CH-3236847,18
corn,Milk futures and dairy markets decline amid anticipated demand increase,2023-11-07 21:10:22,Investing.com,"On Tuesday, milk futures and cash dairy markets on the Chicago Mercantile Exchange (CME) witnessed a downward trend. November...",https://www.investing.com/news/commodities-news/milk-futures-and-dairy-markets-decline-amid-anticipated-demand-increase-93CH-3225580,18
corn,"Foreign money futures trading sees significant changes, corn prices decline amid geopolitical volatility",2023-11-03 08:26:28,Investing.com,The Chicago Mercantile Exchange (CME) observed considerable shifts in foreign money futures trading on Friday. The currencies...,https://www.investing.com/news/commodities-news/foreign-money-futures-trading-sees-significant-changes-corn-prices-decline-amid-geopolitical-volatility-93CH-3220619,18
corn,"U.S. farm leaders, visiting China, talk up agriculture trade",2023-11-02 09:52:04,Reuters,By Dominique Patton BEIJING (Reuters) - Dozens of U.S. agriculture industry representatives gathered in Beijing on Thursday to...,https://www.investing.com/news/commodities-news/us-farm-leaders-visiting-china-talk-up-agriculture-trade-3218448,18
corn,"Low wheat prices irk Kansas farmers, capping US winter wheat acreage",2023-10-12 10:26:10,Reuters,"By Julie Ingwersen CHICAGO (Reuters) - U.S. farmers are about halfway done planting winter wheat for harvest in 2024, but acreage...",https://www.investing.com/news/commodities-news/low-wheat-prices-irk-kansas-farmers-capping-us-winter-wheat-acreage-3196870,18
corn,"Soybean Export Inspections Surge, Boosting Cbot Futures Trading Prices",2023-10-10 17:18:20,Investing.com,"In the week ending on Sunday, soybean export inspections saw a notable rise, according to a recent report by the U.S. Department...",https://www.investing.com/news/commodities-news/soybean-export-inspections-surge-boosting-cbot-futures-trading-prices-93CH-3195174,18
corn,Earnings season kickoff and September inflation data in focus this week,2023-10-08 22:13:27,Investing.com,"This week, market participants are bracing for the release of key inflation data as well as the start of third-quarter earnings...",https://www.investing.com/news/stock-market-news/earnings-season-kickoff-and-september-inflation-data-in-focus-this-week-93CH-3193166,18
corn,"Purdue University/CME Group's Economy Barometer shows dip, farmland value expectations remain steady",2023-10-06 06:48:07,Investing.com,"In the month of September, Purdue University/CME Group's Economy Barometer revealed a continued decline in agri-producer...",https://www.investing.com/news/commodities-news/purdue-universitycme-groups-economy-barometer-shows-dip-farmland-value-expectations-remain-steady-93CH-3192009,19
corn,CME Group reports record Q3 volumes and robust September performance,2023-10-03 13:38:08,Investing.com,"On Tuesday, CME Group (NASDAQ:CME), the world's leading derivatives marketplace, reported its market statistics for September and...",https://www.investing.com/news/stock-market-news/cme-group-reports-record-q3-volumes-and-robust-september-performance-93CH-3189326,19
corn,Brazil September trade surplus hits record but misses expectations,2023-10-02 18:35:50,Reuters,"BRASILIA (Reuters) - Brazil's trade surplus reached a historic high for September, but fell slightly short of market estimates,...",https://www.investing.com/news/economic-indicators/brazil-september-trade-surplus-hits-record-but-misses-expectations-3188340,19
corn,"Global stocks edge down with data boost fading, shutdown and quarter-end in focus",2023-09-29 20:56:17,Reuters,By Sinéad Carew NEW YORK (Reuters) - MSCI'S global equities ended Friday's choppy session slightly lower as investors prepared...,https://www.investing.com/news/stock-market-news/global-stocks-edge-down-with-data-boost-fading-shutdown-and-quarterend-in-focus-3185849,19
corn,Metals and raw materials surge ahead of Federal Reserve's anticipated statement,2023-09-15 00:42:48,Investing.com,"Ahead of an expected statement from the Federal Reserve, traders have driven a noteworthy rally in the values of metals and other...",https://www.investing.com/news/commodities-news/metals-and-raw-materials-surge-ahead-of-federal-reserves-anticipated-statement-93CH-3175017,19
corn,Rural confidence dips amidst commodity price concerns and drought fears,2023-09-13 03:53:02,Investing.com,"Australian farmers' confidence has taken a hit, with concerns over lower commodity prices and the threat of returning drought...",https://www.investing.com/news/assorted/rural-confidence-dips-amidst-commodity-price-concerns-and-drought-fears-93CH-3173125,19
corn,World food price index back at two-year low despite rice surge -FAO,2023-09-08 08:46:00,Reuters,"PARIS (Reuters) -The United Nations food agency's world price index fell in August to a new two-year low, reversing a rebound...",https://www.investing.com/news/economic-indicators/world-food-price-index-back-at-twoyear-low-despite-rice-surge-fao-3170403,19
corn,U.S. farmer sentiment dips amid rising costs and interest rates,2023-09-06 13:12:37,Investing.com,"US farmers' sentiment has weakened in August compared to July, as indicated by the Purdue University-CME Group Ag Economy...",https://www.investing.com/news/assorted/us-farmer-sentiment-dips-amid-rising-costs-and-interest-rates-93CH-3168690,19
corn,Philippines and ASEAN nations ink MOU for agricultural cooperation and small business development,2023-09-06 11:04:43,Investing.com,The private sectors from the Philippines and eight Southeast Asian Nations-Business Advisory Council (ASEAN-BAC) member states...,https://www.investing.com/news/assorted/philippines-and-asean-nations-ink-mou-for-agricultural-cooperation-and-small-business-development-93CH-3168499,19
corn,"Inflation data, Broadcom earnings, Lululemon: 3 things to watch",2023-08-30 19:31:56,Investing.com,Investing.com -- Stocks were rising as investors anticipate jobs data on Friday that could convince the Federal Reserve to pause...,https://www.investing.com/news/stock-market-news/inflation-data-broadcom-earnings-lululemon-3-things-to-watch-3164682,19
corn,Take Five: Farewell to a bruising August,2023-08-28 07:55:33,Reuters,(Reuters) -Bruised bond market investors will seek some solace from U.S. jobs data and European inflation numbers out in the week...,https://www.investing.com/news/economy/take-five-farewell-to-a-bruising-august-3162271,20
corn,Analysis-Brazil clears bottlenecks to oust US as top corn exporter,2023-08-24 10:17:16,Reuters,"By Ana Mano SAO PAULO (Reuters) - Brazil is set to overtake the U.S. this year as the world's top corn exporter, reflecting both...",https://www.investing.com/news/commodities-news/analysisbrazil-clears-bottlenecks-to-oust-us-as-top-corn-exporter-3160529,20
corn,US escalates Mexico corn trade spat with dispute panel request,2023-08-17 20:27:12,Reuters,By David Lawder WASHINGTON (Reuters) -The United States on Thursday escalated its objections to Mexico's curbs on genetically...,https://www.investing.com/news/commodities-news/us-escalates-mexico-corn-trade-spat-with-dispute-panel-request-3156760,20
corn,US to escalate claim that Mexico corn policy violates trade pact - Bloomberg News,2023-08-17 06:25:43,Reuters,(Reuters) - The United States is preparing to escalate its complaint that Mexico's ban on genetically modified corn violates the...,https://www.investing.com/news/commodities-news/us-to-escalate-claim-that-mexico-corn-policy-violates-trade-pact-bloomberg-news-3156059,20
corn,Russian attack damages grain silos at Ukraine's Danube port of Reni - Kyiv,2023-08-16 08:52:53,Reuters,By Pavel Polityuk KYIV (Reuters) - Russian drone strikes damaged grain silos and warehouses at the Ukrainian river port of Reni...,https://www.investing.com/news/commodities-news/russian-attack-damages-grain-silos-at-ukraines-danube-port-of-reni--kyiv-3155117,20
corn,"US import prices rebound in July, trend remains soft",2023-08-15 13:46:15,Reuters,"WASHINGTON (Reuters) - U.S. import prices rebounded more than expected in July amid higher costs for petroleum products and food,...",https://www.investing.com/news/economic-indicators/us-import-prices-rebound-in-july-trend-remains-soft-3154651,20
corn,World food prices fall again in June - UN food agency,2023-07-07 08:21:08,Reuters,"ROME (Reuters) - The United Nations food agency's world price index fell in June to its lowest level in more than two years,...",https://www.investing.com/news/commodities-news/world-food-prices-fall-again-in-june--un-food-agency-3121308,20
corn,"Hog Herds to Shrink as US Farms Lose Money, Smithfield Warns",2023-06-22 16:12:31,Bloomberg,(Bloomberg) -- American pig farmers are losing so much money that some may soon start selling the corn they would normally use to...,https://www.investing.com/news/commodities-news/hog-herds-to-shrink-as-us-farms-lose-money-smithfield-warns-3111286,20
corn,"Biden 2023 Trade To-Do List Puts Frameworks, Rules Action at Top",2023-03-01 19:54:15,Bloomberg,(Bloomberg) -- President Joe Biden’s 2023 trade agenda will focus on creating new frameworks outside traditional free-trade...,https://www.investing.com/news/politics/biden-2023-trade-todo-list-puts-frameworks-rules-action-at-top-3019345,20
corn,Wheat falls to 10-week low as Ukraine grain deal is extended,2022-11-17 10:04:51,Investing.com,"By Geoffrey Smith 
Investing.com -- Wheat prices fell on Thursday after Ukraine and Turkey confirmed that the deal to safeguard...",https://www.investing.com/news/commodities-news/wheat-falls-to-10week-low-as-ukraine-grain-deal-is-extended-2946560,20
corn,Wheat Prices Fall as Russia Rejoins Black Sea Deal on Safe Passage,2022-11-02 11:49:38,Investing.com,"By Geoffrey Smith
Investing.com -- World wheat prices fell nearly 6% after Russia said it will rejoin the UN-sponsored deal...",https://www.investing.com/news/commodities-news/wheat-prices-fall-as-russia-rejoins-black-sea-deal-on-safe-passage-2929345,21
corn,"Tesla-Glencore Talks, Russia Grain Deal, Lula Victory - What's Moving Markets",2022-10-31 10:52:17,Investing.com,"By Geoffrey Smith
Investing.com -- Tesla eyes radical steps to lock in supplies of key battery metals, while Apple's main supplier...",https://www.investing.com/news/economy/teslaglencore-talks-russia-grain-deal-lula-victory--whats-moving-markets-2926746,21
corn,Wheat Futures Rise 6% as Russia Abandons Grain Deal with Ukraine,2022-10-31 09:00:02,Investing.com,"By Geoffrey Smith 
Investing.com -- Wheat Futures jumped nearly 6% at the open on Monday in Europe after Russia pulled out of an...",https://www.investing.com/news/commodities-news/wheat-futures-rise-6-as-russia-abandons-grain-deal-with-ukraine-2926468,21
corn,Grain Prices Ease as First Ship Leaves Ukraine Port Under UN Deal,2022-08-01 12:08:01,Investing.com,"By Geoffrey Smith 
Investing.com -- Grain prices eased on Monday after a ship left a Ukrainian port with a cargo of corn for the...",https://www.investing.com/news/commodities-news/grain-prices-ease-as-first-ship-leaves-ukraine-port-under-un-deal-2859387,21
corn,"China Slows, Ukraine Grain Ship, Shale Earnings - What's Moving Markets",2022-08-01 10:39:15,Investing.com,"By Geoffrey Smith
Investing.com -- China's economy slowed again in July, suggesting a rocky road to full recovery. PMIs from...",https://www.investing.com/news/economy/china-slows-ukraine-grain-ship-shale-earnings--whats-moving-markets-2859188,21
corn,Wheat Climbs After Five-Day Slump With Rising Supply in Focus,2022-07-18 06:36:16,Bloomberg,(Bloomberg) -- Wheat snapped a run of declines with investors assessing a broader rise in commodities against the outlook for...,https://www.investing.com/news/commodities-news/wheat-climbs-after-fiveday-slump-with-rising-supply-in-focus-2848251,21
corn,Energy & Precious Metals - Weekly Review and Outlook,2022-02-27 09:10:58,Investing.com,"By Barani Krishnan
Investing.com -- The Big V is back. And it stands for volatility. Commodities from crude oil to gas, gold,...",https://www.investing.com/news/commodities-news/energy--precious-metals--weekly-review-and-outlook-2773232,21
corn,The Great Commodities Boom of 2021 Is Facing Its First Big Test,2021-05-20 13:45:38,Bloomberg,"(Bloomberg) -- One of the biggest commodities booms in decades is looking for a fresh reason to power higher.
Markets from copper...",https://www.investing.com/news/stock-market-news/the-great-commodities-boom-of-2021-is-facing-its-first-big-test-2512149,21
corn,"Dollar Falls, Musk's New Antagonist, IEA Warning - What's Moving Markets",2021-05-18 10:31:32,Investing.com,"By Geoffrey Smith 
Investing.com -- The dollar fell to its lowest in nearly three months as Federal Reserve officials continued to...",https://www.investing.com/news/economy/dollar-falls-musks-new-antagonist-iea-warning--whats-moving-markets-2509304,21
corn,"Retail Sales, Stocks Rebound, Colonial Restarts  - What's Moving Markets",2021-05-14 10:37:29,Investing.com,"By Geoffrey Smith 
Investing.com -- Stocks and other risk assets are rebounding after heavy sell-offs but retail sales data for...",https://www.investing.com/news/economy/retail-sales-stocks-rebound-colonial-restarts---whats-moving-markets-2506496,21
corn,Comic: Commodities' Streak Ahead,2021-05-04 16:46:58,Investing.com,"By Geoffrey Smith
Investing.com -- The rally in stock markets may be faltering, but it seems like nothing can stop the commodities...",https://www.investing.com/news/commodities-news/comic-commodities-streak-ahead-2494784,22
corn,"Tesla's Bitcoin-Fueled Profit, Peak Earnings Season, FOMC - What's Moving Markets",2021-04-27 10:35:38,Investing.com,"By Geoffrey Smith 
Investing.com -- Tesla (NASDAQ:TSLA) reported record profits, which were, however, entirely due to sales of...",https://www.investing.com/news/economy/teslas-bitcoinfueled-profit-peak-earnings-season-fomc--whats-moving-markets-2486216,22
corn,"Commodities Surge, Tesla Earnings, Durable Goods - What's Moving Markets",2021-04-26 10:27:45,Investing.com,"By Geoffrey Smith 
Investing.com -- Industrial and agricultural commodities prices hit multiyear highs in sync, albeit for...",https://www.investing.com/news/economy/commodities-surge-tesla-earnings-durable-goods--whats-moving-markets-2484884,22
corn,Energy & Precious Metals - Weekly Review and Calendar Ahead,2020-01-19 13:37:00,Investing.com,"By Barani Krishnan 
Investing.com - It finally got done. And we’re back to arguing what good it can do, now that it’s...",https://www.investing.com/news/commodities-news/energy--precious-metals--weekly-review-and-calendar-ahead-2062740,22
corn,"Stocks - China Growth, Easing Trade Tensions Fuel Wall Street Rally",2019-12-16 22:17:00,Investing.com,"Investing.com – Stocks surged Monday with the major indexes hitting all-time highs and closing highs.
The catalysts were...",https://www.investing.com/news/stock-market-news/stocks--china-growth-easing-trade-tensions-fuel-wall-street-rally-2042394,22
corn,"Stocks - Boeing, Walgreens Boost Dow; China Stalls Market",2019-11-11 22:05:00,Investing.com,"Investing.com – Stocks overall struggled on Monday, but the Dow was pushed higher by gains in Boeing and  Walgreen Boots...",https://www.investing.com/news/stock-market-news/stocks--boeing-walgreens-boost-dow-china-stalls-market-2018167,22
corn,China's Trump Retaliation Options Range From Soybeans to Boeing,2019-08-02 08:44:00,Bloomberg,(Bloomberg) -- After President Donald Trump blindsided Xi Jinping by raising tariffs just days after the end of trade talks that...,https://www.investing.com/news/economy/chinas-trump-retaliation-options-range-from-soybeans-to-boeing-1943725,22
corn,What to Watch in Commodities: Winners and Losers in Second Half,2019-07-08 07:11:00,Bloomberg,"(Bloomberg) -- After taking a knock last year, raw materials had a mixed first half, with a gauge of spot prices climbing about 7%...",https://www.investing.com/news/commodities-news/what-to-watch-in-commodities-winners-and-losers-in-second-half-1917059,22
corn,Soybeans May Be Next Market to Surge as U.S. Showers Drag On,2019-06-24 08:50:00,Bloomberg,"(Bloomberg) -- Corn prices have been on an epic run. Now, soybeans could soon be catching up.
With more rains forecast for the...",https://www.investing.com/news/commodities-news/soybeans-may-be-next-market-to-surge-as-us-showers-drag-on-1905420,22
corn,"Stocks - Wall Street Plunges on Trade, Growth Worries",2019-05-23 20:32:00,Investing.com,Investing.com - Stocks took a beating Thursday as investors worried that a U.S.-China trade war could drag on indefinitely and sap...,https://www.investing.com/news/stock-market-news/stocks--wall-street-plunges-on-trade-growth-worries-1877580,22
corn,"Hog, Corn Futures Jump as U.S., Mexico Agree on Trade Deal",2018-08-27 15:50:00,Bloomberg,"(Bloomberg) -- The agriculture markets are getting a lift as U.S. trade relations improve with Mexico, one of the largest foreign...",https://www.investing.com/news/commodities-news/hog-corn-futures-jump-as-us-mexico-agree-on-trade-deal-1588127,23
corn,China Tariffs Blindside U.S. Farmers at Worst Possible Time,2018-04-05 14:32:00,Bloomberg,"(Bloomberg) -- Planting season, always a critical time for farmers, just became more nerve-wracking for U.S. growers of soybeans...",https://www.investing.com/news/economy-news/china-tariffs-blindside-us-farmers-at-worst-possible-time-1380167,23
corn,World stocks advance as trade war worries ease,2018-04-05 11:40:18,Reuters,By Kit Rees LONDON (Reuters) - World stocks edged higher on Thursday as investors responded to signs of an easing of Sino-U.S....,https://www.investing.com/news/stock-market-news/asia-shares-bounce-from-twomonth-lows-as-trade-war-fears-ebb-1379108,23
corn,Top 5 Things to Know in the Market on Wednesday,2018-04-04 09:30:31,Investing.com,"Investing.com - Here are the top five things you need to know in financial markets on Wednesday, April 4:
1. China Announces...",https://www.investing.com/news/economy-news/top-5-things-to-know-in-the-market-on-wednesday-1376930,23
corn,China Hits U.S. Where It Hurts With 25% Tariff on Soybeans,2018-04-04 09:01:00,Bloomberg,(Bloomberg) -- China said it will levy reciprocal tariffs on U.S. soybeans in a significant escalation of trade tensions between...,https://www.investing.com/news/commodities-news/china-hits-us-where-it-hurts-with-25-tariff-on-soybeans-1376889,23
corn,Grain glut leaves U.S. farmers facing losses from specialty corn,2018-01-11 23:32:27,Reuters,By Michael Hirtzer CHICAGO (Reuters) - U.S. farmers who sought to boost revenues by planting corn used to make tortillas may be...,https://www.investing.com/news/stock-market-news/grain-glut-leaves-us-farmers-facing-losses-from-specialty-corn-1094888,23
corn,"White House denies Trump order on biofuels program pending, markets roiled",2017-02-28 23:27:45,Reuters,By Chris Prentice (Reuters) - The White House on Tuesday denied that President Donald Trump planned to issue an executive order...,https://www.investing.com/news/stock-market-news/trump-to-shift-biofuel-blending-burden-off-refiners:-u.s.-ethanol-group-462704,23
corn,Strong dollar impeding U.S. grain export growth,2016-12-09 17:59:50,Investing.com,"Investing.com - The strong dollar is ""impeding"" U.S. exports of wheat, corn, and soybeans.
The USD/JPY closed up on Friday.
The...",https://www.investing.com/news/commodities-news/strong-dollar-impeding-u.s.-grain-export-growth-446877,23
corn,Grain futures - weekly outlook: July 13 - 17,2015-07-12 13:37:22,Investing.com,"Investing.com - U.S. corn futures rallied to a 13-month high on Friday, after the U.S. Department of Agriculture lowered their...",https://www.investing.com/news/commodities-news/grain-futures---weekly-outlook:-july-13---17-350797,23
corn,U.S. soybeans bounce off 1-week low on U.S. weather concerns,2015-07-09 10:00:32,Investing.com,Investing.com - U.S. soybean futures rose for the second consecutive session on Thursday to move further away from a more than...,https://www.investing.com/news/commodities-news/u.s.-soybeans-bounce-off-1-week-low-on-u.s.-weather-concerns-350372,23
corn,U.S. soybeans struggle near 1-week low on upbeat crop prospects,2015-07-08 10:07:44,Investing.com,Investing.com - U.S. soybean futures fell for the fifth consecutive session on Wednesday to hit a more than one-week low as...,https://www.investing.com/news/commodities-news/u.s.-soybeans-struggle-near-1-week-low-on-upbeat-crop-prospects-350167,24
corn,U.S. soybean futures fall to 1-week low on improving crop prospects,2015-07-07 10:46:27,Investing.com,Investing.com - U.S. soybean futures extended losses from the previous session on Tuesday to hit a one-week low amid improving...,https://www.investing.com/news/commodities-news/u.s.-soybean-futures-fall-to-1-week-low-on-improving-crop-prospects-349971,24
corn,U.S. grain futures plunge as risk aversion mounts on Grexit jitters,2015-07-06 11:15:01,Investing.com,"Investing.com - U.S. grain futures fell sharply on Monday, as risk aversion dominated commodity markets amid heightened fears of a...",https://www.investing.com/news/commodities-news/u.s.-grain-futures-plunge-as-risk-aversion-mounts-on-grexit-jitters-349795,24
corn,U.S. wheat futures trade near 6-month high ahead of USDA reports,2015-06-30 10:13:23,Investing.com,"Investing.com - U.S. wheat futures traded near a six-month peak on Tuesday, amid mounting concerns over the pace of the...",https://www.investing.com/news/commodities-news/u.s.-wheat-futures-trade-near-6-month-high-ahead-of-usda-reports-348872,24
corn,U.S. wheat futures rally to 6-month peak on harvest concerns,2015-06-29 10:13:44,Investing.com,"Investing.com - U.S. wheat futures rallied to a six-month high on Monday, amid speculation excessive rainfall in the U.S. Midwest...",https://www.investing.com/news/commodities-news/u.s.-wheat-futures-rally-to-6-month-peak-on-harvest-concerns-348645,24
corn,Grain futures - weekly outlook: June 29 - July 3,2015-06-28 13:21:52,Investing.com,"Investing.com - U.S. wheat futures soared almost 6% on Friday, amid speculation excessive rainfall in the U.S. Midwest will damage...",https://www.investing.com/news/commodities-news/grain-futures---weekly-outlook:-june-29---july-3-348564,24
corn,U.S. wheat futures pull back from 2-week high,2015-06-25 10:02:44,Investing.com,"Investing.com - U.S. wheat futures moved further away from a two-week high on Thursday, but losses were limited amid growing...",https://www.investing.com/news/commodities-news/u.s.-wheat-futures-pull-back-from-2-week-high-348161,24
corn,"U.S. wheat, corn futures decline after Tuesday's sharp rally",2015-06-24 10:08:08,Investing.com,"Investing.com - U.S. wheat and corn futures declined on Wednesday, one day after posting strong gains on the back of growing...","https://www.investing.com/news/commodities-news/u.s.-wheat,-corn-futures-decline-after-tuesday's-sharp-rally-347955",24
corn,U.S. soybean futures rally to 15-week high on crop concerns,2015-06-23 10:12:21,Investing.com,"Investing.com - U.S. soybean futures rose to a 15-week high on Tuesday, amid growing worries over crop conditions in the...",https://www.investing.com/news/commodities-news/u.s.-soybean-futures-rally-to-15-week-high-on-crop-concerns-347767,24
corn,U.S. corn futures slump to 1-week low on ideal crop weather,2015-06-22 10:14:38,Investing.com,Investing.com - U.S. corn futures declined for the third consecutive session on Monday to hit a one-week low on forecasts for...,https://www.investing.com/news/commodities-news/u.s.-corn-futures-slump-to-1-week-low-on-ideal-crop-weather-347587,24
corn,Grain futures - weekly outlook: June 22 - 26,2015-06-21 12:58:58,Investing.com,"Investing.com - U.S. soybean futures declined for the first time in four sessions on Friday, as investors cashed out of the market...",https://www.investing.com/news/commodities-news/grain-futures--weekly-outlook-june-22--26-347502,25
corn,U.S. soybean futures ease off 5-week high on profit-taking,2015-06-18 11:08:51,Investing.com,"Investing.com - U.S. soybean futures declined for the first time in three sessions on Thursday, as investors cashed out of the...",https://www.investing.com/news/commodities-news/u.s.-soybean-futures-ease-off-5-week-high-on-profit-taking-347170,25
corn,"U.S. soybean futures rally to 5-week high on crop, planting concerns",2015-06-17 10:04:32,Investing.com,Investing.com - U.S. soybean futures extended strong gains from the previous session on Wednesday to hit a five-week high amid...,"https://www.investing.com/news/commodities-news/u.s.-soybean-futures-rally-to-5-week-high-on-crop,-planting-concerns-346951",25
corn,U.S. corn futures bounce off 8-month low in early trade,2015-06-16 10:58:35,Investing.com,"Investing.com - U.S. corn futures rose for the first time in six sessions on Tuesday, as investors returned to the market to seek...",https://www.investing.com/news/commodities-news/u.s.-corn-futures-bounce-off-8-month-low-in-early-trade-346777,25
corn,"U.S. wheat, corn slump to 2-week low on upbeat supply outlook",2015-06-15 10:09:32,Investing.com,Investing.com - U.S. wheat and corn futures extended losses from the previous session on Monday to hit two-week lows amid optimism...,"https://www.investing.com/news/commodities-news/u.s.-wheat,-corn-slump-to-2-week-low-on-upbeat-supply-outlook-346588",25
corn,U.S. wheat drops to 1-week low after USDA raises supply forecast,2015-06-11 10:21:02,Investing.com,Investing.com - U.S. wheat futures extended sharp losses from the previous session on Thursday to hit a one-week low after the...,https://www.investing.com/news/commodities-news/u.s.-wheat-drops-to-1-week-low-after-usda-raises-supply-forecast-346133,25
corn,U.S. wheat futures climb to 2-month high before USDA supply report,2015-06-10 10:53:40,Investing.com,"Investing.com - U.S. wheat futures rose to a two-month high on Wednesday, as investors looked ahead to the U.S. Department of...",https://www.investing.com/news/commodities-news/u.s.-wheat-futures-climb-to-2-month-high-before-usda-supply-report-345921,25
corn,U.S. grain futures mixed ahead of USDA supply report,2015-06-09 10:20:50,Investing.com,"Investing.com - U.S. grain futures were mixed in subdued trade on Tuesday, as market players awaited the release of the U.S....",https://www.investing.com/news/commodities-news/u.s.-grain-futures-mixed-ahead-of-usda-supply-report-345711,25
corn,U.S. wheat futures push higher on crop concerns,2015-06-08 11:18:33,Investing.com,"Investing.com - U.S. wheat futures rose on Monday, amid renewed concerns over the health of the winter-wheat crop. Market players...",https://www.investing.com/news/commodities-news/u.s.-wheat-futures-push-higher-on-crop-concerns-345532,25
corn,Grain futures - weekly outlook: June 8 - 12,2015-06-07 12:46:44,Investing.com,"Investing.com - U.S. wheat futures ended lower on Friday, as investors sold contracts to lock in gains from a sharp rally which...",https://www.investing.com/news/commodities-news/grain-futures---weekly-outlook:-june-8---12-345425,25
corn,U.S. wheat futures fall for 2nd day as short-covering rally fades,2015-06-04 10:52:32,Investing.com,"Investing.com - U.S. wheat futures declined for the second consecutive session on Thursday, as a short-covering rally which...",https://www.investing.com/news/commodities-news/u.s.-wheat-futures-fall-for-2nd-day-as-short-covering-rally-fades-345032,26
corn,"U.S. grain prices rise despite planting progress, ideal crop weather",2015-06-02 10:13:41,Investing.com,"Investing.com - U.S. grain futures edged higher on Tuesday, with wheat prices extending strong gains from the previous session as...","https://www.investing.com/news/commodities-news/u.s.-grain-prices-rise-despite-planting-progress,-ideal-crop-weather-344611",26
corn,U.S. grain futures slump on ideal crop weather,2015-06-01 10:23:33,Investing.com,"Investing.com - U.S. grain futures edged lower on Monday, on forecasts for ideal weather in the Great-Plains region and amid...",https://www.investing.com/news/commodities-news/u.s.-grain-futures-slump-on-ideal-crop-weather-344397,26
corn,Grain futures - weekly outlook: June 1 - 5,2015-05-31 13:10:38,Investing.com,"Investing.com - U.S. wheat futures fell sharply on Friday to hit the lowest level in more than two weeks on forecasts for drier,...",https://www.investing.com/news/commodities-news/grain-futures---weekly-outlook:-june-1---5-344291,26
corn,U.S. corn futures hold near 7-month low on U.S. planting progress,2015-05-28 10:05:53,Investing.com,"Investing.com - U.S. corn futures struggled near the lowest level in seven months on Thursday, amid indications of rapid planting...",https://www.investing.com/news/commodities-news/u.s.-corn-futures-hold-near-7-month-low-on-u.s.-planting-progress-343865,26
corn,"U.S. wheat futures fall to 2-week low, corn at 7-month trough",2015-05-27 10:08:28,Investing.com,"Investing.com - U.S. wheat futures fell to a two-week low on Wednesday, after data showed that crop conditions in the Midwest held...","https://www.investing.com/news/commodities-news/u.s.-wheat-futures-fall-to-2-week-low,-corn-at-7-month-trough-343667",26
corn,U.S. soybean futures trade near 8-month low on planting progress,2015-05-26 10:08:10,Investing.com,"Investing.com - U.S. soybean futures inched up modestly on Tuesday, but held near the lowest level in almost eight months amid...",https://www.investing.com/news/commodities-news/u.s.-soybean-futures-trade-near-8-month-low-on-planting-progress-343485,26
corn,U.S. soybean futures bounce off 7-month low on bargain buying,2015-05-21 10:09:17,Investing.com,"Investing.com - U.S. soybean futures rose for the first time in three sessions on Thursday, as investors returned to the market to...",https://www.investing.com/news/commodities-news/u.s.-soybean-futures-bounce-off-7-month-low-on-bargain-buying-342883,26
corn,U.S. soybean futures slump to 7-month low on planting progress,2015-05-20 10:11:34,Investing.com,"Investing.com - U.S. soybean futures fell to a seven-month low on Wednesday, amid indications of rapid planting progress in the...",https://www.investing.com/news/commodities-news/u.s.-soybean-futures-slump-to-7-month-low-on-planting-progress-342686,26
corn,"U.S. wheat futures fall from 6-week peak, Midwest rains in focus",2015-05-19 10:59:07,Investing.com,"Investing.com - U.S. wheat futures declined on Tuesday, as investors booked profits one day after prices rallied to the highest...","https://www.investing.com/news/commodities-news/u.s.-wheat-futures-fall-from-6-week-peak,-midwest-rains-in-focus-342488",26
corn,U.S. corn futures hit 1-week low on rapid U.S. planting progress,2015-05-12 10:07:25,Investing.com,"Investing.com - U.S. corn futures fell to a one-week low on Tuesday, after a report from the U.S. Department of Agriculture showed...",https://www.investing.com/news/commodities-news/u.s.-corn-futures-hit-1-week-low-on-rapid-u.s.-planting-progress-341386,27
corn,U.S. grain futures edge higher ahead of USDA report,2015-05-11 10:50:37,Investing.com,"Investing.com - U.S. grain futures were modestly higher on Monday, as market players awaited the release of the U.S. Department of...",https://www.investing.com/news/commodities-news/u.s.-grain-futures-edge-higher-ahead-of-usda-report-341218,27
corn,Grain futures - weekly outlook: May 11 - 15,2015-05-10 13:13:29,Investing.com,"Investing.com - U.S. wheat futures rallied sharply on Friday, amid fresh concerns over crop prospects in the U.S. Midwest and...",https://www.investing.com/news/commodities-news/grain-futures---weekly-outlook:-may-11---15-341122,27
corn,U.S. corn futures ease from 1-week high on Midwest planting outlook,2015-05-07 11:00:57,Investing.com,"Investing.com - U.S. corn futures fell from the previous session's one-week peak on Thursday, as crop-friendly weather in the U.S....",https://www.investing.com/news/commodities-news/u.s.-corn-futures-ease-from-1-week-high-on-midwest-planting-outlook-340710,27
corn,U.S. soybean futures rise for 3rd day as soy oil extends rally,2015-05-06 10:23:29,Investing.com,"Investing.com - U.S. soybean futures rose for the third consecutive session on Wednesday, supported by strong gains in the soy oil...",https://www.investing.com/news/commodities-news/u.s.-soybean-futures-rise-for-3rd-day-as-soy-oil-extends-rally-340492,27
corn,U.S. corn hits fresh 6-month low on U.S. planting progress,2015-05-05 10:05:38,Investing.com,"Investing.com - U.S. corn futures tumbled to the lowest level in more than six months on Tuesday, after a report from the U.S....",https://www.investing.com/news/commodities-news/u.s.-corn-hits-fresh-6-month-low-on-u.s.-planting-progress-340274,27
corn,U.S. corn hits 6-month low ahead of USDA planting progress report,2015-05-04 10:09:59,Investing.com,"Investing.com - U.S. corn futures declined for the third consecutive session on Monday, amid indications of rapid planting...",https://www.investing.com/news/commodities-news/u.s.-corn-hits-6-month-low-ahead-of-usda-planting-progress-report-340088,27
corn,Grain futures - weekly outlook: May 4 - 8,2015-05-03 12:55:47,Investing.com,"Investing.com - U.S. corn futures fell to the lowest level in nearly six months on Friday, amid indications of rapid planting...",https://www.investing.com/news/commodities-news/grain-futures---weekly-outlook:-may-4---8-339992,27
corn,"U.S. wheat, corn futures move further off multi-month lows",2015-04-30 10:12:02,Investing.com,"Investing.com - U.S. wheat and corn futures extended gains from the previous session on Thursday, as investors returned to the...","https://www.investing.com/news/commodities-news/u.s.-wheat,-corn-futures-move-further-off-multi-month-lows-339647",27
corn,Corn futures trade near 6-month low on U.S. planting progress,2015-04-29 09:42:04,Investing.com,"Investing.com - U.S. corn futures traded near the lowest level in almost six months on Wednesday, amid indications of rapid...",https://www.investing.com/news/commodities-news/corn-futures-trade-near-6-month-low-on-u.s.-planting-progress-339435,27
corn,"Wheat, corn futures fall to multi-month lows on U.S. planting progress",2015-04-28 10:10:14,Investing.com,"Investing.com - U.S. wheat and corn futures fell to the lowest level in almost seven months on Tuesday, after a report from the...","https://www.investing.com/news/commodities-news/wheat,-corn-futures-fall-to-multi-month-lows-on-u.s.-planting-progress-339223",28
corn,Corn futures fall for 6th straight session on U.S. planting progress,2015-04-27 10:19:19,Investing.com,Investing.com - U.S. corn futures fell for the sixth consecutive session on Monday to trade near the lowest level in more than...,https://www.investing.com/news/commodities-news/corn-futures-fall-for-6th-straight-session-on-u.s.-planting-progress-339043,28
corn,Grain futures - weekly outlook: April 27 - May 1,2015-04-26 12:16:13,Investing.com,"Investing.com - U.S. corn futures fell to the lowest level in more than five months on Friday, amid indications of rapid planting...",https://www.investing.com/news/commodities-news/grain-futures---weekly-outlook:-april-27---may-1-338949,28
corn,Corn futures fall to 1-week low on rapid U.S. planting progress,2015-04-22 09:50:10,Investing.com,"Investing.com - U.S. corn futures fell for the third consecutive session on Wednesday, amid indications of rapid planting progress...",https://www.investing.com/news/commodities-news/corn-futures-fall-to-1-week-low-on-rapid-u.s.-planting-progress-338305,28
corn,Corn futures drop on U.S. planting progress,2015-04-21 10:47:29,Investing.com,"Investing.com - U.S. corn futures fell for the second consecutive session on Tuesday, after a report from the U.S. Department of...",https://www.investing.com/news/commodities-news/corn-futures-drop-on-u.s.-planting-progress-338105,28
corn,Corn futures rise to 8-day high on U.S. planting delays,2015-04-20 10:14:58,Investing.com,"Investing.com - U.S. corn futures traded rose to an eight-day peak on Monday, amid ongoing concerns over wet weather delaying...",https://www.investing.com/news/commodities-news/corn-futures-rise-to-8-day-high-on-u.s.-planting-delays-337917,28
corn,Grain futures - weekly outlook: April 20 - 24,2015-04-19 12:27:32,Investing.com,"Investing.com - U.S. corn futures rose to a more than one-week high on Friday, as concerns over wet weather delaying planting in...",https://www.investing.com/news/commodities-news/grain-futures---weekly-outlook:-april-20---24-337824,28
corn,Wheat futures trade close to 6-week low on U.S. rainfall,2015-04-16 09:50:02,Investing.com,"Investing.com - U.S. wheat futures traded close to a six-week low on Thursday, after agricultural meteorologists forecast further...",https://www.investing.com/news/commodities-news/wheat-futures-trade-close-to-6-week-low-on-u.s.-rainfall-337394,28
corn,Wheat futures fall to fresh 4-week low on more U.S. rainfall,2015-04-15 10:00:39,Investing.com,"Investing.com - U.S. wheat futures fell to a fresh four-week low on Wednesday, after agricultural meteorologists forecast further...",https://www.investing.com/news/commodities-news/wheat-futures-fall-to-fresh-4-week-low-on-more-u.s.-rainfall-337159,28
corn,Wheat futures extend losses to hit 4-week low on U.S. rainfall,2015-04-14 10:11:39,Investing.com,"Investing.com - U.S. wheat futures extended losses from the previous session to hit a four-week low on Tuesday, after agricultural...",https://www.investing.com/news/commodities-news/wheat-futures-extend-losses-to-hit-4-week-low-on-u.s.-rainfall-336947,28
corn,Wheat futures tumble 2% as U.S. weather improves,2015-04-13 11:17:41,Investing.com,"Investing.com - U.S. wheat futures tumbled on Monday, as much-needed rainfall in the U.S. grain belt eased concerns over the...",https://www.investing.com/news/commodities-news/wheat-futures-tumble-2-as-u.s.-weather-improves-336763,29
corn,Grain futures - weekly outlook: April 13 - 17,2015-04-12 13:21:56,Investing.com,"Investing.com - U.S. soybean futures tumbled to a six-month low on Friday, as optimism over the outlook for supplies in South...",https://www.investing.com/news/commodities-news/grain-futures---weekly-outlook:-april-13---17-336665,29
corn,U.S. soybeans fall to 1-week low amid ample global supplies,2015-04-08 10:08:52,Investing.com,"Investing.com - U.S. soybean futures fell to a one-week low on Wednesday, as optimism over the outlook for supplies in Brazil and...",https://www.investing.com/news/commodities-news/u.s.-soybeans-fall-to-1-week-low-amid-ample-global-supplies-336072,29
corn,Wheat futures decline for 2nd day as U.S. weather improves,2015-04-07 10:48:42,Investing.com,"Investing.com - U.S. wheat futures declined for the second consecutive session on Tuesday, as forecasts for much-needed rainfall...",https://www.investing.com/news/commodities-news/wheat-futures-decline-for-2nd-day-as-u.s.-weather-improves-335884,29
corn,Wheat futures trade close to 7-week peak on U.S. weather concerns,2015-04-06 10:39:21,Investing.com,Investing.com - U.S. wheat futures rallied for the third straight session on Monday to trade close to a seven-week high as a lack...,https://www.investing.com/news/commodities-news/wheat-futures-trade-close-to-7-week-peak-on-u.s.-weather-concerns-335729,29
corn,Grain futures - weekly outlook: April 6 - 10,2015-04-05 12:40:20,Investing.com,"Investing.com - U.S. wheat futures rose to a six-week peak on Thursday, as a lack of rainfall in the U.S. grain belt fuelled...",https://www.investing.com/news/commodities-news/grain-futures---weekly-outlook:-april-6---10-335665,29
corn,U.S. grain futures mostly lower ahead of Easter holiday,2015-04-02 10:13:44,Investing.com,"Investing.com - U.S. grain futures were mostly lower on Thursday, as investors readjusted positions ahead of the Easter holiday...",https://www.investing.com/news/commodities-news/u.s.-grain-futures-mostly-lower-ahead-of-easter-holiday-335397,29
corn,U.S. corn futures rebound after plunging 4% on Tuesday,2015-04-01 10:56:31,Investing.com,"Investing.com - U.S. corn futures regained strength on Wednesday, one day after plunging more than 4% after the U.S. Department of...",https://www.investing.com/news/commodities-news/u.s.-corn-futures-rebound-after-plunging-4-on-tuesday-335216,29
corn,U.S. wheat futures trade near 1-week high ahead of USDA report,2015-03-31 10:44:04,Investing.com,Investing.com - U.S. wheat futures rose to a one-week high on Tuesday before turning modestly lower as investors readjusted...,https://www.investing.com/news/commodities-news/u.s.-wheat-futures-trade-near-1-week-high-ahead-of-usda-report-335007,29
corn,U.S. wheat futures rise for second day ahead of USDA planting report,2015-03-30 10:27:59,Investing.com,"Investing.com - U.S. wheat futures extended strong gains from the previous session on Monday, as market players turned their...",https://www.investing.com/news/commodities-news/u.s.-wheat-futures-rise-for-second-day-ahead-of-usda-planting-report-334797,29
corn,Grain futures - weekly outlook: March 30 - April 3,2015-03-29 12:50:47,Investing.com,Investing.com - U.S. soybean futures fell for the fourth consecutive session on Friday to hit a one-week low as optimism over the...,https://www.investing.com/news/commodities-news/grain-futures---weekly-outlook:-march-30---april-3-334687,30
corn,U.S. corn futures extend rally to hit 2-1/2 month high,2015-03-26 11:09:05,Investing.com,Investing.com - U.S. corn rose for the fifth consecutive session on Thursday to trade at the highest level in more than two...,https://www.investing.com/news/commodities-news/u.s.-corn-futures-extend-rally-to-hit-2-1-2-month-high-334293,30
corn,U.S. corn futures extend rally to hit 4-week high,2015-03-25 11:13:54,Investing.com,"Investing.com - U.S. corn rose for the fourth consecutive session on Wednesday to trade at the highest level in almost four weeks,...",https://www.investing.com/news/commodities-news/u.s.-corn-futures-extend-rally-to-hit-4-week-high-334083,30
corn,U.S. wheat drops from 5-week high as crop conditions improve,2015-03-24 11:11:57,Investing.com,"Investing.com - U.S. wheat futures fell from the previous session's five-week peak on Tuesday, after the U.S. Department of...",https://www.investing.com/news/commodities-news/u.s.-wheat-drops-from-5-week-high-as-crop-conditions-improve-333874,30
corn,"U.S. wheat jumps to 5-week high on crop concerns, dollar weakness",2015-03-23 11:50:03,Investing.com,Investing.com - U.S. wheat futures extended strong gains from the previous session on Monday to hit a five-week high as concerns...,"https://www.investing.com/news/commodities-news/u.s.-wheat-jumps-to-5-week-high-on-crop-concerns,-dollar-weakness-333694",30
corn,Grain futures - weekly outlook: March 23 - 27,2015-03-22 13:56:43,Investing.com,"Investing.com - U.S. grain futures rallied sharply on Friday, with wheat prices hitting a four-week high, as a broadly weaker U.S....",https://www.investing.com/news/commodities-news/grain-futures---weekly-outlook:-march-23---27-333582,30
corn,U.S. grain futures trim gains as investors monitor dollar movement,2015-03-19 11:42:38,Investing.com,"Investing.com - U.S. grain futures were higher on Thursday, albeit off the best levels of the session, as traders monitored the...",https://www.investing.com/news/commodities-news/u.s.-grain-futures-trim-gains-as-investors-monitor-dollar-movement-333192,30
corn,U.S. soybean futures fall to 5-month low on ample supplies,2015-03-18 11:31:25,Investing.com,"Investing.com - U.S. soybean futures fell to a five-month low on Wednesday, as optimism over the outlook for supplies in Brazil...",https://www.investing.com/news/commodities-news/u.s.-soybean-futures-fall-to-5-month-low-on-ample-supplies-332964,30
corn,U.S. wheat futures climb to 2-week high on crop concerns,2015-03-17 11:48:03,Investing.com,"Investing.com - U.S. wheat futures rose to a two-week high on Tuesday, as concerns over the health of the winter-wheat crop...",https://www.investing.com/news/commodities-news/u.s.-wheat-futures-climb-to-2-week-high-on-crop-concerns-332755,30
corn,﻿U.S. soybean futures fall to 5-week low on supply outlook,2015-03-16 11:50:16,Investing.com,"Investing.com - U.S. soybean futures fell to a five-week low on Monday, as ample global supplies and a broadly stronger U.S....",https://www.investing.com/news/commodities-news/﻿u.s.-soybean-futures-fall-to-5-week-low-on-supply-outlook-332564,30
corn,Grain futures - weekly outlook: March 16 - 20,2015-03-15 13:40:31,Investing.com,"Investing.com - U.S. grain futures fell sharply on Friday, pressured by a broadly stronger U.S. dollar and ample global suppliesOn...",https://www.investing.com/news/commodities-news/grain-futures---weekly-outlook:-march-16---20-332447,31
corn,U.S. wheat futures climb to 1-week high on supply outlook,2015-03-12 11:14:21,Investing.com,"Investing.com - U.S. wheat futures rose to one-week high on Thursday, as prices remained supported after the U.S. Department of...",https://www.investing.com/news/commodities-news/u.s.-wheat-futures-climb-to-1-week-high-on-supply-outlook-332052,31
corn,U.S. corn futures jump to 7-day high after USDA cuts forecast,2015-03-11 11:14:14,Investing.com,"Investing.com - U.S. corn futures rose to the highest level in more than a week on Wednesday, after the U.S. Department of...",https://www.investing.com/news/commodities-news/u.s.-corn-futures-jump-to-7-day-high-after-usda-cuts-forecast-331847,31
corn,U.S. grain futures under pressure before USDA report,2015-03-10 11:12:37,Investing.com,"Investing.com - U.S. wheat futures fell for the first time in three sessions on Tuesday, as investors looked ahead to the U.S....",https://www.investing.com/news/commodities-news/u.s.-grains-futures-under-pressure-before-usda-report-331653,31
corn,U.S. wheat futures rebound from contract low ahead of USDA report,2015-03-09 11:20:51,Investing.com,Investing.com - U.S. wheat futures rose for the second consecutive session on Monday to move further away from a contract low as...,https://www.investing.com/news/commodities-news/u.s.-wheat-futures-rebound-from-contract-low-ahead-of-usda-report-331481,31
corn,Grain futures - weekly outlook: March 9 - 13,2015-03-08 13:50:49,Investing.com,"Investing.com - U.S. wheat futures fell to a contract low on Friday, before rebounding slightly as investors returned to the...",https://www.investing.com/news/commodities-news/grain-futures---weekly-outlook:-march-9---13-331388,31
corn,"U.S. soybeans slump to 3-week low, wheat falls to 1-week trough",2015-03-05 11:09:44,Investing.com,Investing.com - U.S. soybean futures fell for the fourth consecutive session on Thursday to trade at a three-week low as concerns...,"https://www.investing.com/news/commodities-news/u.s.-soybeans-slump-to-3-week-low,-wheat-falls-to-1-week-trough-330987",31
corn,U.S. soybeans trade close to 1-week low on Brazil export prospects,2015-03-04 11:33:34,Investing.com,Investing.com - U.S. soybean futures declined on Wednesday to trade near a one-week low amid receding concerns over Brazilian...,https://www.investing.com/news/commodities-news/u.s.-soybeans-trade-close-to-1-week-low-on-brazil-export-prospects-330786,31
corn,U.S. grain futures edge up after Monday's declines,2015-03-03 11:49:39,Investing.com,"Investing.com - U.S. grain futures edged higher on Tuesday, as investors returned to the market to seek cheap valuations in wake...",https://www.investing.com/news/commodities-news/u.s.-grain-futures-edge-up-after-monday's-declines-330587,31
corn,U.S. soybeans touch 7-week high as Brazil truck strike continues,2015-03-02 11:41:06,Investing.com,"Investing.com - U.S. soybean futures rose to a seven-week high on Monday, as ongoing concerns over a disruption to supplies from...",https://www.investing.com/news/commodities-news/u.s.-soybeans-touch-7-week-high-as-brazil-truck-strike-continues-330383,31
corn,Grain futures - weekly outlook: March 2 - 6,2015-03-01 13:59:40,Investing.com,"Investing.com - U.S. soybean futures rose to the highest level in almost seven weeks on Friday, as ongoing concerns over a...",https://www.investing.com/news/commodities-news/grain-futures---weekly-outlook:-march-2---6-330267,32
corn,U.S. soybean futures edge higher amid Brazil supply disruption,2015-02-26 11:13:43,Investing.com,Investing.com - U.S. soybean futures edged higher on Thursday to trade just below a six-week peak hit earlier in the week as...,https://www.investing.com/news/commodities-news/u.s.-soybean-futures-edge-higher-amid-brazil-supply-disruption-329797,32
corn,"U.S. wheat slumps to 3-week low, soybeans fall from 6-week top",2015-02-25 11:50:20,Investing.com,"Investing.com - U.S. wheat futures declined to the lowest level in three weeks on Wednesday, amid ample global supplies and...","https://www.investing.com/news/commodities-news/u.s.-wheat-slumps-to-3-week-low,-soybeans-fall-from-6-week-top-329563",32
corn,"U.S. wheat futures bounce off 3-week low, further losses seen ahead",2015-02-24 11:25:22,Investing.com,"Investing.com - U.S. wheat futures regained strength on Tuesday, as investors returned to the market to seek cheap valuations...","https://www.investing.com/news/commodities-news/u.s.-wheat-futures-bounce-off-3-week-low,-further-losses-seen-ahead-329356",32
corn,U.S. wheat futures hit 3-week low amid weak export demand,2015-02-23 12:06:14,Investing.com,"Investing.com - U.S. wheat futures fell to the lowest level in almost three weeks on Monday, amid ongoing indications of slowing...",https://www.investing.com/news/commodities-news/u.s.-wheat-futures-hit-3-week-low-amid-weak-export-demand-329205,32
corn,Grain futures - weekly outlook: February 23 - 27,2015-02-22 13:55:35,Investing.com,"Investing.com - U.S. wheat futures plunged more than 3% on Friday to hit the lowest level in more than two weeks, amid indications...",https://www.investing.com/news/commodities-news/grain-futures---weekly-outlook:-february-23---27-329087,32
corn,U.S. wheat futures extend losses on demand concerns,2015-02-19 11:06:53,Investing.com,"Investing.com - U.S. wheat futures extended losses from the previous session on Thursday, amid indications of weakening demand for...",https://www.investing.com/news/commodities-news/u.s.-wheat-futures-extend-losses-on-demand-concerns-328714,32
corn,U.S. soybean futures rise to 5-week high on crushing demand,2015-02-18 11:29:47,Investing.com,Investing.com - U.S. soybean futures extended gains from the previous session on Wednesday to hit the highest level in almost five...,https://www.investing.com/news/commodities-news/u.s.-soybean-futures-rise-to-5-week-high-on-crushing-demand-328543,32
corn,U.S. wheat futures rise to 4-week high on crop concerns,2015-02-17 11:17:56,Investing.com,Investing.com - U.S. wheat futures rose sharply on Tuesday to hit the highest level in almost four weeks as forecasts showing...,https://www.investing.com/news/commodities-news/u.s.-wheat-futures-rise-to-4-week-high-on-crop-concerns-328374,32
corn,Grain futures - weekly outlook: February 16 - 20,2015-02-15 13:46:04,Investing.com,Investing.com - U.S. soybean futures rose for the third consecutive session on Friday to hit the highest level in almost two...,https://www.investing.com/news/commodities-news/grain-futures---weekly-outlook:-february-16---20-328162,32
corn,U.S. grain futures edge higher but ample supplies limit gains,2015-02-12 11:37:18,Investing.com,"Investing.com - U.S. grain futures edged mildly higher on Thursday, but gains were likely to remain limited amid the view that...",https://www.investing.com/news/commodities-news/u.s.-grain-futures-edge-higher-but-ample-supplies-limit-gains-327790,33
corn,U.S. wheat futures extend losses after USDA raises supply outlook,2015-02-11 11:51:13,Investing.com,"Investing.com - U.S. wheat futures extended losses from the previous session on Wednesday, after the U.S. Department of...",https://www.investing.com/news/commodities-news/u.s.-wheat-futures-extend-losses-after-usda-raises-supply-outlook-327589,33
corn,U.S. corn futures hold near 3-week high before USDA report,2015-02-10 11:24:02,Investing.com,"Investing.com - U.S. corn futures held near a three-week high struck in the previous session on Tuesday, as investors looked ahead...",https://www.investing.com/news/commodities-news/u.s.-corn-futures-hold-near-3-week-high-before-usda-report-327398,33
corn,U.S. wheat futures decline with USDA report in focus,2015-02-09 11:54:01,Investing.com,"Investing.com - U.S. wheat futures edged lower on Monday, as investors readjusted positions ahead of the U.S. Department of...",https://www.investing.com/news/commodities-news/u.s.-wheat-futures-decline-with-usda-report-in-focus-327221,33
corn,Grain futures - weekly outlook: February 9 - 13,2015-02-08 13:49:00,Investing.com,"Investing.com - U.S. corn futures rose to the highest level in more than two weeks on Friday, but gains were likely to remain...",https://www.investing.com/news/commodities-news/grain-futures---weekly-outlook:-february-9---13-327105,33
corn,U.S. corn trades near 2-week peak but outlook remains clouded,2015-02-05 11:42:03,Investing.com,"Investing.com - U.S. corn futures recovered from the previous session's losses to trade near a two-week high on Thursday, as a...",https://www.investing.com/news/commodities-news/u.s.-corn-trades-near-2-week-peak-but-outlook-remains-clouded-326683,33
corn,U.S. wheat futures extend gains to move further off 4-month low,2015-02-04 11:26:30,Investing.com,"Investing.com - U.S. wheat futures rose for the second consecutive session on Wednesday to hit a one-week high, as a...",https://www.investing.com/news/commodities-news/u.s.-wheat-futures-extend-gains-to-move-further-off-4-month-low-326495,33
corn,U.S. grain futures bounce off multi-month lows on bargain-buying,2015-02-03 11:17:42,Investing.com,"Investing.com - U.S. wheat futures rose for the first time in three sessions on Tuesday, as investors returned to the market to...",https://www.investing.com/news/commodities-news/u.s.-grain-futures-bounce-off-multi-month-lows-on-bargain-buying-326298,33
corn,U.S. wheat futures trade near 4-month low amid ample supplies,2015-02-02 12:05:04,Investing.com,"Investing.com - U.S. wheat futures traded near the lowest levels in almost four months on Monday, as indications that global...",https://www.investing.com/news/commodities-news/u.s.-wheat-futures-trade-near-4-month-low-amid-ample-supplies-326118,33
corn,Grain futures - weekly outlook: February 2 - 6,2015-02-01 14:11:14,Investing.com,"Investing.com - U.S. wheat and soybean futures fell to their lowest levels in more than three months on Friday, as indications...",https://www.investing.com/news/commodities-news/grain-futures---weekly-outlook:-february-2---6-326012,33
corn,U.S. grain futures sink to multi-month lows on ample supplies,2015-01-29 11:21:05,Investing.com,"Investing.com - U.S. grain futures traded near their lowest levels in almost three months on Thursday, as indications that global...",https://www.investing.com/news/commodities-news/u.s.-grain-futures-sink-to-multi-month-lows-on-ample-supplies-325627,34
corn,"U.S. wheat futures down for 6th straight day, trade at 11-week low",2015-01-28 11:20:33,Investing.com,Investing.com - U.S. wheat futures fell for the sixth consecutive session on Wednesday to hit a fresh 11-week low amid ample...,"https://www.investing.com/news/commodities-news/u.s.-wheat-futures-down-for-6th-straight-day,-trade-at-11-week-low-325447",34
corn,U.S. wheat futures slump to 11-week low amid demand concerns,2015-01-27 11:23:30,Investing.com,Investing.com - U.S. wheat futures fell for the sixth consecutive session on Tuesday to hit an 11-week low amid ample global...,https://www.investing.com/news/commodities-news/u.s.-wheat-futures-slump-to-11-week-low-amid-demand-concerns-325258,34
corn,Soybeans fall to 3-month low amid optimism over Brazil crop,2015-01-26 11:34:34,Investing.com,"Investing.com - U.S. soybean futures fell for the third consecutive session on Monday, as optimism over crop prospects in Brazil...",https://www.investing.com/news/commodities-news/soybeans-fall-to-3-month-low-amid-optimism-over-brazil-crop-325073,34
corn,Grain futures - weekly outlook: January 26 - 30,2015-01-25 14:20:26,Investing.com,"Investing.com - U.S. soybean futures fell to a three-month low on Friday, as optimism over crop prospects in Brazil and Argentina...",https://www.investing.com/news/commodities-news/grain-futures---weekly-outlook:-january-26---30-324976,34
corn,U.S. soybeans extend bounce from 3-month low,2015-01-22 11:26:31,Investing.com,"Investing.com - U.S. soybean futures rose for the second consecutive session on Thursday, as investors returned to the market to...",https://www.investing.com/news/commodities-news/u.s.-soybeans-extend-bounce-from-3-month-low-324595,34
corn,U.S. wheat rises for 2nd day after hitting 10-week low,2015-01-21 12:17:37,Investing.com,"Investing.com - U.S. wheat futures rose for the second consecutive session on Wednesday, as investors returned to the market to...",https://www.investing.com/news/commodities-news/u.s.-wheat-rises-for-2nd-day-after-hitting-2-month-low-324409,34
corn,U.S. grains under pressure; soybeans trade at 3-month low,2015-01-20 11:15:35,Investing.com,"Investing.com - U.S. soybean futures fell to the lowest level in almost three months on Tuesday, as concerns over weakening demand...",https://www.investing.com/news/commodities-news/u.s.-grains-under-pressure;-soybeans-trade-at-3-month-low-324210,34
corn,Grain futures - weekly outlook: January 19 - 23,2015-01-18 14:10:07,Investing.com,"Investing.com - U.S. corn futures rebounded on Friday, as investors returned to the market to seek cheap valuations after prices...",https://www.investing.com/news/commodities-news/grain-futures---weekly-outlook:-january-19---23-323993,34
corn,U.S. grains edge higher but remain near multi-week lows,2015-01-15 11:42:34,Investing.com,"Investing.com - U.S. grain futures bounced off the previous session's multi-week lows on Thursday, as investors returned to the...",https://www.investing.com/news/commodities-news/u.s.-grains-edge-higher-but-remain-near-multi-week-lows-323594,34
corn,U.S. grains down sharply; soybeans fall to 6-week low,2015-01-14 12:40:41,Investing.com,Investing.com - U.S. soybean futures declined for the third consecutive session on Wednesday to hit a six-week low as investors...,https://www.investing.com/news/commodities-news/u.s.-grains-down-sharply;-soybeans-fall-to-6-week-low-323410,35
corn,U.S. soybeans edge higher after plunging 3.5% on Monday,2015-01-13 11:26:12,Investing.com,"Investing.com - U.S. soybean futures edged higher on Tuesday, one day after posting its biggest daily loss since June after the...",https://www.investing.com/news/commodities-news/u.s.-soybeans-edge-higher-after-plunging-3.5-on-monday-323230,35
corn,U.S. wheat futures hold near 6-week low ahead of USDA reports,2015-01-12 12:26:03,Investing.com,"Investing.com - U.S. wheat futures hovered near a six-week low on Monday, as investors squared positions ahead of key data from...",https://www.investing.com/news/commodities-news/u.s.-wheat-futures-hold-near-6-week-low-ahead-of-usda-reports-323052,35
corn,Grain futures - weekly outlook: January 12 - 16,2015-01-11 13:44:00,Investing.com,"Investing.com - U.S. corn futures rallied on Friday, as investors readjusted positions ahead of the U.S. Department of...",https://www.investing.com/news/commodities-news/grain-futures---weekly-outlook:-january-12---16-322943,35
corn,Wheat near 1-month low amid easing concerns over U.S. crops,2015-01-08 11:24:29,Investing.com,"Investing.com - U.S. wheat futures traded near a one-month low on Thursday, amid receding concerns about damage to crops from...",https://www.investing.com/news/commodities-news/wheat-near-1-month-low-amid-easing-concerns-over-u.s.-crops-322581,35
corn,Soybean futures up for third day on South America crop concerns,2015-01-07 12:19:44,Investing.com,"Investing.com - U.S. soybean futures rose for the third consecutive session on Wednesday, amid concerns about damage to crops from...",https://www.investing.com/news/commodities-news/soybean-futures-up-for-third-day-on-south-america-crop-concerns-322417,35
corn,Wheat futures extend rally as U.S. cold blast threatens crops,2015-01-06 11:45:56,Investing.com,"Investing.com - U.S. wheat futures rose for the second consecutive session on Tuesday, amid mounting concerns about damage to...",https://www.investing.com/news/commodities-news/wheat-futures-extend-rally-as-u.s.-cold-blast-threatens-crops-322237,35
corn,Wheat futures rally amid frigid U.S. weather conditions,2015-01-05 11:11:37,Investing.com,"Investing.com - U.S. wheat futures rose for the first time in four sessions on Monday, amid growing concerns about damage to crops...",https://www.investing.com/news/commodities-news/wheat-futures-rally-amid-frigid-u.s.-weather-conditions-322079,35
corn,Grain futures - weekly outlook: January 5 - 9,2015-01-04 14:23:58,Investing.com,"Investing.com - U.S. soybean futures fell to the lowest level in nearly a month on Friday, as concerns over rising global supplies...",https://www.investing.com/news/commodities-news/grain-futures---weekly-outlook:-january-5---9-321994,35
corn,Grain futures - weekly outlook: December 15 - 19,2014-12-14 14:06:02,Investing.com,"Investing.com - U.S. corn and wheat futures rallied to multi-month highs on Friday, as heavy buying from large institutional...",https://www.investing.com/news/commodities-news/grain-futures---weekly-outlook:-december-15---19-320145,35
corn,U.S. soybean futures edge higher after USDA cuts harvest outlook,2014-12-11 12:01:06,Investing.com,"Investing.com - U.S. soybean futures edged higher on Thursday, after the U.S. Department of Agriculture lowered its forecast of...",https://www.investing.com/news/commodities-news/u.s.-soybean-futures-edge-higher-after-usda-cuts-harvest-outlook-319867,36
corn,U.S. soybean futures rise to 1-month high before USDA report,2014-12-10 11:18:54,Investing.com,"Investing.com - U.S. soybean futures rallied to a one-month high on Wednesday, as investors looked ahead to the U.S. Department of...",https://www.investing.com/news/commodities-news/u.s.-soybean-futures-rise-to-1-month-high-before-usda-report-319687,36
corn,U.S. soybean futures decline ahead of USDA monthly report,2014-12-09 11:24:55,Investing.com,"Investing.com - U.S. soybean futures fell for the first time in five sessions on Tuesday, as investors readjusted positions ahead...",https://www.investing.com/news/commodities-news/u.s.-soybean-futures-decline-ahead-of-usda-monthly-report-319536,36
corn,U.S. soybean futures give back some gains ahead of USDA report,2014-12-08 11:56:57,Investing.com,"Investing.com - U.S. soybean futures gave back some of the previous session's gains on Monday, as investors squared positions...",https://www.investing.com/news/commodities-news/u.s.-soybean-futures-give-back-some-gains-ahead-of-usda-report-319419,36
corn,Grain futures - weekly outlook: December 8 - 12,2014-12-07 14:54:49,Investing.com,"Investing.com - U.S. soybean futures rallied more than 2% on Friday to hit a one-week high as surging demand for soybean products,...",https://www.investing.com/news/commodities-news/grain-futures---weekly-outlook:-december-8---12-319325,36
corn,U.S. wheat futures fall sharply on demand concerns,2014-12-04 11:46:56,Investing.com,"Investing.com - U.S. wheat futures extended sharp losses from the previous session on Thursday, as investors bet that demand for...",https://www.investing.com/news/commodities-news/u.s.-wheat-futures-fall-sharply-on-demand-concerns-319049,36
corn,U.S. soybean futures drop to 5-week low on Brazil crop prospects,2014-12-03 11:44:06,Investing.com,Investing.com - U.S. soybean and corn futures extended sharp losses from the previous session on Wednesday amid expectations for a...,https://www.investing.com/news/commodities-news/u.s.-soybean-futures-drop-to-5-week-low-on-brazil-crop-prospects-318889,36
corn,U.S. wheat trades near 6-month high amid Russia supply concerns,2014-12-02 12:46:00,Investing.com,"Investing.com - U.S. wheat futures traded near the highest level in six months on Tuesday, amid ongoing speculation Russia will...",https://www.investing.com/news/commodities-news/u.s.-wheat-trades-near-6-month-high-amid-russia-supply-concerns-318744,36
corn,U.S. wheat holds near 5-month high on Russia export outlook,2014-12-01 11:55:41,Investing.com,"Investing.com - U.S. wheat futures held near a five-month high struck in the previous session on Monday, amid speculation Russia...",https://www.investing.com/news/commodities-news/u.s.-wheat-holds-near-5-month-high-on-russia-export-outlook-318584,36
corn,Grain futures - weekly outlook: December 1 - 5,2014-11-30 13:07:29,Investing.com,"Investing.com - U.S. wheat futures rallied to the highest level in nearly five months on Friday, amid speculation Russia will...",https://www.investing.com/news/commodities-news/grain-futures---weekly-outlook:-december-1---5-318474,36
corn,U.S. wheat rallies to 3-month high amid crop concerns,2014-11-26 11:13:12,Investing.com,"Investing.com - U.S. wheat futures rallied to a three-month high on Wednesday, as forecasts showing adverse weather conditions...",https://www.investing.com/news/commodities-news/u.s.-wheat-rallies-to-3-month-high-amid-crop-concerns-318093,37
corn,U.S. soybeans trade near 1-week high amid robust demand,2014-11-25 11:34:50,Investing.com,"Investing.com - U.S. soybean futures traded near a one-week high on Tuesday, amid indications of robust demand for U.S....",https://www.investing.com/news/commodities-news/u.s.-soybeans-trade-near-1-week-high-amid-robust-demand-317957,37
corn,"U.S. soybean, corn futures edge lower as harvest nears completion",2014-11-24 11:47:36,Investing.com,"Investing.com - U.S. soybean and corn futures edged lower on Monday, as a record harvest in the U.S. neared completion.
On the...","https://www.investing.com/news/commodities-news/u.s.-soybean,-corn-futures-edge-lower-as-harvest-nears-completion-317845",37
corn,Grain futures - weekly outlook: November 24 - 28,2014-11-23 14:03:32,Investing.com,"Investing.com - U.S. soybean futures rallied sharply on Friday, as investors bet that fresh stimulus measures in China will lead...",https://www.investing.com/news/commodities-news/grain-futures---weekly-outlook:-november-24---28-317776,37
corn,"U.S. soybean, corn futures trade near 2-week lows on harvest outlook",2014-11-20 11:06:56,Investing.com,"Investing.com - U.S. soybean and corn futures traded near two-week lows on Thursday, as a record harvest in the U.S. neared...","https://www.investing.com/news/commodities-news/u.s.-soybean,-corn-futures-trade-near-2-week-lows-on-harvest-outlook-317476",37
corn,U.S. soybeans fall to 2-week low on record harvest outlook,2014-11-19 11:13:52,Investing.com,"Investing.com - U.S. soybean futures extended losses from the previous session to hit a two-week low on Wednesday, as a record...",https://www.investing.com/news/commodities-news/u.s.-soybeans-fall-to-2-week-low-on-record-harvest-outlook-317303,37
corn,Corn under pressure as pace of U.S. harvest improves,2014-11-18 11:34:34,Investing.com,"Investing.com - U.S. corn futures extended losses from the previous session on Tuesday, as a pickup in the pace of the U.S....",https://www.investing.com/news/commodities-news/corn-under-pressure-as-pace-of-u.s.-harvest-improves-317163,37
corn,U.S. wheat futures trade near 3-month high on crop outlook,2014-11-17 11:25:40,Investing.com,"Investing.com - U.S. wheat futures traded near the previous session's three-month high on Monday, amid speculation freezing...",https://www.investing.com/news/commodities-news/u.s.-wheat-futures-trade-near-3-month-high-on-crop-outlook-317024,37
corn,Grain futures - weekly outlook: November 17 - 21,2014-11-16 14:19:12,Investing.com,Investing.com - U.S. wheat futures rallied for the fifth consecutive session on Friday to hit the highest level in more than two...,https://www.investing.com/news/commodities-news/grain-futures---weekly-outlook:-november-17---21-316934,37
corn,U.S. corn futures trade near 4-month high on crop outlook,2014-11-13 11:52:32,Investing.com,"Investing.com - U.S. corn futures traded near the previous session's four-month high on Thursday, as forecasts showing adverse...",https://www.investing.com/news/commodities-news/u.s.-corn-futures-trade-near-4-month-high-on-crop-outlook-316605,37
corn,U.S. soybeans rally to 2-month high on robust demand,2014-11-12 11:07:57,Investing.com,"Investing.com - U.S. soybean futures rallied to the highest level in more than two months on Wednesday, amid indications of robust...",https://www.investing.com/news/commodities-news/u.s.-soybeans-rally-to-2-month-high-on-robust-demand-316411,38
corn,U.S. soybeans decline after USDA raises harvest outlook,2014-11-11 11:05:40,Investing.com,"Investing.com - U.S. soybean futures extended losses from the previous session on Tuesday, after the U.S. Department of...",https://www.investing.com/news/commodities-news/u.s.-soybeans-decline-after-usda-raises-harvest-outlook-316266,38
corn,Soybeans rise to 1-week high ahead of USDA monthly report,2014-11-10 11:51:25,Investing.com,"Investing.com - U.S. soybean futures rose to a one-week high on Monday, as investors squared positions ahead of the U.S....",https://www.investing.com/news/commodities-news/soybeans-rise-to-1-week-high-ahead-of-usda-monthly-report-316119,38
corn,Grain futures - weekly outlook: November 10 - 14,2014-11-09 13:52:47,Investing.com,"Investing.com - U.S. soybean futures rose for the third consecutive session on Friday, amid indications of robust demand for U.S....",https://www.investing.com/news/commodities-news/grain-futures---weekly-outlook:-november-10---14-316033,38
corn,"Soybeans, corn edge lower on ideal U.S. crop weather",2014-11-06 11:12:54,Investing.com,"Investing.com - U.S. soybean and corn futures edged lower on Thursday, amid speculation beneficial weather in the U.S. Midwest...","https://www.investing.com/news/commodities-news/soybeans,-corn-edge-lower-on-ideal-u.s.-crop-weather-315715",38
corn,"Soybeans, corn fall to 1-week low on U.S. harvest progress",2014-11-05 11:53:49,Investing.com,"Investing.com - U.S. soybean and futures extended losses into a third session on Wednesday, as optimism over the pace of the U.S....","https://www.investing.com/news/commodities-news/soybeans,-corn-fall-to-1-week-low-on-u.s.-harvest-progress-315536",38
corn,"Corn, soybeans under pressure as pace of U.S. harvest improves",2014-11-04 11:46:18,Investing.com,"Investing.com - U.S. corn and soybean futures extended losses from the previous session on Tuesday, as a pickup in the pace of the...","https://www.investing.com/news/commodities-news/corn,-soybeans-under-pressure-as-pace-of-u.s.-harvest-improves-315332",38
corn,U.S. corn futures rally to 3-1/2 month high on harvest outlook,2014-10-30 11:42:10,Investing.com,Investing.com - U.S. corn futures rallied for the fourth consecutive session to hot the highest level in more than three months on...,https://www.investing.com/news/commodities-news/u.s.-corn-futures-rally-to-3-1-2-month-high-on-harvest-outlook-314796,38
corn,U.S. grain futures trade near multi-week highs on harvest delays,2014-10-29 11:36:05,Investing.com,"Investing.com - U.S. corn, soybean and wheat futures all traded near multi-week highs on Wednesday, as a slowdown in the pace of...",https://www.investing.com/news/commodities-news/u.s.-grain-futures-trade-near-multi-week-highs-on-harvest-delays-314643,38
corn,"Soybeans, corn rally to 2-month highs as pace of U.S. harvest slows",2014-10-28 13:10:44,Investing.com,Investing.com - U.S. soybean and corn futures extended strong gains from the previous session to hit the highest level in more...,"https://www.investing.com/news/commodities-news/soybeans,-corn-rally-to-2-month-highs-as-pace-of-u.s.-harvest-slows-314506",38
corn,"Soybean, corn futures decline on ideal U.S. crop weather",2014-10-27 11:52:44,Investing.com,"Investing.com - U.S. soybean and corn futures declined for the second consecutive session on Monday, amid speculation beneficial...","https://www.investing.com/news/commodities-news/soybean,-corn-futures-decline-on-ideal-u.s.-crop-weather-314354",39
corn,Grain futures - weekly outlook: October 27 - 31,2014-10-26 13:39:47,Investing.com,"Investing.com - U.S. grain futures tumbled on Friday, as investors cashed out of the market to lock in gains from a recent rally...",https://www.investing.com/news/commodities-news/grain-futures---weekly-outlook:-october-27---31-314283,39
corn,"Soybeans, corn draw support from U.S. harvest delays",2014-10-23 10:06:06,Investing.com,"Investing.com - U.S. soybean and corn prices edged higher on Thursday, as a slowdown in the U.S. harvest last week continued to...","https://www.investing.com/news/commodities-news/soybeans,-corn-draw-support-from-u.s.-harvest-delays-313996",39
corn,Corn trades near 7-week high on U.S. harvest delays,2014-10-22 10:18:50,Investing.com,"Investing.com - U.S. corn prices held near the previous session's seven-week high on Wednesday, as a slowdown in the U.S. harvest...",https://www.investing.com/news/commodities-news/corn-trades-near-7-week-high-on-u.s.-harvest-delays-313853,39
corn,Soybean futures rise as pace of U.S. harvest slows,2014-10-21 10:20:27,Investing.com,"Investing.com - U.S. soybean prices rose for the first time in three session's on Tuesday, as a slowdown in the U.S. harvest last...",https://www.investing.com/news/commodities-news/soybean-futures-rise-as-pace-of-u.s.-harvest-slows-313703,39
corn,"Soybean, corn futures decline on ideal U.S. crop weather",2014-10-20 10:47:37,Investing.com,"Investing.com - U.S. soybean and corn futures declined for the second consecutive session on Monday, amid speculation beneficial...","https://www.investing.com/news/commodities-news/soybean,-corn-futures-decline-on-ideal-u.s.-crop-weather-313559",39
corn,Grain futures - weekly outlook: October 20 - 24,2014-10-19 13:19:16,Investing.com,"Investing.com - U.S. corn and soybean futures edged lower on Friday, amid speculation beneficial weather in the U.S. Midwest will...",https://www.investing.com/news/commodities-news/grain-futures---weekly-outlook:-october-20---24-313482,39
corn,"U.S. corn, soybean futures pause after rally to 4-week highs",2014-10-15 09:27:22,Investing.com,"Investing.com - U.S. corn and soybean futures declined for the first time in three sessions on Wednesday, as investors locked in...",https://www.investing.com/news/commodities-news/us-corn-soybean-futures-pause-after-rally-to-4week-highs-313058,39
corn,"U.S. corn, soybean futures supported by harvest delays",2014-10-14 10:14:51,Investing.com,"Investing.com - U.S. corn and soybean futures edged higher on Tuesday, as a slowdown in the U.S. harvest due to rains in the...","https://www.investing.com/news/commodities-news/u.s.-corn,-soybean-futures-supported-by-harvest-delays-312902",39
corn,"U.S. corn, soybeans edge lower on record U.S. harvest outlook",2014-10-13 11:40:52,Investing.com,"Investing.com - U.S. corn and soybean futures edged lower on Monday, as ongoing expectations of record yields across much of the...","https://www.investing.com/news/commodities-news/u.s.-corn,-soybeans-edge-lower-on-record-u.s.-harvest-outlook-312764",39
corn,Grain futures - weekly outlook: October 13 - 17,2014-10-12 12:06:55,Investing.com,"Investing.com - U.S. corn and soybean futures sold off sharply on Friday, after the U.S. Department of Agriculture predicted...",https://www.investing.com/news/commodities-news/grain-futures---weekly-outlook:-october-13---17-312671,40
corn,U.S. corn trades near 3-week high ahead of USDA monthly report,2014-10-08 10:35:11,Investing.com,"Investing.com - U.S. corn futures traded near a three-week high on Wednesday, as investors squared positions ahead of the U.S....",https://www.investing.com/news/commodities-news/u.s.-corn-trades-near-3-week-high-ahead-of-usda-monthly-report-312218,40
corn,"U.S. soybeans, corn edge lower after previous day's rally",2014-10-07 10:27:06,Investing.com,"Investing.com - U.S. soybean and corn futures edged lower on Tuesday, one day after rallying more than 3% on the back of concerns...","https://www.investing.com/news/commodities-news/u.s.-soybeans,-corn-edge-lower-after-previous-day's-rally-312077",40
corn,"U.S. soybeans, corn rally 1% on harvest delays, wheat at 2-week high",2014-10-06 10:45:31,Investing.com,"Investing.com - U.S. soybean and corn futures rallied more than 1% on Monday, as a slowdown in the U.S. harvest due to rains in...","https://www.investing.com/news/commodities-news/u.s.-soybeans,-corn-rally-1-on-harvest-delays,-wheat-at-2-week-high-311946",40
corn,Grain futures - weekly outlook: October 6 - 10,2014-10-05 13:07:05,Investing.com,"Investing.com - U.S. soybean futures ended the week close to the lowest level in more than four years on Friday, as ongoing...",https://www.investing.com/news/commodities-news/grain-futures---weekly-outlook:-october-6---10-311865,40
corn,"U.S. soybeans, corn revisit multiyear lows on record crop outlook",2014-10-02 10:37:00,Investing.com,"Investing.com - U.S. soybean and corn futures resumed their downward trend on Thursday, as ongoing expectations for a record U.S....","https://www.investing.com/news/commodities-news/u.s.-soybeans,-corn-revisit-multiyear-lows-on-record-crop-outlook-311605",40
corn,U.S. corn falls to lowest since September 2009 on record crop,2014-10-01 09:58:49,Investing.com,"Investing.com - U.S. corn futures slumped to a five-year low on Wednesday, after the U.S. Department of Agriculture forecast...",https://www.investing.com/news/commodities-news/u.s.-corn-falls-to-lowest-since-september-2009-on-record-crop-311442,40
corn,"U.S. corn, soybeans trade near 4-year lows ahead of USDA report",2014-09-30 10:24:31,Investing.com,"Investing.com - U.S. corn and soybean futures traded near their lowest levels in more than four-years on Tuesday, as investors...","https://www.investing.com/news/commodities-news/u.s.-corn,-soybeans-trade-near-4-year-lows-ahead-of-usda-report-311287",40
corn,"U.S. corn, soybeans slump to 4-year lows on supply outlook",2014-09-22 10:53:55,Investing.com,"Investing.com - U.S. corn and soybean futures fell to their lowest levels in more than four-years on Monday, as ongoing optimism...","https://www.investing.com/news/commodities-news/u.s.-corn,-soybeans-slump-to-4-year-lows-on-supply-outlook-310291",40
corn,Grain futures - weekly outlook: September 22 - 26,2014-09-21 12:49:32,Investing.com,"Investing.com - U.S. corn, soy and wheat futures ended the week at their lowest level in more than four years on Friday, as...",https://www.investing.com/news/commodities-news/grain-futures---weekly-outlook:-september-22---26-310223,40
corn,U.S. grains hover close to 4-year lows on supply outlook,2014-09-18 11:35:46,Investing.com,"Investing.com - U.S. corn, soy and wheat futures traded near their lowest levels in more than four-years on Thursday, as ongoing...",https://www.investing.com/news/commodities-news/u.s.-grains-hover-close-to-4-year-lows-on-supply-outlook-309932,41
corn,U.S. corn trades near 4-year low on record crop outlook,2014-09-17 10:27:26,Investing.com,"Investing.com - U.S. corn futures declined on Wednesday, as ongoing expectations of record yields across much of the U.S. grain...",https://www.investing.com/news/commodities-news/u.s.-corn-trades-near-4-year-low-on-record-crop-outlook-309753,41
corn,U.S. grains rebound from 4-year lows on bargain buying,2014-09-16 10:50:12,Investing.com,"Investing.com - U.S. grain futures regained strength on Tuesday, as investors returned to the market to seek cheap valuations...",https://www.investing.com/news/commodities-news/u.s.-grains-rebound-from-4-year-lows-on-bargain-buying-309602,41
corn,U.S. wheat futures extend losses to 4-year low on supply outlook,2014-09-15 10:45:10,Investing.com,"Investing.com - U.S. wheat futures fell for the sixth consecutive session on Monday, as indications of ample global supplies and...",https://www.investing.com/news/commodities-news/u.s.-wheat-futures-extend-losses-to-4-year-low-on-supply-outlook-309446,41
corn,Grain futures - weekly outlook: September 15 - 19,2014-09-14 13:12:15,Investing.com,"Investing.com - U.S. corn, soy and wheat futures ended the week close to their lowest level in four years on Friday, after the...",https://www.investing.com/news/commodities-news/grain-futures---weekly-outlook:-september-15---19-309364,41
corn,U.S. grain futures trade at 4-year lows ahead of USDA report,2014-09-11 10:13:05,Investing.com,"Investing.com - U.S. soybean and corn futures traded at the lowest level in four years on Thursday, as investors looked ahead to...",https://www.investing.com/news/commodities-news/u.s.-grain-futures-trade-at-4-year-lows-ahead-of-usda-report-309069,41
corn,U.S. soybeans hold below $10-a-bushel ahead of USDA report,2014-09-10 10:20:52,Investing.com,"Investing.com - U.S. soybean futures held near a four-year low on Wednesday, as investors squared positions ahead of the U.S....",https://www.investing.com/news/commodities-news/u.s.-soybeans-hold-below-$9-a-bushel-ahead-of-usda-report-308922,41
corn,"U.S. corn, soybeans extend losses on upbeat crop outlook",2014-09-09 10:16:45,Investing.com,Investing.com - U.S. corn and soybean futures extended losses from the previous session on Tuesday to trade close to four-year...,"https://www.investing.com/news/commodities-news/u.s.-corn,-soybeans-extend-losses-on-upbeat-crop-outlook-308676",41
corn,"U.S. corn, soybeans hold near 4-year lows on record crop outlook",2014-09-08 11:45:24,Investing.com,"Investing.com - U.S. corn and soybean futures traded close to their lowest levels in four years on Monday, as expectations of...","https://www.investing.com/news/commodities-news/u.s.-corn,-soybeans-hold-near-4-year-lows-on-record-crop-outlook-308342",41
corn,Grain futures - weekly outlook: September 8 - 12,2014-09-07 12:56:55,Investing.com,"Investing.com - U.S. corn futures rallied more than 2% on Friday, as forecasts showing adverse weather conditions across the U.S....",https://www.investing.com/news/commodities-news/grain-futures---weekly-outlook:-september-8---12-308208,41
corn,"U.S. corn, soybeans trade near 4-year lows on record crop outlook",2014-09-04 10:19:38,Investing.com,"Investing.com - U.S. corn and soybean futures traded near the lowest level in four years on Thursday, as expectations of record...","https://www.investing.com/news/commodities-news/u.s.-corn,-soybeans-trade-near-4-year-lows-on-record-crop-outlook-307666",42
corn,U.S. soybeans trade near 4-year low on upbeat crop outlook,2014-09-03 10:16:17,Investing.com,"Investing.com - U.S. soybean futures traded near a four-year low on Wednesday, as expectations of record yields across much of the...",https://www.investing.com/news/commodities-news/u.s.-soybeans-trade-near-4-year-low-on-upbeat-crop-outlook-307240,42
corn,U.S. soybeans rebound ahead of USDA export sales data,2014-08-28 09:51:38,Investing.com,"Investing.com - U.S. soybean futures regained strength on Thursday, as investors returned to the market to seek cheap valuations...",https://www.investing.com/news/commodities-news/u.s.-soybeans-rebound-ahead-of-usda-export-sales-data-306129,42
corn,U.S. corn futures fall for 3rd straight session on crop outlook,2014-08-27 10:13:29,Investing.com,"Investing.com - U.S. corn futures fell for the third consecutive session on Wednesday, amid expectations of record yields across...",https://www.investing.com/news/commodities-news/u.s.-corn-futures-fall-for-3rd-straight-session-on-crop-outlook-305806,42
corn,U.S. soybeans falls to another 4-year low on record crop outlook,2014-08-26 11:54:53,Investing.com,"Investing.com - U.S. soybean futures fell to a fresh four-year low for the second consecutive session on Tuesday, as ongoing...",https://www.investing.com/news/commodities-news/u.s.-soybeans-falls-to-another-4-year-low-on-record-crop-outlook-305533,42
corn,U.S. soybeans sink to 4-year low on bumper crop outlook,2014-08-25 11:50:20,Investing.com,"Investing.com - U.S. soybean futures fell to a four-year low on Monday, as ongoing expectations for a record U.S. harvest...",https://www.investing.com/news/commodities-news/u.s.-soybeans-sink-to-4-year-low-on-bumper-crop-outlook-305247,42
corn,U.S. grains rebound ahead of USDA export sales data,2014-08-21 11:31:59,Investing.com,"Investing.com - U.S. corn and soybean futures regained strength on Thursday, as investors returned to the market to seek cheap...",https://www.investing.com/news/commodities-news/u.s.-grains-rebound-ahead-of-usda-export-sales-data-304730,42
corn,"Soybean, corn futures decline on beneficial U.S. weather",2014-08-19 11:32:30,Investing.com,"Investing.com - U.S. soybean and corn futures edged lower on Tuesday, as near-ideal crop weather in the U.S. Midwest bolstered...","https://www.investing.com/news/commodities-news/soybean,-corn-futures-decline-on-beneficial-u.s.-weather-304168",42
corn,Grain futures - weekly outlook: August 18 - 22,2014-08-17 13:06:42,Investing.com,"Investing.com - U.S. wheat futures rallied more than 2% on Friday, amid fears that the conflict between Ukraine and Russia will...",https://www.investing.com/news/commodities-news/grain-futures---weekly-outlook:-august-18---22-303862,42
corn,U.S. soybeans fall to four-year low on upbeat crop outlook,2014-08-14 11:34:05,Investing.com,"Investing.com - U.S. soybean futures fell to a four-year low on Thursday, as ongoing expectations for a record U.S. harvest...",https://www.investing.com/news/commodities-news/u.s.-soybeans-fall-to-four-year-low-on-upbeat-crop-outlook-303395,42
corn,U.S. soybeans bounce off 4-year low in early trade,2014-08-13 10:10:51,Investing.com,"Investing.com - U.S. soybean futures regained strength on Wednesday, one day after falling sharply following the release of the...",https://www.investing.com/news/commodities-news/u.s.-soybeans-bounce-off-4-year-low-in-early-trade-303071,43
corn,U.S. wheat falls for 4th straight session ahead of USDA crop report,2014-08-12 10:30:19,Investing.com,"Investing.com - U.S. wheat futures fell for the fourth consecutive session on Tuesday, as investors readjusted positions ahead of...",https://www.investing.com/news/commodities-news/u.s.-wheat-falls-for-4th-straight-session-ahead-of-usda-crop-report-302753,43
corn,U.S. wheat extends losses ahead of USDA report,2014-08-11 10:27:46,Investing.com,"Investing.com - U.S. wheat futures fell for the third consecutive session on Monday, as investors squared positions ahead of the...",https://www.investing.com/news/commodities-news/u.s.-wheat-extends-losses-ahead-of-usda-report-302454,43
corn,Grain futures - weekly outlook: August 11 - 15,2014-08-10 14:18:53,Investing.com,"Investing.com - U.S. wheat futures plunged more than 2% on Friday, amid fears that Russian sanctions will dampen demand for U.S....",https://www.investing.com/news/commodities-news/grain-futures---weekly-outlook:-august-11---15-302384,43
corn,U.S. wheat falls from 1-month high after Russia bans U.S. food imports,2014-08-07 09:45:48,Investing.com,"Investing.com - U.S. wheat futures fell from a one-month high on Thursday, after Russia announced that it will ban all food...",https://www.investing.com/news/commodities-news/u.s.-wheat-falls-from-1-month-high-after-russia-bans-u.s.-food-imports-301726,43
corn,U.S. wheat rallies to 1-month high amid European crop concerns,2014-08-06 10:10:11,Investing.com,"Investing.com - U.S. wheat futures extended a recent rally to hit a one-month high on Wednesday, as mounting concerns over crop...",https://www.investing.com/news/commodities-news/u.s.-wheat-rallies-to-1-month-high-amid-european-crop-concerns-301286,43
corn,"Soybean, corn futures decline on U.S. crop outlook",2014-08-05 09:54:42,Investing.com,"Investing.com - U.S. soybean and corn futures declined on Tuesday, as optimism over crop conditions in the U.S. drove prices...","https://www.investing.com/news/commodities-news/soybean,-corn-futures-decline-on-u.s.-crop-outlook-300785",43
corn,U.S. wheat rises to 2-week high amid European crop concerns,2014-08-04 11:58:42,Investing.com,Investing.com - U.S. wheat futures rallied sharply on Monday to hit a two-week high amid growing concerns over crop conditions in...,https://www.investing.com/news/commodities-news/u.s.-wheat-rises-to-2-week-high-amid-european-crop-concerns-300464,43
corn,Grain futures - weekly outlook: August 4 - 8,2014-08-03 12:55:28,Investing.com,"Investing.com - U.S. corn futures fell to the lowest level in four years on Friday, as ongoing expectations for a record U.S....",https://www.investing.com/news/commodities-news/grain-futures---weekly-outlook:-august-4---8-300310,43
corn,"U.S. corn, wheat decline on global crop prospects",2014-07-31 11:02:20,Investing.com,"Investing.com - U.S. corn and wheat futures declined on Thursday, as indications of ample global supplies drove prices lower.
On...","https://www.investing.com/news/commodities-news/u.s.-corn,-wheat-decline-on-global-crop-prospects-299585",43
corn,"U.S. soybeans, corn edge lower after Monday’s rally",2014-07-29 11:34:41,Investing.com,"Investing.com - U.S. soybean and corn futures edged lower on Tuesday, one day after rallying sharply amid speculation lower prices...","https://www.investing.com/news/commodities-news/u.s.-soybeans,-corn-edge-lower-after-monday’s-rally-298642",44
corn,"U.S. soybeans, corn rise on demand hopes",2014-07-28 11:32:05,Investing.com,"Investing.com - U.S. soybean and corn futures were higher on Monday, as investors returned to the market amid speculation lower...","https://www.investing.com/news/commodities-news/u.s.-soybeans,-corn-rise-on-demand-hopes-298302",44
corn,Grain futures - weekly outlook: July 28 - August 1,2014-07-27 12:25:02,Investing.com,"Investing.com - U.S. corn futures ended the week close to the lowest level in four years on Friday, as ongoing expectations for a...",https://www.investing.com/news/commodities-news/grain-futures---weekly-outlook:-july-28---august-1-298197,44
corn,"U.S. corn, wheat futures drop to 4-year lows on crop prospects",2014-07-23 10:10:51,Investing.com,"Investing.com - U.S. corn and wheat futures both traded at their lowest levels since July 2010 on Wednesday, as ongoing...","https://www.investing.com/news/commodities-news/u.s.-corn,-wheat-futures-drop-to-4-year-lows-on-crop-prospects-297085",44
corn,U.S. grains decline; corn falls to 4-year low on crop outlook,2014-07-21 11:56:34,Investing.com,"Investing.com - U.S. corn futures fell to a fresh four-year low on Monday, as ongoing expectations for a record U.S. harvest...",https://www.investing.com/news/commodities-news/u.s.-grains-decline;-corn-falls-to-4-year-low-on-crop-outlook-296375,44
corn,Grain futures - weekly outlook: July 21 - 25,2014-07-20 14:06:06,Investing.com,"Investing.com - U.S. corn futures plunged to a four-year low on Friday, as ongoing expectations for a record U.S. harvest...",https://www.investing.com/news/commodities-news/grain-futures---weekly-outlook:-july-21---25-296285,44
corn,U.S. grains hold near multi-year lows on ample supply outlook,2014-07-17 11:48:18,Investing.com,"Investing.com - U.S. grain futures traded near multi-year lows on Thursday, as investors were hesitant to enter the market amid...",https://www.investing.com/news/commodities-news/u.s.-grains-hold-near-multi-year-lows-on-ample-supply-outlook-295767,44
corn,U.S. grains rebound from multi-year lows; corn ticks up,2014-07-16 11:52:29,Investing.com,"Investing.com - U.S. grain futures rebounded on Wednesday, as investors returned to the market to seek cheap valuations after...",https://www.investing.com/news/commodities-news/u.s.-grains-rebound-from-multi-year-lows;-corn-ticks-up-295359,44
corn,U.S. grains decline; corn trades near 4-year low on U.S. crop outlook,2014-07-15 12:17:06,Investing.com,"Investing.com - U.S. corn futures traded near the lowest level in four years on Tuesday, amid ongoing expectations for a record...",https://www.investing.com/news/commodities-news/u.s.-grains-decline;-corn-trades-near-4-year-low-on-u.s.-crop-outlook-294972,44
corn,Grain futures - weekly outlook: July 14 - 18,2014-07-13 12:59:10,Investing.com,"Investing.com - U.S. grain futures plunged to multi-year lows on Friday, after the U.S. Department of Agriculture forecast...",https://www.investing.com/news/commodities-news/grain-futures---weekly-outlook:-july-14---18-294495,44
corn,U.S. grains rebound; corn bounces off 4-year low,2014-07-10 12:01:25,Investing.com,"Investing.com - U.S. corn futures regained strength on Thursday, as investors returned to the market to seek cheap valuations...",https://www.investing.com/news/commodities-news/u.s.-grains-rebound;-corn-bounces-off-4-year-low-294137,45
corn,U.S. grains decline; corn falls further below $4 a bushel,2014-07-09 11:44:15,Investing.com,"Investing.com - U.S. corn futures traded at the lowest level in four years on Wednesday, as ongoing expectations for a record U.S....",https://www.investing.com/news/commodities-news/u.s.-grains-decline;-corn-falls-further-below-$4-a-bushel-293886,45
corn,U.S. grains mixed; corn trades near 4-year low on U.S. crop outlook,2014-07-08 10:02:12,Investing.com,"Investing.com - U.S. corn futures traded near the lowest level in four years on Tuesday, amid ongoing expectations for a record...",https://www.investing.com/news/commodities-news/u.s.-grains-mixed;-corn-trades-near-4-year-low-on-u.s.-crop-outlook-293507,45
corn,Grain futures - weekly outlook: July 7 - 11,2014-07-06 12:35:36,Investing.com,"Investing.com - U.S. grain futures ended the week down sharply, with soybeans prices falling to the lowest level in more than four...",https://www.investing.com/news/commodities-news/grain-futures---weekly-outlook:-july-7---11-293114,45
corn,U.S. grain futures rebound after heavy losses; soybeans higher,2014-07-03 10:33:04,Investing.com,"Investing.com - U.S. soybean futures rose for the first time in five sessions on Thursday, as investors returned to the market to...",https://www.investing.com/news/commodities-news/u.s.-grain-futures-rebound-after-heavy-losses;-soybeans-higher-292908,45
corn,U.S. corn down for third straight session on upbeat crop outlook,2014-07-02 11:05:57,Investing.com,"Investing.com - U.S. corn futures fell for the third consecutive session on Wednesday, amid ongoing expectations for a record U.S....",https://www.investing.com/news/commodities-news/u.s.-corn-down-for-third-straight-session-on-upbeat-crop-outlook-292692,45
corn,"U.S. soybeans, corn trade near multi-month lows on supply outlook",2014-07-01 10:08:21,Investing.com,"Investing.com - U.S. soybean and corn futures traded near multi-month lows on Tuesday, after the U.S. Department of Agriculture...","https://www.investing.com/news/commodities-news/u.s.-soybeans,-corn-trade-near-multi-month-lows-on-supply-outlook-292373",45
corn,Grain futures lower ahead of USDA reports,2014-06-30 10:16:40,Investing.com,"Investing.com - U.S. grain futures were mostly lower on Monday, as investors squared positions ahead of the U.S. Department of...",https://www.investing.com/news/commodities-news/grain-futures-lower-ahead-of-usda-reports-292059,45
corn,Grain futures - weekly outlook: June 30 - July 4,2014-06-29 12:03:50,Investing.com,"Investing.com - U.S. grain futures ended Friday’s session mixed, as investors readjusted positions ahead of the U.S....",https://www.investing.com/news/commodities-news/grain-futures---weekly-outlook:-june-30---july-4-291985,45
corn,Grain futures mixed; U.S. corn weighed by upbeat crop outlook,2014-06-26 10:37:38,Investing.com,"Investing.com - U.S. corn futures swung between small gains and losses on Thursday, amid ongoing expectations for a record U.S....",https://www.investing.com/news/commodities-news/grain-futures-mixed;-u.s.-corn-weighed-by-upbeat-crop-outlook-291637,45
corn,Grain futures lower; U.S. corn extends losses on crop outlook,2014-06-25 11:48:35,Investing.com,"Investing.com - U.S. corn futures extended losses from the previous session to on Wednesday, amid ongoing expectations for a...",https://www.investing.com/news/commodities-news/grain-futures-lower;-u.s.-corn-extends-losses-on-crop-outlook-291397,46
corn,Grain futures lower; U.S. corn under pressure on upbeat crop outlook,2014-06-24 10:35:48,Investing.com,"Investing.com - U.S. corn futures fell to a four-month low on Tuesday, amid ongoing optimism over the health of the U.S. corn...",https://www.investing.com/news/commodities-news/grain-futures-lower;-u.s.-corn-under-pressure-on-upbeat-crop-outlook-291132,46
corn,"Grain futures higher; U.S. wheat, corn rise on rainy Plains weather",2014-06-23 10:36:24,Investing.com,"Investing.com - U.S. wheat and corn futures rose on Monday, as excessive rain in the U.S. over the weekend sparked concerns over...","https://www.investing.com/news/commodities-news/grain-futures-higher;-u.s.-wheat,-corn-rise-on-rainy-plains-weather-290871",46
corn,Grain futures - weekly outlook: June 23 - 27,2014-06-22 13:23:12,Investing.com,"Investing.com - U.S. wheat futures ended the week close to a four-month low on Friday, as ongoing indications of ample supplies...",https://www.investing.com/news/commodities-news/grain-futures---weekly-outlook:-june-23---27-290826,46
corn,"Grain futures higher; U.S. wheat, corn rise for 2nd day",2014-06-19 10:26:45,Investing.com,"Investing.com - U.S. wheat and corn futures rose for the second consecutive session on Thursday, as investors looked to take...","https://www.investing.com/news/commodities-news/grain-futures-higher;-u.s.-wheat,-corn-rise-for-2nd-day-290492",46
corn,"Grain futures rebound; U.S. corn, wheat bounce off 4-month lows",2014-06-18 10:30:06,Investing.com,"Investing.com - U.S. corn and wheat futures bounced off four-month lows struck in the previous session on Wednesday, as investors...","https://www.investing.com/news/commodities-news/grain-futures-rebound;-u.s.-corn,-wheat-bounce-off-4-month-lows-290256",46
corn,Grain futures; U.S. corn falls to 4-month low on upbeat crop outlook,2014-06-17 10:00:53,Investing.com,"Investing.com - U.S. corn futures fell to a four-month low on Tuesday, amid growing optimism over the health of the U.S. corn...",https://www.investing.com/news/commodities-news/grain-futures;-u.s.-corn-falls-to-4-month-low-on-upbeat-crop-outlook-289988,46
corn,U.S. wheat edges higher ahead of crop progress report,2014-06-16 10:36:45,Investing.com,"Investing.com - U.S. wheat futures edged higher on Monday, as investors returned to the market to seek cheap valuations in wake of...",https://www.investing.com/news/commodities-news/u.s.-wheat-edges-higher-ahead-of-crop-progress-report-289711,46
corn,Grain futures - weekly outlook: June 16 - 20,2014-06-15 12:54:19,Investing.com,"Investing.com - U.S. wheat futures ended the week close to a four-month low on Friday, as ongoing indications of ample global...",https://www.investing.com/news/commodities-news/grain-futures---weekly-outlook:-june-16---20-289651,46
corn,"U.S. wheat, corn trade near multi-month lows on supply outlook",2014-06-12 10:16:38,Investing.com,"Investing.com - U.S. wheat and corn futures traded near multi-month lows on Thursday, after the U.S. Department of Agriculture...","https://www.investing.com/news/commodities-news/u.s.-wheat,-corn-trade-near-multi-month-lows-on-supply-outlook-289267",46
