Date,Price
2010-01-01,167.3356308270676
2010-01-04,167.3356308270676
2010-01-05,167.3356308270676
2010-01-06,167.3356308270676
2010-01-07,167.3356308270676
2010-01-08,167.3356308270676
2010-01-11,167.3356308270676
2010-01-12,167.3356308270676
2010-01-13,167.3356308270676
2010-01-14,167.3356308270676
2010-01-15,167.3356308270676
2010-01-18,167.3356308270676
2010-01-19,167.3356308270676
2010-01-20,167.3356308270676
2010-01-21,167.3356308270676
2010-01-22,167.3356308270676
2010-01-25,167.3356308270676
2010-01-26,167.3356308270676
2010-01-27,167.3356308270676
2010-01-28,167.3356308270676
2010-01-29,167.3356308270676
2010-02-01,161.9069612781955
2010-02-02,161.9069612781955
2010-02-03,161.9069612781955
2010-02-04,161.9069612781955
2010-02-05,161.9069612781955
2010-02-08,161.9069612781955
2010-02-09,161.9069612781955
2010-02-10,161.9069612781955
2010-02-11,161.9069612781955
2010-02-12,161.9069612781955
2010-02-15,161.9069612781955
2010-02-16,161.9069612781955
2010-02-17,161.9069612781955
2010-02-18,161.9069612781955
2010-02-19,161.9069612781955
2010-02-22,161.9069612781955
2010-02-23,161.9069612781955
2010-02-24,161.9069612781955
2010-02-25,161.9069612781955
2010-02-26,161.9069612781955
2010-03-01,158.9277694099379
2010-03-02,158.9277694099379
2010-03-03,158.9277694099379
2010-03-04,158.9277694099379
2010-03-05,158.9277694099379
2010-03-08,158.9277694099379
2010-03-09,158.9277694099379
2010-03-10,158.9277694099379
2010-03-11,158.9277694099379
2010-03-12,158.9277694099379
2010-03-15,158.9277694099379
2010-03-16,158.9277694099379
2010-03-17,158.9277694099379
2010-03-18,158.9277694099379
2010-03-19,158.9277694099379
2010-03-22,158.9277694099379
2010-03-23,158.9277694099379
2010-03-24,158.9277694099379
2010-03-25,158.9277694099379
2010-03-26,158.9277694099379
2010-03-29,158.9277694099379
2010-03-30,158.9277694099379
2010-03-31,158.9277694099379
2010-04-01,157.2666426870748
2010-04-02,157.2666426870748
2010-04-05,157.2666426870748
2010-04-06,157.2666426870748
2010-04-07,157.2666426870748
2010-04-08,157.2666426870748
2010-04-09,157.2666426870748
2010-04-12,157.2666426870748
2010-04-13,157.2666426870748
2010-04-14,157.2666426870748
2010-04-15,157.2666426870748
2010-04-16,157.2666426870748
2010-04-19,157.2666426870748
2010-04-20,157.2666426870748
2010-04-21,157.2666426870748
2010-04-22,157.2666426870748
2010-04-23,157.2666426870748
2010-04-26,157.2666426870748
2010-04-27,157.2666426870748
2010-04-28,157.2666426870748
2010-04-29,157.2666426870748
2010-04-30,157.2666426870748
2010-05-03,163.2403005357142
2010-05-04,163.2403005357142
2010-05-05,163.2403005357142
2010-05-06,163.2403005357142
2010-05-07,163.2403005357142
2010-05-10,163.2403005357142
2010-05-11,163.2403005357142
2010-05-12,163.2403005357142
2010-05-13,163.2403005357142
2010-05-14,163.2403005357142
2010-05-17,163.2403005357142
2010-05-18,163.2403005357142
2010-05-19,163.2403005357142
2010-05-20,163.2403005357142
2010-05-21,163.2403005357142
2010-05-24,163.2403005357142
2010-05-25,163.2403005357142
2010-05-26,163.2403005357142
2010-05-27,163.2403005357142
2010-05-28,163.2403005357142
2010-05-31,163.2403005357142
2010-06-01,152.8739339285714
2010-06-02,152.8739339285714
2010-06-03,152.8739339285714
2010-06-04,152.8739339285714
2010-06-07,152.8739339285714
2010-06-08,152.8739339285714
2010-06-09,152.8739339285714
2010-06-10,152.8739339285714
2010-06-11,152.8739339285714
2010-06-14,152.8739339285714
2010-06-15,152.8739339285714
2010-06-16,152.8739339285714
2010-06-17,152.8739339285714
2010-06-18,152.8739339285714
2010-06-21,152.8739339285714
2010-06-22,152.8739339285714
2010-06-23,152.8739339285714
2010-06-24,152.8739339285714
2010-06-25,152.8739339285714
2010-06-28,152.8739339285714
2010-06-29,152.8739339285714
2010-06-30,152.8739339285714
2010-07-01,163.9217455782313
2010-07-02,163.9217455782313
2010-07-05,163.9217455782313
2010-07-06,163.9217455782313
2010-07-07,163.9217455782313
2010-07-08,163.9217455782313
2010-07-09,163.9217455782313
2010-07-12,163.9217455782313
2010-07-13,163.9217455782313
2010-07-14,163.9217455782313
2010-07-15,163.9217455782313
2010-07-16,163.9217455782313
2010-07-19,163.9217455782313
2010-07-20,163.9217455782313
2010-07-21,163.9217455782313
2010-07-22,163.9217455782313
2010-07-23,163.9217455782313
2010-07-26,163.9217455782313
2010-07-27,163.9217455782313
2010-07-28,163.9217455782313
2010-07-29,163.9217455782313
2010-07-30,163.9217455782313
2010-08-02,175.6001303571429
2010-08-03,175.6001303571429
2010-08-04,175.6001303571429
2010-08-05,175.6001303571429
2010-08-06,175.6001303571429
2010-08-09,175.6001303571429
2010-08-10,175.6001303571429
2010-08-11,175.6001303571429
2010-08-12,175.6001303571429
2010-08-13,175.6001303571429
2010-08-16,175.6001303571429
2010-08-17,175.6001303571429
2010-08-18,175.6001303571429
2010-08-19,175.6001303571429
2010-08-20,175.6001303571429
2010-08-23,175.6001303571429
2010-08-24,175.6001303571429
2010-08-25,175.6001303571429
2010-08-26,175.6001303571429
2010-08-27,175.6001303571429
2010-08-30,175.6001303571429
2010-08-31,175.6001303571429
2010-09-01,205.8395204081632
2010-09-02,205.8395204081632
2010-09-03,205.8395204081632
2010-09-06,205.8395204081632
2010-09-07,205.8395204081632
2010-09-08,205.8395204081632
2010-09-09,205.8395204081632
2010-09-10,205.8395204081632
2010-09-13,205.8395204081632
2010-09-14,205.8395204081632
2010-09-15,205.8395204081632
2010-09-16,205.8395204081632
2010-09-17,205.8395204081632
2010-09-20,205.8395204081632
2010-09-21,205.8395204081632
2010-09-22,205.8395204081632
2010-09-23,205.8395204081632
2010-09-24,205.8395204081632
2010-09-27,205.8395204081632
2010-09-28,205.8395204081632
2010-09-29,205.8395204081632
2010-09-30,205.8395204081632
2010-10-01,235.7031229591837
2010-10-04,235.7031229591837
2010-10-05,235.7031229591837
2010-10-06,235.7031229591837
2010-10-07,235.7031229591837
2010-10-08,235.7031229591837
2010-10-11,235.7031229591837
2010-10-12,235.7031229591837
2010-10-13,235.7031229591837
2010-10-14,235.7031229591837
2010-10-15,235.7031229591837
2010-10-18,235.7031229591837
2010-10-19,235.7031229591837
2010-10-20,235.7031229591837
2010-10-21,235.7031229591837
2010-10-22,235.7031229591837
2010-10-25,235.7031229591837
2010-10-26,235.7031229591837
2010-10-27,235.7031229591837
2010-10-28,235.7031229591837
2010-10-29,235.7031229591837
2010-11-01,238.23674875
2010-11-02,238.23674875
2010-11-03,238.23674875
2010-11-04,238.23674875
2010-11-05,238.23674875
2010-11-08,238.23674875
2010-11-09,238.23674875
2010-11-10,238.23674875
2010-11-11,238.23674875
2010-11-12,238.23674875
2010-11-15,238.23674875
2010-11-16,238.23674875
2010-11-17,238.23674875
2010-11-18,238.23674875
2010-11-19,238.23674875
2010-11-22,238.23674875
2010-11-23,238.23674875
2010-11-24,238.23674875
2010-11-25,238.23674875
2010-11-26,238.23674875
2010-11-29,238.23674875
2010-11-30,238.23674875
2010-12-01,250.6255508503401
2010-12-02,250.6255508503401
2010-12-03,250.6255508503401
2010-12-06,250.6255508503401
2010-12-07,250.6255508503401
2010-12-08,250.6255508503401
2010-12-09,250.6255508503401
2010-12-10,250.6255508503401
2010-12-13,250.6255508503401
2010-12-14,250.6255508503401
2010-12-15,250.6255508503401
2010-12-16,250.6255508503401
2010-12-17,250.6255508503401
2010-12-20,250.6255508503401
2010-12-21,250.6255508503401
2010-12-22,250.6255508503401
2010-12-23,250.6255508503401
2010-12-24,250.6255508503401
2010-12-27,250.6255508503401
2010-12-28,250.6255508503401
2010-12-29,250.6255508503401
2010-12-30,250.6255508503401
2010-12-31,250.6255508503401
2011-01-03,265.2855239795918
2011-01-04,265.2855239795918
2011-01-05,265.2855239795918
2011-01-06,265.2855239795918
2011-01-07,265.2855239795918
2011-01-10,265.2855239795918
2011-01-11,265.2855239795918
2011-01-12,265.2855239795918
2011-01-13,265.2855239795918
2011-01-14,265.2855239795918
2011-01-17,265.2855239795918
2011-01-18,265.2855239795918
2011-01-19,265.2855239795918
2011-01-20,265.2855239795918
2011-01-21,265.2855239795918
2011-01-24,265.2855239795918
2011-01-25,265.2855239795918
2011-01-26,265.2855239795918
2011-01-27,265.2855239795918
2011-01-28,265.2855239795918
2011-01-31,265.2855239795918
2011-02-01,293.3967969924812
2011-02-02,293.3967969924812
2011-02-03,293.3967969924812
2011-02-04,293.3967969924812
2011-02-07,293.3967969924812
2011-02-08,293.3967969924812
2011-02-09,293.3967969924812
2011-02-10,293.3967969924812
2011-02-11,293.3967969924812
2011-02-14,293.3967969924812
2011-02-15,293.3967969924812
2011-02-16,293.3967969924812
2011-02-17,293.3967969924812
2011-02-18,293.3967969924812
2011-02-21,293.3967969924812
2011-02-22,293.3967969924812
2011-02-23,293.3967969924812
2011-02-24,293.3967969924812
2011-02-25,293.3967969924812
2011-02-28,293.3967969924812
2011-03-01,290.4347217391303
2011-03-02,290.4347217391303
2011-03-03,290.4347217391303
2011-03-04,290.4347217391303
2011-03-07,290.4347217391303
2011-03-08,290.4347217391303
2011-03-09,290.4347217391303
2011-03-10,290.4347217391303
2011-03-11,290.4347217391303
2011-03-14,290.4347217391303
2011-03-15,290.4347217391303
2011-03-16,290.4347217391303
2011-03-17,290.4347217391303
2011-03-18,290.4347217391303
2011-03-21,290.4347217391303
2011-03-22,290.4347217391303
2011-03-23,290.4347217391303
2011-03-24,290.4347217391303
2011-03-25,290.4347217391303
2011-03-28,290.4347217391303
2011-03-29,290.4347217391303
2011-03-30,290.4347217391303
2011-03-31,290.4347217391303
2011-04-01,318.9387760204081
2011-04-04,318.9387760204081
2011-04-05,318.9387760204081
2011-04-06,318.9387760204081
2011-04-07,318.9387760204081
2011-04-08,318.9387760204081
2011-04-11,318.9387760204081
2011-04-12,318.9387760204081
2011-04-13,318.9387760204081
2011-04-14,318.9387760204081
2011-04-15,318.9387760204081
2011-04-18,318.9387760204081
2011-04-19,318.9387760204081
2011-04-20,318.9387760204081
2011-04-21,318.9387760204081
2011-04-22,318.9387760204081
2011-04-25,318.9387760204081
2011-04-26,318.9387760204081
2011-04-27,318.9387760204081
2011-04-28,318.9387760204081
2011-04-29,318.9387760204081
2011-05-02,308.5752214285714
2011-05-03,308.5752214285714
2011-05-04,308.5752214285714
2011-05-05,308.5752214285714
2011-05-06,308.5752214285714
2011-05-09,308.5752214285714
2011-05-10,308.5752214285714
2011-05-11,308.5752214285714
2011-05-12,308.5752214285714
2011-05-13,308.5752214285714
2011-05-16,308.5752214285714
2011-05-17,308.5752214285714
2011-05-18,308.5752214285714
2011-05-19,308.5752214285714
2011-05-20,308.5752214285714
2011-05-23,308.5752214285714
2011-05-24,308.5752214285714
2011-05-25,308.5752214285714
2011-05-26,308.5752214285714
2011-05-27,308.5752214285714
2011-05-30,308.5752214285714
2011-05-31,308.5752214285714
2011-06-01,310.5364742857143
2011-06-02,310.5364742857143
2011-06-03,310.5364742857143
2011-06-06,310.5364742857143
2011-06-07,310.5364742857143
2011-06-08,310.5364742857143
2011-06-09,310.5364742857143
2011-06-10,310.5364742857143
2011-06-13,310.5364742857143
2011-06-14,310.5364742857143
2011-06-15,310.5364742857143
2011-06-16,310.5364742857143
2011-06-17,310.5364742857143
2011-06-20,310.5364742857143
2011-06-21,310.5364742857143
2011-06-22,310.5364742857143
2011-06-23,310.5364742857143
2011-06-24,310.5364742857143
2011-06-27,310.5364742857143
2011-06-28,310.5364742857143
2011-06-29,310.5364742857143
2011-06-30,310.5364742857143
2011-07-01,300.8322094642856
2011-07-04,300.8322094642856
2011-07-05,300.8322094642856
2011-07-06,300.8322094642856
2011-07-07,300.8322094642856
2011-07-08,300.8322094642856
2011-07-11,300.8322094642856
2011-07-12,300.8322094642856
2011-07-13,300.8322094642856
2011-07-14,300.8322094642856
2011-07-15,300.8322094642856
2011-07-18,300.8322094642856
2011-07-19,300.8322094642856
2011-07-20,300.8322094642856
2011-07-21,300.8322094642856
2011-07-22,300.8322094642856
2011-07-25,300.8322094642856
2011-07-26,300.8322094642856
2011-07-27,300.8322094642856
2011-07-28,300.8322094642856
2011-07-29,300.8322094642856
2011-08-01,310.3071116459627
2011-08-02,310.3071116459627
2011-08-03,310.3071116459627
2011-08-04,310.3071116459627
2011-08-05,310.3071116459627
2011-08-08,310.3071116459627
2011-08-09,310.3071116459627
2011-08-10,310.3071116459627
2011-08-11,310.3071116459627
2011-08-12,310.3071116459627
2011-08-15,310.3071116459627
2011-08-16,310.3071116459627
2011-08-17,310.3071116459627
2011-08-18,310.3071116459627
2011-08-19,310.3071116459627
2011-08-22,310.3071116459627
2011-08-23,310.3071116459627
2011-08-24,310.3071116459627
2011-08-25,310.3071116459627
2011-08-26,310.3071116459627
2011-08-29,310.3071116459627
2011-08-30,310.3071116459627
2011-08-31,310.3071116459627
2011-09-01,296.2994964285715
2011-09-02,296.2994964285715
2011-09-05,296.2994964285715
2011-09-06,296.2994964285715
2011-09-07,296.2994964285715
2011-09-08,296.2994964285715
2011-09-09,296.2994964285715
2011-09-12,296.2994964285715
2011-09-13,296.2994964285715
2011-09-14,296.2994964285715
2011-09-15,296.2994964285715
2011-09-16,296.2994964285715
2011-09-19,296.2994964285715
2011-09-20,296.2994964285715
2011-09-21,296.2994964285715
2011-09-22,296.2994964285715
2011-09-23,296.2994964285715
2011-09-26,296.2994964285715
2011-09-27,296.2994964285715
2011-09-28,296.2994964285715
2011-09-29,296.2994964285715
2011-09-30,296.2994964285715
2011-10-03,274.8463760204082
2011-10-04,274.8463760204082
2011-10-05,274.8463760204082
2011-10-06,274.8463760204082
2011-10-07,274.8463760204082
2011-10-10,274.8463760204082
2011-10-11,274.8463760204082
2011-10-12,274.8463760204082
2011-10-13,274.8463760204082
2011-10-14,274.8463760204082
2011-10-17,274.8463760204082
2011-10-18,274.8463760204082
2011-10-19,274.8463760204082
2011-10-20,274.8463760204082
2011-10-21,274.8463760204082
2011-10-24,274.8463760204082
2011-10-25,274.8463760204082
2011-10-26,274.8463760204082
2011-10-27,274.8463760204082
2011-10-28,274.8463760204082
2011-10-31,274.8463760204082
2011-11-01,274.2783489285714
2011-11-02,274.2783489285714
2011-11-03,274.2783489285714
2011-11-04,274.2783489285714
2011-11-07,274.2783489285714
2011-11-08,274.2783489285714
2011-11-09,274.2783489285714
2011-11-10,274.2783489285714
2011-11-11,274.2783489285714
2011-11-14,274.2783489285714
2011-11-15,274.2783489285714
2011-11-16,274.2783489285714
2011-11-17,274.2783489285714
2011-11-18,274.2783489285714
2011-11-21,274.2783489285714
2011-11-22,274.2783489285714
2011-11-23,274.2783489285714
2011-11-24,274.2783489285714
2011-11-25,274.2783489285714
2011-11-28,274.2783489285714
2011-11-29,274.2783489285714
2011-11-30,274.2783489285714
2011-12-01,258.5179404761905
2011-12-02,258.5179404761905
2011-12-05,258.5179404761905
2011-12-06,258.5179404761905
2011-12-07,258.5179404761905
2011-12-08,258.5179404761905
2011-12-09,258.5179404761905
2011-12-12,258.5179404761905
2011-12-13,258.5179404761905
2011-12-14,258.5179404761905
2011-12-15,258.5179404761905
2011-12-16,258.5179404761905
2011-12-19,258.5179404761905
2011-12-20,258.5179404761905
2011-12-21,258.5179404761905
2011-12-22,258.5179404761905
2011-12-23,258.5179404761905
2011-12-26,258.5179404761905
2011-12-27,258.5179404761905
2011-12-28,258.5179404761905
2011-12-29,258.5179404761905
2011-12-30,258.5179404761905
2012-01-02,272.9201455357144
2012-01-03,272.9201455357144
2012-01-04,272.9201455357144
2012-01-05,272.9201455357144
2012-01-06,272.9201455357144
2012-01-09,272.9201455357144
2012-01-10,272.9201455357144
2012-01-11,272.9201455357144
2012-01-12,272.9201455357144
2012-01-13,272.9201455357144
2012-01-16,272.9201455357144
2012-01-17,272.9201455357144
2012-01-18,272.9201455357144
2012-01-19,272.9201455357144
2012-01-20,272.9201455357144
2012-01-23,272.9201455357144
2012-01-24,272.9201455357144
2012-01-25,272.9201455357144
2012-01-26,272.9201455357144
2012-01-27,272.9201455357144
2012-01-30,272.9201455357144
2012-01-31,272.9201455357144
2012-02-01,279.5143214285714
2012-02-02,279.5143214285714
2012-02-03,279.5143214285714
2012-02-06,279.5143214285714
2012-02-07,279.5143214285714
2012-02-08,279.5143214285714
2012-02-09,279.5143214285714
2012-02-10,279.5143214285714
2012-02-13,279.5143214285714
2012-02-14,279.5143214285714
2012-02-15,279.5143214285714
2012-02-16,279.5143214285714
2012-02-17,279.5143214285714
2012-02-20,279.5143214285714
2012-02-21,279.5143214285714
2012-02-22,279.5143214285714
2012-02-23,279.5143214285714
2012-02-24,279.5143214285714
2012-02-27,279.5143214285714
2012-02-28,279.5143214285714
2012-02-29,279.5143214285714
2012-03-01,280.7150519642858
2012-03-02,280.7150519642858
2012-03-05,280.7150519642858
2012-03-06,280.7150519642858
2012-03-07,280.7150519642858
2012-03-08,280.7150519642858
2012-03-09,280.7150519642858
2012-03-12,280.7150519642858
2012-03-13,280.7150519642858
2012-03-14,280.7150519642858
2012-03-15,280.7150519642858
2012-03-16,280.7150519642858
2012-03-19,280.7150519642858
2012-03-20,280.7150519642858
2012-03-21,280.7150519642858
2012-03-22,280.7150519642858
2012-03-23,280.7150519642858
2012-03-26,280.7150519642858
2012-03-27,280.7150519642858
2012-03-28,280.7150519642858
2012-03-29,280.7150519642858
2012-03-30,280.7150519642858
2012-04-02,274.2192966071428
2012-04-03,274.2192966071428
2012-04-04,274.2192966071428
2012-04-05,274.2192966071428
2012-04-06,274.2192966071428
2012-04-09,274.2192966071428
2012-04-10,274.2192966071428
2012-04-11,274.2192966071428
2012-04-12,274.2192966071428
2012-04-13,274.2192966071428
2012-04-16,274.2192966071428
2012-04-17,274.2192966071428
2012-04-18,274.2192966071428
2012-04-19,274.2192966071428
2012-04-20,274.2192966071428
2012-04-23,274.2192966071428
2012-04-24,274.2192966071428
2012-04-25,274.2192966071428
2012-04-26,274.2192966071428
2012-04-27,274.2192966071428
2012-04-30,274.2192966071428
2012-05-01,268.8849035714286
2012-05-02,268.8849035714286
2012-05-03,268.8849035714286
2012-05-04,268.8849035714286
2012-05-07,268.8849035714286
2012-05-08,268.8849035714286
2012-05-09,268.8849035714286
2012-05-10,268.8849035714286
2012-05-11,268.8849035714286
2012-05-14,268.8849035714286
2012-05-15,268.8849035714286
2012-05-16,268.8849035714286
2012-05-17,268.8849035714286
2012-05-18,268.8849035714286
2012-05-21,268.8849035714286
2012-05-22,268.8849035714286
2012-05-23,268.8849035714286
2012-05-24,268.8849035714286
2012-05-25,268.8849035714286
2012-05-28,268.8849035714286
2012-05-29,268.8849035714286
2012-05-30,268.8849035714286
2012-05-31,268.8849035714286
2012-06-01,267.3289217687075
2012-06-04,267.3289217687075
2012-06-05,267.3289217687075
2012-06-06,267.3289217687075
2012-06-07,267.3289217687075
2012-06-08,267.3289217687075
2012-06-11,267.3289217687075
2012-06-12,267.3289217687075
2012-06-13,267.3289217687075
2012-06-14,267.3289217687075
2012-06-15,267.3289217687075
2012-06-18,267.3289217687075
2012-06-19,267.3289217687075
2012-06-20,267.3289217687075
2012-06-21,267.3289217687075
2012-06-22,267.3289217687075
2012-06-25,267.3289217687075
2012-06-26,267.3289217687075
2012-06-27,267.3289217687075
2012-06-28,267.3289217687075
2012-06-29,267.3289217687075
2012-07-02,332.9988525510204
2012-07-03,332.9988525510204
2012-07-04,332.9988525510204
2012-07-05,332.9988525510204
2012-07-06,332.9988525510204
2012-07-09,332.9988525510204
2012-07-10,332.9988525510204
2012-07-11,332.9988525510204
2012-07-12,332.9988525510204
2012-07-13,332.9988525510204
2012-07-16,332.9988525510204
2012-07-17,332.9988525510204
2012-07-18,332.9988525510204
2012-07-19,332.9988525510204
2012-07-20,332.9988525510204
2012-07-23,332.9988525510204
2012-07-24,332.9988525510204
2012-07-25,332.9988525510204
2012-07-26,332.9988525510204
2012-07-27,332.9988525510204
2012-07-30,332.9988525510204
2012-07-31,332.9988525510204
2012-08-01,332.2334953416149
2012-08-02,332.2334953416149
2012-08-03,332.2334953416149
2012-08-06,332.2334953416149
2012-08-07,332.2334953416149
2012-08-08,332.2334953416149
2012-08-09,332.2334953416149
2012-08-10,332.2334953416149
2012-08-13,332.2334953416149
2012-08-14,332.2334953416149
2012-08-15,332.2334953416149
2012-08-16,332.2334953416149
2012-08-17,332.2334953416149
2012-08-20,332.2334953416149
2012-08-21,332.2334953416149
2012-08-22,332.2334953416149
2012-08-23,332.2334953416149
2012-08-24,332.2334953416149
2012-08-27,332.2334953416149
2012-08-28,332.2334953416149
2012-08-29,332.2334953416149
2012-08-30,332.2334953416149
2012-08-31,332.2334953416149
2012-09-03,320.7059056390978
2012-09-04,320.7059056390978
2012-09-05,320.7059056390978
2012-09-06,320.7059056390978
2012-09-07,320.7059056390978
2012-09-10,320.7059056390978
2012-09-11,320.7059056390978
2012-09-12,320.7059056390978
2012-09-13,320.7059056390978
2012-09-14,320.7059056390978
2012-09-17,320.7059056390978
2012-09-18,320.7059056390978
2012-09-19,320.7059056390978
2012-09-20,320.7059056390978
2012-09-21,320.7059056390978
2012-09-24,320.7059056390978
2012-09-25,320.7059056390978
2012-09-26,320.7059056390978
2012-09-27,320.7059056390978
2012-09-28,320.7059056390978
2012-10-01,321.3824173214286
2012-10-02,321.3824173214286
2012-10-03,321.3824173214286
2012-10-04,321.3824173214286
2012-10-05,321.3824173214286
2012-10-08,321.3824173214286
2012-10-09,321.3824173214286
2012-10-10,321.3824173214286
2012-10-11,321.3824173214286
2012-10-12,321.3824173214286
2012-10-15,321.3824173214286
2012-10-16,321.3824173214286
2012-10-17,321.3824173214286
2012-10-18,321.3824173214286
2012-10-19,321.3824173214286
2012-10-22,321.3824173214286
2012-10-23,321.3824173214286
2012-10-24,321.3824173214286
2012-10-25,321.3824173214286
2012-10-26,321.3824173214286
2012-10-29,321.3824173214286
2012-10-30,321.3824173214286
2012-10-31,321.3824173214286
2012-11-01,321.5968704887218
2012-11-02,321.5968704887218
2012-11-05,321.5968704887218
2012-11-06,321.5968704887218
2012-11-07,321.5968704887218
2012-11-08,321.5968704887218
2012-11-09,321.5968704887218
2012-11-12,321.5968704887218
2012-11-13,321.5968704887218
2012-11-14,321.5968704887218
2012-11-15,321.5968704887218
2012-11-16,321.5968704887218
2012-11-19,321.5968704887218
2012-11-20,321.5968704887218
2012-11-21,321.5968704887218
2012-11-22,321.5968704887218
2012-11-23,321.5968704887218
2012-11-26,321.5968704887218
2012-11-27,321.5968704887218
2012-11-28,321.5968704887218
2012-11-29,321.5968704887218
2012-11-30,321.5968704887218
2012-12-03,308.7504005639098
2012-12-04,308.7504005639098
2012-12-05,308.7504005639098
2012-12-06,308.7504005639098
2012-12-07,308.7504005639098
2012-12-10,308.7504005639098
2012-12-11,308.7504005639098
2012-12-12,308.7504005639098
2012-12-13,308.7504005639098
2012-12-14,308.7504005639098
2012-12-17,308.7504005639098
2012-12-18,308.7504005639098
2012-12-19,308.7504005639098
2012-12-20,308.7504005639098
2012-12-21,308.7504005639098
2012-12-24,308.7504005639098
2012-12-25,308.7504005639098
2012-12-26,308.7504005639098
2012-12-27,308.7504005639098
2012-12-28,308.7504005639098
2012-12-31,308.7504005639098
2013-01-01,303.3602112244898
2013-01-02,303.3602112244898
2013-01-03,303.3602112244898
2013-01-04,303.3602112244898
2013-01-07,303.3602112244898
2013-01-08,303.3602112244898
2013-01-09,303.3602112244898
2013-01-10,303.3602112244898
2013-01-11,303.3602112244898
2013-01-14,303.3602112244898
2013-01-15,303.3602112244898
2013-01-16,303.3602112244898
2013-01-17,303.3602112244898
2013-01-18,303.3602112244898
2013-01-21,303.3602112244898
2013-01-22,303.3602112244898
2013-01-23,303.3602112244898
2013-01-24,303.3602112244898
2013-01-25,303.3602112244898
2013-01-28,303.3602112244898
2013-01-29,303.3602112244898
2013-01-30,303.3602112244898
2013-01-31,303.3602112244898
2013-02-01,302.6103404761907
2013-02-04,302.6103404761907
2013-02-05,302.6103404761907
2013-02-06,302.6103404761907
2013-02-07,302.6103404761907
2013-02-08,302.6103404761907
2013-02-11,302.6103404761907
2013-02-12,302.6103404761907
2013-02-13,302.6103404761907
2013-02-14,302.6103404761907
2013-02-15,302.6103404761907
2013-02-18,302.6103404761907
2013-02-19,302.6103404761907
2013-02-20,302.6103404761907
2013-02-21,302.6103404761907
2013-02-22,302.6103404761907
2013-02-25,302.6103404761907
2013-02-26,302.6103404761907
2013-02-27,302.6103404761907
2013-02-28,302.6103404761907
2013-03-01,309.579205075188
2013-03-04,309.579205075188
2013-03-05,309.579205075188
2013-03-06,309.579205075188
2013-03-07,309.579205075188
2013-03-08,309.579205075188
2013-03-11,309.579205075188
2013-03-12,309.579205075188
2013-03-13,309.579205075188
2013-03-14,309.579205075188
2013-03-15,309.579205075188
2013-03-18,309.579205075188
2013-03-19,309.579205075188
2013-03-20,309.579205075188
2013-03-21,309.579205075188
2013-03-22,309.579205075188
2013-03-25,309.579205075188
2013-03-26,309.579205075188
2013-03-27,309.579205075188
2013-03-28,309.579205075188
2013-03-29,309.579205075188
2013-04-01,279.7648464285715
2013-04-02,279.7648464285715
2013-04-03,279.7648464285715
2013-04-04,279.7648464285715
2013-04-05,279.7648464285715
2013-04-08,279.7648464285715
2013-04-09,279.7648464285715
2013-04-10,279.7648464285715
2013-04-11,279.7648464285715
2013-04-12,279.7648464285715
2013-04-15,279.7648464285715
2013-04-16,279.7648464285715
2013-04-17,279.7648464285715
2013-04-18,279.7648464285715
2013-04-19,279.7648464285715
2013-04-22,279.7648464285715
2013-04-23,279.7648464285715
2013-04-24,279.7648464285715
2013-04-25,279.7648464285715
2013-04-26,279.7648464285715
2013-04-29,279.7648464285715
2013-04-30,279.7648464285715
2013-05-01,295.368975
2013-05-02,295.368975
2013-05-03,295.368975
2013-05-06,295.368975
2013-05-07,295.368975
2013-05-08,295.368975
2013-05-09,295.368975
2013-05-10,295.368975
2013-05-13,295.368975
2013-05-14,295.368975
2013-05-15,295.368975
2013-05-16,295.368975
2013-05-17,295.368975
2013-05-20,295.368975
2013-05-21,295.368975
2013-05-22,295.368975
2013-05-23,295.368975
2013-05-24,295.368975
2013-05-27,295.368975
2013-05-28,295.368975
2013-05-29,295.368975
2013-05-30,295.368975
2013-05-31,295.368975
2013-06-03,297.1119132142858
2013-06-04,297.1119132142858
2013-06-05,297.1119132142858
2013-06-06,297.1119132142858
2013-06-07,297.1119132142858
2013-06-10,297.1119132142858
2013-06-11,297.1119132142858
2013-06-12,297.1119132142858
2013-06-13,297.1119132142858
2013-06-14,297.1119132142858
2013-06-17,297.1119132142858
2013-06-18,297.1119132142858
2013-06-19,297.1119132142858
2013-06-20,297.1119132142858
2013-06-21,297.1119132142858
2013-06-24,297.1119132142858
2013-06-25,297.1119132142858
2013-06-26,297.1119132142858
2013-06-27,297.1119132142858
2013-06-28,297.1119132142858
2013-07-01,279.0132714285715
2013-07-02,279.0132714285715
2013-07-03,279.0132714285715
2013-07-04,279.0132714285715
2013-07-05,279.0132714285715
2013-07-08,279.0132714285715
2013-07-09,279.0132714285715
2013-07-10,279.0132714285715
2013-07-11,279.0132714285715
2013-07-12,279.0132714285715
2013-07-15,279.0132714285715
2013-07-16,279.0132714285715
2013-07-17,279.0132714285715
2013-07-18,279.0132714285715
2013-07-19,279.0132714285715
2013-07-22,279.0132714285715
2013-07-23,279.0132714285715
2013-07-24,279.0132714285715
2013-07-25,279.0132714285715
2013-07-26,279.0132714285715
2013-07-29,279.0132714285715
2013-07-30,279.0132714285715
2013-07-31,279.0132714285715
2013-08-01,234.9387660714285
2013-08-02,234.9387660714285
2013-08-05,234.9387660714285
2013-08-06,234.9387660714285
2013-08-07,234.9387660714285
2013-08-08,234.9387660714285
2013-08-09,234.9387660714285
2013-08-12,234.9387660714285
2013-08-13,234.9387660714285
2013-08-14,234.9387660714285
2013-08-15,234.9387660714285
2013-08-16,234.9387660714285
2013-08-19,234.9387660714285
2013-08-20,234.9387660714285
2013-08-21,234.9387660714285
2013-08-22,234.9387660714285
2013-08-23,234.9387660714285
2013-08-26,234.9387660714285
2013-08-27,234.9387660714285
2013-08-28,234.9387660714285
2013-08-29,234.9387660714285
2013-08-30,234.9387660714285
2013-09-02,207.490173392857
2013-09-03,207.490173392857
2013-09-04,207.490173392857
2013-09-05,207.490173392857
2013-09-06,207.490173392857
2013-09-09,207.490173392857
2013-09-10,207.490173392857
2013-09-11,207.490173392857
2013-09-12,207.490173392857
2013-09-13,207.490173392857
2013-09-16,207.490173392857
2013-09-17,207.490173392857
2013-09-18,207.490173392857
2013-09-19,207.490173392857
2013-09-20,207.490173392857
2013-09-23,207.490173392857
2013-09-24,207.490173392857
2013-09-25,207.490173392857
2013-09-26,207.490173392857
2013-09-27,207.490173392857
2013-09-30,207.490173392857
2013-10-01,201.7799928571429
2013-10-02,201.7799928571429
2013-10-03,201.7799928571429
2013-10-04,201.7799928571429
2013-10-07,201.7799928571429
2013-10-08,201.7799928571429
2013-10-09,201.7799928571429
2013-10-10,201.7799928571429
2013-10-11,201.7799928571429
2013-10-14,201.7799928571429
2013-10-15,201.7799928571429
2013-10-16,201.7799928571429
2013-10-17,201.7799928571429
2013-10-18,201.7799928571429
2013-10-21,201.7799928571429
2013-10-22,201.7799928571429
2013-10-23,201.7799928571429
2013-10-24,201.7799928571429
2013-10-25,201.7799928571429
2013-10-28,201.7799928571429
2013-10-29,201.7799928571429
2013-10-30,201.7799928571429
2013-10-31,201.7799928571429
2013-11-01,199.1824441729323
2013-11-04,199.1824441729323
2013-11-05,199.1824441729323
2013-11-06,199.1824441729323
2013-11-07,199.1824441729323
2013-11-08,199.1824441729323
2013-11-11,199.1824441729323
2013-11-12,199.1824441729323
2013-11-13,199.1824441729323
2013-11-14,199.1824441729323
2013-11-15,199.1824441729323
2013-11-18,199.1824441729323
2013-11-19,199.1824441729323
2013-11-20,199.1824441729323
2013-11-21,199.1824441729323
2013-11-22,199.1824441729323
2013-11-25,199.1824441729323
2013-11-26,199.1824441729323
2013-11-27,199.1824441729323
2013-11-28,199.1824441729323
2013-11-29,199.1824441729323
2013-12-02,197.5534486394558
2013-12-03,197.5534486394558
2013-12-04,197.5534486394558
2013-12-05,197.5534486394558
2013-12-06,197.5534486394558
2013-12-09,197.5534486394558
2013-12-10,197.5534486394558
2013-12-11,197.5534486394558
2013-12-12,197.5534486394558
2013-12-13,197.5534486394558
2013-12-16,197.5534486394558
2013-12-17,197.5534486394558
2013-12-18,197.5534486394558
2013-12-19,197.5534486394558
2013-12-20,197.5534486394558
2013-12-23,197.5534486394558
2013-12-24,197.5534486394558
2013-12-25,197.5534486394558
2013-12-26,197.5534486394558
2013-12-27,197.5534486394558
2013-12-30,197.5534486394558
2013-12-31,197.5534486394558
2014-01-01,198.7719886054421
2014-01-02,198.7719886054421
2014-01-03,198.7719886054421
2014-01-06,198.7719886054421
2014-01-07,198.7719886054421
2014-01-08,198.7719886054421
2014-01-09,198.7719886054421
2014-01-10,198.7719886054421
2014-01-13,198.7719886054421
2014-01-14,198.7719886054421
2014-01-15,198.7719886054421
2014-01-16,198.7719886054421
2014-01-17,198.7719886054421
2014-01-20,198.7719886054421
2014-01-21,198.7719886054421
2014-01-22,198.7719886054421
2014-01-23,198.7719886054421
2014-01-24,198.7719886054421
2014-01-27,198.7719886054421
2014-01-28,198.7719886054421
2014-01-29,198.7719886054421
2014-01-30,198.7719886054421
2014-01-31,198.7719886054421
2014-02-03,209.3560195488722
2014-02-04,209.3560195488722
2014-02-05,209.3560195488722
2014-02-06,209.3560195488722
2014-02-07,209.3560195488722
2014-02-10,209.3560195488722
2014-02-11,209.3560195488722
2014-02-12,209.3560195488722
2014-02-13,209.3560195488722
2014-02-14,209.3560195488722
2014-02-17,209.3560195488722
2014-02-18,209.3560195488722
2014-02-19,209.3560195488722
2014-02-20,209.3560195488722
2014-02-21,209.3560195488722
2014-02-24,209.3560195488722
2014-02-25,209.3560195488722
2014-02-26,209.3560195488722
2014-02-27,209.3560195488722
2014-02-28,209.3560195488722
2014-03-03,222.3929171768708
2014-03-04,222.3929171768708
2014-03-05,222.3929171768708
2014-03-06,222.3929171768708
2014-03-07,222.3929171768708
2014-03-10,222.3929171768708
2014-03-11,222.3929171768708
2014-03-12,222.3929171768708
2014-03-13,222.3929171768708
2014-03-14,222.3929171768708
2014-03-17,222.3929171768708
2014-03-18,222.3929171768708
2014-03-19,222.3929171768708
2014-03-20,222.3929171768708
2014-03-21,222.3929171768708
2014-03-24,222.3929171768708
2014-03-25,222.3929171768708
2014-03-26,222.3929171768708
2014-03-27,222.3929171768708
2014-03-28,222.3929171768708
2014-03-31,222.3929171768708
2014-04-01,222.4304107142858
2014-04-02,222.4304107142858
2014-04-03,222.4304107142858
2014-04-04,222.4304107142858
2014-04-07,222.4304107142858
2014-04-08,222.4304107142858
2014-04-09,222.4304107142858
2014-04-10,222.4304107142858
2014-04-11,222.4304107142858
2014-04-14,222.4304107142858
2014-04-15,222.4304107142858
2014-04-16,222.4304107142858
2014-04-17,222.4304107142858
2014-04-18,222.4304107142858
2014-04-21,222.4304107142858
2014-04-22,222.4304107142858
2014-04-23,222.4304107142858
2014-04-24,222.4304107142858
2014-04-25,222.4304107142858
2014-04-28,222.4304107142858
2014-04-29,222.4304107142858
2014-04-30,222.4304107142858
2014-05-01,216.9751010204081
2014-05-02,216.9751010204081
2014-05-05,216.9751010204081
2014-05-06,216.9751010204081
2014-05-07,216.9751010204081
2014-05-08,216.9751010204081
2014-05-09,216.9751010204081
2014-05-12,216.9751010204081
2014-05-13,216.9751010204081
2014-05-14,216.9751010204081
2014-05-15,216.9751010204081
2014-05-16,216.9751010204081
2014-05-19,216.9751010204081
2014-05-20,216.9751010204081
2014-05-21,216.9751010204081
2014-05-22,216.9751010204081
2014-05-23,216.9751010204081
2014-05-26,216.9751010204081
2014-05-27,216.9751010204081
2014-05-28,216.9751010204081
2014-05-29,216.9751010204081
2014-05-30,216.9751010204081
2014-06-02,202.6338229591838
2014-06-03,202.6338229591838
2014-06-04,202.6338229591838
2014-06-05,202.6338229591838
2014-06-06,202.6338229591838
2014-06-09,202.6338229591838
2014-06-10,202.6338229591838
2014-06-11,202.6338229591838
2014-06-12,202.6338229591838
2014-06-13,202.6338229591838
2014-06-16,202.6338229591838
2014-06-17,202.6338229591838
2014-06-18,202.6338229591838
2014-06-19,202.6338229591838
2014-06-20,202.6338229591838
2014-06-23,202.6338229591838
2014-06-24,202.6338229591838
2014-06-25,202.6338229591838
2014-06-26,202.6338229591838
2014-06-27,202.6338229591838
2014-06-30,202.6338229591838
2014-07-01,182.29451625
2014-07-02,182.29451625
2014-07-03,182.29451625
2014-07-04,182.29451625
2014-07-07,182.29451625
2014-07-08,182.29451625
2014-07-09,182.29451625
2014-07-10,182.29451625
2014-07-11,182.29451625
2014-07-14,182.29451625
2014-07-15,182.29451625
2014-07-16,182.29451625
2014-07-17,182.29451625
2014-07-18,182.29451625
2014-07-21,182.29451625
2014-07-22,182.29451625
2014-07-23,182.29451625
2014-07-24,182.29451625
2014-07-25,182.29451625
2014-07-28,182.29451625
2014-07-29,182.29451625
2014-07-30,182.29451625
2014-07-31,182.29451625
2014-08-01,176.4820806122449
2014-08-04,176.4820806122449
2014-08-05,176.4820806122449
2014-08-06,176.4820806122449
2014-08-07,176.4820806122449
2014-08-08,176.4820806122449
2014-08-11,176.4820806122449
2014-08-12,176.4820806122449
2014-08-13,176.4820806122449
2014-08-14,176.4820806122449
2014-08-15,176.4820806122449
2014-08-18,176.4820806122449
2014-08-19,176.4820806122449
2014-08-20,176.4820806122449
2014-08-21,176.4820806122449
2014-08-22,176.4820806122449
2014-08-25,176.4820806122449
2014-08-26,176.4820806122449
2014-08-27,176.4820806122449
2014-08-28,176.4820806122449
2014-08-29,176.4820806122449
2014-09-01,163.134381292517
2014-09-02,163.134381292517
2014-09-03,163.134381292517
2014-09-04,163.134381292517
2014-09-05,163.134381292517
2014-09-08,163.134381292517
2014-09-09,163.134381292517
2014-09-10,163.134381292517
2014-09-11,163.134381292517
2014-09-12,163.134381292517
2014-09-15,163.134381292517
2014-09-16,163.134381292517
2014-09-17,163.134381292517
2014-09-18,163.134381292517
2014-09-19,163.134381292517
2014-09-22,163.134381292517
2014-09-23,163.134381292517
2014-09-24,163.134381292517
2014-09-25,163.134381292517
2014-09-26,163.134381292517
2014-09-29,163.134381292517
2014-09-30,163.134381292517
2014-10-01,163.3780892857143
2014-10-02,163.3780892857143
2014-10-03,163.3780892857143
2014-10-06,163.3780892857143
2014-10-07,163.3780892857143
2014-10-08,163.3780892857143
2014-10-09,163.3780892857143
2014-10-10,163.3780892857143
2014-10-13,163.3780892857143
2014-10-14,163.3780892857143
2014-10-15,163.3780892857143
2014-10-16,163.3780892857143
2014-10-17,163.3780892857143
2014-10-20,163.3780892857143
2014-10-21,163.3780892857143
2014-10-22,163.3780892857143
2014-10-23,163.3780892857143
2014-10-24,163.3780892857143
2014-10-27,163.3780892857143
2014-10-28,163.3780892857143
2014-10-29,163.3780892857143
2014-10-30,163.3780892857143
2014-10-31,163.3780892857143
2014-11-03,178.7085350840336
2014-11-04,178.7085350840336
2014-11-05,178.7085350840336
2014-11-06,178.7085350840336
2014-11-07,178.7085350840336
2014-11-10,178.7085350840336
2014-11-11,178.7085350840336
2014-11-12,178.7085350840336
2014-11-13,178.7085350840336
2014-11-14,178.7085350840336
2014-11-17,178.7085350840336
2014-11-18,178.7085350840336
2014-11-19,178.7085350840336
2014-11-20,178.7085350840336
2014-11-21,178.7085350840336
2014-11-24,178.7085350840336
2014-11-25,178.7085350840336
2014-11-26,178.7085350840336
2014-11-27,178.7085350840336
2014-11-28,178.7085350840336
2014-12-01,178.7129460884353
2014-12-02,178.7129460884353
2014-12-03,178.7129460884353
2014-12-04,178.7129460884353
2014-12-05,178.7129460884353
2014-12-08,178.7129460884353
2014-12-09,178.7129460884353
2014-12-10,178.7129460884353
2014-12-11,178.7129460884353
2014-12-12,178.7129460884353
2014-12-15,178.7129460884353
2014-12-16,178.7129460884353
2014-12-17,178.7129460884353
2014-12-18,178.7129460884353
2014-12-19,178.7129460884353
2014-12-22,178.7129460884353
2014-12-23,178.7129460884353
2014-12-24,178.7129460884353
2014-12-25,178.7129460884353
2014-12-26,178.7129460884353
2014-12-29,178.7129460884353
2014-12-30,178.7129460884353
2014-12-31,178.7129460884353
2015-01-01,174.7948714285715
2015-01-02,174.7948714285715
2015-01-05,174.7948714285715
2015-01-06,174.7948714285715
2015-01-07,174.7948714285715
2015-01-08,174.7948714285715
2015-01-09,174.7948714285715
2015-01-12,174.7948714285715
2015-01-13,174.7948714285715
2015-01-14,174.7948714285715
2015-01-15,174.7948714285715
2015-01-16,174.7948714285715
2015-01-19,174.7948714285715
2015-01-20,174.7948714285715
2015-01-21,174.7948714285715
2015-01-22,174.7948714285715
2015-01-23,174.7948714285715
2015-01-26,174.7948714285715
2015-01-27,174.7948714285715
2015-01-28,174.7948714285715
2015-01-29,174.7948714285715
2015-01-30,174.7948714285715
2015-02-02,173.7588657894737
2015-02-03,173.7588657894737
2015-02-04,173.7588657894737
2015-02-05,173.7588657894737
2015-02-06,173.7588657894737
2015-02-09,173.7588657894737
2015-02-10,173.7588657894737
2015-02-11,173.7588657894737
2015-02-12,173.7588657894737
2015-02-13,173.7588657894737
2015-02-16,173.7588657894737
2015-02-17,173.7588657894737
2015-02-18,173.7588657894737
2015-02-19,173.7588657894737
2015-02-20,173.7588657894737
2015-02-23,173.7588657894737
2015-02-24,173.7588657894737
2015-02-25,173.7588657894737
2015-02-26,173.7588657894737
2015-02-27,173.7588657894737
2015-03-02,174.2938214285714
2015-03-03,174.2938214285714
2015-03-04,174.2938214285714
2015-03-05,174.2938214285714
2015-03-06,174.2938214285714
2015-03-09,174.2938214285714
2015-03-10,174.2938214285714
2015-03-11,174.2938214285714
2015-03-12,174.2938214285714
2015-03-13,174.2938214285714
2015-03-16,174.2938214285714
2015-03-17,174.2938214285714
2015-03-18,174.2938214285714
2015-03-19,174.2938214285714
2015-03-20,174.2938214285714
2015-03-23,174.2938214285714
2015-03-24,174.2938214285714
2015-03-25,174.2938214285714
2015-03-26,174.2938214285714
2015-03-27,174.2938214285714
2015-03-30,174.2938214285714
2015-03-31,174.2938214285714
2015-04-01,172.1515770408164
2015-04-02,172.1515770408164
2015-04-03,172.1515770408164
2015-04-06,172.1515770408164
2015-04-07,172.1515770408164
2015-04-08,172.1515770408164
2015-04-09,172.1515770408164
2015-04-10,172.1515770408164
2015-04-13,172.1515770408164
2015-04-14,172.1515770408164
2015-04-15,172.1515770408164
2015-04-16,172.1515770408164
2015-04-17,172.1515770408164
2015-04-20,172.1515770408164
2015-04-21,172.1515770408164
2015-04-22,172.1515770408164
2015-04-23,172.1515770408164
2015-04-24,172.1515770408164
2015-04-27,172.1515770408164
2015-04-28,172.1515770408164
2015-04-29,172.1515770408164
2015-04-30,172.1515770408164
2015-05-01,166.3503894642858
2015-05-04,166.3503894642858
2015-05-05,166.3503894642858
2015-05-06,166.3503894642858
2015-05-07,166.3503894642858
2015-05-08,166.3503894642858
2015-05-11,166.3503894642858
2015-05-12,166.3503894642858
2015-05-13,166.3503894642858
2015-05-14,166.3503894642858
2015-05-15,166.3503894642858
2015-05-18,166.3503894642858
2015-05-19,166.3503894642858
2015-05-20,166.3503894642858
2015-05-21,166.3503894642858
2015-05-22,166.3503894642858
2015-05-25,166.3503894642858
2015-05-26,166.3503894642858
2015-05-27,166.3503894642858
2015-05-28,166.3503894642858
2015-05-29,166.3503894642858
2015-06-01,166.8138607142856
2015-06-02,166.8138607142856
2015-06-03,166.8138607142856
2015-06-04,166.8138607142856
2015-06-05,166.8138607142856
2015-06-08,166.8138607142856
2015-06-09,166.8138607142856
2015-06-10,166.8138607142856
2015-06-11,166.8138607142856
2015-06-12,166.8138607142856
2015-06-15,166.8138607142856
2015-06-16,166.8138607142856
2015-06-17,166.8138607142856
2015-06-18,166.8138607142856
2015-06-19,166.8138607142856
2015-06-22,166.8138607142856
2015-06-23,166.8138607142856
2015-06-24,166.8138607142856
2015-06-25,166.8138607142856
2015-06-26,166.8138607142856
2015-06-29,166.8138607142856
2015-06-30,166.8138607142856
2015-07-01,179.6085303571429
2015-07-02,179.6085303571429
2015-07-03,179.6085303571429
2015-07-06,179.6085303571429
2015-07-07,179.6085303571429
2015-07-08,179.6085303571429
2015-07-09,179.6085303571429
2015-07-10,179.6085303571429
2015-07-13,179.6085303571429
2015-07-14,179.6085303571429
2015-07-15,179.6085303571429
2015-07-16,179.6085303571429
2015-07-17,179.6085303571429
2015-07-20,179.6085303571429
2015-07-21,179.6085303571429
2015-07-22,179.6085303571429
2015-07-23,179.6085303571429
2015-07-24,179.6085303571429
2015-07-27,179.6085303571429
2015-07-28,179.6085303571429
2015-07-29,179.6085303571429
2015-07-30,179.6085303571429
2015-07-31,179.6085303571429
2015-08-03,162.7406991496599
2015-08-04,162.7406991496599
2015-08-05,162.7406991496599
2015-08-06,162.7406991496599
2015-08-07,162.7406991496599
2015-08-10,162.7406991496599
2015-08-11,162.7406991496599
2015-08-12,162.7406991496599
2015-08-13,162.7406991496599
2015-08-14,162.7406991496599
2015-08-17,162.7406991496599
2015-08-18,162.7406991496599
2015-08-19,162.7406991496599
2015-08-20,162.7406991496599
2015-08-21,162.7406991496599
2015-08-24,162.7406991496599
2015-08-25,162.7406991496599
2015-08-26,162.7406991496599
2015-08-27,162.7406991496599
2015-08-28,162.7406991496599
2015-08-31,162.7406991496599
2015-09-01,166.0776239795919
2015-09-02,166.0776239795919
2015-09-03,166.0776239795919
2015-09-04,166.0776239795919
2015-09-07,166.0776239795919
2015-09-08,166.0776239795919
2015-09-09,166.0776239795919
2015-09-10,166.0776239795919
2015-09-11,166.0776239795919
2015-09-14,166.0776239795919
2015-09-15,166.0776239795919
2015-09-16,166.0776239795919
2015-09-17,166.0776239795919
2015-09-18,166.0776239795919
2015-09-21,166.0776239795919
2015-09-22,166.0776239795919
2015-09-23,166.0776239795919
2015-09-24,166.0776239795919
2015-09-25,166.0776239795919
2015-09-28,166.0776239795919
2015-09-29,166.0776239795919
2015-09-30,166.0776239795919
2015-10-01,171.4485732142857
2015-10-02,171.4485732142857
2015-10-05,171.4485732142857
2015-10-06,171.4485732142857
2015-10-07,171.4485732142857
2015-10-08,171.4485732142857
2015-10-09,171.4485732142857
2015-10-12,171.4485732142857
2015-10-13,171.4485732142857
2015-10-14,171.4485732142857
2015-10-15,171.4485732142857
2015-10-16,171.4485732142857
2015-10-19,171.4485732142857
2015-10-20,171.4485732142857
2015-10-21,171.4485732142857
2015-10-22,171.4485732142857
2015-10-23,171.4485732142857
2015-10-26,171.4485732142857
2015-10-27,171.4485732142857
2015-10-28,171.4485732142857
2015-10-29,171.4485732142857
2015-10-30,171.4485732142857
2015-11-02,166.0924240601504
2015-11-03,166.0924240601504
2015-11-04,166.0924240601504
2015-11-05,166.0924240601504
2015-11-06,166.0924240601504
2015-11-09,166.0924240601504
2015-11-10,166.0924240601504
2015-11-11,166.0924240601504
2015-11-12,166.0924240601504
2015-11-13,166.0924240601504
2015-11-16,166.0924240601504
2015-11-17,166.0924240601504
2015-11-18,166.0924240601504
2015-11-19,166.0924240601504
2015-11-20,166.0924240601504
2015-11-23,166.0924240601504
2015-11-24,166.0924240601504
2015-11-25,166.0924240601504
2015-11-26,166.0924240601504
2015-11-27,166.0924240601504
2015-11-30,166.0924240601504
2015-12-01,164.0044017857142
2015-12-02,164.0044017857142
2015-12-03,164.0044017857142
2015-12-04,164.0044017857142
2015-12-07,164.0044017857142
2015-12-08,164.0044017857142
2015-12-09,164.0044017857142
2015-12-10,164.0044017857142
2015-12-11,164.0044017857142
2015-12-14,164.0044017857142
2015-12-15,164.0044017857142
2015-12-16,164.0044017857142
2015-12-17,164.0044017857142
2015-12-18,164.0044017857142
2015-12-21,164.0044017857142
2015-12-22,164.0044017857142
2015-12-23,164.0044017857142
2015-12-24,164.0044017857142
2015-12-25,164.0044017857142
2015-12-28,164.0044017857142
2015-12-29,164.0044017857142
2015-12-30,164.0044017857142
2015-12-31,164.0044017857142
2016-01-01,161.0988768796993
2016-01-04,161.0988768796993
2016-01-05,161.0988768796993
2016-01-06,161.0988768796993
2016-01-07,161.0988768796993
2016-01-08,161.0988768796993
2016-01-11,161.0988768796993
2016-01-12,161.0988768796993
2016-01-13,161.0988768796993
2016-01-14,161.0988768796993
2016-01-15,161.0988768796993
2016-01-18,161.0988768796993
2016-01-19,161.0988768796993
2016-01-20,161.0988768796993
2016-01-21,161.0988768796993
2016-01-22,161.0988768796993
2016-01-25,161.0988768796993
2016-01-26,161.0988768796993
2016-01-27,161.0988768796993
2016-01-28,161.0988768796993
2016-01-29,161.0988768796993
2016-02-01,159.7168453571428
2016-02-02,159.7168453571428
2016-02-03,159.7168453571428
2016-02-04,159.7168453571428
2016-02-05,159.7168453571428
2016-02-08,159.7168453571428
2016-02-09,159.7168453571428
2016-02-10,159.7168453571428
2016-02-11,159.7168453571428
2016-02-12,159.7168453571428
2016-02-15,159.7168453571428
2016-02-16,159.7168453571428
2016-02-17,159.7168453571428
2016-02-18,159.7168453571428
2016-02-19,159.7168453571428
2016-02-22,159.7168453571428
2016-02-23,159.7168453571428
2016-02-24,159.7168453571428
2016-02-25,159.7168453571428
2016-02-26,159.7168453571428
2016-02-29,159.7168453571428
2016-03-01,159.2265321428571
2016-03-02,159.2265321428571
2016-03-03,159.2265321428571
2016-03-04,159.2265321428571
2016-03-07,159.2265321428571
2016-03-08,159.2265321428571
2016-03-09,159.2265321428571
2016-03-10,159.2265321428571
2016-03-11,159.2265321428571
2016-03-14,159.2265321428571
2016-03-15,159.2265321428571
2016-03-16,159.2265321428571
2016-03-17,159.2265321428571
2016-03-18,159.2265321428571
2016-03-21,159.2265321428571
2016-03-22,159.2265321428571
2016-03-23,159.2265321428571
2016-03-24,159.2265321428571
2016-03-25,159.2265321428571
2016-03-28,159.2265321428571
2016-03-29,159.2265321428571
2016-03-30,159.2265321428571
2016-03-31,159.2265321428571
2016-04-01,164.4654018707482
2016-04-04,164.4654018707482
2016-04-05,164.4654018707482
2016-04-06,164.4654018707482
2016-04-07,164.4654018707482
2016-04-08,164.4654018707482
2016-04-11,164.4654018707482
2016-04-12,164.4654018707482
2016-04-13,164.4654018707482
2016-04-14,164.4654018707482
2016-04-15,164.4654018707482
2016-04-18,164.4654018707482
2016-04-19,164.4654018707482
2016-04-20,164.4654018707482
2016-04-21,164.4654018707482
2016-04-22,164.4654018707482
2016-04-25,164.4654018707482
2016-04-26,164.4654018707482
2016-04-27,164.4654018707482
2016-04-28,164.4654018707482
2016-04-29,164.4654018707482
2016-05-02,169.0021198979592
2016-05-03,169.0021198979592
2016-05-04,169.0021198979592
2016-05-05,169.0021198979592
2016-05-06,169.0021198979592
2016-05-09,169.0021198979592
2016-05-10,169.0021198979592
2016-05-11,169.0021198979592
2016-05-12,169.0021198979592
2016-05-13,169.0021198979592
2016-05-16,169.0021198979592
2016-05-17,169.0021198979592
2016-05-18,169.0021198979592
2016-05-19,169.0021198979592
2016-05-20,169.0021198979592
2016-05-23,169.0021198979592
2016-05-24,169.0021198979592
2016-05-25,169.0021198979592
2016-05-26,169.0021198979592
2016-05-27,169.0021198979592
2016-05-30,169.0021198979592
2016-05-31,169.0021198979592
2016-06-01,179.9127392857144
2016-06-02,179.9127392857144
2016-06-03,179.9127392857144
2016-06-06,179.9127392857144
2016-06-07,179.9127392857144
2016-06-08,179.9127392857144
2016-06-09,179.9127392857144
2016-06-10,179.9127392857144
2016-06-13,179.9127392857144
2016-06-14,179.9127392857144
2016-06-15,179.9127392857144
2016-06-16,179.9127392857144
2016-06-17,179.9127392857144
2016-06-20,179.9127392857144
2016-06-21,179.9127392857144
2016-06-22,179.9127392857144
2016-06-23,179.9127392857144
2016-06-24,179.9127392857144
2016-06-27,179.9127392857144
2016-06-28,179.9127392857144
2016-06-29,179.9127392857144
2016-06-30,179.9127392857144
2016-07-01,161.8230448214286
2016-07-04,161.8230448214286
2016-07-05,161.8230448214286
2016-07-06,161.8230448214286
2016-07-07,161.8230448214286
2016-07-08,161.8230448214286
2016-07-11,161.8230448214286
2016-07-12,161.8230448214286
2016-07-13,161.8230448214286
2016-07-14,161.8230448214286
2016-07-15,161.8230448214286
2016-07-18,161.8230448214286
2016-07-19,161.8230448214286
2016-07-20,161.8230448214286
2016-07-21,161.8230448214286
2016-07-22,161.8230448214286
2016-07-25,161.8230448214286
2016-07-26,161.8230448214286
2016-07-27,161.8230448214286
2016-07-28,161.8230448214286
2016-07-29,161.8230448214286
2016-08-01,150.2154124223603
2016-08-02,150.2154124223603
2016-08-03,150.2154124223603
2016-08-04,150.2154124223603
2016-08-05,150.2154124223603
2016-08-08,150.2154124223603
2016-08-09,150.2154124223603
2016-08-10,150.2154124223603
2016-08-11,150.2154124223603
2016-08-12,150.2154124223603
2016-08-15,150.2154124223603
2016-08-16,150.2154124223603
2016-08-17,150.2154124223603
2016-08-18,150.2154124223603
2016-08-19,150.2154124223603
2016-08-22,150.2154124223603
2016-08-23,150.2154124223603
2016-08-24,150.2154124223603
2016-08-25,150.2154124223603
2016-08-26,150.2154124223603
2016-08-29,150.2154124223603
2016-08-30,150.2154124223603
2016-08-31,150.2154124223603
2016-09-01,148.5119017006803
2016-09-02,148.5119017006803
2016-09-05,148.5119017006803
2016-09-06,148.5119017006803
2016-09-07,148.5119017006803
2016-09-08,148.5119017006803
2016-09-09,148.5119017006803
2016-09-12,148.5119017006803
2016-09-13,148.5119017006803
2016-09-14,148.5119017006803
2016-09-15,148.5119017006803
2016-09-16,148.5119017006803
2016-09-19,148.5119017006803
2016-09-20,148.5119017006803
2016-09-21,148.5119017006803
2016-09-22,148.5119017006803
2016-09-23,148.5119017006803
2016-09-26,148.5119017006803
2016-09-27,148.5119017006803
2016-09-28,148.5119017006803
2016-09-29,148.5119017006803
2016-09-30,148.5119017006803
2016-10-03,152.6174440476191
2016-10-04,152.6174440476191
2016-10-05,152.6174440476191
2016-10-06,152.6174440476191
2016-10-07,152.6174440476191
2016-10-10,152.6174440476191
2016-10-11,152.6174440476191
2016-10-12,152.6174440476191
2016-10-13,152.6174440476191
2016-10-14,152.6174440476191
2016-10-17,152.6174440476191
2016-10-18,152.6174440476191
2016-10-19,152.6174440476191
2016-10-20,152.6174440476191
2016-10-21,152.6174440476191
2016-10-24,152.6174440476191
2016-10-25,152.6174440476191
2016-10-26,152.6174440476191
2016-10-27,152.6174440476191
2016-10-28,152.6174440476191
2016-10-31,152.6174440476191
2016-11-01,151.3314157142857
2016-11-02,151.3314157142857
2016-11-03,151.3314157142857
2016-11-04,151.3314157142857
2016-11-07,151.3314157142857
2016-11-08,151.3314157142857
2016-11-09,151.3314157142857
2016-11-10,151.3314157142857
2016-11-11,151.3314157142857
2016-11-14,151.3314157142857
2016-11-15,151.3314157142857
2016-11-16,151.3314157142857
2016-11-17,151.3314157142857
2016-11-18,151.3314157142857
2016-11-21,151.3314157142857
2016-11-22,151.3314157142857
2016-11-23,151.3314157142857
2016-11-24,151.3314157142857
2016-11-25,151.3314157142857
2016-11-28,151.3314157142857
2016-11-29,151.3314157142857
2016-11-30,151.3314157142857
2016-12-01,152.729924659864
2016-12-02,152.729924659864
2016-12-05,152.729924659864
2016-12-06,152.729924659864
2016-12-07,152.729924659864
2016-12-08,152.729924659864
2016-12-09,152.729924659864
2016-12-12,152.729924659864
2016-12-13,152.729924659864
2016-12-14,152.729924659864
2016-12-15,152.729924659864
2016-12-16,152.729924659864
2016-12-19,152.729924659864
2016-12-20,152.729924659864
2016-12-21,152.729924659864
2016-12-22,152.729924659864
2016-12-23,152.729924659864
2016-12-26,152.729924659864
2016-12-27,152.729924659864
2016-12-28,152.729924659864
2016-12-29,152.729924659864
2016-12-30,152.729924659864
2017-01-02,160.0121069642857
2017-01-03,160.0121069642857
2017-01-04,160.0121069642857
2017-01-05,160.0121069642857
2017-01-06,160.0121069642857
2017-01-09,160.0121069642857
2017-01-10,160.0121069642857
2017-01-11,160.0121069642857
2017-01-12,160.0121069642857
2017-01-13,160.0121069642857
2017-01-16,160.0121069642857
2017-01-17,160.0121069642857
2017-01-18,160.0121069642857
2017-01-19,160.0121069642857
2017-01-20,160.0121069642857
2017-01-23,160.0121069642857
2017-01-24,160.0121069642857
2017-01-25,160.0121069642857
2017-01-26,160.0121069642857
2017-01-27,160.0121069642857
2017-01-30,160.0121069642857
2017-01-31,160.0121069642857
2017-02-01,162.9625359126985
2017-02-02,162.9625359126985
2017-02-03,162.9625359126985
2017-02-06,162.9625359126985
2017-02-07,162.9625359126985
2017-02-08,162.9625359126985
2017-02-09,162.9625359126985
2017-02-10,162.9625359126985
2017-02-13,162.9625359126985
2017-02-14,162.9625359126985
2017-02-15,162.9625359126985
2017-02-16,162.9625359126985
2017-02-17,162.9625359126985
2017-02-20,162.9625359126985
2017-02-21,162.9625359126985
2017-02-22,162.9625359126985
2017-02-23,162.9625359126985
2017-02-24,162.9625359126985
2017-02-27,162.9625359126985
2017-02-28,162.9625359126985
2017-03-01,158.9791192546584
2017-03-02,158.9791192546584
2017-03-03,158.9791192546584
2017-03-06,158.9791192546584
2017-03-07,158.9791192546584
2017-03-08,158.9791192546584
2017-03-09,158.9791192546584
2017-03-10,158.9791192546584
2017-03-13,158.9791192546584
2017-03-14,158.9791192546584
2017-03-15,158.9791192546584
2017-03-16,158.9791192546584
2017-03-17,158.9791192546584
2017-03-20,158.9791192546584
2017-03-21,158.9791192546584
2017-03-22,158.9791192546584
2017-03-23,158.9791192546584
2017-03-24,158.9791192546584
2017-03-27,158.9791192546584
2017-03-28,158.9791192546584
2017-03-29,158.9791192546584
2017-03-30,158.9791192546584
2017-03-31,158.9791192546584
2017-04-03,156.5404520676692
2017-04-04,156.5404520676692
2017-04-05,156.5404520676692
2017-04-06,156.5404520676692
2017-04-07,156.5404520676692
2017-04-10,156.5404520676692
2017-04-11,156.5404520676692
2017-04-12,156.5404520676692
2017-04-13,156.5404520676692
2017-04-14,156.5404520676692
2017-04-17,156.5404520676692
2017-04-18,156.5404520676692
2017-04-19,156.5404520676692
2017-04-20,156.5404520676692
2017-04-21,156.5404520676692
2017-04-24,156.5404520676692
2017-04-25,156.5404520676692
2017-04-26,156.5404520676692
2017-04-27,156.5404520676692
2017-04-28,156.5404520676692
2017-05-01,158.6002196428571
2017-05-02,158.6002196428571
2017-05-03,158.6002196428571
2017-05-04,158.6002196428571
2017-05-05,158.6002196428571
2017-05-08,158.6002196428571
2017-05-09,158.6002196428571
2017-05-10,158.6002196428571
2017-05-11,158.6002196428571
2017-05-12,158.6002196428571
2017-05-15,158.6002196428571
2017-05-16,158.6002196428571
2017-05-17,158.6002196428571
2017-05-18,158.6002196428571
2017-05-19,158.6002196428571
2017-05-22,158.6002196428571
2017-05-23,158.6002196428571
2017-05-24,158.6002196428571
2017-05-25,158.6002196428571
2017-05-26,158.6002196428571
2017-05-29,158.6002196428571
2017-05-30,158.6002196428571
2017-05-31,158.6002196428571
2017-06-01,157.9739071428571
2017-06-02,157.9739071428571
2017-06-05,157.9739071428571
2017-06-06,157.9739071428571
2017-06-07,157.9739071428571
2017-06-08,157.9739071428571
2017-06-09,157.9739071428571
2017-06-12,157.9739071428571
2017-06-13,157.9739071428571
2017-06-14,157.9739071428571
2017-06-15,157.9739071428571
2017-06-16,157.9739071428571
2017-06-19,157.9739071428571
2017-06-20,157.9739071428571
2017-06-21,157.9739071428571
2017-06-22,157.9739071428571
2017-06-23,157.9739071428571
2017-06-26,157.9739071428571
2017-06-27,157.9739071428571
2017-06-28,157.9739071428571
2017-06-29,157.9739071428571
2017-06-30,157.9739071428571
2017-07-03,157.6106458928572
2017-07-04,157.6106458928572
2017-07-05,157.6106458928572
2017-07-06,157.6106458928572
2017-07-07,157.6106458928572
2017-07-10,157.6106458928572
2017-07-11,157.6106458928572
2017-07-12,157.6106458928572
2017-07-13,157.6106458928572
2017-07-14,157.6106458928572
2017-07-17,157.6106458928572
2017-07-18,157.6106458928572
2017-07-19,157.6106458928572
2017-07-20,157.6106458928572
2017-07-21,157.6106458928572
2017-07-24,157.6106458928572
2017-07-25,157.6106458928572
2017-07-26,157.6106458928572
2017-07-27,157.6106458928572
2017-07-28,157.6106458928572
2017-07-31,157.6106458928572
2017-08-01,148.5434303571428
2017-08-02,148.5434303571428
2017-08-03,148.5434303571428
2017-08-04,148.5434303571428
2017-08-07,148.5434303571428
2017-08-08,148.5434303571428
2017-08-09,148.5434303571428
2017-08-10,148.5434303571428
2017-08-11,148.5434303571428
2017-08-14,148.5434303571428
2017-08-15,148.5434303571428
2017-08-16,148.5434303571428
2017-08-17,148.5434303571428
2017-08-18,148.5434303571428
2017-08-21,148.5434303571428
2017-08-22,148.5434303571428
2017-08-23,148.5434303571428
2017-08-24,148.5434303571428
2017-08-25,148.5434303571428
2017-08-28,148.5434303571428
2017-08-29,148.5434303571428
2017-08-30,148.5434303571428
2017-08-31,148.5434303571428
2017-09-01,147.3158578571429
2017-09-04,147.3158578571429
2017-09-05,147.3158578571429
2017-09-06,147.3158578571429
2017-09-07,147.3158578571429
2017-09-08,147.3158578571429
2017-09-11,147.3158578571429
2017-09-12,147.3158578571429
2017-09-13,147.3158578571429
2017-09-14,147.3158578571429
2017-09-15,147.3158578571429
2017-09-18,147.3158578571429
2017-09-19,147.3158578571429
2017-09-20,147.3158578571429
2017-09-21,147.3158578571429
2017-09-22,147.3158578571429
2017-09-25,147.3158578571429
2017-09-26,147.3158578571429
2017-09-27,147.3158578571429
2017-09-28,147.3158578571429
2017-09-29,147.3158578571429
2017-10-02,148.7223767857143
2017-10-03,148.7223767857143
2017-10-04,148.7223767857143
2017-10-05,148.7223767857143
2017-10-06,148.7223767857143
2017-10-09,148.7223767857143
2017-10-10,148.7223767857143
2017-10-11,148.7223767857143
2017-10-12,148.7223767857143
2017-10-13,148.7223767857143
2017-10-16,148.7223767857143
2017-10-17,148.7223767857143
2017-10-18,148.7223767857143
2017-10-19,148.7223767857143
2017-10-20,148.7223767857143
2017-10-23,148.7223767857143
2017-10-24,148.7223767857143
2017-10-25,148.7223767857143
2017-10-26,148.7223767857143
2017-10-27,148.7223767857143
2017-10-30,148.7223767857143
2017-10-31,148.7223767857143
2017-11-01,148.792165892857
2017-11-02,148.792165892857
2017-11-03,148.792165892857
2017-11-06,148.792165892857
2017-11-07,148.792165892857
2017-11-08,148.792165892857
2017-11-09,148.792165892857
2017-11-10,148.792165892857
2017-11-13,148.792165892857
2017-11-14,148.792165892857
2017-11-15,148.792165892857
2017-11-16,148.792165892857
2017-11-17,148.792165892857
2017-11-20,148.792165892857
2017-11-21,148.792165892857
2017-11-22,148.792165892857
2017-11-23,148.792165892857
2017-11-24,148.792165892857
2017-11-27,148.792165892857
2017-11-28,148.792165892857
2017-11-29,148.792165892857
2017-11-30,148.792165892857
2017-12-01,149.0874275
2017-12-04,149.0874275
2017-12-05,149.0874275
2017-12-06,149.0874275
2017-12-07,149.0874275
2017-12-08,149.0874275
2017-12-11,149.0874275
2017-12-12,149.0874275
2017-12-13,149.0874275
2017-12-14,149.0874275
2017-12-15,149.0874275
2017-12-18,149.0874275
2017-12-19,149.0874275
2017-12-20,149.0874275
2017-12-21,149.0874275
2017-12-22,149.0874275
2017-12-25,149.0874275
2017-12-26,149.0874275
2017-12-27,149.0874275
2017-12-28,149.0874275
2017-12-29,149.0874275
2018-01-01,155.916875340136
2018-01-02,155.916875340136
2018-01-03,155.916875340136
2018-01-04,155.916875340136
2018-01-05,155.916875340136
2018-01-08,155.916875340136
2018-01-09,155.916875340136
2018-01-10,155.916875340136
2018-01-11,155.916875340136
2018-01-12,155.916875340136
2018-01-15,155.916875340136
2018-01-16,155.916875340136
2018-01-17,155.916875340136
2018-01-18,155.916875340136
2018-01-19,155.916875340136
2018-01-22,155.916875340136
2018-01-23,155.916875340136
2018-01-24,155.916875340136
2018-01-25,155.916875340136
2018-01-26,155.916875340136
2018-01-29,155.916875340136
2018-01-30,155.916875340136
2018-01-31,155.916875340136
2018-02-01,163.4609697368421
2018-02-02,163.4609697368421
2018-02-05,163.4609697368421
2018-02-06,163.4609697368421
2018-02-07,163.4609697368421
2018-02-08,163.4609697368421
2018-02-09,163.4609697368421
2018-02-12,163.4609697368421
2018-02-13,163.4609697368421
2018-02-14,163.4609697368421
2018-02-15,163.4609697368421
2018-02-16,163.4609697368421
2018-02-19,163.4609697368421
2018-02-20,163.4609697368421
2018-02-21,163.4609697368421
2018-02-22,163.4609697368421
2018-02-23,163.4609697368421
2018-02-26,163.4609697368421
2018-02-27,163.4609697368421
2018-02-28,163.4609697368421
2018-03-01,172.0765899659864
2018-03-02,172.0765899659864
2018-03-05,172.0765899659864
2018-03-06,172.0765899659864
2018-03-07,172.0765899659864
2018-03-08,172.0765899659864
2018-03-09,172.0765899659864
2018-03-12,172.0765899659864
2018-03-13,172.0765899659864
2018-03-14,172.0765899659864
2018-03-15,172.0765899659864
2018-03-16,172.0765899659864
2018-03-19,172.0765899659864
2018-03-20,172.0765899659864
2018-03-21,172.0765899659864
2018-03-22,172.0765899659864
2018-03-23,172.0765899659864
2018-03-26,172.0765899659864
2018-03-27,172.0765899659864
2018-03-28,172.0765899659864
2018-03-29,172.0765899659864
2018-03-30,172.0765899659864
2018-04-02,175.6009824829932
2018-04-03,175.6009824829932
2018-04-04,175.6009824829932
2018-04-05,175.6009824829932
2018-04-06,175.6009824829932
2018-04-09,175.6009824829932
2018-04-10,175.6009824829932
2018-04-11,175.6009824829932
2018-04-12,175.6009824829932
2018-04-13,175.6009824829932
2018-04-16,175.6009824829932
2018-04-17,175.6009824829932
2018-04-18,175.6009824829932
2018-04-19,175.6009824829932
2018-04-20,175.6009824829932
2018-04-23,175.6009824829932
2018-04-24,175.6009824829932
2018-04-25,175.6009824829932
2018-04-26,175.6009824829932
2018-04-27,175.6009824829932
2018-04-30,175.6009824829932
2018-05-01,179.1790589285714
2018-05-02,179.1790589285714
2018-05-03,179.1790589285714
2018-05-04,179.1790589285714
2018-05-07,179.1790589285714
2018-05-08,179.1790589285714
2018-05-09,179.1790589285714
2018-05-10,179.1790589285714
2018-05-11,179.1790589285714
2018-05-14,179.1790589285714
2018-05-15,179.1790589285714
2018-05-16,179.1790589285714
2018-05-17,179.1790589285714
2018-05-18,179.1790589285714
2018-05-21,179.1790589285714
2018-05-22,179.1790589285714
2018-05-23,179.1790589285714
2018-05-24,179.1790589285714
2018-05-25,179.1790589285714
2018-05-28,179.1790589285714
2018-05-29,179.1790589285714
2018-05-30,179.1790589285714
2018-05-31,179.1790589285714
2018-06-01,165.1402855442176
2018-06-04,165.1402855442176
2018-06-05,165.1402855442176
2018-06-06,165.1402855442176
2018-06-07,165.1402855442176
2018-06-08,165.1402855442176
2018-06-11,165.1402855442176
2018-06-12,165.1402855442176
2018-06-13,165.1402855442176
2018-06-14,165.1402855442176
2018-06-15,165.1402855442176
2018-06-18,165.1402855442176
2018-06-19,165.1402855442176
2018-06-20,165.1402855442176
2018-06-21,165.1402855442176
2018-06-22,165.1402855442176
2018-06-25,165.1402855442176
2018-06-26,165.1402855442176
2018-06-27,165.1402855442176
2018-06-28,165.1402855442176
2018-06-29,165.1402855442176
2018-07-02,156.5542654761905
2018-07-03,156.5542654761905
2018-07-04,156.5542654761905
2018-07-05,156.5542654761905
2018-07-06,156.5542654761905
2018-07-09,156.5542654761905
2018-07-10,156.5542654761905
2018-07-11,156.5542654761905
2018-07-12,156.5542654761905
2018-07-13,156.5542654761905
2018-07-16,156.5542654761905
2018-07-17,156.5542654761905
2018-07-18,156.5542654761905
2018-07-19,156.5542654761905
2018-07-20,156.5542654761905
2018-07-23,156.5542654761905
2018-07-24,156.5542654761905
2018-07-25,156.5542654761905
2018-07-26,156.5542654761905
2018-07-27,156.5542654761905
2018-07-30,156.5542654761905
2018-07-31,156.5542654761905
2018-08-01,162.5222585403728
2018-08-02,162.5222585403728
2018-08-03,162.5222585403728
2018-08-06,162.5222585403728
2018-08-07,162.5222585403728
2018-08-08,162.5222585403728
2018-08-09,162.5222585403728
2018-08-10,162.5222585403728
2018-08-13,162.5222585403728
2018-08-14,162.5222585403728
2018-08-15,162.5222585403728
2018-08-16,162.5222585403728
2018-08-17,162.5222585403728
2018-08-20,162.5222585403728
2018-08-21,162.5222585403728
2018-08-22,162.5222585403728
2018-08-23,162.5222585403728
2018-08-24,162.5222585403728
2018-08-27,162.5222585403728
2018-08-28,162.5222585403728
2018-08-29,162.5222585403728
2018-08-30,162.5222585403728
2018-08-31,162.5222585403728
2018-09-03,154.9450033834586
2018-09-04,154.9450033834586
2018-09-05,154.9450033834586
2018-09-06,154.9450033834586
2018-09-07,154.9450033834586
2018-09-10,154.9450033834586
2018-09-11,154.9450033834586
2018-09-12,154.9450033834586
2018-09-13,154.9450033834586
2018-09-14,154.9450033834586
2018-09-17,154.9450033834586
2018-09-18,154.9450033834586
2018-09-19,154.9450033834586
2018-09-20,154.9450033834586
2018-09-21,154.9450033834586
2018-09-24,154.9450033834586
2018-09-25,154.9450033834586
2018-09-26,154.9450033834586
2018-09-27,154.9450033834586
2018-09-28,154.9450033834586
2018-10-01,160.3655650621117
2018-10-02,160.3655650621117
2018-10-03,160.3655650621117
2018-10-04,160.3655650621117
2018-10-05,160.3655650621117
2018-10-08,160.3655650621117
2018-10-09,160.3655650621117
2018-10-10,160.3655650621117
2018-10-11,160.3655650621117
2018-10-12,160.3655650621117
2018-10-15,160.3655650621117
2018-10-16,160.3655650621117
2018-10-17,160.3655650621117
2018-10-18,160.3655650621117
2018-10-19,160.3655650621117
2018-10-22,160.3655650621117
2018-10-23,160.3655650621117
2018-10-24,160.3655650621117
2018-10-25,160.3655650621117
2018-10-26,160.3655650621117
2018-10-29,160.3655650621117
2018-10-30,160.3655650621117
2018-10-31,160.3655650621117
2018-11-01,160.8782076785714
2018-11-02,160.8782076785714
2018-11-05,160.8782076785714
2018-11-06,160.8782076785714
2018-11-07,160.8782076785714
2018-11-08,160.8782076785714
2018-11-09,160.8782076785714
2018-11-12,160.8782076785714
2018-11-13,160.8782076785714
2018-11-14,160.8782076785714
2018-11-15,160.8782076785714
2018-11-16,160.8782076785714
2018-11-19,160.8782076785714
2018-11-20,160.8782076785714
2018-11-21,160.8782076785714
2018-11-22,160.8782076785714
2018-11-23,160.8782076785714
2018-11-26,160.8782076785714
2018-11-27,160.8782076785714
2018-11-28,160.8782076785714
2018-11-29,160.8782076785714
2018-11-30,160.8782076785714
2018-12-03,167.4898805555556
2018-12-04,167.4898805555556
2018-12-05,167.4898805555556
2018-12-06,167.4898805555556
2018-12-07,167.4898805555556
2018-12-10,167.4898805555556
2018-12-11,167.4898805555556
2018-12-12,167.4898805555556
2018-12-13,167.4898805555556
2018-12-14,167.4898805555556
2018-12-17,167.4898805555556
2018-12-18,167.4898805555556
2018-12-19,167.4898805555556
2018-12-20,167.4898805555556
2018-12-21,167.4898805555556
2018-12-24,167.4898805555556
2018-12-25,167.4898805555556
2018-12-26,167.4898805555556
2018-12-27,167.4898805555556
2018-12-28,167.4898805555556
2018-12-31,167.4898805555556
2019-01-01,166.8462414965987
2019-01-02,166.8462414965987
2019-01-03,166.8462414965987
2019-01-04,166.8462414965987
2019-01-07,166.8462414965987
2019-01-08,166.8462414965987
2019-01-09,166.8462414965987
2019-01-10,166.8462414965987
2019-01-11,166.8462414965987
2019-01-14,166.8462414965987
2019-01-15,166.8462414965987
2019-01-16,166.8462414965987
2019-01-17,166.8462414965987
2019-01-18,166.8462414965987
2019-01-21,166.8462414965987
2019-01-22,166.8462414965987
2019-01-23,166.8462414965987
2019-01-24,166.8462414965987
2019-01-25,166.8462414965987
2019-01-28,166.8462414965987
2019-01-29,166.8462414965987
2019-01-30,166.8462414965987
2019-01-31,166.8462414965987
2019-02-01,169.6562834586467
2019-02-04,169.6562834586467
2019-02-05,169.6562834586467
2019-02-06,169.6562834586467
2019-02-07,169.6562834586467
2019-02-08,169.6562834586467
2019-02-11,169.6562834586467
2019-02-12,169.6562834586467
2019-02-13,169.6562834586467
2019-02-14,169.6562834586467
2019-02-15,169.6562834586467
2019-02-18,169.6562834586467
2019-02-19,169.6562834586467
2019-02-20,169.6562834586467
2019-02-21,169.6562834586467
2019-02-22,169.6562834586467
2019-02-25,169.6562834586467
2019-02-26,169.6562834586467
2019-02-27,169.6562834586467
2019-02-28,169.6562834586467
2019-03-01,166.3213319727891
2019-03-04,166.3213319727891
2019-03-05,166.3213319727891
2019-03-06,166.3213319727891
2019-03-07,166.3213319727891
2019-03-08,166.3213319727891
2019-03-11,166.3213319727891
2019-03-12,166.3213319727891
2019-03-13,166.3213319727891
2019-03-14,166.3213319727891
2019-03-15,166.3213319727891
2019-03-18,166.3213319727891
2019-03-19,166.3213319727891
2019-03-20,166.3213319727891
2019-03-21,166.3213319727891
2019-03-22,166.3213319727891
2019-03-25,166.3213319727891
2019-03-26,166.3213319727891
2019-03-27,166.3213319727891
2019-03-28,166.3213319727891
2019-03-29,166.3213319727891
2019-04-01,161.6533865646259
2019-04-02,161.6533865646259
2019-04-03,161.6533865646259
2019-04-04,161.6533865646259
2019-04-05,161.6533865646259
2019-04-08,161.6533865646259
2019-04-09,161.6533865646259
2019-04-10,161.6533865646259
2019-04-11,161.6533865646259
2019-04-12,161.6533865646259
2019-04-15,161.6533865646259
2019-04-16,161.6533865646259
2019-04-17,161.6533865646259
2019-04-18,161.6533865646259
2019-04-19,161.6533865646259
2019-04-22,161.6533865646259
2019-04-23,161.6533865646259
2019-04-24,161.6533865646259
2019-04-25,161.6533865646259
2019-04-26,161.6533865646259
2019-04-29,161.6533865646259
2019-04-30,161.6533865646259
2019-05-01,171.1801535714285
2019-05-02,171.1801535714285
2019-05-03,171.1801535714285
2019-05-06,171.1801535714285
2019-05-07,171.1801535714285
2019-05-08,171.1801535714285
2019-05-09,171.1801535714285
2019-05-10,171.1801535714285
2019-05-13,171.1801535714285
2019-05-14,171.1801535714285
2019-05-15,171.1801535714285
2019-05-16,171.1801535714285
2019-05-17,171.1801535714285
2019-05-20,171.1801535714285
2019-05-21,171.1801535714285
2019-05-22,171.1801535714285
2019-05-23,171.1801535714285
2019-05-24,171.1801535714285
2019-05-27,171.1801535714285
2019-05-28,171.1801535714285
2019-05-29,171.1801535714285
2019-05-30,171.1801535714285
2019-05-31,171.1801535714285
2019-06-03,195.1679223214286
2019-06-04,195.1679223214286
2019-06-05,195.1679223214286
2019-06-06,195.1679223214286
2019-06-07,195.1679223214286
2019-06-10,195.1679223214286
2019-06-11,195.1679223214286
2019-06-12,195.1679223214286
2019-06-13,195.1679223214286
2019-06-14,195.1679223214286
2019-06-17,195.1679223214286
2019-06-18,195.1679223214286
2019-06-19,195.1679223214286
2019-06-20,195.1679223214286
2019-06-21,195.1679223214286
2019-06-24,195.1679223214286
2019-06-25,195.1679223214286
2019-06-26,195.1679223214286
2019-06-27,195.1679223214286
2019-06-28,195.1679223214286
2019-07-01,189.4863732142856
2019-07-02,189.4863732142856
2019-07-03,189.4863732142856
2019-07-04,189.4863732142856
2019-07-05,189.4863732142856
2019-07-08,189.4863732142856
2019-07-09,189.4863732142856
2019-07-10,189.4863732142856
2019-07-11,189.4863732142856
2019-07-12,189.4863732142856
2019-07-15,189.4863732142856
2019-07-16,189.4863732142856
2019-07-17,189.4863732142856
2019-07-18,189.4863732142856
2019-07-19,189.4863732142856
2019-07-22,189.4863732142856
2019-07-23,189.4863732142856
2019-07-24,189.4863732142856
2019-07-25,189.4863732142856
2019-07-26,189.4863732142856
2019-07-29,189.4863732142856
2019-07-30,189.4863732142856
2019-07-31,189.4863732142856
2019-08-01,163.6286142857145
2019-08-02,163.6286142857145
2019-08-05,163.6286142857145
2019-08-06,163.6286142857145
2019-08-07,163.6286142857145
2019-08-08,163.6286142857145
2019-08-09,163.6286142857145
2019-08-12,163.6286142857145
2019-08-13,163.6286142857145
2019-08-14,163.6286142857145
2019-08-15,163.6286142857145
2019-08-16,163.6286142857145
2019-08-19,163.6286142857145
2019-08-20,163.6286142857145
2019-08-21,163.6286142857145
2019-08-22,163.6286142857145
2019-08-23,163.6286142857145
2019-08-26,163.6286142857145
2019-08-27,163.6286142857145
2019-08-28,163.6286142857145
2019-08-29,163.6286142857145
2019-08-30,163.6286142857145
2019-09-02,157.3744366071428
2019-09-03,157.3744366071428
2019-09-04,157.3744366071428
2019-09-05,157.3744366071428
2019-09-06,157.3744366071428
2019-09-09,157.3744366071428
2019-09-10,157.3744366071428
2019-09-11,157.3744366071428
2019-09-12,157.3744366071428
2019-09-13,157.3744366071428
2019-09-16,157.3744366071428
2019-09-17,157.3744366071428
2019-09-18,157.3744366071428
2019-09-19,157.3744366071428
2019-09-20,157.3744366071428
2019-09-23,157.3744366071428
2019-09-24,157.3744366071428
2019-09-25,157.3744366071428
2019-09-26,157.3744366071428
2019-09-27,157.3744366071428
2019-09-30,157.3744366071428
2019-10-01,167.2977940993788
2019-10-02,167.2977940993788
2019-10-03,167.2977940993788
2019-10-04,167.2977940993788
2019-10-07,167.2977940993788
2019-10-08,167.2977940993788
2019-10-09,167.2977940993788
2019-10-10,167.2977940993788
2019-10-11,167.2977940993788
2019-10-14,167.2977940993788
2019-10-15,167.2977940993788
2019-10-16,167.2977940993788
2019-10-17,167.2977940993788
2019-10-18,167.2977940993788
2019-10-21,167.2977940993788
2019-10-22,167.2977940993788
2019-10-23,167.2977940993788
2019-10-24,167.2977940993788
2019-10-25,167.2977940993788
2019-10-28,167.2977940993788
2019-10-29,167.2977940993788
2019-10-30,167.2977940993788
2019-10-31,167.2977940993788
2019-11-01,166.3617855263158
2019-11-04,166.3617855263158
2019-11-05,166.3617855263158
2019-11-06,166.3617855263158
2019-11-07,166.3617855263158
2019-11-08,166.3617855263158
2019-11-11,166.3617855263158
2019-11-12,166.3617855263158
2019-11-13,166.3617855263158
2019-11-14,166.3617855263158
2019-11-15,166.3617855263158
2019-11-18,166.3617855263158
2019-11-19,166.3617855263158
2019-11-20,166.3617855263158
2019-11-21,166.3617855263158
2019-11-22,166.3617855263158
2019-11-25,166.3617855263158
2019-11-26,166.3617855263158
2019-11-27,166.3617855263158
2019-11-28,166.3617855263158
2019-11-29,166.3617855263158
2019-12-02,167.0590173214286
2019-12-03,167.0590173214286
2019-12-04,167.0590173214286
2019-12-05,167.0590173214286
2019-12-06,167.0590173214286
2019-12-09,167.0590173214286
2019-12-10,167.0590173214286
2019-12-11,167.0590173214286
2019-12-12,167.0590173214286
2019-12-13,167.0590173214286
2019-12-16,167.0590173214286
2019-12-17,167.0590173214286
2019-12-18,167.0590173214286
2019-12-19,167.0590173214286
2019-12-20,167.0590173214286
2019-12-23,167.0590173214286
2019-12-24,167.0590173214286
2019-12-25,167.0590173214286
2019-12-26,167.0590173214286
2019-12-27,167.0590173214286
2019-12-30,167.0590173214286
2019-12-31,167.0590173214286
2020-01-01,171.8141352040817
2020-01-02,171.8141352040817
2020-01-03,171.8141352040817
2020-01-06,171.8141352040817
2020-01-07,171.8141352040817
2020-01-08,171.8141352040817
2020-01-09,171.8141352040817
2020-01-10,171.8141352040817
2020-01-13,171.8141352040817
2020-01-14,171.8141352040817
2020-01-15,171.8141352040817
2020-01-16,171.8141352040817
2020-01-17,171.8141352040817
2020-01-20,171.8141352040817
2020-01-21,171.8141352040817
2020-01-22,171.8141352040817
2020-01-23,171.8141352040817
2020-01-24,171.8141352040817
2020-01-27,171.8141352040817
2020-01-28,171.8141352040817
2020-01-29,171.8141352040817
2020-01-30,171.8141352040817
2020-01-31,171.8141352040817
2020-02-03,168.7445984962405
2020-02-04,168.7445984962405
2020-02-05,168.7445984962405
2020-02-06,168.7445984962405
2020-02-07,168.7445984962405
2020-02-10,168.7445984962405
2020-02-11,168.7445984962405
2020-02-12,168.7445984962405
2020-02-13,168.7445984962405
2020-02-14,168.7445984962405
2020-02-17,168.7445984962405
2020-02-18,168.7445984962405
2020-02-19,168.7445984962405
2020-02-20,168.7445984962405
2020-02-21,168.7445984962405
2020-02-24,168.7445984962405
2020-02-25,168.7445984962405
2020-02-26,168.7445984962405
2020-02-27,168.7445984962405
2020-02-28,168.7445984962405
2020-03-02,162.1791482142857
2020-03-03,162.1791482142857
2020-03-04,162.1791482142857
2020-03-05,162.1791482142857
2020-03-06,162.1791482142857
2020-03-09,162.1791482142857
2020-03-10,162.1791482142857
2020-03-11,162.1791482142857
2020-03-12,162.1791482142857
2020-03-13,162.1791482142857
2020-03-16,162.1791482142857
2020-03-17,162.1791482142857
2020-03-18,162.1791482142857
2020-03-19,162.1791482142857
2020-03-20,162.1791482142857
2020-03-23,162.1791482142857
2020-03-24,162.1791482142857
2020-03-25,162.1791482142857
2020-03-26,162.1791482142857
2020-03-27,162.1791482142857
2020-03-30,162.1791482142857
2020-03-31,162.1791482142857
2020-04-01,147.0121602040815
2020-04-02,147.0121602040815
2020-04-03,147.0121602040815
2020-04-06,147.0121602040815
2020-04-07,147.0121602040815
2020-04-08,147.0121602040815
2020-04-09,147.0121602040815
2020-04-10,147.0121602040815
2020-04-13,147.0121602040815
2020-04-14,147.0121602040815
2020-04-15,147.0121602040815
2020-04-16,147.0121602040815
2020-04-17,147.0121602040815
2020-04-20,147.0121602040815
2020-04-21,147.0121602040815
2020-04-22,147.0121602040815
2020-04-23,147.0121602040815
2020-04-24,147.0121602040815
2020-04-27,147.0121602040815
2020-04-28,147.0121602040815
2020-04-29,147.0121602040815
2020-04-30,147.0121602040815
2020-05-01,143.9892437500002
2020-05-04,143.9892437500002
2020-05-05,143.9892437500002
2020-05-06,143.9892437500002
2020-05-07,143.9892437500002
2020-05-08,143.9892437500002
2020-05-11,143.9892437500002
2020-05-12,143.9892437500002
2020-05-13,143.9892437500002
2020-05-14,143.9892437500002
2020-05-15,143.9892437500002
2020-05-18,143.9892437500002
2020-05-19,143.9892437500002
2020-05-20,143.9892437500002
2020-05-21,143.9892437500002
2020-05-22,143.9892437500002
2020-05-25,143.9892437500002
2020-05-26,143.9892437500002
2020-05-27,143.9892437500002
2020-05-28,143.9892437500002
2020-05-29,143.9892437500002
2020-06-01,148.0423803571428
2020-06-02,148.0423803571428
2020-06-03,148.0423803571428
2020-06-04,148.0423803571428
2020-06-05,148.0423803571428
2020-06-08,148.0423803571428
2020-06-09,148.0423803571428
2020-06-10,148.0423803571428
2020-06-11,148.0423803571428
2020-06-12,148.0423803571428
2020-06-15,148.0423803571428
2020-06-16,148.0423803571428
2020-06-17,148.0423803571428
2020-06-18,148.0423803571428
2020-06-19,148.0423803571428
2020-06-22,148.0423803571428
2020-06-23,148.0423803571428
2020-06-24,148.0423803571428
2020-06-25,148.0423803571428
2020-06-26,148.0423803571428
2020-06-29,148.0423803571428
2020-06-30,148.0423803571428
2020-07-01,152.5876196428571
2020-07-02,152.5876196428571
2020-07-03,152.5876196428571
2020-07-06,152.5876196428571
2020-07-07,152.5876196428571
2020-07-08,152.5876196428571
2020-07-09,152.5876196428571
2020-07-10,152.5876196428571
2020-07-13,152.5876196428571
2020-07-14,152.5876196428571
2020-07-15,152.5876196428571
2020-07-16,152.5876196428571
2020-07-17,152.5876196428571
2020-07-20,152.5876196428571
2020-07-21,152.5876196428571
2020-07-22,152.5876196428571
2020-07-23,152.5876196428571
2020-07-24,152.5876196428571
2020-07-27,152.5876196428571
2020-07-28,152.5876196428571
2020-07-29,152.5876196428571
2020-07-30,152.5876196428571
2020-07-31,152.5876196428571
2020-08-03,149.3929998299319
2020-08-04,149.3929998299319
2020-08-05,149.3929998299319
2020-08-06,149.3929998299319
2020-08-07,149.3929998299319
2020-08-10,149.3929998299319
2020-08-11,149.3929998299319
2020-08-12,149.3929998299319
2020-08-13,149.3929998299319
2020-08-14,149.3929998299319
2020-08-17,149.3929998299319
2020-08-18,149.3929998299319
2020-08-19,149.3929998299319
2020-08-20,149.3929998299319
2020-08-21,149.3929998299319
2020-08-24,149.3929998299319
2020-08-25,149.3929998299319
2020-08-26,149.3929998299319
2020-08-27,149.3929998299319
2020-08-28,149.3929998299319
2020-08-31,149.3929998299319
2020-09-01,166.6025335034014
2020-09-02,166.6025335034014
2020-09-03,166.6025335034014
2020-09-04,166.6025335034014
2020-09-07,166.6025335034014
2020-09-08,166.6025335034014
2020-09-09,166.6025335034014
2020-09-10,166.6025335034014
2020-09-11,166.6025335034014
2020-09-14,166.6025335034014
2020-09-15,166.6025335034014
2020-09-16,166.6025335034014
2020-09-17,166.6025335034014
2020-09-18,166.6025335034014
2020-09-21,166.6025335034014
2020-09-22,166.6025335034014
2020-09-23,166.6025335034014
2020-09-24,166.6025335034014
2020-09-25,166.6025335034014
2020-09-28,166.6025335034014
2020-09-29,166.6025335034014
2020-09-30,166.6025335034014
2020-10-01,186.7663875
2020-10-02,186.7663875
2020-10-05,186.7663875
2020-10-06,186.7663875
2020-10-07,186.7663875
2020-10-08,186.7663875
2020-10-09,186.7663875
2020-10-12,186.7663875
2020-10-13,186.7663875
2020-10-14,186.7663875
2020-10-15,186.7663875
2020-10-16,186.7663875
2020-10-19,186.7663875
2020-10-20,186.7663875
2020-10-21,186.7663875
2020-10-22,186.7663875
2020-10-23,186.7663875
2020-10-26,186.7663875
2020-10-27,186.7663875
2020-10-28,186.7663875
2020-10-29,186.7663875
2020-10-30,186.7663875
2020-11-02,190.6250375939849
2020-11-03,190.6250375939849
2020-11-04,190.6250375939849
2020-11-05,190.6250375939849
2020-11-06,190.6250375939849
2020-11-09,190.6250375939849
2020-11-10,190.6250375939849
2020-11-11,190.6250375939849
2020-11-12,190.6250375939849
2020-11-13,190.6250375939849
2020-11-16,190.6250375939849
2020-11-17,190.6250375939849
2020-11-18,190.6250375939849
2020-11-19,190.6250375939849
2020-11-20,190.6250375939849
2020-11-23,190.6250375939849
2020-11-24,190.6250375939849
2020-11-25,190.6250375939849
2020-11-26,190.6250375939849
2020-11-27,190.6250375939849
2020-11-30,190.6250375939849
2020-12-01,199.1844175170068
2020-12-02,199.1844175170068
2020-12-03,199.1844175170068
2020-12-04,199.1844175170068
2020-12-07,199.1844175170068
2020-12-08,199.1844175170068
2020-12-09,199.1844175170068
2020-12-10,199.1844175170068
2020-12-11,199.1844175170068
2020-12-14,199.1844175170068
2020-12-15,199.1844175170068
2020-12-16,199.1844175170068
2020-12-17,199.1844175170068
2020-12-18,199.1844175170068
2020-12-21,199.1844175170068
2020-12-22,199.1844175170068
2020-12-23,199.1844175170068
2020-12-24,199.1844175170068
2020-12-25,199.1844175170068
2020-12-28,199.1844175170068
2020-12-29,199.1844175170068
2020-12-30,199.1844175170068
2020-12-31,199.1844175170068
2021-01-01,231.7544614661655
2021-01-04,231.7544614661655
2021-01-05,231.7544614661655
2021-01-06,231.7544614661655
2021-01-07,231.7544614661655
2021-01-08,231.7544614661655
2021-01-11,231.7544614661655
2021-01-12,231.7544614661655
2021-01-13,231.7544614661655
2021-01-14,231.7544614661655
2021-01-15,231.7544614661655
2021-01-18,231.7544614661655
2021-01-19,231.7544614661655
2021-01-20,231.7544614661655
2021-01-21,231.7544614661655
2021-01-22,231.7544614661655
2021-01-25,231.7544614661655
2021-01-26,231.7544614661655
2021-01-27,231.7544614661655
2021-01-28,231.7544614661655
2021-01-29,231.7544614661655
2021-02-01,245.5540565789474
2021-02-02,245.5540565789474
2021-02-03,245.5540565789474
2021-02-04,245.5540565789474
2021-02-05,245.5540565789474
2021-02-08,245.5540565789474
2021-02-09,245.5540565789474
2021-02-10,245.5540565789474
2021-02-11,245.5540565789474
2021-02-12,245.5540565789474
2021-02-15,245.5540565789474
2021-02-16,245.5540565789474
2021-02-17,245.5540565789474
2021-02-18,245.5540565789474
2021-02-19,245.5540565789474
2021-02-22,245.5540565789474
2021-02-23,245.5540565789474
2021-02-24,245.5540565789474
2021-02-25,245.5540565789474
2021-02-26,245.5540565789474
2021-03-01,245.7603568322983
2021-03-02,245.7603568322983
2021-03-03,245.7603568322983
2021-03-04,245.7603568322983
2021-03-05,245.7603568322983
2021-03-08,245.7603568322983
2021-03-09,245.7603568322983
2021-03-10,245.7603568322983
2021-03-11,245.7603568322983
2021-03-12,245.7603568322983
2021-03-15,245.7603568322983
2021-03-16,245.7603568322983
2021-03-17,245.7603568322983
2021-03-18,245.7603568322983
2021-03-19,245.7603568322983
2021-03-22,245.7603568322983
2021-03-23,245.7603568322983
2021-03-24,245.7603568322983
2021-03-25,245.7603568322983
2021-03-26,245.7603568322983
2021-03-29,245.7603568322983
2021-03-30,245.7603568322983
2021-03-31,245.7603568322983
2021-04-01,268.6224488095237
2021-04-02,268.6224488095237
2021-04-05,268.6224488095237
2021-04-06,268.6224488095237
2021-04-07,268.6224488095237
2021-04-08,268.6224488095237
2021-04-09,268.6224488095237
2021-04-12,268.6224488095237
2021-04-13,268.6224488095237
2021-04-14,268.6224488095237
2021-04-15,268.6224488095237
2021-04-16,268.6224488095237
2021-04-19,268.6224488095237
2021-04-20,268.6224488095237
2021-04-21,268.6224488095237
2021-04-22,268.6224488095237
2021-04-23,268.6224488095237
2021-04-26,268.6224488095237
2021-04-27,268.6224488095237
2021-04-28,268.6224488095237
2021-04-29,268.6224488095237
2021-04-30,268.6224488095237
2021-05-03,304.297549659864
2021-05-04,304.297549659864
2021-05-05,304.297549659864
2021-05-06,304.297549659864
2021-05-07,304.297549659864
2021-05-10,304.297549659864
2021-05-11,304.297549659864
2021-05-12,304.297549659864
2021-05-13,304.297549659864
2021-05-14,304.297549659864
2021-05-17,304.297549659864
2021-05-18,304.297549659864
2021-05-19,304.297549659864
2021-05-20,304.297549659864
2021-05-21,304.297549659864
2021-05-24,304.297549659864
2021-05-25,304.297549659864
2021-05-26,304.297549659864
2021-05-27,304.297549659864
2021-05-28,304.297549659864
2021-05-31,304.297549659864
2021-06-01,292.5237267857143
2021-06-02,292.5237267857143
2021-06-03,292.5237267857143
2021-06-04,292.5237267857143
2021-06-07,292.5237267857143
2021-06-08,292.5237267857143
2021-06-09,292.5237267857143
2021-06-10,292.5237267857143
2021-06-11,292.5237267857143
2021-06-14,292.5237267857143
2021-06-15,292.5237267857143
2021-06-16,292.5237267857143
2021-06-17,292.5237267857143
2021-06-18,292.5237267857143
2021-06-21,292.5237267857143
2021-06-22,292.5237267857143
2021-06-23,292.5237267857143
2021-06-24,292.5237267857143
2021-06-25,292.5237267857143
2021-06-28,292.5237267857143
2021-06-29,292.5237267857143
2021-06-30,292.5237267857143
2021-07-01,278.445755612245
2021-07-02,278.445755612245
2021-07-05,278.445755612245
2021-07-06,278.445755612245
2021-07-07,278.445755612245
2021-07-08,278.445755612245
2021-07-09,278.445755612245
2021-07-12,278.445755612245
2021-07-13,278.445755612245
2021-07-14,278.445755612245
2021-07-15,278.445755612245
2021-07-16,278.445755612245
2021-07-19,278.445755612245
2021-07-20,278.445755612245
2021-07-21,278.445755612245
2021-07-22,278.445755612245
2021-07-23,278.445755612245
2021-07-26,278.445755612245
2021-07-27,278.445755612245
2021-07-28,278.445755612245
2021-07-29,278.445755612245
2021-07-30,278.445755612245
2021-08-02,257.020755357143
2021-08-03,257.020755357143
2021-08-04,257.020755357143
2021-08-05,257.020755357143
2021-08-06,257.020755357143
2021-08-09,257.020755357143
2021-08-10,257.020755357143
2021-08-11,257.020755357143
2021-08-12,257.020755357143
2021-08-13,257.020755357143
2021-08-16,257.020755357143
2021-08-17,257.020755357143
2021-08-18,257.020755357143
2021-08-19,257.020755357143
2021-08-20,257.020755357143
2021-08-23,257.020755357143
2021-08-24,257.020755357143
2021-08-25,257.020755357143
2021-08-26,257.020755357143
2021-08-27,257.020755357143
2021-08-30,257.020755357143
2021-08-31,257.020755357143
2021-09-01,235.8156035714281
2021-09-02,235.8156035714281
2021-09-03,235.8156035714281
2021-09-06,235.8156035714281
2021-09-07,235.8156035714281
2021-09-08,235.8156035714281
2021-09-09,235.8156035714281
2021-09-10,235.8156035714281
2021-09-13,235.8156035714281
2021-09-14,235.8156035714281
2021-09-15,235.8156035714281
2021-09-16,235.8156035714281
2021-09-17,235.8156035714281
2021-09-20,235.8156035714281
2021-09-21,235.8156035714281
2021-09-22,235.8156035714281
2021-09-23,235.8156035714281
2021-09-24,235.8156035714281
2021-09-27,235.8156035714281
2021-09-28,235.8156035714281
2021-09-29,235.8156035714281
2021-09-30,235.8156035714281
2021-10-01,239.60245085034
2021-10-04,239.60245085034
2021-10-05,239.60245085034
2021-10-06,239.60245085034
2021-10-07,239.60245085034
2021-10-08,239.60245085034
2021-10-11,239.60245085034
2021-10-12,239.60245085034
2021-10-13,239.60245085034
2021-10-14,239.60245085034
2021-10-15,239.60245085034
2021-10-18,239.60245085034
2021-10-19,239.60245085034
2021-10-20,239.60245085034
2021-10-21,239.60245085034
2021-10-22,239.60245085034
2021-10-25,239.60245085034
2021-10-26,239.60245085034
2021-10-27,239.60245085034
2021-10-28,239.60245085034
2021-10-29,239.60245085034
2021-11-01,248.7677460714286
2021-11-02,248.7677460714286
2021-11-03,248.7677460714286
2021-11-04,248.7677460714286
2021-11-05,248.7677460714286
2021-11-08,248.7677460714286
2021-11-09,248.7677460714286
2021-11-10,248.7677460714286
2021-11-11,248.7677460714286
2021-11-12,248.7677460714286
2021-11-15,248.7677460714286
2021-11-16,248.7677460714286
2021-11-17,248.7677460714286
2021-11-18,248.7677460714286
2021-11-19,248.7677460714286
2021-11-22,248.7677460714286
2021-11-23,248.7677460714286
2021-11-24,248.7677460714286
2021-11-25,248.7677460714286
2021-11-26,248.7677460714286
2021-11-29,248.7677460714286
2021-11-30,248.7677460714286
2021-12-01,264.5731467687075
2021-12-02,264.5731467687075
2021-12-03,264.5731467687075
2021-12-06,264.5731467687075
2021-12-07,264.5731467687075
2021-12-08,264.5731467687075
2021-12-09,264.5731467687075
2021-12-10,264.5731467687075
2021-12-13,264.5731467687075
2021-12-14,264.5731467687075
2021-12-15,264.5731467687075
2021-12-16,264.5731467687075
2021-12-17,264.5731467687075
2021-12-20,264.5731467687075
2021-12-21,264.5731467687075
2021-12-22,264.5731467687075
2021-12-23,264.5731467687075
2021-12-24,264.5731467687075
2021-12-27,264.5731467687075
2021-12-28,264.5731467687075
2021-12-29,264.5731467687075
2021-12-30,264.5731467687075
2021-12-31,264.5731467687075
2022-01-03,276.7191782142856
2022-01-04,276.7191782142856
2022-01-05,276.7191782142856
2022-01-06,276.7191782142856
2022-01-07,276.7191782142856
2022-01-10,276.7191782142856
2022-01-11,276.7191782142856
2022-01-12,276.7191782142856
2022-01-13,276.7191782142856
2022-01-14,276.7191782142856
2022-01-17,276.7191782142856
2022-01-18,276.7191782142856
2022-01-19,276.7191782142856
2022-01-20,276.7191782142856
2022-01-21,276.7191782142856
2022-01-24,276.7191782142856
2022-01-25,276.7191782142856
2022-01-26,276.7191782142856
2022-01-27,276.7191782142856
2022-01-28,276.7191782142856
2022-01-31,276.7191782142856
2022-02-01,292.6715930451127
2022-02-02,292.6715930451127
2022-02-03,292.6715930451127
2022-02-04,292.6715930451127
2022-02-07,292.6715930451127
2022-02-08,292.6715930451127
2022-02-09,292.6715930451127
2022-02-10,292.6715930451127
2022-02-11,292.6715930451127
2022-02-14,292.6715930451127
2022-02-15,292.6715930451127
2022-02-16,292.6715930451127
2022-02-17,292.6715930451127
2022-02-18,292.6715930451127
2022-02-21,292.6715930451127
2022-02-22,292.6715930451127
2022-02-23,292.6715930451127
2022-02-24,292.6715930451127
2022-02-25,292.6715930451127
2022-02-28,292.6715930451127
2022-03-01,335.9306841614907
2022-03-02,335.9306841614907
2022-03-03,335.9306841614907
2022-03-04,335.9306841614907
2022-03-07,335.9306841614907
2022-03-08,335.9306841614907
2022-03-09,335.9306841614907
2022-03-10,335.9306841614907
2022-03-11,335.9306841614907
2022-03-14,335.9306841614907
2022-03-15,335.9306841614907
2022-03-16,335.9306841614907
2022-03-17,335.9306841614907
2022-03-18,335.9306841614907
2022-03-21,335.9306841614907
2022-03-22,335.9306841614907
2022-03-23,335.9306841614907
2022-03-24,335.9306841614907
2022-03-25,335.9306841614907
2022-03-28,335.9306841614907
2022-03-29,335.9306841614907
2022-03-30,335.9306841614907
2022-03-31,335.9306841614907
2022-04-01,348.5071169642857
2022-04-04,348.5071169642857
2022-04-05,348.5071169642857
2022-04-06,348.5071169642857
2022-04-07,348.5071169642857
2022-04-08,348.5071169642857
2022-04-11,348.5071169642857
2022-04-12,348.5071169642857
2022-04-13,348.5071169642857
2022-04-14,348.5071169642857
2022-04-15,348.5071169642857
2022-04-18,348.5071169642857
2022-04-19,348.5071169642857
2022-04-20,348.5071169642857
2022-04-21,348.5071169642857
2022-04-22,348.5071169642857
2022-04-25,348.5071169642857
2022-04-26,348.5071169642857
2022-04-27,348.5071169642857
2022-04-28,348.5071169642857
2022-04-29,348.5071169642857
2022-05-02,344.9092996031747
2022-05-03,344.9092996031747
2022-05-04,344.9092996031747
2022-05-05,344.9092996031747
2022-05-06,344.9092996031747
2022-05-09,344.9092996031747
2022-05-10,344.9092996031747
2022-05-11,344.9092996031747
2022-05-12,344.9092996031747
2022-05-13,344.9092996031747
2022-05-16,344.9092996031747
2022-05-17,344.9092996031747
2022-05-18,344.9092996031747
2022-05-19,344.9092996031747
2022-05-20,344.9092996031747
2022-05-23,344.9092996031747
2022-05-24,344.9092996031747
2022-05-25,344.9092996031747
2022-05-26,344.9092996031747
2022-05-27,344.9092996031747
2022-05-30,344.9092996031747
2022-05-31,344.9092996031747
2022-06-01,335.7171340136054
2022-06-02,335.7171340136054
2022-06-03,335.7171340136054
2022-06-06,335.7171340136054
2022-06-07,335.7171340136054
2022-06-08,335.7171340136054
2022-06-09,335.7171340136054
2022-06-10,335.7171340136054
2022-06-13,335.7171340136054
2022-06-14,335.7171340136054
2022-06-15,335.7171340136054
2022-06-16,335.7171340136054
2022-06-17,335.7171340136054
2022-06-20,335.7171340136054
2022-06-21,335.7171340136054
2022-06-22,335.7171340136054
2022-06-23,335.7171340136054
2022-06-24,335.7171340136054
2022-06-27,335.7171340136054
2022-06-28,335.7171340136054
2022-06-29,335.7171340136054
2022-06-30,335.7171340136054
2022-07-01,312.6820419642856
2022-07-04,312.6820419642856
2022-07-05,312.6820419642856
2022-07-06,312.6820419642856
2022-07-07,312.6820419642856
2022-07-08,312.6820419642856
2022-07-11,312.6820419642856
2022-07-12,312.6820419642856
2022-07-13,312.6820419642856
2022-07-14,312.6820419642856
2022-07-15,312.6820419642856
2022-07-18,312.6820419642856
2022-07-19,312.6820419642856
2022-07-20,312.6820419642856
2022-07-21,312.6820419642856
2022-07-22,312.6820419642856
2022-07-25,312.6820419642856
2022-07-26,312.6820419642856
2022-07-27,312.6820419642856
2022-07-28,312.6820419642856
2022-07-29,312.6820419642856
2022-08-01,293.9307903338509
2022-08-02,293.9307903338509
2022-08-03,293.9307903338509
2022-08-04,293.9307903338509
2022-08-05,293.9307903338509
2022-08-08,293.9307903338509
2022-08-09,293.9307903338509
2022-08-10,293.9307903338509
2022-08-11,293.9307903338509
2022-08-12,293.9307903338509
2022-08-15,293.9307903338509
2022-08-16,293.9307903338509
2022-08-17,293.9307903338509
2022-08-18,293.9307903338509
2022-08-19,293.9307903338509
2022-08-22,293.9307903338509
2022-08-23,293.9307903338509
2022-08-24,293.9307903338509
2022-08-25,293.9307903338509
2022-08-26,293.9307903338509
2022-08-29,293.9307903338509
2022-08-30,293.9307903338509
2022-08-31,293.9307903338509
2022-09-01,312.5461278911564
2022-09-02,312.5461278911564
2022-09-05,312.5461278911564
2022-09-06,312.5461278911564
2022-09-07,312.5461278911564
2022-09-08,312.5461278911564
2022-09-09,312.5461278911564
2022-09-12,312.5461278911564
2022-09-13,312.5461278911564
2022-09-14,312.5461278911564
2022-09-15,312.5461278911564
2022-09-16,312.5461278911564
2022-09-19,312.5461278911564
2022-09-20,312.5461278911564
2022-09-21,312.5461278911564
2022-09-22,312.5461278911564
2022-09-23,312.5461278911564
2022-09-26,312.5461278911564
2022-09-27,312.5461278911564
2022-09-28,312.5461278911564
2022-09-29,312.5461278911564
2022-09-30,312.5461278911564
2022-10-03,343.5532833333333
2022-10-04,343.5532833333333
2022-10-05,343.5532833333333
2022-10-06,343.5532833333333
2022-10-07,343.5532833333333
2022-10-10,343.5532833333333
2022-10-11,343.5532833333333
2022-10-12,343.5532833333333
2022-10-13,343.5532833333333
2022-10-14,343.5532833333333
2022-10-17,343.5532833333333
2022-10-18,343.5532833333333
2022-10-19,343.5532833333333
2022-10-20,343.5532833333333
2022-10-21,343.5532833333333
2022-10-24,343.5532833333333
2022-10-25,343.5532833333333
2022-10-26,343.5532833333333
2022-10-27,343.5532833333333
2022-10-28,343.5532833333333
2022-10-31,343.5532833333333
2022-11-01,320.929682857143
2022-11-02,320.929682857143
2022-11-03,320.929682857143
2022-11-04,320.929682857143
2022-11-07,320.929682857143
2022-11-08,320.929682857143
2022-11-09,320.929682857143
2022-11-10,320.929682857143
2022-11-11,320.929682857143
2022-11-14,320.929682857143
2022-11-15,320.929682857143
2022-11-16,320.929682857143
2022-11-17,320.929682857143
2022-11-18,320.929682857143
2022-11-21,320.929682857143
2022-11-22,320.929682857143
2022-11-23,320.929682857143
2022-11-24,320.929682857143
2022-11-25,320.929682857143
2022-11-28,320.929682857143
2022-11-29,320.929682857143
2022-11-30,320.929682857143
2022-12-01,302.2354051020408
2022-12-02,302.2354051020408
2022-12-05,302.2354051020408
2022-12-06,302.2354051020408
2022-12-07,302.2354051020408
2022-12-08,302.2354051020408
2022-12-09,302.2354051020408
2022-12-12,302.2354051020408
2022-12-13,302.2354051020408
2022-12-14,302.2354051020408
2022-12-15,302.2354051020408
2022-12-16,302.2354051020408
2022-12-19,302.2354051020408
2022-12-20,302.2354051020408
2022-12-21,302.2354051020408
2022-12-22,302.2354051020408
2022-12-23,302.2354051020408
2022-12-26,302.2354051020408
2022-12-27,302.2354051020408
2022-12-28,302.2354051020408
2022-12-29,302.2354051020408
2022-12-30,302.2354051020408
2023-01-02,302.8399883928572
2023-01-03,302.8399883928572
2023-01-04,302.8399883928572
2023-01-05,302.8399883928572
2023-01-06,302.8399883928572
2023-01-09,302.8399883928572
2023-01-10,302.8399883928572
2023-01-11,302.8399883928572
2023-01-12,302.8399883928572
2023-01-13,302.8399883928572
2023-01-16,302.8399883928572
2023-01-17,302.8399883928572
2023-01-18,302.8399883928572
2023-01-19,302.8399883928572
2023-01-20,302.8399883928572
2023-01-23,302.8399883928572
2023-01-24,302.8399883928572
2023-01-25,302.8399883928572
2023-01-26,302.8399883928572
2023-01-27,302.8399883928572
2023-01-30,302.8399883928572
2023-01-31,302.8399883928572
2023-02-01,298.2453033834586
2023-02-02,298.2453033834586
2023-02-03,298.2453033834586
2023-02-06,298.2453033834586
2023-02-07,298.2453033834586
2023-02-08,298.2453033834586
2023-02-09,298.2453033834586
2023-02-10,298.2453033834586
2023-02-13,298.2453033834586
2023-02-14,298.2453033834586
2023-02-15,298.2453033834586
2023-02-16,298.2453033834586
2023-02-17,298.2453033834586
2023-02-20,298.2453033834586
2023-02-21,298.2453033834586
2023-02-22,298.2453033834586
2023-02-23,298.2453033834586
2023-02-24,298.2453033834586
2023-02-27,298.2453033834586
2023-02-28,298.2453033834586
2023-03-01,284.9574049689442
2023-03-02,284.9574049689442
2023-03-03,284.9574049689442
2023-03-06,284.9574049689442
2023-03-07,284.9574049689442
2023-03-08,284.9574049689442
2023-03-09,284.9574049689442
2023-03-10,284.9574049689442
2023-03-13,284.9574049689442
2023-03-14,284.9574049689442
2023-03-15,284.9574049689442
2023-03-16,284.9574049689442
2023-03-17,284.9574049689442
2023-03-20,284.9574049689442
2023-03-21,284.9574049689442
2023-03-22,284.9574049689442
2023-03-23,284.9574049689442
2023-03-24,284.9574049689442
2023-03-27,284.9574049689442
2023-03-28,284.9574049689442
2023-03-29,284.9574049689442
2023-03-30,284.9574049689442
2023-03-31,284.9574049689442
2023-04-03,291.1797449248119
2023-04-04,291.1797449248119
2023-04-05,291.1797449248119
2023-04-06,291.1797449248119
2023-04-07,291.1797449248119
2023-04-10,291.1797449248119
2023-04-11,291.1797449248119
2023-04-12,291.1797449248119
2023-04-13,291.1797449248119
2023-04-14,291.1797449248119
2023-04-17,291.1797449248119
2023-04-18,291.1797449248119
2023-04-19,291.1797449248119
2023-04-20,291.1797449248119
2023-04-21,291.1797449248119
2023-04-24,291.1797449248119
2023-04-25,291.1797449248119
2023-04-26,291.1797449248119
2023-04-27,291.1797449248119
2023-04-28,291.1797449248119
2023-05-01,268.1725263605443
2023-05-02,268.1725263605443
2023-05-03,268.1725263605443
2023-05-04,268.1725263605443
2023-05-05,268.1725263605443
2023-05-08,268.1725263605443
2023-05-09,268.1725263605443
2023-05-10,268.1725263605443
2023-05-11,268.1725263605443
2023-05-12,268.1725263605443
2023-05-15,268.1725263605443
2023-05-16,268.1725263605443
2023-05-17,268.1725263605443
2023-05-18,268.1725263605443
2023-05-19,268.1725263605443
2023-05-22,268.1725263605443
2023-05-23,268.1725263605443
2023-05-24,268.1725263605443
2023-05-25,268.1725263605443
2023-05-26,268.1725263605443
2023-05-29,268.1725263605443
2023-05-30,268.1725263605443
2023-05-31,268.1725263605443
2023-06-01,266.9352396258504
2023-06-02,266.9352396258504
2023-06-05,266.9352396258504
2023-06-06,266.9352396258504
2023-06-07,266.9352396258504
2023-06-08,266.9352396258504
2023-06-09,266.9352396258504
2023-06-12,266.9352396258504
2023-06-13,266.9352396258504
2023-06-14,266.9352396258504
2023-06-15,266.9352396258504
2023-06-16,266.9352396258504
2023-06-19,266.9352396258504
2023-06-20,266.9352396258504
2023-06-21,266.9352396258504
2023-06-22,266.9352396258504
2023-06-23,266.9352396258504
2023-06-26,266.9352396258504
2023-06-27,266.9352396258504
2023-06-28,266.9352396258504
2023-06-29,266.9352396258504
2023-06-30,266.9352396258504
2023-07-03,235.2719472789116
2023-07-04,235.2719472789116
2023-07-05,235.2719472789116
2023-07-06,235.2719472789116
2023-07-07,235.2719472789116
2023-07-10,235.2719472789116
2023-07-11,235.2719472789116
2023-07-12,235.2719472789116
2023-07-13,235.2719472789116
2023-07-14,235.2719472789116
2023-07-17,235.2719472789116
2023-07-18,235.2719472789116
2023-07-19,235.2719472789116
2023-07-20,235.2719472789116
2023-07-21,235.2719472789116
2023-07-24,235.2719472789116
2023-07-25,235.2719472789116
2023-07-26,235.2719472789116
2023-07-27,235.2719472789116
2023-07-28,235.2719472789116
2023-07-31,235.2719472789116
2023-08-01,207.6758886645963
2023-08-02,207.6758886645963
2023-08-03,207.6758886645963
2023-08-04,207.6758886645963
2023-08-07,207.6758886645963
2023-08-08,207.6758886645963
2023-08-09,207.6758886645963
2023-08-10,207.6758886645963
2023-08-11,207.6758886645963
2023-08-14,207.6758886645963
2023-08-15,207.6758886645963
2023-08-16,207.6758886645963
2023-08-17,207.6758886645963
2023-08-18,207.6758886645963
2023-08-21,207.6758886645963
2023-08-22,207.6758886645963
2023-08-23,207.6758886645963
2023-08-24,207.6758886645963
2023-08-25,207.6758886645963
2023-08-28,207.6758886645963
2023-08-29,207.6758886645963
2023-08-30,207.6758886645963
2023-08-31,207.6758886645963
2023-09-01,223.8476664285715
2023-09-04,223.8476664285715
2023-09-05,223.8476664285715
2023-09-06,223.8476664285715
2023-09-07,223.8476664285715
2023-09-08,223.8476664285715
2023-09-11,223.8476664285715
2023-09-12,223.8476664285715
2023-09-13,223.8476664285715
2023-09-14,223.8476664285715
2023-09-15,223.8476664285715
2023-09-18,223.8476664285715
2023-09-19,223.8476664285715
2023-09-20,223.8476664285715
2023-09-21,223.8476664285715
2023-09-22,223.8476664285715
2023-09-25,223.8476664285715
2023-09-26,223.8476664285715
2023-09-27,223.8476664285715
2023-09-28,223.8476664285715
2023-09-29,223.8476664285715
2023-10-02,221.90251875
2023-10-03,221.90251875
2023-10-04,221.90251875
2023-10-05,221.90251875
2023-10-06,221.90251875
2023-10-09,221.90251875
2023-10-10,221.90251875
2023-10-11,221.90251875
2023-10-12,221.90251875
2023-10-13,221.90251875
2023-10-16,221.90251875
2023-10-17,221.90251875
2023-10-18,221.90251875
2023-10-19,221.90251875
2023-10-20,221.90251875
2023-10-23,221.90251875
2023-10-24,221.90251875
2023-10-25,221.90251875
2023-10-26,221.90251875
2023-10-27,221.90251875
2023-10-30,221.90251875
2023-10-31,221.90251875
2023-11-01,209.0402968303571
2023-11-02,209.0402968303571
2023-11-03,209.0402968303571
2023-11-06,209.0402968303571
2023-11-07,209.0402968303571
2023-11-08,209.0402968303571
2023-11-09,209.0402968303571
2023-11-10,209.0402968303571
2023-11-13,209.0402968303571
2023-11-14,209.0402968303571
2023-11-15,209.0402968303571
2023-11-16,209.0402968303571
2023-11-17,209.0402968303571
2023-11-20,209.0402968303571
2023-11-21,209.0402968303571
2023-11-22,209.0402968303571
2023-11-23,209.0402968303571
2023-11-24,209.0402968303571
2023-11-27,209.0402968303571
2023-11-28,209.0402968303571
2023-11-29,209.0402968303571
2023-11-30,209.0402968303571
2023-12-01,207.3979688909774
2023-12-04,207.3979688909774
2023-12-05,207.3979688909774
2023-12-06,207.3979688909774
2023-12-07,207.3979688909774
2023-12-08,207.3979688909774
2023-12-11,207.3979688909774
2023-12-12,207.3979688909774
2023-12-13,207.3979688909774
2023-12-14,207.3979688909774
2023-12-15,207.3979688909774
2023-12-18,207.3979688909774
2023-12-19,207.3979688909774
2023-12-20,207.3979688909774
2023-12-21,207.3979688909774
2023-12-22,207.3979688909774
2023-12-25,207.3979688909774
2023-12-26,207.3979688909774
2023-12-27,207.3979688909774
2023-12-28,207.3979688909774
2023-12-29,207.3979688909774
2024-01-01,198.7579285289115
2024-01-02,198.7579285289115
2024-01-03,198.7579285289115
2024-01-04,198.7579285289115
2024-01-05,198.7579285289115
2024-01-08,198.7579285289115
2024-01-09,198.7579285289115
2024-01-10,198.7579285289115
2024-01-11,198.7579285289115
2024-01-12,198.7579285289115
2024-01-15,198.7579285289115
2024-01-16,198.7579285289115
2024-01-17,198.7579285289115
2024-01-18,198.7579285289115
2024-01-19,198.7579285289115
2024-01-22,198.7579285289115
2024-01-23,198.7579285289115
2024-01-24,198.7579285289115
2024-01-25,198.7579285289115
2024-01-26,198.7579285289115
2024-01-29,198.7579285289115
2024-01-30,198.7579285289115
2024-01-31,198.7579285289115
2024-02-01,188.9477444642856
2024-02-02,188.9477444642856
2024-02-05,188.9477444642856
2024-02-06,188.9477444642856
2024-02-07,188.9477444642856
2024-02-08,188.9477444642856
2024-02-09,188.9477444642856
2024-02-12,188.9477444642856
2024-02-13,188.9477444642856
2024-02-14,188.9477444642856
2024-02-15,188.9477444642856
2024-02-16,188.9477444642856
2024-02-19,188.9477444642856
2024-02-20,188.9477444642856
2024-02-21,188.9477444642856
2024-02-22,188.9477444642856
2024-02-23,188.9477444642856
2024-02-26,188.9477444642856
2024-02-27,188.9477444642856
2024-02-28,188.9477444642856
2024-02-29,188.9477444642856
2024-03-01,190.2272114285714
2024-03-04,190.2272114285714
2024-03-05,190.2272114285714
2024-03-06,190.2272114285714
2024-03-07,190.2272114285714
2024-03-08,190.2272114285714
2024-03-11,190.2272114285714
2024-03-12,190.2272114285714
2024-03-13,190.2272114285714
2024-03-14,190.2272114285714
2024-03-15,190.2272114285714
2024-03-18,190.2272114285714
2024-03-19,190.2272114285714
2024-03-20,190.2272114285714
2024-03-21,190.2272114285714
2024-03-22,190.2272114285714
2024-03-25,190.2272114285714
2024-03-26,190.2272114285714
2024-03-27,190.2272114285714
2024-03-28,190.2272114285714
2024-03-29,190.2272114285714
2024-04-01,190.9000500000001
2024-04-02,190.9000500000001
2024-04-03,190.9000500000001
2024-04-04,190.9000500000001
2024-04-05,190.9000500000001
2024-04-08,190.9000500000001
2024-04-09,190.9000500000001
2024-04-10,190.9000500000001
2024-04-11,190.9000500000001
2024-04-12,190.9000500000001
2024-04-15,190.9000500000001
2024-04-16,190.9000500000001
2024-04-17,190.9000500000001
2024-04-18,190.9000500000001
2024-04-19,190.9000500000001
2024-04-22,190.9000500000001
2024-04-23,190.9000500000001
2024-04-24,190.9000500000001
2024-04-25,190.9000500000001
2024-04-26,190.9000500000001
2024-04-29,190.9000500000001
2024-04-30,190.9000500000001
2024-05-01,201.0194705357142
2024-05-02,201.0194705357142
2024-05-03,201.0194705357142
2024-05-06,201.0194705357142
2024-05-07,201.0194705357142
2024-05-08,201.0194705357142
2024-05-09,201.0194705357142
2024-05-10,201.0194705357142
2024-05-13,201.0194705357142
2024-05-14,201.0194705357142
2024-05-15,201.0194705357142
2024-05-16,201.0194705357142
2024-05-17,201.0194705357142
2024-05-20,201.0194705357142
2024-05-21,201.0194705357142
2024-05-22,201.0194705357142
2024-05-23,201.0194705357142
2024-05-24,201.0194705357142
2024-05-27,201.0194705357142
2024-05-28,201.0194705357142
2024-05-29,201.0194705357142
2024-05-30,201.0194705357142
2024-05-31,201.0194705357142
2024-06-03,191.2409429464286
2024-06-04,191.2409429464286
2024-06-05,191.2409429464286
2024-06-06,191.2409429464286
2024-06-07,191.2409429464286
2024-06-10,191.2409429464286
2024-06-11,191.2409429464286
2024-06-12,191.2409429464286
2024-06-13,191.2409429464286
2024-06-14,191.2409429464286
2024-06-17,191.2409429464286
2024-06-18,191.2409429464286
2024-06-19,191.2409429464286
2024-06-20,191.2409429464286
2024-06-21,191.2409429464286
2024-06-24,191.2409429464286
2024-06-25,191.2409429464286
2024-06-26,191.2409429464286
2024-06-27,191.2409429464286
2024-06-28,191.2409429464286
2024-07-01,177.7677084464286
2024-07-02,177.7677084464286
2024-07-03,177.7677084464286
2024-07-04,177.7677084464286
2024-07-05,177.7677084464286
2024-07-08,177.7677084464286
2024-07-09,177.7677084464286
2024-07-10,177.7677084464286
2024-07-11,177.7677084464286
2024-07-12,177.7677084464286
2024-07-15,177.7677084464286
2024-07-16,177.7677084464286
2024-07-17,177.7677084464286
2024-07-18,177.7677084464286
2024-07-19,177.7677084464286
2024-07-22,177.7677084464286
2024-07-23,177.7677084464286
2024-07-24,177.7677084464286
2024-07-25,177.7677084464286
2024-07-26,177.7677084464286
2024-07-29,177.7677084464286
2024-07-30,177.7677084464286
2024-07-31,177.7677084464286
2024-08-01,169.2967424107143
2024-08-02,169.2967424107143
2024-08-05,169.2967424107143
2024-08-06,169.2967424107143
2024-08-07,169.2967424107143
2024-08-08,169.2967424107143
2024-08-09,169.2967424107143
2024-08-12,169.2967424107143
2024-08-13,169.2967424107143
2024-08-14,169.2967424107143
2024-08-15,169.2967424107143
2024-08-16,169.2967424107143
2024-08-19,169.2967424107143
2024-08-20,169.2967424107143
2024-08-21,169.2967424107143
2024-08-22,169.2967424107143
2024-08-23,169.2967424107143
2024-08-26,169.2967424107143
2024-08-27,169.2967424107143
2024-08-28,169.2967424107143
2024-08-29,169.2967424107143
2024-08-30,169.2967424107143
2024-09-02,183.6558276597744
2024-09-03,183.6558276597744
2024-09-04,183.6558276597744
2024-09-05,183.6558276597744
2024-09-06,183.6558276597744
2024-09-09,183.6558276597744
2024-09-10,183.6558276597744
2024-09-11,183.6558276597744
2024-09-12,183.6558276597744
2024-09-13,183.6558276597744
2024-09-16,183.6558276597744
2024-09-17,183.6558276597744
2024-09-18,183.6558276597744
2024-09-19,183.6558276597744
2024-09-20,183.6558276597744
2024-09-23,183.6558276597744
2024-09-24,183.6558276597744
2024-09-25,183.6558276597744
2024-09-26,183.6558276597744
2024-09-27,183.6558276597744
2024-09-30,183.6558276597744
2024-10-01,189.5879058618013
2024-10-02,189.5879058618013
2024-10-03,189.5879058618013
2024-10-04,189.5879058618013
2024-10-07,189.5879058618013
2024-10-08,189.5879058618013
2024-10-09,189.5879058618013
2024-10-10,189.5879058618013
2024-10-11,189.5879058618013
2024-10-14,189.5879058618013
2024-10-15,189.5879058618013
2024-10-16,189.5879058618013
2024-10-17,189.5879058618013
2024-10-18,189.5879058618013
2024-10-21,189.5879058618013
2024-10-22,189.5879058618013
2024-10-23,189.5879058618013
2024-10-24,189.5879058618013
2024-10-25,189.5879058618013
2024-10-28,189.5879058618013
2024-10-29,189.5879058618013
2024-10-30,189.5879058618013
2024-10-31,189.5879058618013
2024-11-01,201.3082701884922
2024-11-04,201.3082701884922
2024-11-05,201.3082701884922
2024-11-06,201.3082701884922
2024-11-07,201.3082701884922
2024-11-08,201.3082701884922
2024-11-11,201.3082701884922
2024-11-12,201.3082701884922
2024-11-13,201.3082701884922
2024-11-14,201.3082701884922
2024-11-15,201.3082701884922
2024-11-18,201.3082701884922
2024-11-19,201.3082701884922
2024-11-20,201.3082701884922
2024-11-21,201.3082701884922
2024-11-22,201.3082701884922
2024-11-25,201.3082701884922
2024-11-26,201.3082701884922
2024-11-27,201.3082701884922
2024-11-28,201.3082701884922
2024-11-29,201.3082701884922
2024-12-02,202.8299610267858
2024-12-03,202.8299610267858
2024-12-04,202.8299610267858
2024-12-05,202.8299610267858
2024-12-06,202.8299610267858
2024-12-09,202.8299610267858
2024-12-10,202.8299610267858
2024-12-11,202.8299610267858
2024-12-12,202.8299610267858
2024-12-13,202.8299610267858
2024-12-16,202.8299610267858
2024-12-17,202.8299610267858
2024-12-18,202.8299610267858
2024-12-19,202.8299610267858
2024-12-20,202.8299610267858
2024-12-23,202.8299610267858
2024-12-24,202.8299610267858
2024-12-25,202.8299610267858
2024-12-26,202.8299610267858
2024-12-27,202.8299610267858
2024-12-30,202.8299610267858
2024-12-31,202.8299610267858
2025-01-01,214.3599267857142
2025-01-02,214.3599267857142
2025-01-03,214.3599267857142
2025-01-06,214.3599267857142
2025-01-07,214.3599267857142
2025-01-08,214.3599267857142
2025-01-09,214.3599267857142
2025-01-10,214.3599267857142
2025-01-13,214.3599267857142
2025-01-14,214.3599267857142
2025-01-15,214.3599267857142
2025-01-16,214.3599267857142
2025-01-17,214.3599267857142
2025-01-20,214.3599267857142
2025-01-21,214.3599267857142
2025-01-22,214.3599267857142
2025-01-23,214.3599267857142
2025-01-24,214.3599267857142
2025-01-27,214.3599267857142
2025-01-28,214.3599267857142
2025-01-29,214.3599267857142
2025-01-30,214.3599267857142
2025-01-31,214.3599267857142
2025-02-03,221.2545443139097
2025-02-04,221.2545443139097
2025-02-05,221.2545443139097
2025-02-06,221.2545443139097
2025-02-07,221.2545443139097
2025-02-10,221.2545443139097
2025-02-11,221.2545443139097
2025-02-12,221.2545443139097
2025-02-13,221.2545443139097
2025-02-14,221.2545443139097
2025-02-17,221.2545443139097
2025-02-18,221.2545443139097
2025-02-19,221.2545443139097
2025-02-20,221.2545443139097
2025-02-21,221.2545443139097
2025-02-24,221.2545443139097
2025-02-25,221.2545443139097
2025-02-26,221.2545443139097
2025-02-27,221.2545443139097
2025-02-28,221.2545443139097
2025-03-03,207.7516908163266
2025-03-04,207.7516908163266
2025-03-05,207.7516908163266
2025-03-06,207.7516908163266
2025-03-07,207.7516908163266
2025-03-10,207.7516908163266
2025-03-11,207.7516908163266
2025-03-12,207.7516908163266
2025-03-13,207.7516908163266
2025-03-14,207.7516908163266
2025-03-17,207.7516908163266
2025-03-18,207.7516908163266
2025-03-19,207.7516908163266
2025-03-20,207.7516908163266
2025-03-21,207.7516908163266
2025-03-24,207.7516908163266
2025-03-25,207.7516908163266
2025-03-26,207.7516908163266
2025-03-27,207.7516908163266
2025-03-28,207.7516908163266
2025-03-31,207.7516908163266
2025-04-01,215.5690933673469
2025-04-02,215.5690933673469
2025-04-03,215.5690933673469
2025-04-04,215.5690933673469
2025-04-07,215.5690933673469
2025-04-08,215.5690933673469
2025-04-09,215.5690933673469
2025-04-10,215.5690933673469
2025-04-11,215.5690933673469
2025-04-14,215.5690933673469
2025-04-15,215.5690933673469
2025-04-16,215.5690933673469
2025-04-17,215.5690933673469
2025-04-18,215.5690933673469
2025-04-21,215.5690933673469
2025-04-22,215.5690933673469
2025-04-23,215.5690933673469
2025-04-24,215.5690933673469
2025-04-25,215.5690933673469
2025-04-28,215.5690933673469
2025-04-29,215.5690933673469
2025-04-30,215.5690933673469
2025-05-01,204.8084481292517
2025-05-02,204.8084481292517
2025-05-05,204.8084481292517
2025-05-06,204.8084481292517
2025-05-07,204.8084481292517
2025-05-08,204.8084481292517
2025-05-09,204.8084481292517
2025-05-12,204.8084481292517
2025-05-13,204.8084481292517
2025-05-14,204.8084481292517
2025-05-15,204.8084481292517
2025-05-16,204.8084481292517
2025-05-19,204.8084481292517
2025-05-20,204.8084481292517
2025-05-21,204.8084481292517
2025-05-22,204.8084481292517
2025-05-23,204.8084481292517
2025-05-26,204.8084481292517
2025-05-27,204.8084481292517
2025-05-28,204.8084481292517
2025-05-29,204.8084481292517
2025-05-30,204.8084481292517
2025-06-02,195.7190773214286
2025-06-03,195.7190773214286
2025-06-04,195.7190773214286
2025-06-05,195.7190773214286
2025-06-06,195.7190773214286
2025-06-09,195.7190773214286
2025-06-10,195.7190773214286
2025-06-11,195.7190773214286
2025-06-12,195.7190773214286
2025-06-13,195.7190773214286
2025-06-16,195.7190773214286
2025-06-17,195.7190773214286
2025-06-18,195.7190773214286
2025-06-19,195.7190773214286
2025-06-20,195.7190773214286
2025-06-23,195.7190773214286
2025-06-24,195.7190773214286
2025-06-25,195.7190773214286
2025-06-26,195.7190773214286
2025-06-27,195.7190773214286
2025-06-30,195.7190773214286
2025-07-01,192.4525892142857
2025-07-02,192.4525892142857
2025-07-03,192.4525892142857
2025-07-04,192.4525892142857
2025-07-07,192.4525892142857
2025-07-08,192.4525892142857
2025-07-09,192.4525892142857
2025-07-10,192.4525892142857
2025-07-11,192.4525892142857
2025-07-14,192.4525892142857
2025-07-15,192.4525892142857
2025-07-16,192.4525892142857
2025-07-17,192.4525892142857
2025-07-18,192.4525892142857
2025-07-21,192.4525892142857
2025-07-22,192.4525892142857
2025-07-23,192.4525892142857
2025-07-24,192.4525892142857
2025-07-25,192.4525892142857
2025-07-28,192.4525892142857
2025-07-29,192.4525892142857
2025-07-30,192.4525892142857
2025-07-31,192.4525892142857
2025-08-01,183.0247028911564
2025-08-04,183.0247028911564
2025-08-05,183.0247028911564
2025-08-06,183.0247028911564
2025-08-07,183.0247028911564
2025-08-08,183.0247028911564
2025-08-11,183.0247028911564
2025-08-12,183.0247028911564
2025-08-13,183.0247028911564
2025-08-14,183.0247028911564
2025-08-15,183.0247028911564
2025-08-18,183.0247028911564
2025-08-19,183.0247028911564
2025-08-20,183.0247028911564
2025-08-21,183.0247028911564
2025-08-22,183.0247028911564
2025-08-25,183.0247028911564
2025-08-26,183.0247028911564
2025-08-27,183.0247028911564
2025-08-28,183.0247028911564
2025-08-29,183.0247028911564
2025-09-01,196.1459412448979
2025-09-02,196.1459412448979
2025-09-03,196.1459412448979
2025-09-04,196.1459412448979
2025-09-05,196.1459412448979
2025-09-08,196.1459412448979
2025-09-09,196.1459412448979
2025-09-10,196.1459412448979
2025-09-11,196.1459412448979
2025-09-12,196.1459412448979
2025-09-15,196.1459412448979
2025-09-16,196.1459412448979
2025-09-17,196.1459412448979
2025-09-18,196.1459412448979
2025-09-19,196.1459412448979
2025-09-22,196.1459412448979
2025-09-23,196.1459412448979
2025-09-24,196.1459412448979
2025-09-25,196.1459412448979
2025-09-26,196.1459412448979
2025-09-29,196.1459412448979
2025-09-30,196.1459412448979
2025-10-01,198.0176441964286
2025-10-02,198.0176441964286
2025-10-03,198.0176441964286
2025-10-06,198.0176441964286
2025-10-07,198.0176441964286
2025-10-08,198.0176441964286
2025-10-09,198.0176441964286
2025-10-10,198.0176441964286
2025-10-13,198.0176441964286
2025-10-14,198.0176441964286
2025-10-15,198.0176441964286
2025-10-16,198.0176441964286
2025-10-17,198.0176441964286
2025-10-20,198.0176441964286
2025-10-21,198.0176441964286
2025-10-22,198.0176441964286
2025-10-23,198.0176441964286
2025-10-24,198.0176441964286
2025-10-27,198.0176441964286
2025-10-28,198.0176441964286
2025-10-29,198.0176441964286
2025-10-30,198.0176441964286
2025-10-31,198.0176441964286
2025-11-03,201.6578882352942
2025-11-04,201.6578882352942
2025-11-05,201.6578882352942
2025-11-06,201.6578882352942
2025-11-07,201.6578882352942
2025-11-10,201.6578882352942
2025-11-11,201.6578882352942
2025-11-12,201.6578882352942
2025-11-13,201.6578882352942
2025-11-14,201.6578882352942
2025-11-17,201.6578882352942
2025-11-18,201.6578882352942
2025-11-19,201.6578882352942
2025-11-20,201.6578882352942
2025-11-21,201.6578882352942
2025-11-24,201.6578882352942
2025-11-25,201.6578882352942
2025-11-26,201.6578882352942
2025-11-27,201.6578882352942
2025-11-28,201.6578882352942
2025-12-01,205.3150795535714
2025-12-02,205.3150795535714
2025-12-03,205.3150795535714
2025-12-04,205.3150795535714
2025-12-05,205.3150795535714
2025-12-08,205.3150795535714
2025-12-09,205.3150795535714
2025-12-10,205.3150795535714
2025-12-11,205.3150795535714
2025-12-12,205.3150795535714
2025-12-15,205.3150795535714
2025-12-16,205.3150795535714
2025-12-17,205.3150795535714
2025-12-18,205.3150795535714
2025-12-19,205.3150795535714
2025-12-22,205.3150795535714
2025-12-23,205.3150795535714
2025-12-24,205.3150795535714
2025-12-25,205.3150795535714
2025-12-26,205.3150795535714
2025-12-29,205.3150795535714
2025-12-30,205.3150795535714
2025-12-31,205.3150795535714
2026-01-01,203.8978238392856
2026-01-02,203.8978238392856
2026-01-05,203.8978238392856
2026-01-06,203.8978238392856
2026-01-07,203.8978238392856
2026-01-08,203.8978238392856
2026-01-09,203.8978238392856
2026-01-12,203.8978238392856
2026-01-13,203.8978238392856
2026-01-14,203.8978238392856
2026-01-15,203.8978238392856
2026-01-16,203.8978238392856
2026-01-19,203.8978238392856
2026-01-20,203.8978238392856
2026-01-21,203.8978238392856
2026-01-22,203.8978238392856
2026-01-23,203.8978238392856
2026-01-26,203.8978238392856
2026-01-27,203.8978238392856
2026-01-28,203.8978238392856
2026-01-29,203.8978238392856
2026-01-30,203.8978238392856
2026-02-02,210.6354865131578
2026-02-03,210.6354865131578
2026-02-04,210.6354865131578
2026-02-05,210.6354865131578
2026-02-06,210.6354865131578
2026-02-09,210.6354865131578
2026-02-10,210.6354865131578
2026-02-11,210.6354865131578
2026-02-12,210.6354865131578
2026-02-13,210.6354865131578
2026-02-16,210.6354865131578
2026-02-17,210.6354865131578
2026-02-18,210.6354865131578
2026-02-19,210.6354865131578
2026-02-20,210.6354865131578
2026-02-23,210.6354865131578
2026-02-24,210.6354865131578
2026-02-25,210.6354865131578
2026-02-26,210.6354865131578
2026-02-27,210.6354865131578
