commodity,title,date,source,description,url
wheat,Ukraine wheat harvest forecast cut but remains highest since 2022,2026-04-13 12:07:13,Investing.com,Investing.com -- Commodity firm Argus reduced its projection for Ukraine’s 2026 wheat crop to 23.5 million metric tons from 23.9...,https://www.investing.com/news/stock-market-news/ukraine-wheat-harvest-forecast-cut-but-remains-highest-since-2022-93CH-4610173
wheat,CPI inflation data highlights economic calendar for Friday,2026-04-09 18:00:33,Investing.com,"As traders approach another pivotal day for financial markets, a series of crucial economic data releases that could sway market...",https://www.investing.com/news/stock-market-news/cpi-inflation-data-highlights-economic-calendar-for-friday-93CH-4606391
wheat,Russia says Middle East war disruption opens up new trade opportunities,2026-04-07 12:36:30,Reuters,"MOSCOW, April 7 (Reuters) - Global supply disruptions caused by the war in the Middle East have opened up new trade opportunities...",https://www.investing.com/news/commodities-news/russia-says-middle-east-war-disruption-opens-up-new-trade-opportunities-4600447
wheat,Wheat Hits One-Week Low With Rains Seen for Dry ...,2026-04-06 00:00:00,Bloomberg,Wheat fell as rains forecast for this week in the US Plains should help to alleviate drought conditions that have stressed fields ... The Iran War Has Finally ...,https://www.bloomberg.com/news/articles/2026-04-06/wheat-hits-one-week-low-with-rains-seen-for-dry-kansas-fields
wheat,"World food price rise set to continue if Iran war lasts, FAO says",2026-04-03 13:00:29,Reuters,"By Sybille de La Hamaide PARIS, April 3 (Reuters) - World food prices climbed in March to their highest level since September...",https://www.investing.com/news/commodities-news/world-food-prices-extend-rise-in-march-united-nations-fao-says-4596882
wheat,"World food price rise set to continue if Iran war lasts, FAO ...",2026-04-03 00:00:00,Reuters,Sacks of harvested wheat are seen at a grain market in Gaggarpur village ... Global maize prices edged up as ample global supply offset concerns over ...,https://www.reuters.com/markets/us/world-food-prices-extend-rise-march-united-nations-fao-says-2026-04-03/
wheat,"Jobs report, Services PMI among key economic data due Friday",2026-04-02 18:00:51,Investing.com,"As traders approach another pivotal day for financial markets, a series of crucial economic data releases that could sway market...",https://www.investing.com/news/stock-market-news/jobs-report-services-pmi-among-key-economic-data-due-friday-93CH-4596173
wheat,Form 6K US Wheat For: 2 April,2026-04-02 12:10:35,Investing.com,,https://www.investing.com/news/filings/form-6k-us-wheat-for-2-april-93CH-4595361
wheat,Australian growers shift to less fertiliser-intensive crops as Iran war costs surge,2026-04-02 08:42:26,Reuters,"By Naveen Thukral SINGAPORE, April 2 (Reuters) - Australian farmers are expected to favour less nitrogen-intensive crops such as...",https://www.investing.com/news/commodities-news/australian-growers-shift-to-less-fertiliserintensive-crops-as-iran-war-costs-surge-4594818
wheat,Australian growers shift to less fertiliser-intensive crops as ...,2026-04-02 00:00:00,Reuters,"Australian growers shift to less fertiliser-intensive crops as Iran war costs surge · Australian farmers shift to barley on fertiliser, fuel costs · Urea prices ...",https://www.reuters.com/world/asia-pacific/australian-growers-shift-less-fertiliser-intensive-crops-iran-war-costs-surge-2026-04-02/
wheat,US farmers to plant less corn as Iran war spikes fertilizer prices,2026-04-01 16:54:38,Reuters,"By Tom Polansek CHICAGO, March 31 (Reuters) - U.S. farmers plan to plant less corn and more soybeans in 2026 than last year, the...",https://www.investing.com/news/commodities-news/us-farmers-to-plant-less-corn-as-iran-war-spikes-fertilizer-prices-4593749
wheat,"USDA reports corn acres above forecast, soybean acres below expectations, Baird comments",2026-04-01 11:19:58,Investing.com,Investing.com -- The U.S. Department of Agriculture’s prospective plantings report showed corn acreage slightly above consensus...,https://www.investing.com/news/stock-market-news/usda-reports-corn-acres-above-forecast-soybean-acres-below-expectations-baird-comments-93CH-4592762
wheat,US farmers to plant less corn as Iran war spikes fertilizer ...,2026-04-01 00:00:00,Reuters,Iran war hikes prices for fertilizer needed for planting corn; Analysts say ... A trade war launched by the Trump administration last year dramatically ...,https://www.reuters.com/world/us/us-farmers-plant-less-corn-iran-war-spikes-fertilizer-prices-2026-04-01/
wheat,Cofco Books First Argentina Corn Cargo to China in 15 Years,2026-04-01 00:00:00,Bloomberg,"China Hosts Military Parade To Mark 80 Years Since The End of World War II. US Intelligence Shows China Set to Supply Iran Arms, CNN Reports. KUWAIT-AHMADI ...",https://www.bloomberg.com/news/articles/2026-04-01/cofco-books-first-argentina-corn-cargo-to-china-in-over-15-years
wheat,Iran War: Are We Headed for Another Food Price Crisis?,2026-04-01 00:00:00,Bloomberg,"... invasion of Ukraine. Despite such fears, the agricultural market isn't at ... Pistachio Prices Hit Eight-Year High on War in Major Grower Iran. Soekarno ...",https://www.bloomberg.com/opinion/articles/2026-04-01/iran-war-are-we-headed-for-another-food-price-crisis
wheat,Photos show aftermath from Iran's waves of retaliatory strikes,2026-03-30 00:00:00,Reuters,Iran War · Israel and Hamas at ... Browse an unrivalled portfolio of real-time and historical market data and insights from worldwide sources and experts.,https://www.reuters.com/pictures/photos-show-aftermath-irans-waves-retaliatory-strikes-2026-03-30/
wheat,Are Australia's Low Fuel Reserves Cause for Concern?,2026-03-29 00:00:00,Bloomberg,"Prior to the shocks of the Covid-19 pandemic and the war in Ukraine, that strategy appeared to work. ... supply into the market. The government has relaxed ...",https://www.bloomberg.com/news/articles/2026-03-29/could-australia-run-out-of-fuel-as-iran-war-disrupts-global-oil-supplies
wheat,"Chicago Wheat Climbs on Iran War Escalation, Weather ...",2026-03-29 00:00:00,Bloomberg,Wheat prices have also been supported as dryness batters the US Plains ... Fuel Shortages From War Begin to Threaten Global Food Supply. To get ...,https://www.bloomberg.com/news/articles/2026-03-30/chicago-wheat-climbs-on-iran-war-escalation-weather-risks
wheat,"US corn planting seen down, soy acres up as Iran war inflates costs, analysts say",2026-03-27 10:06:39,Reuters,"By Karl Plume CHICAGO, March 27 (Reuters) - The Iran war has upended the planting intentions of U.S. farmers, resulting in fewer...",https://www.investing.com/news/commodities-news/us-corn-planting-seen-down-soy-acres-up-as-iran-war-inflates-costs-analysts-say-4584425
wheat,"US corn planting seen down, soy acres up as Iran war ...",2026-03-27 00:00:00,Reuters,... trade war launched by President Donald Trump's administration with the top ... Prices for urea fertilizer are up about 40% since the start of the war ...,https://www.reuters.com/world/us/us-corn-planting-seen-down-soy-acres-up-iran-war-inflates-costs-analysts-say-2026-03-27/
wheat,Michigan consumer sentiment and Fed speakers highlight Friday’s data,2026-03-26 18:01:20,Investing.com,"As traders approach the final trading day of the week, a series of consumer sentiment readings and Federal Reserve officials’...",https://www.investing.com/news/stock-market-news/michigan-consumer-sentiment-and-fed-speakers-highlight-fridays-data-93CH-4583234
wheat,"US researchers bet on hybrid, GMO seeds to make wheat profitable again",2026-03-25 10:13:32,Reuters,"By Julie Ingwersen MANHATTAN, Kansas, March 25 (Reuters) - Inside a locked chamber the size of a walk-in freezer in Manhattan,...",https://www.investing.com/news/stock-market-news/us-researchers-bet-on-hybrid-gmo-seeds-to-make-wheat-profitable-again-4579289
wheat,"Fertilizer prices surge amid Iran war, sparking food security ...",2026-03-25 00:00:00,CNBC,Food insecurity warnings as Iran conflict constricts fertilizer supply and prices soar. ... Sanctions on Russian exports added pressure to a market that was ...,https://www.cnbc.com/2026/03/25/fertilizer-price-iran-war-food-security-inflation-urea-potash-nitrogen-farmers.html
wheat,Iran war exposes food security to cascading risks,2026-03-24 00:00:00,Reuters,"... prices in the $290 bln fertiliser market are lower than four years ago. The extent of the supply shock is bigger and broader, making crops from rice to ...",https://www.reuters.com/commentary/breakingviews/iran-war-exposes-food-security-cascading-risks-2026-03-24/
wheat,"EU, Australia seal trade deal as Western countries hedge ...",2026-03-24 00:00:00,CNBC,"The regional war has reignited fears of an energy supply squeeze and inflation shock in Europe, which relies heavily on imported crude oil and natural gas.",https://www.cnbc.com/2026/03/24/eu-australia-trade-deal-trump-tariffs-war-risks.html
wheat,War in Iran threatens fresh food-price shock across ...,2026-03-20 00:00:00,Reuters,War in Iran threatens fresh food-price shock across developing world · Gulf region is major fertiliser producer and transport channel · Some fertiliser prices are ...,https://www.reuters.com/world/middle-east/war-iran-threatens-fresh-food-price-shock-across-developing-world-2026-03-20/
wheat,Rig counts and CFTC positioning data among reports due Friday,2026-03-19 18:00:51,Investing.com,"As traders approach the final session of the trading week, a series of industry indicators and positioning reports that could...",https://www.investing.com/news/stock-market-news/rig-counts-and-cftc-positioning-data-among-reports-due-friday-93CH-4571423
wheat,Philippine jeepney drivers protest as rising fuel prices cut ...,2026-03-19 00:00:00,Reuters,... prices surged because of ​the U.S.-Israel war on Iran. The Reuters Iran ... Browse an unrivalled portfolio of real-time and historical market data and insights ...,https://www.reuters.com/world/asia-pacific/asean-ministers-urge-halt-middle-east-war-crisis-rattles-energy-trade-2026-03-13/
wheat,"Wheat Jumps as Iran War, Wintry Weather Stoke Inflation ...",2026-03-18 00:00:00,Bloomberg,Wheat was climbing as the war in Iran continued to push up oil prices ... HomeBTV+Market DataOpinionAudioOriginalsMagazineEvents. News. MarketsEconomics ...,https://www.bloomberg.com/news/articles/2026-03-18/wheat-jumps-as-iran-war-wintry-weather-stoke-inflation-concerns
wheat,US farmers rush to sell crops as Iran war fuels rally,2026-03-13 10:13:57,Reuters,"By Tom Polansek CHICAGO, March 13 (Reuters) - U.S. grain prices have surged since the Iran war began, triggering a flurry of corn...",https://www.investing.com/news/stock-market-news/us-farmers-rush-to-sell-crops-as-iran-war-fuels-rally-4559359
wheat,Raw Sugar Heads for Fourth Weekly Gain as Brazil Fuel ...,2026-03-13 00:00:00,Bloomberg,Prices have been pressured by a “reassessment of the global supply ... prices amid the war in Iran will prompt Brazil to boost domestic gasoline prices.,https://www.bloomberg.com/news/articles/2026-03-13/raw-sugar-set-for-weekly-gain-with-brazil-fuel-policy-in-focus
wheat,"GDP, JOLTs job openings and core PCE among economic data due Friday",2026-03-12 18:01:10,Investing.com,"As traders approach another pivotal day for financial markets, a series of crucial economic data releases that could sway market...",https://www.investing.com/news/stock-market-news/gdp-jolts-job-openings-and-core-pce-among-economic-data-due-friday-93CH-4557910
wheat,Fertilizer stocks surge as Middle East conflict disrupts global supply,2026-03-12 14:00:45,Investing.com,Investing.com -- Fertilizer stocks rallied sharply in early trading as the escalating Middle East conflict threatens to disrupt...,https://www.investing.com/news/stock-market-news/fertilizer-stocks-surge-as-middle-east-conflict-disrupts-global-supply-4557418
wheat,Iran news: Food prices could rise due to fertilizer shortages,2026-03-11 00:00:00,CNBC,Food prices could rise as Iran conflict disrupts fertilizer supply chain ... The war in Iran could raise global food prices as the conflict disrupts ...,https://www.cnbc.com/2026/03/11/iran-news-food-prices-could-rise-due-to-fertilizer-shortages.html
wheat,"Oil soars 25%, gold drops as Iran war jolts global commodity markets",2026-03-09 04:30:29,Reuters,"By Naveen Thukral SINGAPORE, March 9 (Reuters) - Oil prices surged around 25% on Monday to their highest since mid-2022, with...",https://www.investing.com/news/commodities-news/oil-soars-25-gold-drops-as-iran-war-jolts-global-commodity-markets-4548690
wheat,Crop Prices Jump as War Snarls Trade and Risks ...,2026-03-09 00:00:00,Bloomberg,Palm and soybean oil prices surged and wheat hovered near the highest in almost two ... Crop Prices Jump as War Snarls Trade and Risks Tightening Supply.,https://www.bloomberg.com/news/articles/2026-03-09/chicago-soy-oil-jumps-4-as-crude-s-rally-boosts-biofuel-demand
wheat,"Commodities are having a standout 2026, and this ETF has ...",2026-03-09 00:00:00,CNBC,"... supply based on market pricing. The views expressed herein are solely those of the author. This material should not be construed as a recommendation, or ...",https://www.cnbc.com/2026/03/09/commodities-are-having-a-standout-2026-and-this-etf-has-momentum-on-its-side.html
wheat,"World food prices rebound in February, United Nations’ FAO says",2026-03-06 10:00:31,Reuters,"PARIS, March 6 (Reuters) - World food prices rose in February after falling for five straight months, as higher cereal, meat and...",https://www.investing.com/news/commodities-news/world-food-prices-rebound-in-february-united-nations-fao-says-4546225
wheat,"Italy ready to mitigate economic impact of Iran crisis, minister says",2026-03-05 11:25:21,Reuters,"By Angelo Amante ROME, March 5 (Reuters) - Italy is ready to protect its economy and households from the fallout of the Middle...",https://www.investing.com/news/economy-news/italy-ready-to-mitigate-economic-impact-of-iran-crisis-minister-says-4543448
wheat,"India braces for hotter-than-normal summer, more ...",2026-02-28 00:00:00,Reuters,"Virgin Atlantic Chief Executive Corneel ‌Koster has warned that elevated jet fuel prices are ""here to stay"", and said ​that a prolonged war in ​the Middle East ...",https://www.reuters.com/business/environment/india-likely-see-above-average-temperatures-march-weather-office-says-2026-02-28/
wheat,PPI data highlights economic calendar for Friday,2026-02-26 19:00:35,Investing.com,"As traders approach another pivotal day for financial markets, a series of crucial economic data releases that could sway market...",https://www.investing.com/news/stock-market-news/ppi-data-highlights-economic-calendar-for-friday-93CH-4529232
wheat,"Indonesia may struggle to deliver on new US farm import promises, traders say",2026-02-25 09:19:00,Reuters,"By Bernadette Christina, Dewi Kurniawati and Naveen Thukral JAKARTA/SINGAPORE, Feb 25 (Reuters) - Indonesia could struggle to...",https://www.investing.com/news/commodities-news/indonesia-may-struggle-to-deliver-on-new-us-farm-import-promises-traders-say-4523421
wheat,USDA defends $12 billion subsidy amid farm economy challenges,2026-02-20 21:07:13,Reuters,"By Karl Plume and P.J. Huffstutter ARLINGTON, Virginia/CHICAGO, Feb 20 (Reuters) - As the U.S. Department of Agriculture prepares...",https://www.investing.com/news/commodities-news/usda-defends-12-billion-subsidy-amid-farm-economy-challenges-4517086
wheat,"US farmers to sow more soybeans in 2026, less corn, USDA says",2026-02-19 13:49:39,Reuters,"By Karl Plume WASHINGTON, Feb 19 (Reuters) - U.S. farmers will plant more soybeans and less corn in 2026 than last year, although...",https://www.investing.com/news/commodities-news/us-farmers-to-sow-more-soybeans-in-2026-less-corn-usda-says-4513776
wheat,"Indonesia, US firms sign $38.4 billion in trade, investment deals",2026-02-19 05:54:30,Reuters,"By David Lawder WASHINGTON/JAKARTA, Feb 18 (Reuters) - Indonesian and U.S. companies on Wednesday signed deals worth $38.4...",https://www.investing.com/news/stock-market-news/indonesia-us-firms-sign-over-7-billion-in-trade-investment-deals-4512445
wheat,Ghana Tomato Prices Rise After Jihadist Attack in Burkina ...,2026-02-18 00:00:00,Bloomberg,A tomato stand ... A Wheat Harvest As Crop Futures Sink To Pre-War Levels. Wheat Drops to One ...,https://www.bloomberg.com/news/articles/2026-02-18/ghana-tomato-prices-rise-after-jihadist-attack-in-burkina-faso
wheat,Moderna combo flu/COVID vaccine succeeds in mid-stage ...,2026-02-18 00:00:00,Reuters,"... prices surged due to the Iran war, the International Energy Agency said on ​Tuesday. ... Take a look at China's bond market. 7 hours ago. Electronic board ...",https://www.reuters.com/business/healthcare-pharmaceuticals/health-rounds-moderna-combo-flucovid-vaccine-succeeds-mid-stage-trial-2026-02-18/
wheat,CPI data takes center stage in Friday’s economic calendar,2026-02-12 19:01:01,Investing.com,"As traders approach another pivotal day for financial markets, a series of crucial economic data releases that could sway market...",https://www.investing.com/news/stock-market-news/cpi-data-takes-center-stage-in-fridays-economic-calendar-93CH-4503836
wheat,Farmers protest over U.S.-India trade framework ...,2026-02-12 00:00:00,Reuters,"... prices and hurt rural incomes. Advertisement · Scroll to continue. The deal ... The deal would hurt India's farmers and the poor because of lower tariff barriers, ...",https://www.reuters.com/world/india/around-90-95-indian-farm-products-kept-out-us-deal-indian-trade-minister-says-2026-02-12/
wheat,Ghana Holds Emergency Meeting on Cocoa as Futures ...,2026-02-11 00:00:00,Bloomberg,"Ghana stopped buying cocoa beans after prices of cocoa futures in New York slumped, leaving farmers with about 150,000 tons of stock. The president of Ghana, ...",https://www.bloomberg.com/news/articles/2026-02-11/ghana-holds-emergency-cabinet-meeting-on-cocoa-as-futures-plunge
wheat,"Farmers, Tractors Gather in Madrid to Protest EU-Mercosur ...",2026-02-11 00:00:00,Bloomberg,A Wheat Harvest As Crop Futures Sink To Pre-War Levels. Wheat Drops to One ... HomeBTV+Market DataOpinionAudioOriginalsMagazineEvents. News. Markets ...,https://www.bloomberg.com/news/articles/2026-02-11/farmers-tractors-gather-in-madrid-to-protest-eu-mercosur-deal
wheat,US state tariff bills rise as Trump faces midterms ...,2026-02-11 00:00:00,CNBC,"How Trump's trade war is influencing freight market in 2026: Port of Long Beach. State of Freight. At Saline, Michigan-based Hiblow USA, which specializes in ...",https://www.cnbc.com/2026/02/11/inflation-affordability-trump-tariffs-midterm-elections.html
wheat,Hedge Funds Bet Against Pound as Starmer Crisis Deepens,2026-02-09 00:00:00,Bloomberg,... market moves on Feb. 5. “The pound has traded with EM‑style volatility ... (Updates prices.) Copy Link. Get Alerts for: Following David Finnerty David ...,https://www.bloomberg.com/news/articles/2026-02-09/hedge-funds-ramp-up-bearish-pound-option-bets-on-starmer-and-boe
wheat,Trump speech headlines economic events due Friday,2026-02-05 19:00:28,Investing.com,"As traders approach another pivotal day for financial markets, a series of crucial decisions and economic data releases that could...",https://www.investing.com/news/stock-market-news/trump-speech-headlines-economic-events-due-friday-93CH-4488661
wheat,"Metals, crude oil dive in broad commodities market tumble",2026-02-02 22:49:05,Reuters,"By Naveen Thukral SINGAPORE, Feb 2 (Reuters) - Commodities markets slumped on Monday as a de-escalation of tensions between the...",https://www.investing.com/news/commodities-news/metals-crude-oil-dive-in-broad-commodities-market-tumble-4480399
wheat,Slump in commodities rattles global markets,2026-02-02 06:42:31,Reuters,"By Naveen Thukral SINGAPORE, Feb 2 (Reuters) - Commodities markets slumped on Monday, led by deep losses in gold, silver, oil and...",https://www.investing.com/news/commodities-news/slump-in-commodities-rattles-global-markets-4477829
wheat,PPI data takes center stage in Friday’s economic calendar,2026-01-29 19:00:27,Investing.com,"As traders approach another pivotal day for financial markets, Friday, January 30, 2026, will feature several crucial economic...",https://www.investing.com/news/stock-market-news/ppi-data-takes-center-stage-in-fridays-economic-calendar-93CH-4474243
wheat,China Turns to Cheaper Brazil Soybeans After Meeting US ...,2026-01-27 00:00:00,Bloomberg,US-China Trade War: · US Court Defeat · Soybeans · Port Fees. Back Forward. Markets ... Futures Co. “Brazilian supplies are much cheaper.” US soybeans ...,https://www.bloomberg.com/news/articles/2026-01-27/china-turns-to-cheaper-brazil-soybeans-after-meeting-us-pledge
wheat,Top Chinese officials hold talks with OIC secretary general,2026-01-25 00:00:00,Reuters,The Reuters Iran Briefing newsletter keeps you informed with the latest developments and analysis of the Iran war. ... China's exports set to lose momentum ...,https://www.reuters.com/world/china/top-chinese-officials-hold-talks-with-oic-secretary-general-2026-01-26/
wheat,US-Indonesian trade deal could boost trade four-fold ...,2026-01-23 00:00:00,Reuters,"Last year, the U.S. threatened an additional tariff of 32% on Indonesian exports, but the new deal would lower this to 19%, when it goes into effect. In ...",https://www.reuters.com/world/asia-pacific/davos-us-indonesian-trade-deal-could-boost-trade-four-fold-kadin-chair-says-2026-01-23/
wheat,Services and manufacturing PMI data to headline Friday’s economic calendar,2026-01-22 19:00:30,Investing.com,"As traders approach another pivotal day for financial markets, a series of crucial economic data releases that could sway market...",https://www.investing.com/news/stock-market-news/services-and-manufacturing-pmi-data-to-headline-fridays-economic-calendar-93CH-4461187
wheat,"CNBC Excerpts: CNBC Broadcasts Live from Davos, ...",2026-01-22 00:00:00,CNBC,"I think one of the things that's been a big issue is the price of homes based on the price of construction. The lack of supply has made the prices higher, and ...",https://www.cnbc.com/2026/01/22/cnbc-excerpts-cnbc-broadcasts-live-from-davos-switzerland-today-thursday-january-22.html
wheat,Taiwan says it will lead 'democratic' high-tech supply chain ...,2026-01-19 00:00:00,Reuters,"... war. ... ""In the past we said, 'Taiwan can help',"" Cheng added, referring to Taiwan's past efforts to help the international community during the COVID pandemic ...",https://www.reuters.com/world/asia-pacific/taiwan-says-it-will-lead-democratic-high-tech-supply-chain-with-us-2026-01-20/
wheat,"Syrian forces advance deeper into the US‑backed, Kurdish‑controlled northeast",2026-01-18 14:18:24,Reuters,"By Mahmoud Hasano and Khalil Ashawi TABQA, Jan 18 (Reuters) - Syrian government troops are pushing towards Raqqa and Hasakah in...",https://www.investing.com/news/commodities-news/syrian-forces-advance-deeper-into-the-usbacked-kurdishcontrolled-northeast-4453233
wheat,"Syrian forces seize major oil, gas fields in eastern Syria, security sources say",2026-01-18 12:54:21,Reuters,"Jan 18 (Reuters) - Syrian troops fighting U.S.-backed Kurdish-led forces seized the Omar oil field, the country’s largest, and...",https://www.investing.com/news/commodities-news/syrian-forces-seize-major-oil-gas-fields-in-eastern-syria-security-sources-say-4453203
wheat,"Industrial production, rig count, and CFTC positions highlight Friday’s agenda",2026-01-15 19:00:36,Investing.com,"As traders approach another pivotal day for financial markets, a series of crucial economic indicators are expected on Friday,...",https://www.investing.com/news/stock-market-news/industrial-production-rig-count-and-cftc-positions-highlight-fridays-agenda-93CH-4450430
wheat,"Thai exports seen up 2% to 4% in 2026, shippers' group says",2026-01-11 00:00:00,Reuters,"... war. Sign up here. Rice shipments are likely to slow this year, the council said. Exports, a key driver of Thailand's economy increased 12.6% year-on-year ...",https://www.reuters.com/world/asia-pacific/thai-exports-seen-up-2-4-2026-shippers-group-says-2026-01-12/
wheat,US Agriculture Secretary Suspends Benefit Funds to ...,2026-01-09 00:00:00,Bloomberg,A Wheat Harvest As Crop Futures Sink To Pre-War Levels. Wheat Drops to One ... Fertilizer Prices Still Soaring As US And Iran Agree To Ceasefire. USDA ...,https://www.bloomberg.com/news/articles/2026-01-10/us-agriculture-secretary-suspends-benefit-funds-to-minnesota
wheat,"Jobs report, building permits highlight critical economic data due Friday",2026-01-08 19:00:43,Investing.com,"As traders approach another pivotal day for financial markets, Friday, January 9, 2026, will bring a series of crucial economic...",https://www.investing.com/news/stock-market-news/jobs-report-building-permits-highlight-critical-economic-data-due-friday-93CH-4437940
wheat,Venezuela's stock exchange is a double this week. There ...,2026-01-07 00:00:00,CNBC,"After years of rampant spending, falling oil prices, and heavy U.S. sanctions ... Citigroup upgrades the U.S. stock market, citing 'eventual cessation' of U.S.- ...",https://www.cnbc.com/2026/01/07/venezuelan-stocks-are-up-110percent-this-week-there-may-soon-be-an-etf-to-play-it.html
wheat,"Silver shines in 2025 global market spotlight as softs, oil lag",2025-12-31 04:06:35,Reuters,"By Naveen Thukral and Lucas Liew SINGAPORE, Dec 31 (Reuters) - Precious metals were the standout performers among commodities...",https://www.investing.com/news/commodities-news/silver-shines-in-2025-global-market-spotlight-as-softs-oil-lag-4426138
wheat,"Jobless claims, crude oil inventories to headline Wednesday’s economic data",2025-12-30 19:00:33,Investing.com,"As traders approach another pivotal day for financial markets, a series of crucial decisions and economic data releases that could...",https://www.investing.com/news/stock-market-news/jobless-claims-crude-oil-inventories-to-headline-wednesdays-economic-data-93CH-4425738
wheat,"Wheat Heads for Longest Rally Since April on War, ...",2025-12-24 00:00:00,Bloomberg,Chicago wheat futures headed for the longest rally since April as Black Sea supply risks and weather uncertainties support prices.,https://www.bloomberg.com/news/articles/2025-12-24/wheat-heads-for-longest-rally-since-april-on-war-weather-risks
wheat,Russian attacks on Ukrainian ports cause drop in food ...,2025-12-24 00:00:00,Reuters,"A de facto Russian blockade early in the near four-year-old war worsened a global food shortage. ... DECLINE IN WHEAT, CORN, VEGOIL EXPORTS. According to UAC, as ...",https://www.reuters.com/business/russian-attacks-ukrainian-ports-cause-drop-food-exports-2025-12-24/
wheat,Wheat Rises as Black Sea Attacks Add to Crop-Export ...,2025-12-22 00:00:00,Bloomberg,"Grain and oilseed futures edged up in the US, as attacks on both Ukrainian and Russian infrastructure added to fresh worries over crop exports from the key ...",https://www.bloomberg.com/news/articles/2025-12-22/chicago-wheat-inches-higher-with-russia-ukraine-war-in-focus
wheat,"Wheat, Soybeans Climb on Black Sea Port Attacks, Export ...",2025-12-22 00:00:00,Bloomberg,"Chicago wheat futures climbed as much as 1.7%, the biggest jump in ... “Grain futures are adding back war premium into price,” AgResource Co. said ...",https://www.bloomberg.com/news/articles/2025-12-22/wheat-soybeans-climb-on-black-sea-port-attacks-export-outlook
wheat,Kelly Evans: Silver and wow,2025-12-19 00:00:00,CNBC,"Alcoa, one of his picks, is at a 52-week high today, though still trading around $50 versus $90 at the highs post Covid. Cattle prices--a lead for beef prices ...",https://www.cnbc.com/2025/12/19/kelly-evans-silver-and-wow-.html
wheat,Karen Braun,2025-12-18 00:00:00,Reuters,USDA rundown: Record US corn exports and US biofuel boom. The United States ... Browse an unrivalled portfolio of real-time and historical market data and ...,https://www.reuters.com/authors/karen-braun/
wheat,Five charts that defined agricultural markets in 2025,2025-12-18 00:00:00,Reuters,"Chicago wheat prices ... U.S. soybean market share has been under threat for years, declining sharply following the 2018 trade war with China during President ...",https://www.reuters.com/markets/commodities/five-charts-that-defined-agricultural-markets-2025-2025-12-18/
wheat,Trump unveils $12 billion aid package for farmers hit by ...,2025-12-12 00:00:00,Reuters,The aid package aims to support a loyal voting bloc that has largely stood by Trump despite facing billions in lost sales from his trade war with China.,https://www.reuters.com/world/us/trump-unveil-12-billion-aid-farmers-hit-by-trade-war-white-house-official-says-2025-12-08/
wheat,"Fed Goolsbee speech, rig count data highlight Friday’s economic calendar",2025-12-11 19:01:36,Investing.com,"As traders approach another pivotal day for financial markets, a series of economic data releases that could sway market dynamics...",https://www.investing.com/news/stock-market-news/fed-goolsbee-speech-rig-count-data-highlight-fridays-economic-calendar-93CH-4404217
wheat,Analysis-US farmers say Trump’s $12 billion aid package won’t cover losses,2025-12-10 19:31:15,Reuters,"By Leah Douglas and P.J. Huffstutter WASHINGTON, Dec 10 (Reuters) - U.S. farmers facing steep losses this year welcomed President...",https://www.investing.com/news/commodities-news/analysisus-farmers-say-trumps-12-billion-aid-package-wont-cover-losses-4400545
wheat,US farmers say Trump's $12 billion aid package won't ...,2025-12-10 00:00:00,Reuters,"Farmers face low prices, high costs, lost exports due to trade disputes ... prices and lost export opportunities from his trade war. The aid will help ...",https://www.reuters.com/business/us-farmers-say-trumps-12-billion-aid-package-wont-cover-losses-2025-12-10/
wheat,US Farmers Say $12 Billion Bailout Won't End Industry Slump,2025-12-09 00:00:00,Bloomberg,The reality is that America's agricultural dominance is dwindling. Trump's first trade war resulted in China accelerating a diversion of its supply chain away ...,https://www.bloomberg.com/news/articles/2025-12-08/us-farmers-say-12-billion-bailout-won-t-end-industry-slump
wheat,Trump announces $12 billion aid package for farmers hurt ...,2025-12-08 00:00:00,CNBC,President Donald Trump announced Monday that his administration is doling out a $12 billion aid package to farmers who have been squeezed by a trade war between ...,https://www.cnbc.com/2025/12/08/trump-farmer-aid-trade-tariffs-china.html
wheat,Wynnstay Group reports strong performance ahead of market expectations,2025-12-01 08:06:59,Investing.com,"Investing.com -- Wynnstay Group plc, the agricultural supplies group, announced Monday that its underlying trading results for the...",https://www.investing.com/news/stock-market-news/wynnstay-group-reports-strong-performance-ahead-of-market-expectations-93CH-4382854
wheat,Factbox-Key facts about trading on the CME,2025-11-28 11:25:18,Reuters,(Reuters) -An outage at the world’s biggest exchange operator CME Group on Friday halted trading on its popular currency platform...,https://www.investing.com/news/commodities-news/factboxkey-facts-about-trading-on-the-cme-4381644
wheat,"Soybean oil poised for bullish 2026 as wheat faces pressure, BofA reports",2025-11-25 15:41:31,Investing.com,Investing.com - Bank of America maintained its bearish outlook on wheat and soymeal markets while projecting a strong bullish...,https://www.investing.com/news/commodities-news/soybean-oil-poised-for-bullish-2026-as-wheat-faces-pressure-bofa-reports-93CH-4377754
wheat,Trump’s trade war with China in 2025,2025-11-25 04:42:28,Reuters,By Liz Lee and Shi Bu BEIJING (Reuters) -U.S. President Donald Trump has targeted top economic rival China with a cascade of...,https://www.investing.com/news/stock-market-news/trumps-trade-war-with-china-in-2025-4376402
wheat,"Palm Oil Starts the Week Higher, Tracking Stronger ...",2025-11-23 00:00:00,Bloomberg,"However, market players expect the rise in palm prices to be capped by expectations of growing supply. ... Oil Fund Cayler Posts 18% Gain in March as Iran War ...",https://www.bloomberg.com/news/articles/2025-11-24/palm-oil-starts-the-week-higher-tracking-stronger-soybean-oil
wheat,Manufacturing PMI and services PMI highlight Friday’s economic calendar,2025-11-20 19:00:28,Investing.com,"As traders approach another pivotal day for financial markets, a series of crucial economic data releases that could sway market...",https://www.investing.com/news/stock-market-news/manufacturing-pmi-and-services-pmi-highlight-fridays-economic-calendar-93CH-4371265
wheat,USDA Confirms More Soybean Exports to China and First ...,2025-11-20 00:00:00,Bloomberg,"Wheat Drops to One-Month Low as USDA Boosts US, World Supplies. Fertiliser Production At PhosAgro PJSC. China to Ban Sulfuric Acid Exports as War Hits Supply.",https://www.bloomberg.com/news/articles/2025-11-20/usda-confirms-more-soybean-exports-to-china-and-first-wheat-sale
wheat,Trump’s trade war with China in 2025,2025-11-19 09:18:25,Reuters,"(In November 11 story, fixes hyperlinks for November 6 and 7 entries) By Liz Lee and Shi Bu BEIJING (Reuters) -U.S. President...",https://www.investing.com/news/stock-market-news/trumps-trade-war-with-china-in-2025-4366966
wheat,"Ukraine will not limit wheat exports in 2025/26, says deputy ...",2025-11-19 00:00:00,Reuters,... wheat exports over the past few seasons to prevent a rise in bread prices. ... Middle East war drives up Codelco copper costs in Chile. 18 hours ago. The ...,https://www.reuters.com/business/ukraine-will-not-limit-wheat-exports-202526-says-deputy-minister-2025-11-19/
wheat,India set for record wheat planting as soil moisture and ...,2025-11-18 00:00:00,Reuters,"... prices, and potentially enable New Delhi to permit limited exports of wheat flour. ... war. Sign up here. ""Given the higher soil moisture at this time due ...",https://www.reuters.com/world/china/india-set-record-wheat-planting-soil-moisture-prices-rise-2025-11-18/
wheat,Delayed payments and broken deals put Egypt's state ...,2025-11-13 00:00:00,Reuters,The huge purchases make Egypt one of the world's top wheat importers and a benchmark for global prices. ... Supply Commodities (GASC) in favour of informal ...,https://www.reuters.com/world/africa/delayed-payments-broken-deals-put-egypts-state-grains-buyer-under-scrutiny-2025-11-13/
wheat,China begins limited purchases of U.S. farm goods after ...,2025-11-06 00:00:00,Reuters,"The top market for U.S. farmers, China has turned its vast appetite for crops into a powerful trade war ... tariff. Advertisement · Scroll to continue. SOFT ...",https://www.reuters.com/world/china/china-buys-two-cargoes-us-wheat-after-leaders-meeting-traders-say-2025-11-06/
wheat,Corteva launches two new insect control products for crop protection,2025-11-05 15:22:04,Investing.com,Corteva Inc. (CTVA) announced two new crop protection solutions designed to combat insects that cause an estimated $70 billion in...,https://www.investing.com/news/assorted/corteva-launches-two-new-insect-control-products-for-crop-protection-432SI-4334207
wheat,"China warns of growing foreign espionage in seed, grain ...",2025-11-03 00:00:00,Reuters,"Wheat farm at drought-hit Qian county in Xianyang. Newly harvested wheat grain fall from a combine harvester to a cart, on a wheat field at the drought-hit ...",https://www.reuters.com/world/asia-pacific/china-warns-growing-foreign-espionage-seed-grain-sector-2025-11-03/
wheat,China Seeks to Buy US Wheat for First Time in a Year After ...,2025-11-03 00:00:00,Bloomberg,Wheat futures in Chicago jumped as China seeks its first US shipments ... US-China Trade War: · US Court Defeat · Soybeans · Port Fees. Back Forward. Markets ...,https://www.bloomberg.com/news/articles/2025-11-03/china-seeking-to-buy-american-wheat-for-the-first-time-in-a-year
wheat,Soybeans Extend Rally as US Says China Halts ...,2025-11-03 00:00:00,Bloomberg,... Trade War: US Court Defeat · Soybeans · Port Fees. Back Forward. Markets. Soybeans ... Market DataOpinionAudioOriginalsMagazineEvents. News. MarketsEconomics ...,https://www.bloomberg.com/news/articles/2025-11-03/soybeans-extend-rally-as-us-says-china-halts-retaliatory-tariffs
wheat,Soy Erases Gains as Trump Says Meeting With Xi May Not ...,2025-10-21 00:00:00,Bloomberg,Soybean futures erased earlier gains after US President Donald Trump ... US-China Trade War: · US Court Defeat · Soybeans · Port Fees. Back Forward. Markets ...,https://www.bloomberg.com/news/articles/2025-10-21/soybean-futures-hit-eight-week-high-on-hopes-of-us-china-deal
wheat,"Wheat Falls to Five-Year Low on Ample Supplies, Trade ...",2025-10-13 00:00:00,Bloomberg,"Wheat fell for a fourth day, reaching its lowest level since 2020, on an improved supply outlook and renewed US-China trade tensions ... US-China Trade War: · US ...",https://www.bloomberg.com/news/articles/2025-10-14/wheat-set-for-five-year-low-on-better-supply-outlook-trade-spat
wheat,Podcast: Did Wall Street Just Admit It's a Casino After All?,2025-10-10 00:00:00,Bloomberg,"Now, in addition to betting on wheat futures, you can bet your life savings ... 'Not Our War': NATO Learns to Tell Trump No. For decades, Wall Street ...",https://www.bloomberg.com/news/articles/2025-10-10/podcast-did-wall-street-just-admit-it-s-a-casino-after-all
wheat,Weight-loss drugs and MAHA are hammering US sugar beet farmers,2025-10-08 10:18:55,Reuters,"By Karl Plume CHICAGO (Reuters) -For years, sugar beets were a lifeline for American farmers. More than half of domestically...",https://www.investing.com/news/commodities-news/weightloss-drugs-and-maha-are-hammering-us-sugar-beet-farmers-4276687
wheat,How a US government shutdown would affect USDA data ...,2025-09-30 00:00:00,Reuters,"Market-sensitive commodity data reports released by the U.S. Department ... NASS's monthly Agricultural Prices report, which shows prices that farmers ...",https://www.reuters.com/world/us/how-us-government-shutdown-would-affect-usda-data-nutrition-programs-operations-2025-09-30/
wheat,Russia raises emergency level in major agriculture region,2025-09-28 00:00:00,Reuters,"Global Market Data ... In June, Rostov declared a regional state of agricultural emergency due to drought, which enables farmers to seek compensation for losses.",https://www.reuters.com/business/environment/russia-raises-emergency-level-major-agriculture-region-2025-09-28/
wheat,Argentina resumes export taxes on grains and by-products,2025-09-25 16:19:15,Reuters,BUENOS AIRES (Reuters) -Argentina has reimplemented export taxes on grains and their by-products after temporarily suspending...,https://www.investing.com/news/commodities-news/argentina-reapplies-export-taxes-on-grains-and-byproducts-4254514
wheat,Argentina suspends agro-export taxes to scoop up dollars,2025-09-22 20:00:47,Reuters,By Maximilian Heath and Aida Pelaez-Fernandez BUENOS AIRES (Reuters) -Argentina’s government on Monday temporarily eliminated...,https://www.investing.com/news/forex-news/argentina-suspends-agroexport-taxes-to-scoop-up-dollars-4249850
wheat,Baker Hughes rig count and CFTC data in focus for Friday,2025-09-18 18:00:33,Investing.com,"As traders approach another pivotal day for financial markets on Friday, September 19, 2025, attention will be focused on the...",https://www.investing.com/news/stock-market-news/baker-hughes-rig-count-and-cftc-data-in-focus-for-friday-93CH-4245487
wheat,America's Butter Glut Is Driving Prices to Three-Year Lows,2025-09-17 00:00:00,Bloomberg,"A Wheat Harvest As Crop Futures Sink To Pre-War Levels. Wheat Drops to One-Month Low as USDA Boosts US, World Supplies. Fertilizer Prices Still Soaring As US ...",https://www.bloomberg.com/news/articles/2025-09-17/america-s-butter-glut-is-driving-prices-to-three-year-lows
wheat,General Mills stock rating reiterated at Outperform by RBC despite challenges,2025-09-15 13:51:54,Investing.com,Investing.com - RBC Capital has reiterated its Outperform rating and $63.00 price target on General Mills (NYSE:GIS) despite...,https://www.investing.com/news/analyst-ratings/general-mills-stock-rating-reiterated-at-outperform-by-rbc-despite-challenges-93CH-4238980
wheat,"Consumer sentiment, WASDE report among key economic events due Friday",2025-09-11 18:00:29,Investing.com,"As traders approach another pivotal day for financial markets, a series of crucial economic data releases that could sway market...",https://www.investing.com/news/stock-market-news/consumer-sentiment-wasde-report-among-key-economic-events-due-friday-93CH-4235898
wheat,US Farm Trade Deficit Widens to New Record as Imports ...,2025-09-08 00:00:00,Bloomberg,A Wheat Harvest As Crop Futures Sink To Pre-War Levels. Wheat Drops to One ... Trump Trade War Looms Over Canadian Town Built To Supply America. Top ...,https://www.bloomberg.com/news/articles/2025-09-08/us-farm-trade-deficit-widens-to-new-record-as-imports-surge
wheat,"World food prices at more than two-year high, FAO says",2025-09-05 09:55:15,Reuters,"PARIS (Reuters) -World food prices hovered around their highest level in more than two years in August, as costlier meat, sugar...",https://www.investing.com/news/commodities-news/world-food-prices-at-more-than-twoyear-high-fao-says-4226205
wheat,"BofA model favors gasoline and gold, underweights Brent in latest commodity outlook",2025-09-04 09:55:12,Investing.com,"Investing.com - Bank of America’s latest commodity model indicates investors should overweight gasoline, gasoil, soybean meal, and...",https://www.investing.com/news/stock-market-news/bofa-model-favors-gasoline-and-gold-underweights-brent-in-latest-commodity-outlook-93CH-4223682
wheat,Australia regulator fines SocGen unit $2.5 million over ...,2025-09-02 00:00:00,Reuters,"... wheat futures markets. An investigation by the Australian Securities and ... market, allowed two of its clients to place 33 suspicious orders between ...",https://www.reuters.com/sustainability/boards-policy-regulation/australia-regulator-fines-socgen-unit-25-million-over-suspicious-futures-orders-2025-09-02/
wheat,Lithium's Volatile Summer Is No Guarantee of a Recovery,2025-08-25 00:00:00,Bloomberg,The sector was already benefitting from a post-pandemic rejigging of supply ... trade war with the US. Ukraine claimed a drone strike on Russia's Baltic ...,https://www.bloomberg.com/news/newsletters/2025-08-25/lithium-s-volatile-summer-in-china-is-no-guarantee-of-recovery
wheat,Grains Rise on Stronger-Than-Expected Demand for US ...,2025-08-21 00:00:00,Bloomberg,"Read More: US Farmers Facing Double Whammy of Trade War and Bumper Crops ... The Galp Energia Sines refinery plant in Sines, Portugal. Galp Curbs Diesel Exports ...",https://www.bloomberg.com/news/articles/2025-08-21/grains-rise-on-stronger-than-expected-demand-for-us-supplies
wheat,"Historic drought, wheat shortage to test Syria's new ...",2025-08-18 00:00:00,Reuters,"Russia scales back wheat exports following Assad ouster. DUBAI, Aug 18 (Reuters) - Syria faces a potential food crisis after the worst drought in 36 years ...",https://www.reuters.com/world/middle-east/historic-drought-wheat-shortage-test-syrias-new-leadership-2025-08-18/
wheat,Deere warns of bigger tariff hit after quarterly profit declines,2025-08-14 17:10:36,Reuters,By Nathan Gomes (Reuters) -Deere & Co reported a drop in third-quarter profit on Thursday and warned of a bigger tariff hit than...,https://www.investing.com/news/stock-market-news/deeres-thirdquarter-profit-falls-4191361
wheat,Corn futures tumble following WASDE report,2025-08-12 16:27:51,Investing.com,Investing.com -- Corn futures plunged Tuesday after the USDA’s latest World Agricultural Supply and Demand Estimates (WASDE)...,https://www.investing.com/news/commodities-news/corn-futures-tumble-following-wasde-report-4185863
wheat,World's Top Rice Buyer Philippines Halts Imports for 60 Days,2025-08-06 00:00:00,Bloomberg,... prices as the top buyer of the grain pulls back from the market ... A Wheat Harvest As Crop Futures Sink To Pre-War Levels. Wheat Drops to One ...,https://www.bloomberg.com/news/articles/2025-08-06/philippines-world-s-top-rice-buyer-halts-imports-for-60-days
wheat,Crop Trader ADM Cuts Outlook as Trade Uncertainty Persists,2025-08-05 00:00:00,Bloomberg,Traders are wrestling with the potential effects of President Donald Trump's tariffs on exports of everything from soy to wheat. ... The Iran War Has Finally ...,https://www.bloomberg.com/news/articles/2025-08-05/crop-trader-adm-cuts-outlook-as-trade-uncertainty-persists
wheat,Morning Bid: Tariff day hits as Amazon stumbles,2025-08-01 00:00:00,Reuters,... futures and global bourses took a dimmer view of the whole picture ... shock from soaring prices triggered by the Iran war. Legalcategory · Financial ...,https://www.reuters.com/business/finance/global-markets-view-usa-2025-08-01/
wheat,Kerry Group Passes Costs On to Customers as Tariffs Start ...,2025-07-30 00:00:00,Bloomberg,Tariff Concerns Drive Global Food Prices to Two-Year High · Restaurants ... Kerrygold Butter Maker Slows Its US Investment on Tariff War. Copy Link. Get ...,https://www.bloomberg.com/news/articles/2025-07-30/kerry-group-passes-costs-on-to-customers-as-tariffs-start-to-hit
wheat,A Looming Dairy Drought Will Stunt the World's Growth,2025-07-20 00:00:00,Bloomberg,"In New Zealand, often likened to the Saudi Arabia of dairy thanks to its dominance in exports ... That dairy drought will push prices beyond the reach of those ...",https://www.bloomberg.com/opinion/articles/2025-07-20/a-looming-dairy-drought-will-stunt-the-world-s-growth
wheat,Bangladesh signs U.S. wheat-import deal in bid to curb ...,2025-07-20 00:00:00,CNBC,... supply of high-quality wheat at competitive prices but also strengthen trade ties between the two nations. ... market. Bangladesh imports around 7 million ...,https://www.cnbc.com/2025/07/20/bangladesh-signs-us-wheat-import-deal-in-bid-to-curb-tariff-pressure.html
wheat,Bangladesh Plans to Purchase US Wheat as Tariff Threat ...,2025-07-20 00:00:00,Bloomberg,The Iran War Has Finally Shattered America's World. by Hal Brands. Retail ... HomeBTV+Market DataOpinionAudioOriginalsMagazineEvents. News. Markets ...,https://www.bloomberg.com/news/articles/2025-07-21/bangladesh-plans-to-purchase-us-wheat-as-tariff-threat-looms
wheat,Hedge Funds Take Aim at Small Cap Stocks After Torrid ...,2025-07-17 00:00:00,Bloomberg,"... trade war ... More broadly, net exposure to Russell 2000 futures sits near its lowest in a year, even as investors' futures bets on the Nasdaq 100 Index are near ...",https://www.bloomberg.com/news/articles/2025-07-17/hedge-funds-take-aim-at-small-cap-stocks-after-torrid-rally
wheat,"Factbox-Agreements between US, Indonesian firms in leadup to trade deal",2025-07-16 07:21:00,Reuters,JAKARTA (Reuters) -U.S. President Donald announced a trade agreement with Indonesia that would see Washington lower its tariff...,https://www.investing.com/news/stock-market-news/factboxagreements-between-us-indonesian-firms-in-leadup-to-trade-deal-4136961
wheat,US Ice Cream Makers Pledge to Remove Artificial Colors ...,2025-07-14 00:00:00,Bloomberg,Will DHS Chaos Red-Card the World Cup? A Wheat Harvest As Crop Futures Sink To Pre-War Levels ... Cotton Retreats As China Covid Cases Threaten Demand.,https://www.bloomberg.com/news/articles/2025-07-14/ice-cream-makers-pledge-to-remove-artificial-colors-by-2028
wheat,EU awaits Trump letter as markets digest latest tariff salvo,2025-07-11 00:00:00,Reuters,"... tariff war in recent days. The EU initially hoped to strike a comprehensive ... Gold prices, meanwhile, rose for a third straight session on higher ...",https://www.reuters.com/world/china/eu-waits-trump-letter-markets-digest-latest-tariff-salvo-2025-07-11/
wheat,Russia orders measures to boost agriculture exports after ...,2025-07-10 00:00:00,Reuters,"... market prices, a move seen as potentially helping exports. Russia is expecting its grain harvest to rise 4% to 135 million tons in 2025 despite drought in ...",https://www.reuters.com/markets/europe/russia-orders-measures-boost-agriculture-exports-after-wheat-sales-fall-july-2025-07-10/
wheat,Bank of England Warns of Gilts Risk From Hedge Fund ...,2025-07-09 00:00:00,Bloomberg,"The British central bank said in its twice-yearly Financial Stability Report that hedge funds had been building up influence in the gilt market, and their rapid ...",https://www.bloomberg.com/news/articles/2025-07-09/boe-warns-of-growing-risks-from-hedge-fund-leverage-in-gilts
wheat,Indonesia's top negotiator to visit US ahead of tariff ...,2025-07-07 00:00:00,Reuters,The largest economy in Southeast Asia is facing a 32% tariff on its goods exports to the U.S. ... The United States is Indonesia's second-largest export market ...,https://www.reuters.com/markets/emerging/indonesias-top-negotiator-visit-us-monday-ahead-tariffs-deadline-official-says-2025-07-07/
wheat,EU agrees deal on food trade with Ukraine,2025-06-30 00:00:00,Reuters,"... invasion to help the country compensate for the higher costs of its exports via the EU, after Russia threatened its traditional Black Sea shipping lanes.",https://www.reuters.com/markets/commodities/eu-agrees-initial-food-trade-deal-with-ukraine-2025-06-30/
wheat,War and Food Prices Could Heat Up Powell's Summer,2025-06-18 00:00:00,Bloomberg,That helps to explain a recent rise in the futures market: War Surge ... Our bias is with the low probability of a Corn Belt supply shock versus the ...,https://www.bloomberg.com/opinion/newsletters/2025-06-19/war-and-food-prices-could-heat-up-powell-s-summer
wheat,"EU reimposes pre-war agri duties on Ukraine, seeks ...",2025-06-06 00:00:00,Reuters,"Those tariff suspensions expired on Thursday. The EU and Ukraine reverted to the pre-war regime of trade quotas on Friday, while the two sides negotiate a new ...",https://www.reuters.com/world/europe/new-eu-ukraine-agri-trade-quotas-be-in-between-current-deal-wartime-exemptions-2025-06-06/
wheat,Return of Ukraine wheat and barley curbs gives small ...,2025-06-06 00:00:00,Reuters,"... war. Advertisement · Scroll to continue. The quotas should shift Ukraine's exports away from Europe and keep more EU wheat at home, though the price benefit ...",https://www.reuters.com/markets/commodities/return-ukraine-wheat-barley-curbs-gives-small-boost-eu-farmers-2025-06-06/
wheat,Bank of America Securities sees near-term weakness in Brent; upside in gold,2025-06-03 11:20:17,Investing.com,"Investing.com - Bank of America has adjusted its commodity portfolio strategy for the next one-month horizon.
With the recent...",https://www.investing.com/news/commodities-news/bank-of-america-securities-sees-nearterm-weakness-in-brent-upside-in-gold-4077664
wheat,US farmers say Brazil keeps edge in China’s soy market despite trade truce,2025-05-13 15:42:01,Reuters,By Tom Polansek CHICAGO (Reuters) - A surprising tariff pause between Beijing and Washington will not help U.S. farmers revive...,https://www.investing.com/news/stock-market-news/us-farmers-say-brazil-still-has-edge-in-chinas-soybean-market-despite-trade-truce-4041070
wheat,Egg Prices Fall to $5 a Dozen in the US From Record Highs,2025-05-13 00:00:00,Bloomberg,... shock ... A Wheat Harvest As Crop Futures Sink To Pre-War Levels. Wheat Drops to One ...,https://www.bloomberg.com/news/articles/2025-05-13/egg-prices-plummet-18-from-records-as-supplies-improve
wheat,"Exclusive-China buys Canadian, Australian wheat as heat hits crop, traders say",2025-05-09 21:46:03,Reuters,"By Michael Hogan, Peter Hobson and Gus Trompiz HAMBURG/CANBERRA/PARIS (Reuters) -Chinese buyers bought between 400,000 and...",https://www.investing.com/news/commodities-news/exclusivechina-buys-canadian-australian-wheat-as-heat-hits-crop-traders-say-4037606
wheat,Tight Wheat Supply Leaves Prices at Mercy of Any Weather ...,2025-05-09 00:00:00,Bloomberg,"The market is also keeping an eye on demand prospects amid uncertainty over how the trade war will affect US exports, especially to China. ... A Wheat Harvest As ...",https://www.bloomberg.com/news/articles/2025-05-09/tight-wheat-supply-leaves-prices-at-mercy-of-any-weather-shocks
wheat,Bunge posts Q1 profit beat as tariff-fueled uncertainty lifts demand,2025-05-07 17:46:18,Reuters,By Karl Plume CHICAGO (Reuters) -Grain trader and processor  Bunge  (NYSE:BG) Global said on Wednesday its first-quarter profit...,https://www.investing.com/news/stock-market-news/bunge-beats-firstquarter-profit-estimates-driven-by-high-processing-margins-4027574
wheat,"World food prices increase in April, UN's FAO says",2025-05-02 00:00:00,Reuters,"Global Market Data · Rates & Bonds ... invasion of Ukraine. For cereals, FAO's price index rose 1.2% from March as wheat prices edged up due to tighter exports ...",https://www.reuters.com/markets/commodities/corrected-world-food-prices-increase-april-uns-fao-says-2025-05-02/
wheat,Funds hold bullish corn and soybean bets steady as trade talks await clarity: Braun,2025-04-28 11:31:18,Reuters,"By Karen Braun NAPERVILLE, ILLINOIS (Reuters) -Speculators held on to bullish bets in Chicago corn and soybeans last week in...",https://www.investing.com/news/commodities-news/columnfunds-hold-bullish-corn-and-soybean-bets-steady-as-trade-talks-await-clarity-braun-4006015
wheat,"Trade war, tariffs 'full-blown crisis already,' U.S. farm ...",2025-04-28 00:00:00,CNBC,"U.S. agriculture isn't nearing a trade war tariff crisis, it's in a 'full ... supply chain as ""demurrage,"" when fees are charged for delayed movement ...",https://www.cnbc.com/2025/04/28/trade-war-tariffs-full-blown-crisis-us-farm-exporters-say.html
wheat,Panic in Pakistan as India vows to cut off water supply over ...,2025-04-27 00:00:00,Reuters,The Reuters Iran Briefing newsletter keeps you informed with the latest developments and analysis of the Iran war. ... crisis and in 2017 for the Bangladesh Bank ...,https://www.reuters.com/world/asia-pacific/panic-pakistan-india-vows-cut-off-water-supply-over-kashmir-2025-04-27/
wheat,"Kentucky farmers hit by one-two punch of trade war, historic floods",2025-04-24 10:19:03,Reuters,"By Julie Ingwersen and Karl Plume GLENDALE, Kentucky (Reuters) - Kentucky farmer Drew Langley got an early start planting...",https://www.investing.com/news/commodities-news/kentucky-farmers-hit-by-onetwo-punch-of-trade-war-historic-floods-4000857
wheat,Indonesia to import more from the U.S. to narrow trade ...,2025-04-24 00:00:00,CNBC,"This comes after the country was hit with a 32% levy on exports to the U.S. by President Donald Trump on April 2. ... tariff barriers"" such as its ...",https://www.cnbc.com/2025/04/24/indonesia-to-import-more-from-the-us-to-narrow-trade-surplus-minister.html
wheat,Exclusive-Argentina bumper wheat harvest could hit record if export tax cuts extended,2025-04-15 20:27:14,Reuters,"By Maximilian Heath BUENOS AIRES (Reuters) - Argentina’s major Buenos Aires grains exchange, already forecasting a bumper wheat...",https://www.investing.com/news/forex-news/exclusiveargentina-bumper-wheat-harvest-could-hit-record-if-export-tax-cuts-extended-3986698
wheat,US Will Impose 21% Tariff on Mexican Tomatoes Starting ...,2025-04-15 00:00:00,Bloomberg,... trade war. A Tomato Harvest As Pandemic Challenges Demand And Supply Chain. A ... Top Reads. Cancun Airport During The Covid-19 Pandemic. Mexico's Low ...,https://www.bloomberg.com/news/articles/2025-04-14/us-to-impose-21-tariff-on-mexican-tomatoes-starting-july-14-m9hp4l7w
wheat,China Loads Up on Brazilian Soybeans as Trade War ...,2025-04-11 00:00:00,Bloomberg,But as the tariff war between the two has rapidly escalated — testing ... Egg shock | US inflation may have cooled last month but egg prices are still ...,https://www.bloomberg.com/news/newsletters/2025-04-11/global-food-roundup-china-snaps-up-brazilian-soy-as-trade-war-escalates
wheat,"Asian buyers shun US farm goods, hit by ship crunch and trade war",2025-04-09 07:10:58,Reuters,By Naveen Thukral SINGAPORE (Reuters) - Asian buyers are reducing purchases of U.S. agricultural goods as Washington's planned...,https://www.investing.com/news/commodities-news/asian-buyers-shun-us-farm-goods-hit-by-ship-crunch-and-trade-war-3975698
wheat,What retaliatory tariffs could mean for U.S. farmers?,2025-04-06 09:30:02,Investing.com,Investing.com -- The latest wave of U.S. tariffs has raised concerns about a renewed trade war and potential ripple effects across...,https://www.investing.com/news/stock-market-news/what-retaliatory-tariffs-could-mean-for-us-farmers-3967673
wheat,"French, Algerian ties 'back to normal', France says after talks",2025-04-06 00:00:00,Reuters,The relationship between the two countries is scarred by the trauma of the 1954-1962 war ... Browse an unrivalled portfolio of real-time and historical market ...,https://www.reuters.com/world/france-algeria-resume-dialogue-rocky-path-ahead-2025-04-06/
wheat,By the numbers: The erosion of US grain export dominance,2025-04-03 00:00:00,Reuters,"Brazil now accounts for 55% of global soybean exports versus 39% a decade ago, a period including the first U.S. trade war with China, when Beijing reduced ...",https://www.reuters.com/markets/commodities/by-numbers-erosion-us-grain-export-dominance-braun-2025-04-02/
wheat,Black Sea deal unlikely to boost Russian food exports in short-term,2025-03-26 17:45:42,Reuters,By Gleb Bryanski MOSCOW (Reuters) - A potential deal to ease restrictions on Russia’s access to international agricultural...,https://www.investing.com/news/commodities-news/black-sea-deal-unlikely-to-boost-russian-food-exports-in-shortterm-3950096
wheat,Russia defends position in grain and fertilizer markets,2025-03-25 11:17:24,Investing.com,Investing.com -- Russia has asserted its intention to maintain its position in the grain and fertilizer markets. The statement was...,https://www.investing.com/news/stock-market-news/russia-defends-position-in-grain-and-fertilizer-markets-93CH-3946788
wheat,"India eyes tariff cuts on $23 billion of U.S. imports, to shield ...",2025-03-25 00:00:00,CNBC,"India eyes tariff cuts on $23 billion of U.S. imports to shield $66 billion in exports, Reuters reports ... tariff, given their dependence on the U.S. market. The ...",https://www.cnbc.com/2025/03/25/india-eyes-tariff-cuts-on-23-billion-of-us-imports-to-shield-66-billion-in-exports.html
wheat,US not prepared to win economic war against China-built ...,2025-03-24 00:00:00,CNBC,"... market, they say, where ... Now, it is being continued by the Trump administration as part of the president's widening global economic and trade war ...",https://www.cnbc.com/2025/03/24/us-not-prepared-to-win-economic-war-against-china-built-containerships.html
wheat,"Index funds could double record sales of agricultural futures amid recession fears, research provider says",2025-03-11 14:45:59,Reuters,"NEW YORK (Reuters) - Index funds, the biggest participants in the commodities markets, last week sold a record amount of...",https://www.investing.com/news/commodities-news/index-funds-could-double-record-sales-of-agricultural-futures-amid-recession-fears-research-provider-says-3921312
wheat,How Trump's trade policy is putting pressure on U.S. farmers,2025-03-11 00:00:00,CNBC,"That trade war has caused lasting damage. To this day, the U.S. has yet to fully recover its loss in market share of soybean exports to China, the world's ...",https://www.cnbc.com/2025/03/11/how-trumps-trade-policy-is-putting-pressure-on-us-farmers.html
wheat,China hits back at Canada with fresh agriculture tariffs,2025-03-08 00:00:00,Reuters,"... trade war largely driven by U.S. President Donald Trump's tariff threats. The levies, announced by the commerce ministry and scheduled to take effect on ...",https://www.reuters.com/markets/china-announces-retaliatory-tariffs-some-canada-farm-food-products-2025-03-08/
wheat,Factbox-Trump’s China tariffs trigger retaliation against U.S. farm products,2025-03-04 06:25:47,Reuters,By Mei Mei Chu BEIJING (Reuters) - China has decreased its reliance on imports of U.S. farm goods since the trade war during...,https://www.investing.com/news/commodities-news/factboxtrumps-china-tariffs-trigger-retaliation-against-us-farm-products-3904608
wheat,China Raises Grain Output Target as Trade Tensions ...,2025-03-04 00:00:00,Bloomberg,"... trade war with the US ... Domestic prices are near multi-year lows on ample supplies and weak demand, prompting the government to limit imports from ...",https://www.bloomberg.com/news/articles/2025-03-05/china-raises-grain-output-target-as-trade-tensions-escalate
wheat,"US farmers face higher costs, fewer markets from tariffs, ...",2025-03-04 00:00:00,Reuters,"For red meat, Canada, Mexico and China accounted for $8.4 billion in U.S. exports last year, according to the U.S. Meat Export Federation. ""Tariff wars are ...",https://www.reuters.com/markets/us/us-farmers-face-higher-costs-fewer-markets-tariffs-farm-groups-warn-2025-03-04/
wheat,"India braces for scorching March, wheat crop at risk, ...",2025-02-27 00:00:00,Reuters,Indian wheat prices jumped to a record high this month due to dwindling supplies. ... Airlines urge EU to step in as Iran war chokes jet fuel supply. 9 hours ago.,https://www.reuters.com/world/india/india-braces-scorching-march-wheat-crop-risk-sources-say-2025-02-27/
wheat,Funds snap long buying streak in Chicago corn and soybeans: Braun,2025-02-18 12:31:10,Reuters,"By Karen Braun NAPERVILLE, Illinois (Reuters) -Last week, speculators were net sellers of Chicago corn and soybeans for the first...",https://www.investing.com/news/commodities-news/columnfunds-snap-long-buying-streak-in-chicago-corn-and-soybeans-braun-3872706
wheat,"Morocco's livestock hit by consecutive droughts, agriculture ...",2025-02-13 00:00:00,Reuters,"... prices stable in the domestic market. So far this year, Morocco has imported ... US crude futures fall over $1 as traders weigh supply risks · Permian ...",https://www.reuters.com/world/africa/moroccos-livestock-hit-by-consecutive-droughts-agriculture-minister-says-2025-02-13/
wheat,Is China ending its stint as major global grain importer? -Braun,2025-02-12 12:33:05,Reuters,"By Karen Braun CHICAGO (Reuters) -China giveth, China taketh away.  Agricultural exporters around the world know this feeling all...",https://www.investing.com/news/commodities-news/columnis-china-ending-its-stint-as-major-global-grain-importer-braun-3863265
wheat,Funds push bullish CBOT corn bets to highest since April 2022: Braun,2025-02-10 12:30:52,Reuters,"By Karen Braun NAPERVILLE, Illinois (Reuters) -“Funds bought corn” is perhaps becoming a broken record for U.S. grain markets,...",https://www.investing.com/news/commodities-news/columnfunds-push-bullish-cbot-corn-bets-to-highest-since-april-2022-braun-3857931
wheat,"Exclusive-US food purchases for foreign aid halted despite waiver, sources say",2025-02-05 13:46:05,Reuters,"By Lisa Baertlein, Leah Douglas and Tom Polansek (Reuters) - The U.S. has stopped purchases for foreign food aid programs since...",https://www.investing.com/news/commodities-news/exclusiveus-food-purchases-for-foreign-aid-halted-despite-waiver-sources-say-3850287
wheat,"China has delayed or redirected 600,000 tons of wheat imports, sources say",2025-02-05 06:31:54,Reuters,"By Naveen Thukral and Peter Hobson SINGAPORE/CANBERRA (Reuters) - China has delayed imports of up to 600,000 metric tons of...",https://www.investing.com/news/commodities-news/china-has-delayed-or-redirected-600000-tons-of-wheat-imports-sources-say-3849517
wheat,Factbox-US agricultural exports/imports threatened by Trump trade actions,2025-02-03 16:50:40,Reuters,"By Karl Plume and P.J. Huffstutter CHICAGO (Reuters) -U.S. President Donald Trump on Saturday ordered sweeping tariffs on Mexico,...",https://www.investing.com/news/commodities-news/factboxus-agricultural-exportsimports-threatened-by-trump-trade-actions-3846084
wheat,Unprecedented clash forms between funds' CBOT corn and wheat views -Braun,2025-02-03 12:31:44,Reuters,"By Karen Braun NAPERVILLE, Illinois (Reuters) -The recent buildup of speculators’ massively bullish Chicago corn bets has been...",https://www.investing.com/news/commodities-news/columnunprecedented-clash-forms-between-funds-cbot-corn-and-wheat-views-braun-3844134
wheat,"Facing Trump tariffs on piglets and crops, Canadian farmers revise sales plans",2025-01-31 11:21:16,Reuters,"By Ed White WINNIPEG, Manitoba (Reuters) - Canadian farmers are renegotiating livestock contracts with U.S. buyers and finding...",https://www.investing.com/news/commodities-news/facing-trump-tariffs-on-piglets-and-crops-canadian-farmers-revise-sales-plans-3842132
wheat,"CME Group to launch micro grain, oilseed futures in 2025",2025-01-31 09:51:32,Investing.com,"CME Group announced its plan to introduce a new suite of micro grain and oilseed futures contracts, aiming to provide additional...",https://www.investing.com/news/commodities-news/cme-group-to-launch-micro-grain-oilseed-futures-in-2025-93CH-3841911
wheat,"Facing Trump tariffs on piglets and crops, Canadian ...",2025-01-31 00:00:00,Reuters,"""The market for our pigs is in the USA, not here in Canada."" If the U.S. ... tariff hit is lower. Canadian farmers and companies that sell livestock ...",https://www.reuters.com/markets/commodities/facing-trump-tariffs-piglets-crops-canadian-farmers-revise-sales-plans-2025-01-31/
wheat,Argentina Slashes Export Taxes to Rescue Drought-Hit ...,2025-01-24 00:00:00,Bloomberg,... drought and low global prices. The government of President Javier Milei cut tariffs on exports of soy meal and oil to 24.5% from 31%. ... Market DataOpinion ...,https://www.bloomberg.com/news/articles/2025-01-23/argentina-cuts-export-taxes-to-salvage-harvest-struck-by-drought
wheat,Will USDA data dump spoil the bullish party for corn? -Braun,2025-01-10 12:34:05,Reuters,"By Karen Braun NAPERVILLE, Illinois (Reuters) -If anything can derail a price rally, it is a curveball from the U.S. Department...",https://www.investing.com/news/commodities-news/columnwill-usda-data-dump-spoil-the-bullish-party-for-corn-braun-3805653
wheat,"Cocoa tops global commodities rally for 2nd year, steel ingredients struggle on China demand",2024-12-31 05:30:28,Reuters,By Naveen Thukral and Florence Tan SINGAPORE (Reuters) - Cocoa and coffee are poised to close 2024 as the biggest gainers among...,https://www.investing.com/news/economy-news/cocoa-tops-global-commodities-rally-for-2nd-year-steel-ingredients-struggle-on-china-demand-3792244
wheat,Cocoa Ends 2024 With Huge Gains Amid Supply Fears ...,2024-12-31 00:00:00,Bloomberg,"... supply fears and market volatility ... That low futures liquidity added to the wild swings, with prices moving more than a thousand dollars on some of the ...",https://www.bloomberg.com/news/articles/2024-12-31/cocoa-ends-2024-with-huge-gains-amid-supply-fears-and-thin-trade
wheat,Exclusive: Egypt secures wheat needs through June 2025,2024-12-27 00:00:00,Reuters,"... Supply Commodities (GASC) was the country's strategic grains buyer. ... market, as well as a lack of clarity regarding terms of procurement. ""We cannot ...",https://www.reuters.com/markets/commodities/egypts-mostakbal-misr-secures-1267-mln-tons-mostly-russian-wheat-sources-say-2024-12-27/
wheat,BCOMXAG:IND | Bloomberg Commodity ex-Agriculture Index,2024-12-17 00:00:00,Bloomberg,"It excludes futures contracts on coffee, corn, cotton, soybeans, soybean oil, sugar and wheat ... What the US-Iran war means for commodity markets and portfolios.",https://www.bloomberg.com/professional/products/indices/quote/BCOMXAG:IND
wheat,Exclusive-Russian grain exports to Syria suspended due to uncertainty,2024-12-13 14:38:02,Reuters,"By Olga Popova, Gleb Stolyarov and Jonathan Saul MOSCOW/LONDON (Reuters) - Russian wheat supplies to Syria have been suspended...",https://www.investing.com/news/commodities-news/exclusiverussian-grain-exports-to-syria-suspended-due-to-uncertainty-about-the-future-sources-say-3771475
wheat,Trump Trade War to Hurt US Farmers More as China Turns ...,2024-12-11 00:00:00,Bloomberg,"The Chinese cotton and textile supply chain is “radically different” than during the 2018 trade war, said Walter Kunisch, a senior commodities market strategist ...",https://www.bloomberg.com/news/articles/2024-12-11/trump-trade-war-to-hurt-us-farmers-more-as-china-turns-to-brazil
wheat,Messing With Farmers Is a Dangerous Game,2024-12-05 00:00:00,Bloomberg,Did 401(k) 'Innovation' Just Get Set Up to Fail? The US Labor Market Is Still in a Vulnerable Place ... Strait Of Hormuz Remains Focal Point In Iran-U.S. War.,https://www.bloomberg.com/opinion/articles/2024-12-06/labour-s-inheritance-tax-clash-with-farmers-is-a-dangerous-game
wheat,Cargill begins job cuts in drive to reduce headcount by 5%,2024-12-04 16:22:31,Reuters,By Tom Polansek CHICAGO (Reuters) -Global commodities trader Cargill began laying off employees across its vast operations on...,https://www.investing.com/news/commodities-news/cargill-to-terminate-about-475-employees-in-minnesota-3751849
wheat,Food prices are at a one year high: here's what may get ...,2024-12-04 00:00:00,CNBC,"... Covid-19 pandemic,"" Rabobank's analysts wrote in a recent report. 3 ... When Trump takes office in January, there may be a ""renewed trade war"" with ...",https://www.cnbc.com/2024/12/05/food-prices-are-at-a-one-year-high-heres-what-may-get-more-expensive.html
wheat,"Commodities trading giant Cargill plans to cut around 8,000 jobs",2024-12-03 04:45:43,Reuters,"By Amy Lv, Naveen Thukral and Tony Munroe (Reuters) -Global trading house Cargill said on Tuesday it plans to cut around 5% of...",https://www.investing.com/news/economy-news/cargill-plans-to-cut-around-5-of-global-employees-internal-memo-says-3750267
wheat,Five factors that will affect the outlook for commodities in 2025,2024-11-30 10:30:00,Investing.com,"Investing.com -- The outlook for commodities in 2025 hinges on five key factors, as mentioned by analysts at BofA Securities in...",https://www.investing.com/news/stock-market-news/five-factors-that-will-affect-the-outlook-for-commodities-in-2025-3742517
wheat,Flour millers face supply crunch as wheat farmers tighten grip on stocks,2024-11-21 05:46:35,Reuters,By Naveen Thukral and Renee Hickman SINGAPORE/CHICAGO (Reuters) - Wheat growers in several exporting countries are reluctant to...,https://www.investing.com/news/economy-news/flour-millers-face-supply-crunch-as-wheat-farmers-tighten-grip-on-stocks-3733877
wheat,Flour millers face supply crunch as wheat farmers tighten ...,2024-11-20 00:00:00,Reuters,"Along with lack of supply from farmers, high interest rates have deterred millers from stocking up on wheat, leaving them exposed if prices rise. ""Lower supply ...",https://www.reuters.com/markets/commodities/flour-millers-face-supply-crunch-wheat-farmers-tighten-grip-stocks-2024-11-21/
wheat,"Indian farmers, short on time, burn crop waste despite toxic ...",2024-11-19 00:00:00,Reuters,"Airlines urge EU to step in as Iran war chokes jet fuel supply · Trump says US has plenty of jet fuel for Europe, market disagrees. 9 hours ago Climate ...",https://www.reuters.com/world/india/indian-farmers-short-time-burn-crop-waste-despite-toxic-smog-2024-11-19/
wheat,Russian farmers ditch wheat for other crops after heavy ...,2024-11-19 00:00:00,Reuters,The country's wheat harvest will decline to 83 million tons this year due to frosts and drought ... Others are waiting to see how global wheat prices perform in ...,https://www.reuters.com/markets/commodities/russian-farmers-ditch-wheat-other-crops-after-heavy-losses-2024-11-20/
wheat,"How China reduced its reliance on US farm imports, softening trade war risks",2024-11-13 03:09:41,Reuters,By Mei Mei Chu BEIJING (Reuters) - Since the U.S. and China imposed tit-for-tat tariffs in their trade war during Donald Trump's...,https://www.investing.com/news/commodities-news/how-china-reduced-its-reliance-on-us-farm-imports-softening-trade-war-risks-3718617
wheat,Factbox-US farm exports to China at risk from Trump's tariff threat,2024-11-07 09:04:36,Reuters,"By Mei Mei Chu BEIJING (Reuters) - Chinese imports of U.S. farm goods, which have slowed since the trade war during Donald...",https://www.investing.com/news/commodities-news/factboxus-farm-exports-to-china-at-risk-from-trumps-tariff-threat-3707630
wheat,Metals sell off after US election Trump win while oil ...,2024-11-06 00:00:00,Reuters,The galvanising metal prices declined as China's steel industries could face headwinds as Trump pledged to boost local U.S. manufacturing. The copper market is ...,https://www.reuters.com/markets/commodities/commodities-under-pressure-likely-trump-win-us-presidential-race-2024-11-06/
wheat,North Korea's Choe accuses US and South ...,2024-11-01 00:00:00,Reuters,Choe said North Korea was committed to helping Russia in its war with Ukraine which she said Moscow would win. ... Protracted Hormuz crisis could trigger agrifood ...,https://www.reuters.com/world/asia-pacific/north-koreas-choe-accuses-us-south-korea-plotting-nuclear-strike-against-her-2024-11-01/
wheat,China pivot from US farm imports bolsters it against trade ...,2024-11-01 00:00:00,Reuters,China pivot from US farm imports bolsters it against trade war risks · Trade tensions loom with upcoming U.S. election · China diversifies farm imports to reduce ...,https://www.reuters.com/markets/commodities/china-pivot-us-farm-imports-bolsters-it-against-trade-war-risks-2024-11-01/
wheat,"US winter wheat health among worst-ever, stumping analysts",2024-10-29 00:00:00,Reuters,"Israel and Hamas at War · Japan · Middle East · Ukraine and Russia at War ... market. Drought has intensified since mid-year across the United States, but ...",https://www.reuters.com/markets/commodities/us-winter-wheat-health-among-worst-ever-stumping-analysts-2024-10-29/
wheat,"BRICS leaders tout joint finance, trade projects at Russian ...",2024-10-23 00:00:00,Reuters,"... sanctions. ""We welcome the use of local currencies in financial ... IMF downgrades global growth outlook as Iran war hits prices - as it happened.",https://www.reuters.com/markets/commodities/russias-putin-outlines-brics-grain-exchange-proposal-2024-10-23/
wheat,UN food agency failed to act as U.S. aid was looted in ...,2024-10-18 00:00:00,Reuters,"Hundreds of thousands died as a result of starvation caused by drought and conflict. The hunger crisis was publicized by “Live Aid,” a trans-atlantic concert in ...",https://www.reuters.com/investigates/special-report/famine-aid-ethiopia/
wheat,Takeaways from China's latest war games around Taiwan,2024-10-15 00:00:00,Reuters,"Protracted Hormuz crisis could trigger agrifood catastrophe, UN food agency says ... Browse an unrivalled portfolio of real-time and historical market data and ...",https://www.reuters.com/world/asia-pacific/takeaways-chinas-latest-war-games-around-taiwan-2024-10-15/
wheat,Exclusive: Russia sets price floor for wheat at international ...,2024-10-11 00:00:00,Reuters,"""The Russian government appears to be taking a serious course to reduce wheat exports; it seems they want to keep Russian bread prices down,"" another trader ...",https://www.reuters.com/markets/commodities/russia-sets-price-floor-wheat-international-tenders-sources-say-2024-10-11/
wheat,Exclusive-Iraq set to pay high price for bumper wheat harvest,2024-10-10 10:22:06,Reuters,"By Sarah El Safty and Muayad Kenany DUBAI/NAJAF, Iraq (Reuters) - A bumper harvest and a hefty grain surplus in Iraq, typically...",https://www.investing.com/news/commodities-news/exclusiveiraq-set-to-pay-high-price-for-bumper-wheat-harvest-3657186
wheat,Here's the inflation breakdown for September 2024,2024-10-10 00:00:00,CNBC,"Individual food items have their own unique supply-and-demand dynamics that can affect pricing. For example, egg prices rose by more than 8% from August to ...",https://www.cnbc.com/2024/10/10/inflation-cpi-september-2024-in-one-chart.html
wheat,"Exclusive-Algeria bars France from wheat import tender as relations sour, sources say",2024-10-09 17:41:48,Reuters,By Gus Trompiz and Michael Hogan PARIS (Reuters) - Algeria excluded French companies from a wheat import tender this week and...,https://www.investing.com/news/commodities-news/exclusivealgeria-bars-france-from-wheat-import-tender-as-relations-sour-sources-say-3656220
wheat,Russia expands Baltic ports as it eyes new grain markets,2024-09-30 08:47:02,Reuters,"(This Sept. 26 story has been corrected to fix the company name to Novotrans, not Novaport, in paragraph 6) By Olga Popova and...",https://www.investing.com/news/stock-market-news/russia-expands-baltic-ports-as-it-eyes-new-grain-markets-3638863
wheat,Extreme Weather Around the World Risks Boosting Food Bills,2024-09-30 00:00:00,Bloomberg,Surging Crop Prices. Index has biggest monthly gain in two years. Source: Bloomberg. Wheat futures in Chicago climbed in September on concerns that poor ...,https://www.bloomberg.com/news/articles/2024-09-30/wheat-coffee-sugar-other-food-prices-are-rising-due-to-bad-weather
wheat,Russia expands Baltic ports as it eyes new grain markets,2024-09-26 10:15:37,Reuters,"By Olga Popova and Gleb Stolyarov MOSCOW (Reuters) - Russia, the world's leading wheat exporter, is expanding its Baltic Sea...",https://www.investing.com/news/stock-market-news/russia-expands-baltic-ports-as-it-eyes-new-grain-markets-3633384
wheat,Wheat Extends Gains on Tight Supply Outlook Due to Poor ...,2024-09-23 00:00:00,Bloomberg,"The market is now supplied with both the old and new crop, according to a note from Guangda Futures on Monday, with end-users pausing buying amid general demand ...",https://www.bloomberg.com/news/articles/2024-09-23/wheat-extends-gains-on-tight-supply-outlook-due-to-poor-weather
wheat,Japan's Struggle With Rice Inflation to Continue After Harvest,2024-09-23 00:00:00,Bloomberg,... supply will do little to tame higher prices ... Cancun Airport During The Covid-19 Pandemic. Mexico's Low-Cost Airlines Are Merging in a Deal That Raises ...,https://www.bloomberg.com/news/articles/2024-09-23/japan-s-struggle-with-rice-inflation-to-continue-after-harvest
wheat,China forgoes US corn despite slowdown in Brazilian ...,2024-09-19 00:00:00,Reuters,"... prices are low. Additionally, the recent downtick in China's corn ... The 2018 trade war only served to strengthen Brazil's ties with China in the ...",https://www.reuters.com/markets/commodities/china-forgoes-us-corn-despite-slowdown-brazilian-shipments-2024-09-19/
wheat,Cuba slashes size of daily bread ration as ingredients run ...,2024-09-17 00:00:00,Reuters,"Still, many Cubans, who earn around 4648 pesos a month, or around $15, can scarcely afford to shop for more expensive bread on the private market, leaving them ...",https://www.reuters.com/world/americas/cuba-slashes-size-daily-bread-ration-ingredients-run-thin-2024-09-16/
wheat,Rede Partners Set to Open Dubai Office to Tap Mideast ...,2024-09-13 00:00:00,Bloomberg,... market for private credit. Dubai's stock exchange recently launched a ... Turtle said the impact of a further decline in oil prices — that've fallen 16 ...,https://www.bloomberg.com/news/articles/2024-09-13/rede-partners-set-to-open-dubai-office-to-tap-mideast-investors
wheat,Ghana Raises Cocoa Farmers' Pay by 45% as Bank Loan ...,2024-09-11 00:00:00,Bloomberg,The latest farmgate prices remain well below the international market and ... Cancun Airport During The Covid-19 Pandemic. Mexico's Low-Cost Airlines ...,https://www.bloomberg.com/news/articles/2024-09-11/ghana-raises-cocoa-farmers-pay-by-45-as-bank-loan-stalls
wheat,The Backyard Pool for Nature Lovers,2024-09-06 00:00:00,Bloomberg,... market. Yagi — known as Makar in China — has maximum sustained winds of 125 ... The Iran War Has Finally Shattered America's World. by Hal Brands.,https://www.bloomberg.com/news/newsletters/2024-09-06/the-backyard-pool-for-nature-lovers
wheat,Core Argentine farmland will likely see dry weather ...,2024-09-05 00:00:00,Reuters,"... war. Sign up here. Argentina is a global grains supplier, exporting large quantities of processed soybeans, corn and wheat, with sales providing much-needed ...",https://www.reuters.com/world/americas/core-argentine-farmland-will-likely-see-dry-weather-following-recent-storms-2024-09-05/
wheat,Improved Crush Margins in China Seen Spurring Soybean ...,2024-09-04 00:00:00,Bloomberg,"That's the lowest in 18 years outside the 2018-2019 period affected by a trade war, and down 47% from a year ago. But a recent drop in futures — to a four ...",https://www.bloomberg.com/news/articles/2024-09-04/improved-crush-margins-in-china-seen-spurring-soybean-demand
wheat,Used Tractors and Thrifty Growers Dominate Biggest US ...,2024-08-30 00:00:00,Bloomberg,"Back in 2022, farmers couldn't find a new combine as prices for corn, soybeans and wheat soared due to disruptions in the wake of Russia's invasion of Ukraine.",https://www.bloomberg.com/news/articles/2024-08-30/used-tractors-and-thrifty-growers-dominate-biggest-us-farm-show
wheat,Exclusive: Egypt's Sisi ordered huge wheat purchase ...,2024-08-29 00:00:00,Reuters,"Exclusive: Egypt's Sisi ordered huge wheat purchase fearing new supply crisis, sources say ... market for more when prices are low. Reporting by Sarah El ...",https://www.reuters.com/world/africa/egypts-sisi-ordered-huge-wheat-purchase-fearing-new-supply-crisis-sources-say-2024-08-29/
wheat,Global commodities' biggest winners and losers this year,2024-08-19 00:00:00,CNBC,"The global commodities market has been volatile this year, with prices remaining largely elevated. Orange juice and cocoa futures surged to record highs ...",https://www.cnbc.com/2024/08/20/global-commodities-biggest-winners-and-losers-this-year.html
wheat,Most households can weather a $400 financial shock ...,2024-08-19 00:00:00,CNBC,"Most households can weather a $400 financial shock, research finds — but some have to get creative ... Higher prices have made it more difficult for Americans to ...",https://www.cnbc.com/2024/08/19/most-households-can-weather-moderate-expense-shocks-research-finds.html
wheat,Black Sea Grain Exports and Egypt's Wheat Appetite,2024-08-16 00:00:00,Bloomberg,... prices and bring in vital income for Kyiv. Ukraine Continues Exports Via Multiple Routes as War Continues ... Like Supply Lines? Don't keep it to yourself ...,https://www.bloomberg.com/news/newsletters/2024-08-16/supply-chain-latest-ukraine-grain-exports-and-egypt-s-wheat-purchases
wheat,No Major Disruption After Ukraine Grain Facility Hit By Missile,2024-08-15 00:00:00,Bloomberg,"Ukraine is a major producer of wheat and corn, with previous delays to exports roiling the grains market. Odesa port is a key export hub, as the majority of ...",https://www.bloomberg.com/news/articles/2024-08-15/louis-dreyfus-odesa-grain-site-hit-sees-no-major-disruption
wheat,Small US Inflation Pickup Won't Derail a Fed Rate Cut ...,2024-08-11 00:00:00,Bloomberg,"... market, which is showing greater signs of slowing. The July jobs report ... Some forecasters are also flagging an upside risk to goods prices given higher ...",https://www.bloomberg.com/news/articles/2024-08-10/fed-rate-cuts-small-us-inflation-pickup-won-t-derail-a-september-move
wheat,Ukraine boosts grain exports despite intensified Russian ...,2024-08-11 00:00:00,Reuters,"Despite last month's stronger sales, overall exports for the 2024/25 season are expected to fall because of unfavourable weather and the war's impact, the ASAP ...",https://www.reuters.com/markets/commodities/ukraine-boosts-grain-exports-despite-intensified-russian-attacks-2024-08-12/
wheat,Cooling prices chill drive to add wheat acres in US Corn Belt,2024-07-17 10:36:07,Reuters,By Julie Ingwersen CHICAGO (Reuters) - A Biden administration drive to increase U.S. wheat plantings after the Ukraine war is...,https://www.investing.com/news/commodities-news/cooling-prices-chill-drive-to-add-wheat-acres-in-us-corn-belt-3522431
wheat,Nigeria to suspend taxes on certain food imports to curb rising prices,2024-07-08 17:05:36,Reuters,By MacDonald Dzirutwe LAGOS (Reuters) - Nigeria plans to suspend taxes on certain food imports including wheat and maize for...,https://www.investing.com/news/economy-news/nigeria-to-suspend-taxes-on-certain-food-imports-to-curb-rising-prices-3510606
wheat,Global Food Roundup: Crisis Grain Stockpile Highlights ...,2024-07-05 00:00:00,Bloomberg,"In recent years, supply chains have been hit by shocks such as the Covid pandemic, Russia's war in Ukraine, crop-export bans, shipping disruptions and erratic ...",https://www.bloomberg.com/news/newsletters/2024-07-05/global-food-roundup-crisis-grain-stockpile-highlights-food-worries
wheat,La Nina threatens Latin America with hurricanes and ...,2024-07-03 00:00:00,Reuters,"The Reuters Iran Briefing newsletter keeps you informed with the latest developments and analysis of the Iran war. Sign up here. La Nina, a climate pattern that ...",https://www.reuters.com/world/americas/la-nina-threatens-latin-america-with-hurricanes-droughts-experts-say-2024-07-02/
wheat,Brazilian Hedge Funds Shake Mexican Markets Post-Election,2024-07-01 00:00:00,Bloomberg,"In the rate futures market, Genoa, Kinea, Vinland and Ibiuna — the Sao Paulo ... Cancun Airport During The Covid-19 Pandemic. Mexico's Low-Cost Airlines ...",https://www.bloomberg.com/news/articles/2024-07-01/hedge-fund-whales-rocking-latin-america-are-exposed-in-mexico
wheat,"Stocks inch up, bond yields dip; inflation data ahead",2024-06-27 21:46:30,Reuters,"By Caroline Valetkevitch NEW YORK (Reuters) -Global stock indexes edged higher on Thursday, while U.S. Treasury yields declined...",https://www.investing.com/news/economy-news/asia-stocks-down-yen-slump-keeps-markets-on-intervention-alert-3498593
wheat,India's worsening water crisis will hurt credit strength,2024-06-27 00:00:00,CNBC,"Droughts in August tightened sugar supply, pushing prices in Maharashtra and Karnataka up to six-year highs, Moody's said. Get a weekly roundup of news from ...",https://www.cnbc.com/2024/06/27/indias-worsening-water-crisis-will-hurt-credit-strength-moodys.html
wheat,"Stock market news for June 27, 2024",2024-06-27 00:00:00,CNBC,"... Covid-19 pandemic, according to JPMorgan retail analyst Matthew Boss. ""It's ... Wheat futures are down 11% so far in 2024. Stock chart icon. hide ...",https://www.cnbc.com/2024/06/26/stock-market-today-live-updates.html
wheat,CNBC's Inside India newsletter: Onion could be holding ...,2024-06-27 00:00:00,CNBC,"The drought last year and the ongoing heatwave, which CNBC has previously reported on, have disrupted the supply of staple foods such as grains and vegetables.",https://www.cnbc.com/2024/06/27/cnbcs-inside-india-newsletter-onion-could-be-holding-indias-economy-hostage.html
wheat,Norway Begins Stockpiling Grain,2024-06-25 13:30:53,Yolowire.com,"yolowire.com - The Norwegian government has announced that is stockpiling Grain, saying that ongoing war in Europe and climate...",https://www.investing.com/news/commodities-news/norway-begins-stockpiling-grain-3495597
wheat,Record Rainfall In U.K. And France Threatens Wheat Crop,2024-06-20 14:00:56,Yolowire.com,yolowire.com - Record rainfall is threatening wheat crops in the United Kingdom (U.K.) and France with potential implications for...,https://www.investing.com/news/commodities-news/record-rainfall-in-uk-and-france-threatens-wheat-crop-3490165
wheat,Farmers' financial pain spills from Kansas wheat fields to Main Streets,2024-06-18 11:07:06,Reuters,"By Heather Schlitz SMITH CENTER, Kansas (Reuters) - In a tiny town surrounded by miles of rippling wheat fields, Brady Peterson's...",https://www.investing.com/news/commodities-news/farmers-financial-pain-spills-from-kansas-wheat-fields-to-main-streets-3488288
wheat,Egypt's Extreme Heat Is Ominous Warning for Global ...,2024-06-11 00:00:00,Bloomberg,... prices. The country only recently secured the bailout in the form of investments and aid packages. Egypt's Hot Temperatures Warning For Blistering Global ...,https://www.bloomberg.com/news/features/2024-06-12/egypt-early-heat-wave-is-ominous-warning-for-economies-trade
wheat,Dry Russian Weather Boosts Wheat Prices in Food Inflation ...,2024-06-06 00:00:00,Bloomberg,"Dry Russian Weather Boosts Wheat Prices in Food Inflation Threat. Bumper harvests have capped futures in recent years, but bad conditions are now pushing them ...",https://www.bloomberg.com/news/newsletters/2024-06-06/dry-russian-weather-pushes-up-wheat-in-food-inflation-threat
wheat,Wheat Jumps Most Since War in Ukraine Due to Weather ...,2024-05-31 00:00:00,Bloomberg,Bad Weather and War Are Straining the World's Wheat Supply · Russia Crops Flip ... It managed to boost exports via its Black Sea ports almost to pre-war levels in ...,https://www.bloomberg.com/news/articles/2024-05-31/wheat-jumps-most-since-war-in-ukraine-due-to-weather-swings
wheat,"Russia, India set to spark major swing in global wheat ...",2024-05-31 00:00:00,Reuters,... wheat prices were high. Indian wheat exports and imports. SUPPLY CONTRACTION. USDA's initial 2024-25 outlooks published ...,https://www.reuters.com/markets/commodities/russia-india-set-spark-major-swing-global-wheat-balance-2024-05-31/
wheat,"Investors should reduce risk says BCA, sees 'a new bout of global instability'",2024-05-22 12:07:02,Investing.com,"Investors should consider reducing risk and transitioning toward more defensive assets, markets and sectors as recent geopolitical...",https://www.investing.com/news/stock-market-news/investors-should-reduce-risk-says-bca-sees-a-new-bout-of-global-instability-3451895
wheat,Russian wheat shortfall a boon to US exporters of ... corn?,2024-05-22 00:00:00,Reuters,"... wheat prices ... Most-active Chicago wheat futures have climbed almost 24% in the last five weeks, the largest five-week climb since Russia invaded ...",https://www.reuters.com/markets/commodities/russian-wheat-shortfall-boon-us-exporters-corn-2024-05-22/
wheat,Australian trial of gene-edited wheat aims for 10% bigger ...,2024-05-22 00:00:00,Reuters,"""Potentially we could be looking to have products in the market in around 2028. ... Read Next. 18 hours ago. Middle East war drives up Codelco copper costs in ...",https://www.reuters.com/markets/commodities/australian-trial-gene-edited-wheat-aims-10-bigger-yields-2024-05-23/
wheat,"Stock market news for May 22, 2024",2024-05-22 00:00:00,CNBC,"Chicago wheat futures hit a high of 716.75 cents, as concerns mounted over harvests in Russia and Vietnam. Prices eased a bit after peaking and were last up 0.8 ...",https://www.cnbc.com/2024/05/21/stock-market-today-live-updates.html
wheat,US Wheat Comes to Rescue Market Plagued by Russian ...,2024-05-20 00:00:00,Bloomberg,US Wheat Comes to Rescue Market Plagued by Russian Shortfall. Annual crop tour see Kansas wheat harvest topping USDA outlook; Benchmark prices have jumped more ...,https://www.bloomberg.com/news/articles/2024-05-20/kansas-wheat-tour-shows-crop-set-to-rescue-market-plagued-by-russia-shortfall
wheat,"JPMorgan's Australia arm fined $509,000 for allowing suspicious client orders",2024-05-09 01:45:50,Reuters,"(Reuters) - JPMorgan's Australian arm has been fined A$775,000 ($509,252.50) for allowing suspicious client orders to be placed...",https://www.investing.com/news/stock-market-news/jpmorgans-australia-arm-fined-509000-for-allowing-suspicious-client-orders-3430426
wheat,Weather and War Strain Wheat Supply and Risk Higher ...,2024-05-09 00:00:00,Bloomberg,"Bad Weather and War Are Straining the World's Wheat Supply. Futures are near eight-month high as crop risks spook traders; Rain, drought and heat are ...",https://www.bloomberg.com/news/articles/2024-05-09/weather-and-war-strain-wheat-supply-and-risk-higher-food-prices
wheat,US sends warship through Taiwan Strait ahead of ...,2024-05-08 00:00:00,Reuters,Russia calls for joint food reserves with BRICS to counter Middle East crisis risks ... Browse an unrivalled portfolio of real-time and historical market data and ...,https://www.reuters.com/world/asia-pacific/us-sends-warship-through-taiwan-strait-ahead-presidential-inauguration-2024-05-09/
wheat,Morning Bid: Rates relief; harvest gloom,2024-05-07 04:40:28,Reuters,A look at the day ahead in European and global markets from Tom Westbrook Gilts and London stocks were poised to catch up with...,https://www.investing.com/news/stock-market-news/morning-bid-rates-relief-harvest-gloom-3423106
wheat,"Exclusive: India's Modi, chasing reform legacy, shifts ...",2024-05-07 00:00:00,Reuters,"What's more, Modi banned exports of wheat, rice and onions when prices rose to contain domestic inflation, which hurt farmer incomes. Last week, India ...",https://www.reuters.com/world/india/indias-modi-chasing-reform-legacy-shifts-income-goals-struggling-farmers-2024-05-08/
wheat,Global food prices may finally see a bottom in 2024: Oxford ...,2024-04-22 00:00:00,CNBC,Farmers ramped up production of both wheat and corn grains following higher prices after Russia began its invasion of Ukraine in 2022. ... market could drive a ...,https://www.cnbc.com/2024/04/23/global-food-prices-may-finally-see-a-bottom-in-2024-oxford-economics.html
wheat,Analysis-US wheat farmers face bleak crop economics as grain oversupply hits,2024-04-17 13:36:24,Reuters,By Heather Schlitz (Reuters) - Profit is growing further out of reach for U.S. wheat farmers and many do not expect to break even...,https://www.investing.com/news/commodities-news/analysisus-wheat-farmers-face-bleak-crop-economics-as-grain-oversupply-hits-3381762
wheat,US wheat farmers face bleak crop economics as grain ...,2024-04-17 00:00:00,Reuters,Profit is growing further out of reach for US wheat farmers and many do not expect to break even in 2024 as ample global supply keeps prices around their ...,https://www.reuters.com/markets/commodities/us-wheat-farmers-face-bleak-crop-economics-grain-oversupply-hits-2024-04-17/
wheat,Cocoa Falls as Rally Loses Steam and Farmers Get Pay ...,2024-04-04 00:00:00,Bloomberg,Analysts see market closer to turning point after bull cycle; Prospects ... prices more than double in a matter of months on acute supply concerns. Futures ...,https://www.bloomberg.com/news/articles/2024-04-04/cocoa-slumps-as-farmer-pay-hikes-boost-supply-outlook
wheat,"Egypt: UAE, IMF Rescue Betrays Depth of Economic Crisis",2024-03-24 00:00:00,Bloomberg,An economic crisis that has been building for years has now reached a tipping point with war next door in Gaza and heightened threats to stability in the Middle ...,https://www.bloomberg.com/news/features/2024-03-25/egypt-uae-imf-rescue-betrays-depth-of-economic-crisis
wheat,Egypt to allocate $2.66 bln for bread subsidies in new budget,2024-03-19 00:00:00,Reuters,The Reuters Iran Briefing newsletter keeps you informed with the latest developments and analysis of the Iran war. ... prices to nearly 60 million Egyptians out ...,https://www.reuters.com/world/africa/egypt-allocate-266-bln-bread-subsidies-fy-20242025-budget-finance-minister-2024-03-19/
wheat,"Farmers, oil drillers in parched Alberta brace for water ...",2024-03-18 00:00:00,Reuters,"... wheat and canola harvests, much of which it exports. Irrigation to grow ... prices after the war in the Middle East cut oil supply. Sustainability ...",https://www.reuters.com/business/environment/farmers-oil-drillers-parched-alberta-brace-water-shortage-2024-03-18/
wheat,Breaking Down the UAE's Big $35 Billion Investment in Egypt,2024-03-18 00:00:00,Bloomberg,"... shock of Covid, the war in Ukraine and the surge in wheat prices. We know ... market and didn't increase exports. In the 2000s, before the 2011 ...",https://www.bloomberg.com/news/articles/2024-03-18/transcript-why-the-uae-is-pumping-35-billion-into-egypt-odd-lots
wheat,"Exclusive-Chinese buyers cancel, postpone Australian wheat buys amid global surplus",2024-03-14 10:00:49,Reuters,By Naveen Thukral SINGAPORE (Reuters) -Chinese wheat importers have cancelled or postponed about one million metric tons of...,https://www.investing.com/news/commodities-news/exclusivechinese-buyers-cancel-postpone-australian-wheat-buys-amid-global-surplus-3337229
wheat,"Argentina downpour drenches crop fields, flash floods in ...",2024-03-12 00:00:00,Reuters,"The Reuters Iran Briefing newsletter keeps you informed with the latest developments and analysis of the Iran war. ... Last season, a drought caused a smaller ...",https://www.reuters.com/world/americas/argentina-downpour-drenches-crop-fields-flash-floods-buenos-aires-2024-03-12/
wheat,India's farmer protest fuels opposition hopes of denting ...,2024-02-29 00:00:00,Reuters,"Sluggish farm exports, rising debt indicate deepening crisis; Modi likely to ... Currently the government offers minimum purchase prices only for wheat ...",https://www.reuters.com/world/india/indias-farmer-protest-fuels-opposition-hopes-denting-modis-appeal-2024-02-29/
wheat,Explainer: How climate change affects Europe's farmers,2024-02-14 00:00:00,Reuters,"... prices to cheap food imports ... Europe's farmers are already suffering under increasing heat, drought and flooding - the same impacts some green policies are ...",https://www.reuters.com/business/environment/how-climate-change-affects-europes-farmers-2024-02-14/
wheat,India's Inflation Slows to 3-Month Low on Easing Food Costs,2024-02-12 00:00:00,Bloomberg,"The supply side interventions should continue to provide respite in food prices, she said. ... To tame prices, his administration has curbed exports of wheat, ...",https://www.bloomberg.com/news/articles/2024-02-12/india-s-inflation-slows-to-3-month-low-on-easing-food-costs
wheat,"Exclusive-Ukraine plans same 2024 sowing area as 2023, has concerns on wheat quality -minister",2024-02-09 10:42:09,Reuters,"By Pavel Polityuk KYIV (Reuters) - Ukraine expects its 2024 spring sowing area to be the same as last year, though it could see a...",https://www.investing.com/news/commodities-news/exclusiveukraine-plans-same-2024-sowing-area-as-2023-has-concerns-on-wheat-quality-minister-3298756
wheat,Australia records its 8th warmest year as climate change ...,2024-02-07 00:00:00,Reuters,"... wheat yields, crashing livestock prices and boosting meat exports. ... World Bank chief sounds alarm about looming jobs crisis even after war ends · World ...",https://www.reuters.com/world/asia-pacific/australia-records-its-8th-warmest-year-climate-change-lifts-temperatures-2024-02-08/
wheat,Attacks on ships in the Red Sea are disrupting global trade. ...,2024-01-28 00:00:00,CNBC,"Attacks on ships in the Red Sea are delivering another shock to global trade, coming on top of pandemic-related logjams at ports and Russia's invasion of ...",https://www.cnbc.com/2024/01/28/attacks-in-the-red-sea-are-hurting-trade-how-it-can-affect-buying.html
wheat,Former ED&F Traders Kick Off Sugar Firm's Launch With ...,2024-01-24 00:00:00,Bloomberg,... ED&F Man Holdings Ltd. traders agreed to buy operations of Chicago's Pullman Sugar LLC as part of its entry into the North American sweetener market.,https://www.bloomberg.com/news/articles/2024-01-24/former-ed-f-traders-kick-off-launch-of-sugar-firm-with-acquisition
wheat,Australia set to harvest bigger crops after rains defy El Nino,2024-01-23 05:46:07,Reuters,By Peter Hobson CANBERRA (Reuters) - Australia is poised to produce much more wheat and other crops this year than previously...,https://www.investing.com/news/commodities-news/australia-set-to-harvest-bigger-crops-after-rains-defy-el-nino-3280224
wheat,Hedge Funds Rake in Big Profits Betting on Catastrophe Risk,2024-01-21 00:00:00,Bloomberg,"... market for insurance-linked securities. Those deals brought the total ... Tiger Global, Viking Pummeled Last Month Amid War in Iran. Top Reads. Markets ...",https://www.bloomberg.com/news/articles/2024-01-21/hedge-funds-rake-in-record-profits-betting-on-catastrophe-risk
wheat,Corn and wheat prices diverge amid global demand and weather forecasts,2024-01-17 22:36:54,Investing.com,"CHICAGO - In the latest commodity market movements, corn futures remained steady while wheat prices experienced a slight uptick,...",https://www.investing.com/news/commodities-news/corn-and-wheat-prices-diverge-amid-global-demand-and-weather-forecasts-93CH-3276737
wheat,Cattle Prices in Australia Rebound as Rains Revitalize ...,2024-01-16 00:00:00,Bloomberg,Sydney's Historic Chinese Market Gardens. Australia Acts to Secure Urea Amid Supply Risk From Iran War. Oil Tankers in Singapore. Australia Turns to Asia for ...,https://www.bloomberg.com/news/articles/2024-01-17/cattle-prices-in-australia-rebound-as-rains-revitalize-pastures
wheat,Global Food Roundup: Red Sea Fears and Pricier Chocolate,2024-01-05 00:00:00,Bloomberg,Charted Territory · China's Brandy Imports Increased During Pandemic Years · Today's Must Reads · On the Bloomberg Terminal · Like Supply Lines? · More From ...,https://www.bloomberg.com/news/newsletters/2024-01-05/food-threat-from-red-sea-ship-attacks-and-chocolate-prices
wheat,Shares dip to cap stellar year; Treasuries end volatile 2023 flat,2023-12-29 21:46:43,Reuters,By Lawrence Delevingne and Alun John (Reuters) -Global shares pulled back on the last trading day of the year but notched their...,https://www.investing.com/news/stock-market-news/shares-dip-to-cap-stellar-year-treasuries-end-volatile-2023-flat-3264538
wheat,"Strong gains for cocoa, iron ore in 2023 as energy prices dip",2023-12-29 05:40:41,Reuters,"By Naveen Thukral and Florence Tan SINGAPORE (Reuters) - Cocoa and iron ore prices surged in 2023, while natural gas and coal...",https://www.investing.com/news/commodities-news/strong-gains-for-cocoa-iron-ore-in-2023-as-energy-prices-dip-3264543
wheat,"Global 2024 staple food supplies to be strained by dry weather, export curbs",2023-12-27 02:05:53,Reuters,By Naveen Thukral SINGAPORE (Reuters) -High food prices in recent years have prompted farmers worldwide to plant more cereals and...,https://www.investing.com/news/commodities-news/global-2024-staple-food-supplies-to-be-strained-by-dry-weather-export-curbs-3263359
wheat,Global 2024 staple food supplies to be strained by dry ...,2023-12-26 00:00:00,Reuters,"... market by buying larger volumes of wheat and corn form the international market. ... ""The (wheat) supply situation in the current 2023/24 crop year is ...",https://www.reuters.com/world/global-2024-staple-food-supplies-be-strained-by-dry-weather-export-curbs-2023-12-26/
wheat,Citadel Sees Departure of Four Portfolio Managers,2023-12-12 00:00:00,Bloomberg,"Tiger Global, Viking Pummeled Last Month Amid War in Iran. updated 2 hours ... HomeBTV+Market DataOpinionAudioOriginalsMagazineEvents. News. Markets ...",https://www.bloomberg.com/news/articles/2023-12-12/citadel-s-scheer-among-four-money-managers-to-leave-hedge-fund
wheat,Argentina's Milei Devalues Peso by 54% in First Batch of ...,2023-12-12 00:00:00,Bloomberg,... shock-therapy program ... More From Bloomberg. Market Reaction Following Milei Election Win. Argentina to Maintain Gas Prices in Shift for Free-Market Milei. _.,https://www.bloomberg.com/news/articles/2023-12-12/argentina-s-milei-devalues-peso-by-54-in-first-batch-of-shock-measures
wheat,The Money Food Badly Needs for Climate Fight Is Rolling In,2023-12-10 00:00:00,Bloomberg,"Supercharging crop seeds to better withstand drought. Breeding cows that ... supply chains, an important step for the private sector. It also mentions ...",https://www.bloomberg.com/news/articles/2023-12-10/food-gets-funding-for-climate-change-fight-during-cop28
wheat,"Lebanon buys about 30,000 metric tons wheat from Ukraine- traders",2023-12-07 18:55:47,Reuters,"HAMBURG (Reuters) - The Lebanese government is believed to have purchased about 30,000 metric tons of milling wheat in a tender...",https://www.investing.com/news/commodities-news/lebanon-buys-about-30000-metric-tons-wheat-from-ukraine-traders-3251948
wheat,"Argentine election may boost farmer spending, grain prices -biotech firm Bioceres",2023-11-21 19:12:07,Reuters,"By Tom Polansek (Reuters) - Argentina's farmers may be more willing to spend money on seeds and other agricultural products,...",https://www.investing.com/news/commodities-news/argentine-election-may-boost-farmer-spending-grain-prices-biotech-firm-bioceres-3240468
wheat,Indian farmers rack up carbon credits with climate- ...,2023-11-21 00:00:00,Reuters,"He expects to be among the first tranche of Indian farmers to receive payments from the carbon market. ... After years of war with Russia, Ukraine's farmers are ...",https://www.reuters.com/world/indian-farmers-rack-up-carbon-credits-with-climate-conscious-ways--trfn-2023-11-21/
wheat,NATO Members Seek to Reach Deal on Black Sea Mine ...,2023-11-20 00:00:00,Bloomberg,... invasion of Ukraine ... war on Ukraine in February 2022. Read More. Russian Attacks Are Edging Closer and Closer to NATO Territory · Ukraine Black Sea Drone ...,https://www.bloomberg.com/news/articles/2023-11-20/nato-members-seek-to-reach-deal-on-black-sea-mine-sweeping-force
wheat,"Wall Street Welcomes Milei Victory, Warns of Challenges",2023-11-20 00:00:00,Bloomberg,... market access”; Bond investors need “to be convinced along the way that the ... In his speech he espoused a shock therapy for Argentina. Does this mean ...,https://www.bloomberg.com/news/articles/2023-11-20/wall-street-welcomes-milei-victory-warns-of-challenges-ahead
wheat,Modi Likely to Keep India Rice Export Ban to Election ...,2023-11-18 00:00:00,Bloomberg,India's Bans Pushed Rice Prices to 15-Year Highs. Bans on exports of the grain have taken rice prices to their highest levels since the 2007-08 food crisis ...,https://www.bloomberg.com/news/articles/2023-11-19/modi-likely-to-keep-india-rice-export-ban-to-election-keeping-global-price-high
wheat,"Corn and soybean prices dip on Brazilian weather outlook, wheat edges lower",2023-11-17 20:55:26,Investing.com,"CHICAGO - In early trading today on the Chicago Board of Trade (CBOT), agricultural commodities experienced mixed movements with...",https://www.investing.com/news/commodities-news/corn-and-soybean-prices-dip-on-brazilian-weather-outlook-wheat-edges-lower-93CH-3238136
wheat,"U.S. soybean exports hit annual peak, corn sales surpass forecasts",2023-11-16 18:07:26,Investing.com,"WASHINGTON - U.S. agricultural exports witnessed a significant shift in the week ending on Wednesday, with soybean shipments...",https://www.investing.com/news/commodities-news/us-soybean-exports-hit-annual-peak-corn-sales-surpass-forecasts-93CH-3236847
wheat,"Rabobank sees food demand dip amid high inflation, forecasts commodity shifts",2023-11-14 18:01:28,Investing.com,"NEW YORK - Rabobank, a premier financial institution in the agricultural sector, has provided insights into the current state of...",https://www.investing.com/news/commodities-news/rabobank-sees-food-demand-dip-amid-high-inflation-forecasts-commodity-shifts-93CH-3234135
wheat,China's imports unexpectedly grow,2023-11-06 00:00:00,Reuters,... crisis and soft global demand continue to dog policymakers heading into 2024. ... The bad exports data may hit market confidence as we had expected the supply ...,https://www.reuters.com/world/china/chinas-imports-unexpectedly-grow-oct-exports-extend-declines-2023-11-07/
wheat,"Foreign money futures trading sees significant changes, corn prices decline amid geopolitical volatility",2023-11-03 08:26:28,Investing.com,The Chicago Mercantile Exchange (CME) observed considerable shifts in foreign money futures trading on Friday. The currencies...,https://www.investing.com/news/commodities-news/foreign-money-futures-trading-sees-significant-changes-corn-prices-decline-amid-geopolitical-volatility-93CH-3220619
wheat,"U.S. farm leaders, visiting China, talk up agriculture trade",2023-11-02 09:52:04,Reuters,By Dominique Patton BEIJING (Reuters) - Dozens of U.S. agriculture industry representatives gathered in Beijing on Thursday to...,https://www.investing.com/news/commodities-news/us-farm-leaders-visiting-china-talk-up-agriculture-trade-3218448
wheat,"Exclusive: China snaps up Australian, French wheat as crop damage spurs buying spree",2023-10-31 03:56:35,Reuters,"By Naveen Thukral and Dominique Patton SINGAPORE/BEIJING (Reuters) - China is set to import record volumes of wheat this year,...",https://www.investing.com/news/economic-indicators/exclusive-china-snaps-up-australian-french-wheat-as-crop-damage-spurs-buying-spree-3214570
wheat,"US Grain Exports Show Mixed Performance; Soybean Inspections Drop, Corn And Wheat Rise",2023-10-30 18:14:17,Investing.com,"In the week ending Sunday, October 26, 2023, the United States Department of Agriculture (USDA) reported a decline in soybean...",https://www.investing.com/news/commodities-news/us-grain-exports-show-mixed-performance-soybean-inspections-drop-corn-and-wheat-rise-93CH-3214253
wheat,"Israel Latest: Biden, Netanyahu Plan to Talk Within Hours",2023-10-29 00:00:00,Bloomberg,Prime Minister Benjamin Netanyahu warned Saturday of a “long and difficult” war as the ground invasion of Gaza got underway. ... HomeBTV+Market DataOpinionAudio ...,https://www.bloomberg.com/news/articles/2023-10-29/israel-latest-long-war-in-gaza-begins-with-army-entering-north
wheat,"US Soybean Exports to China Boost Amid Falling Corn, Wheat Inspections",2023-10-23 16:56:03,Investing.com,"U.S. soybean export inspections have seen an increase due to robust shipments to China, according to the Department of Agriculture...",https://www.investing.com/news/commodities-news/us-soybean-exports-to-china-boost-amid-falling-corn-wheat-inspections-93CH-3206105
wheat,"Soybean, corn futures weaken as US harvests progress",2023-10-23 00:00:00,Reuters,"... prices, adding extra pressure on soybean futures, dealers said. ... Heavy rains in Argentina drenched drought-hit agricultural regions over the weekend ...",https://www.reuters.com/article/global-grains-idAFL1N3BT25K/
wheat,Israel Latest: Gaza Air Strikes to Intensify Before 'Next Stage',2023-10-21 00:00:00,Bloomberg,... invasion. Food and medical supplies began crossing into Gaza from Egypt for the first time since the Israel-Hamas war ... Egypt opened its crisis summit in ...,https://www.bloomberg.com/news/articles/2023-10-21/israel-latest-leaders-to-meet-in-cairo-after-hostage-release
wheat,Hurricane Norma to Slam Mexico This Weekend: Weather ...,2023-10-20 00:00:00,Bloomberg,Strait Of Hormuz Remains Focal Point In Iran-U.S. War. Three Ships Appear to ... HomeBTV+Market DataOpinionAudioOriginalsMagazineEvents. News. Markets ...,https://www.bloomberg.com/news/articles/2023-10-20/hurricane-norma-to-slam-mexico-this-weekend-weather-watch
wheat,CBOT wheat futures reach two-week high amid global demand expectations,2023-10-16 17:55:10,Investing.com,"On Monday, CBOT wheat futures rose to a two-week high, driven by global demand expectations. The most active CBOT wheat contract...",https://www.investing.com/news/commodities-news/cbot-wheat-futures-reach-twoweek-high-amid-global-demand-expectations-93CH-3200021
wheat,Oil reverses gains after US posts large crude build,2023-10-12 19:22:21,Reuters,"By Stephanie Kelly NEW YORK (Reuters) -Oil prices reversed early gains on Thursday in a volatile session, after a large build in...",https://www.investing.com/news/commodities-news/oil-reverses-gains-after-us-posts-large-crude-build-3196505
wheat,"Low wheat prices irk Kansas farmers, capping US winter wheat acreage",2023-10-12 10:26:10,Reuters,"By Julie Ingwersen CHICAGO (Reuters) - U.S. farmers are about halfway done planting winter wheat for harvest in 2024, but acreage...",https://www.investing.com/news/commodities-news/low-wheat-prices-irk-kansas-farmers-capping-us-winter-wheat-acreage-3196870
wheat,Zimbabwe suspends import tax on fertilizer as El Nino looms,2023-10-11 00:00:00,Reuters,"... invasion of Ukraine last year. In Zimbabwe, fertilizer prices rose by about ... Browse an unrivalled portfolio of real-time and historical market data and ...",https://www.reuters.com/world/africa/zimbabwe-suspends-import-tax-fertilizer-el-nino-looms-2023-10-11/
wheat,"Soybean Export Inspections Surge, Boosting Cbot Futures Trading Prices",2023-10-10 17:18:20,Investing.com,"In the week ending on Sunday, soybean export inspections saw a notable rise, according to a recent report by the U.S. Department...",https://www.investing.com/news/commodities-news/soybean-export-inspections-surge-boosting-cbot-futures-trading-prices-93CH-3195174
wheat,"Oil prices rise, but post biggest weekly decline since March",2023-10-06 20:06:35,Reuters,"By Stephanie Kelly NEW YORK (Reuters) -Oil prices rose on Friday but remained posted their steepest weekly losses since March,...",https://www.investing.com/news/commodities-news/oil-prices-rise-but-post-biggest-weekly-decline-since-march-3191844
wheat,"Purdue University/CME Group's Economy Barometer shows dip, farmland value expectations remain steady",2023-10-06 06:48:07,Investing.com,"In the month of September, Purdue University/CME Group's Economy Barometer revealed a continued decline in agri-producer...",https://www.investing.com/news/commodities-news/purdue-universitycme-groups-economy-barometer-shows-dip-farmland-value-expectations-remain-steady-93CH-3192009
wheat,"In taking Karabakh, Azerbaijan's president avenged his father",2023-10-01 00:00:00,Reuters,"Then Russia's full-scale invasion of Ukraine in February 2022 changed the equation again, drawing Moscow into a war of attrition with Kyiv. FOG IN THE AIR. On ...",https://www.reuters.com/world/asia-pacific/taking-karabakh-azerbaijans-president-avenged-his-father-2023-09-29/
wheat,"Global stocks edge down with data boost fading, shutdown and quarter-end in focus",2023-09-29 20:56:17,Reuters,By Sinéad Carew NEW YORK (Reuters) - MSCI'S global equities ended Friday's choppy session slightly lower as investors prepared...,https://www.investing.com/news/stock-market-news/global-stocks-edge-down-with-data-boost-fading-shutdown-and-quarterend-in-focus-3185849
wheat,"Leader of Australia's Victoria state, known for COVID ...",2023-09-25 00:00:00,Reuters,"Andrews is the longest-serving Labor premier of Victoria, and his handling of the COVID-19 pandemic was criticised by some residents for the stop-start ...",https://www.reuters.com/world/asia-pacific/leader-australias-victoria-state-known-covid-lockdowns-step-down-2023-09-26/
wheat,"Some soft commodity prices are surging, adding to ...",2023-09-25 00:00:00,CNBC,"The juice futures market reached a record $3.50 per pound this month. Live cattle futures similarly hit a record, reaching $1.9205 per pound. Meat prices ...",https://www.cnbc.com/2023/09/25/some-soft-commodity-prices-are-surging-adding-to-consumer-woes.html
wheat,The West's Patience Is Running Shorter Than Ukraine's War,2023-09-23 00:00:00,Bloomberg,... war against Russia and the least economically receptive to Ukrainian exports. ... Threatening to escalate his country's trade war with the country at actual war ...,https://www.bloomberg.com/opinion/articles/2023-09-24/ukraine-offensive-against-russia-is-too-slow-for-us-uk-and-eu
wheat,"Argentina wheat sales stall as farmers wait for election, rains",2023-09-22 10:33:30,Reuters,"By Maximilian Heath BUENOS AIRES (Reuters) - Argentina's sales of the upcoming wheat crop are the slowest in seven years, delayed...",https://www.investing.com/news/commodities-news/argentina-wheat-sales-stall-as-farmers-wait-for-election-rains-3180488
wheat,First big grain ship leaves Ukraine's Black Sea port,2023-09-22 09:37:42,Reuters,KYIV (Reuters) -The first big ship carrying grain from a Ukrainian Black Sea (NYSE:SE) port has set sail since Moscow quit a deal...,https://www.investing.com/news/commodities-news/second-vessel-leaves-ukraines-black-sea-port-after-loading-grain-source-3180180
wheat,Deere & Company faces stock dip amid analyst downgrade and falling crop prices,2023-09-21 19:45:39,Investing.com,"Deere & Company (NYSE:DE), a prominent manufacturer of agricultural and construction machinery, experienced a 4% drop in its stock...",https://www.investing.com/news/stock-market-news/deere--company-faces-stock-dip-amid-analyst-downgrade-and-falling-crop-prices-93CH-3179953
wheat,Metals and raw materials surge ahead of Federal Reserve's anticipated statement,2023-09-15 00:42:48,Investing.com,"Ahead of an expected statement from the Federal Reserve, traders have driven a noteworthy rally in the values of metals and other...",https://www.investing.com/news/commodities-news/metals-and-raw-materials-surge-ahead-of-federal-reserves-anticipated-statement-93CH-3175017
wheat,Flood of Russian Wheat Halves World Prices From ...,2023-09-15 00:00:00,Bloomberg,"... exports, helping cement Russia's domination of the global wheat market. ... With the supply glut depressing prices, Russia is trying to use its dominant ...",https://www.bloomberg.com/news/articles/2023-09-16/flood-of-russian-wheat-halves-world-prices-from-wartime-high
wheat,"In climate fight, Europe's olive, wine farmers turn to tech ...",2023-09-14 00:00:00,Reuters,... war. Sign up here. Spain and Italy are the world's top producers of olive oil and but the industry is under threat from desertification and drought ... supply ...,https://www.reuters.com/world/europe/climate-fight-europes-olive-wine-farmers-turn-tech-tradition-2023-09-14/
wheat,Rural confidence dips amidst commodity price concerns and drought fears,2023-09-13 03:53:02,Investing.com,"Australian farmers' confidence has taken a hit, with concerns over lower commodity prices and the threat of returning drought...",https://www.investing.com/news/assorted/rural-confidence-dips-amidst-commodity-price-concerns-and-drought-fears-93CH-3173125
wheat,World food price index back at two-year low despite rice surge -FAO,2023-09-08 08:46:00,Reuters,"PARIS (Reuters) -The United Nations food agency's world price index fell in August to a new two-year low, reversing a rebound...",https://www.investing.com/news/economic-indicators/world-food-price-index-back-at-twoyear-low-despite-rice-surge-fao-3170403
wheat,Russian foreign minister visits Bangladesh amid global tensions,2023-09-07 03:54:25,Investing.com,"Russian Foreign Minister Sergey Lavrov is currently in Bangladesh for a two-day visit, marking the first visit of a Russian...",https://www.investing.com/news/assorted/russian-foreign-minister-visits-bangladesh-amid-global-tensions-93CH-3169201
wheat,Turkey's Erdogan says Black Sea grain deal can be restored soon,2023-09-05 01:32:04,Reuters,MOSCOW (Reuters) -Turkish President Tayyip Erdogan said after talks with Russia's Vladimir Putin on Monday that it would soon be...,https://www.investing.com/news/commodities-news/turkeys-erdogan-says-black-sea-grain-deal-can-be-restored-soon-3166705
wheat,Tunisia's bad economy hits coeliac sufferers with rice ...,2023-09-04 00:00:00,Reuters,"The government has denied that shortages are due to the crisis ... On the face of it, the Middle East energy crisis is precisely the sort of external shock that ...",https://www.reuters.com/markets/commodities/tunisias-bad-economy-hits-coeliac-sufferers-with-rice-shortage-2023-09-04/
wheat,"Egypt hopes BRICS entry will lure foreign cash, but ...",2023-08-25 00:00:00,Reuters,Egypt over the past few years has been mired in an economic crisis aggravated by the coronavirus pandemic and Russia's invasion of Ukraine. Its currency has ...,https://www.reuters.com/world/africa/egypt-hopes-brics-entry-will-lure-foreign-cash-analysts-counsel-patience-2023-08-25/
wheat,India's retail inflation surges on food prices in challenge to Modi government,2023-08-23 09:46:28,Reuters,"(This Aug. 14 story has been corrected to say food inflation rose 11.51% in July, not June, compared with revised 4.55% in June,...",https://www.investing.com/news/economic-indicators/indias-retail-inflation-surges-on-food-prices-in-challenge-to-modi-government-3159619
wheat,Explainer - Blood and billions: the cost of Russia's war in Ukraine,2023-08-23 05:10:32,Reuters,"By Guy Faulconbridge
(Reuters) - Russia's invasion of Ukraine has left tens of thousands of dead, displaced millions and sown...",https://www.investing.com/news/world-news/explainer--blood-and-billions-the-cost-of-russias-war-in-ukraine-3159413
wheat,"Rice prices soar, fanning fears of food inflation spike in Asia",2023-08-21 00:00:00,CNBC,"... supply shock in the rice market."" Nations are realizing that whether it's ... What the fertilizer crisis means for food prices. Markets and Politics ...",https://www.cnbc.com/2023/08/22/asia-food-inflation-fears-rise-as-rice-prices-surge.html
wheat,India imposes 40% tax on onion exports to cool inflation,2023-08-19 00:00:00,Bloomberg,"The government has already taken steps to contain a surge in food prices. Earlier, after a ban on wheat exports in 2022, the government curbed shipments of some ...",https://www.bloomberg.com/news/articles/2023-08-19/india-imposes-40-tax-on-onion-exports-to-cool-inflation
wheat,Ukraine reports new attack on grain silos but cargo ship sets sail,2023-08-16 13:21:50,Reuters,"By Pavel Polityuk KYIV (Reuters) -Ukraine said Russia had attacked its grain storage facilities overnight, but a container ship...",https://www.investing.com/news/world-news/ukraine-reports-new-attack-on-grain-silos-but-cargo-ship-sets-sail-3155126
wheat,Russian attack damages grain silos at Ukraine's Danube port of Reni - Kyiv,2023-08-16 08:52:53,Reuters,By Pavel Polityuk KYIV (Reuters) - Russian drone strikes damaged grain silos and warehouses at the Ukrainian river port of Reni...,https://www.investing.com/news/commodities-news/russian-attack-damages-grain-silos-at-ukraines-danube-port-of-reni--kyiv-3155117
wheat,"US import prices rebound in July, trend remains soft",2023-08-15 13:46:15,Reuters,"WASHINGTON (Reuters) - U.S. import prices rebounded more than expected in July amid higher costs for petroleum products and food,...",https://www.investing.com/news/economic-indicators/us-import-prices-rebound-in-july-trend-remains-soft-3154651
wheat,India Monsoon: More Rain Seen in Himachal Pradesh,2023-08-14 00:00:00,Bloomberg,The Iran War Has Finally Shattered America's World. by Hal Brands. tax + ... HomeBTV+Market DataOpinionAudioOriginalsMagazineEvents. News. MarketsEconomics ...,https://www.bloomberg.com/news/articles/2023-08-14/more-rain-seen-in-india-state-where-landslides-floods-killed-29
wheat,Rising Temperatures Are Wreaking Havoc Year-Round,2023-08-13 00:00:00,Bloomberg,"... war on Ukraine. Then ... The situation got so dire that in May, India banned most wheat exports to ensure it would have enough supply for its own citizens.",https://www.bloomberg.com/graphics/2023-global-warming-impacts-data/
wheat,Ukraine War and Rains Means Top-Quality Wheat Is ...,2023-08-10 00:00:00,Bloomberg,Wheat harvests rolling in across the Northern Hemisphere are bolstering global supply. But bad weather and the war in Ukraine are leaving top-quality crops ...,https://www.bloomberg.com/news/articles/2023-08-11/war-and-soggy-fields-leave-world-short-of-top-quality-wheat
wheat,"Bulging warehouses mean lean times for longer for US, ...",2023-08-09 00:00:00,Reuters,... COVID-19 lockdowns snarled supply chains and shut factories. They stocked up again after Russia's invasion of Ukraine pushed up the price of raw materials ...,https://www.reuters.com/business/bulging-warehouses-mean-lean-times-longer-us-european-companies-2023-08-10/
wheat,Black Sea wheat war is sideshow for grain deal,2023-08-09 00:00:00,Reuters,A fast-escalating wheat war in the Black Sea may have a silver lining. Russia's and Ukraine's bombing of each other's ports could prevent crucial grain exports ...,https://www.reuters.com/breakingviews/black-sea-wheat-war-is-sideshow-grain-deal-2023-08-09/
wheat,"Weather woes, Russia upend outlook for global wheat ...",2023-08-02 00:00:00,Reuters,"... exports, the wheat market gets very spicy, very quickly."" Advertisement · Scroll to continue. Already, supply worries sparked volatile moves in wheat prices ...",https://www.reuters.com/markets/commodities/weather-woes-russia-upend-outlook-global-wheat-suppliers-2023-08-02/
wheat,India's Coromandel counts on drone startup to tackle farm ...,2023-07-28 00:00:00,Reuters,"The maximum retail prices of products were unlikely to drop sharply, Satagopan said, with government subsidies coming into play instead as prices of raw ...",https://www.reuters.com/world/india/indias-coromandel-counts-drone-startup-tackle-farm-labour-shortage-2023-07-28/
wheat,US grain futures make biggest strides since onset of ...,2023-07-20 00:00:00,Reuters,"Both wheat and corn futures on Wednesday touched their highest prices since June 27, and wheat at one point was trading up the 60 cents-per-bushel limit.",https://www.reuters.com/markets/commodities/us-grain-futures-make-biggest-strides-since-onset-ukraine-war-2023-07-20/
wheat,India's rice export ban could send decade-high prices higher,2023-07-20 00:00:00,CNBC,"... prices in the domestic market."" India is the world's leading rice exporter ... prices of other major grains surged following Russia's invasion of Ukraine in ...",https://www.cnbc.com/2023/07/21/indias-rice-export-ban-could-send-decade-high-prices-higher.html
wheat,Russia Weaponizing Wheat Won't Hurt the World,2023-07-20 00:00:00,Bloomberg,... wheat embargo on its Cold War rival in response to the invasion of Afghanistan. ... prices under control thanks to those record wheat exports. In the 2023-24 ...,https://www.bloomberg.com/opinion/articles/2023-07-21/ukraine-invasion-russia-weaponizing-wheat-won-t-hurt-the-world
wheat,What End of Ukraine Grain Export Deal Means for the World,2023-07-19 00:00:00,Bloomberg,"... wheat, and its fertilizer exports are recovering to pre-war levels. Food is not directly targeted by sanctions, but penalties on Russian banks and ...",https://www.bloomberg.com/news/articles/2023-07-19/what-end-of-ukraine-grain-export-deal-means-for-the-world
wheat,Wheat Futures Rise 9% as Russia Threatens Ships ...,2023-07-19 00:00:00,Bloomberg,"Wheat futures soared as much as 9%, the biggest jump since 2012, as Russia threatened ships sailing to Ukrainian ports, escalating a conflict over exports ...",https://www.bloomberg.com/news/articles/2023-07-19/wheat-rises-9-as-russia-warns-on-safety-of-ships-to-ukraine
wheat,The Food Emergency That Nigeria Could Have Foreseen,2023-07-18 00:00:00,Bloomberg,... supply of food at too high a cost. The release of fertilizers to households ... prices. Nigeria's Monthly Inflation Rate at Highest in Seven Years.,https://www.bloomberg.com/news/newsletters/2023-07-18/the-food-emergency-that-nigeria-could-have-foreseen
wheat,Black Sea grain deal: What's next now that Russia has ...,2023-07-17 00:00:00,Reuters,"... exports at the outbreak of war pushed global food prices to record highs. ... war started, helped to bring down prices and ease a global food crisis.",https://www.reuters.com/markets/commodities/why-does-black-sea-grain-deals-expiry-matter-2023-07-17/
wheat,Wheat prices surge after Russia ends grain deal. And it's ...,2023-07-17 00:00:00,CNBC,"... prices, such as drought in Europe and the onset of El Nino. The markets most ... wheat — a country that represents more than 20% of global wheat exports.",https://www.cnbc.com/2023/07/17/russia-ukraine-grain-deal-what-does-it-mean-for-global-food-prices.html
wheat,Russia axes landmark Ukraine grain deal just hours before ...,2023-07-17 00:00:00,CNBC,The Black Sea Grain Initiative was set up to abate a global food crisis after Moscow launched a full-scale invasion of fellow key grain exporter and neighbor ...,https://www.cnbc.com/2023/07/17/russia-says-it-will-not-extend-the-landmark-ukraine-grain-deal.html
wheat,World food prices fall again in June - UN food agency,2023-07-07 08:21:08,Reuters,"ROME (Reuters) - The United Nations food agency's world price index fell in June to its lowest level in more than two years,...",https://www.investing.com/news/commodities-news/world-food-prices-fall-again-in-june--un-food-agency-3121308
wheat,Zelenskiy Arrives in Bulgaria Amid Shift to Support Kyiv,2023-07-06 00:00:00,Bloomberg,After months of political turmoil hamstrung Bulgaria's backing for Ukraine against the Russian invasion ... The Iran War Has Finally Shattered America's World.,https://www.bloomberg.com/news/articles/2023-07-06/zelenskiy-visits-bulgaria-as-cabinet-boosts-support-for-ukraine
wheat,A global commodities rout is fueling fears of a bleak ...,2023-07-05 00:00:00,CNBC,"Commodity prices ... China has been posting a slew of economic data that has been weaker than market expectations, pointing to a faltering Covid reopening after ...",https://www.cnbc.com/2023/07/06/a-global-commodities-rout-is-fueling-fears-of-a-bleak-economic-future.html
wheat,Paris Riots: Clashes Spread Over Killing of Teen Nahel ...,2023-06-29 00:00:00,Bloomberg,Donald Trump's 'TACO' Leaves Tensions Simmering Over the War in Iran. by ... HomeBTV+Market DataOpinionAudioOriginalsMagazineEvents. News. Markets ...,https://www.bloomberg.com/news/articles/2023-06-29/french-president-macron-hold-crisis-meeting-over-shooting-of-teen-near-paris
wheat,Russia Is Tightening its Grip on the World's Wheat Supply,2023-06-29 00:00:00,Bloomberg,"Russia has tightened its hold on the world's wheat supplies following its invasion of Ukraine, bolstering the Kremlin's role in global food supply.",https://www.bloomberg.com/news/articles/2023-06-30/russia-is-seeking-to-tighten-its-grip-on-world-s-wheat-supply
wheat,Ukraine 99.9% certain Russia will quit Black Sea grain ...,2023-06-22 00:00:00,Reuters,"... crisis worsened by Russia's invasion of its neighbour and a blockade of Ukrainian Black Sea ports. ... exports, are met. The Black Sea export deal also ...",https://www.reuters.com/markets/commodities/ukraine-999-certain-russia-will-quit-black-sea-grain-deal-july-envoy-2023-06-22/
wheat,Explainer: How France secured a fall in food prices,2023-06-12 00:00:00,Reuters,Supply disruptions exacerbated by Russia's invasion of Ukraine last year boosted commodity costs and fuelled a global surge in inflation. But food prices have ...,https://www.reuters.com/markets/europe/how-france-secured-fall-food-prices-2023-06-12/
wheat,China's Waste Oil Industry Wants to Come Clean,2023-06-07 00:00:00,Bloomberg,A spike in Chinese exports to Europe over the past year has coincided with a significant increase in Chinese imports of palm waste and palm-based biofuel from ...,https://www.bloomberg.com/news/newsletters/2023-06-07/china-s-waste-oil-industry-wants-to-come-clean
wheat,"El Nino may hammer Asian farms with dry weather, but ...",2023-06-01 00:00:00,Reuters,"Wheat prices dropped to two-and-half year lows this week, while corn ... war and COVID-19 disrupted world supplies. WHEAT, PALM OIL & RICE. Australia ...",https://www.reuters.com/world/el-nino-may-hammer-asian-farms-with-dry-weather-shower-american-growers-2023-06-01/
wheat,Funds may be bearish CBOT soybeans for first time since ...,2023-05-22 00:00:00,Reuters,"... supply prospects. Soybean futures fell more than 4% in the last three ... CBOT wheat futures drifted higher during the period, and money managers ...",https://www.reuters.com/markets/europe/funds-may-be-bearish-cbot-soybeans-first-time-since-april-2020-2023-05-22/
wheat,"Pasta prices have surged, prompting crisis meetings in Italy ...",2023-05-22 00:00:00,CNBC,"Pasta prices have surged, prompting crisis meetings in Italy and ... ""Wheat prices have been declining from their historic peak following the invasion ...",https://www.cnbc.com/2023/05/23/pasta-prices-have-surged-prompting-crisis-meetings-in-italy-and-calls-for-a-strike.html
wheat,Farmers Set to Abandon US Wheat Crops at Highest Rate ...,2023-05-12 00:00:00,Bloomberg,"Futures of hard red winter wheat, the variety grown in drought-struck states ... A Wheat Harvest As Crop Futures Sink To Pre-War Levels. Wheat Hits One ...",https://www.bloomberg.com/news/articles/2023-05-12/wheat-futures-jump-in-chicago-as-drought-shrinks-us-crops
wheat,Spain to spend 2.2 bln euros to alleviate drought impact,2023-05-11 00:00:00,Reuters,Iran War · Israel and Hamas at ... Browse an unrivalled portfolio of real-time and historical market data and insights from worldwide sources and experts.,https://www.reuters.com/business/environment/spain-spend-22-bln-euros-alleviate-drought-impact-2023-05-11/
wheat,Have Western sanctions on Russia impacted its wheat ...,2023-05-11 00:00:00,Reuters,Explainer: Have Western sanctions on Russia impacted its wheat exports? By ... wheat and other crops to secure domestic supply and curb domestic food inflation.,https://www.reuters.com/markets/commodities/have-western-sanctions-russia-impacted-its-wheat-exports-2023-05-11/
wheat,"Explainer: How Extreme Heat, Humidity, High Wet Bulb ...",2023-05-09 00:00:00,Bloomberg,"... prices. For example, India's scorching summer of 2022 curtailed wheat production and forced the world's second-largest producer to ban exports ... war in ...",https://www.bloomberg.com/news/articles/2023-05-10/explainer-how-extreme-heat-and-high-wet-bulb-temperatures-kill-people
wheat,Hedge Funds Place Biggest Ever Short on Benchmark ...,2023-04-24 00:00:00,Bloomberg,... market ... The trades involve buying bonds that have become cheap relative to the underlying futures and then selling the futures to pocket the difference.,https://www.bloomberg.com/news/articles/2023-04-24/hedge-funds-place-biggest-short-ever-for-benchmark-treasuries
wheat,IGC raises forecast for 2023/24 world corn crop,2023-04-20 00:00:00,Reuters,"Ukraine's corn exports were seen falling to 15 million tonnes from the prior season's 24 million. ... Russia ready to supply gas to the EU if it has a surplus, ...",https://www.reuters.com/article/business/igc-raises-forecast-for-202324-world-corn-crop-idUSL1N36N166/
wheat,Another Ukrainian ally bans its grain imports as tensions ...,2023-04-19 00:00:00,CNBC,"... exports as an economic lifeline for the war-torn country. ... ""There is a need to solve the problem ... in order to stabilize the market and the prices ...",https://www.cnbc.com/2023/04/19/ukraines-grain-exports-cause-divisions-among-its-european-neighbors.html
wheat,Drought Is Parching Crops Across Southern Europe ...,2023-04-15 00:00:00,Bloomberg,"Upward pressure on food prices in Europe remains firmly in place, even as headline inflation slows. ... exports, Giansanti said. Soy and corn output also ...",https://www.bloomberg.com/news/articles/2023-04-15/drought-is-parching-crops-across-southern-europe-for-second-year
wheat,Ukraine war live updates: Latest news on Russia and the ...,2023-03-31 00:00:00,CNBC,... supply Ukraine in its war against invading Russian forces and to replenish Europe's dwindling stocks. EU Internal Market Commissioner Thierry Breton visited ...,https://www.cnbc.com/2023/03/27/ukraine-war-live-updates-latest-news-on-russia-and-the-war-in-ukraine.html
wheat,Viterra exits Russian grain trade; team to create new ...,2023-03-30 00:00:00,Reuters,"... market and provide the most viable conditions for Russian producers,"" Demyanov said. Russia is the world's largest wheat exporter. Viterra and sanctions-hit ...",https://www.reuters.com/markets/deals/viterra-exits-russian-grain-trade-team-create-new-russian-exporter-2023-03-30/
wheat,Patchwork fixes to Ukraine grain shortfall leave world ...,2023-03-13 00:00:00,Reuters,"... war levels, with benchmark corn futures down 10% and wheat futures more than 20% lower than the days before the invasion. ""The world has had some time to ...",https://www.reuters.com/world/europe/patchwork-fixes-ukraine-grain-shortfall-leave-world-vulnerable-year-into-war-2023-03-13/
wheat,"Facing minefields and cash crunch, Ukraine farmers to sow ...",2023-03-07 00:00:00,Reuters,"... invasion ... Ukraine is a major supplier of wheat and corn to world markets and production and exports slumped last year due to the war, sending prices for key ...",https://www.reuters.com/world/europe/facing-minefields-cash-crunch-ukraine-farmers-sow-smaller-crop-2023-03-08/
wheat,Hallie Gu,2023-03-04 00:00:00,Bloomberg,Iran War's Energy Shock Is Spreading to Crop-Based Fuels · Methanol ... Crop Prices Jump as War Snarls Trade and Risks Tightening Supply · Crop Prices ...,https://bloomberg.com/authors/AVfpuo_aA7w/hallie-gu
wheat,Insight: Soils of war: The toxic legacy for Ukraine's ...,2023-03-01 00:00:00,Reuters,"After Russia's invasion a year ago, global grain prices climbed as the Black ... ""People think as soon as peace is achieved, the food crisis will be ...",https://www.reuters.com/world/europe/soils-war-toxic-legacy-ukraines-breadbasket-2023-03-01/
wheat,Drought threatens U.S. wheat production despite acreage ...,2023-02-02 00:00:00,Reuters,"As a result, U.S. wheat exports, projected at a 51-year low in the marketing ... Unusually high wheat prices this fall inspired farmers to expand acres ...",https://www.reuters.com/markets/commodities/drought-threatens-us-wheat-production-despite-acreage-bump-2023-02-02/
wheat,World's Food Crisis Is Far From Over Despite Crop Prices ...,2023-01-27 00:00:00,Bloomberg,"“Price instability is likely to intensify with any major supply shock,” they said in a report. ... And even though world market prices of staples fell in ...",https://www.bloomberg.com/news/newsletters/2023-01-27/supply-chain-latest-crop-prices-have-fallen-but-food-crisis-threat-persists
wheat,Egypt to sell discounted bread to fight inflation,2023-01-16 00:00:00,Reuters,"... prices of basic goods in Egypt have risen since Russia's invasion of... ... wheat stuck at ports, causing a spike in bread and flour prices. Advertisement ...",https://www.reuters.com/world/africa/egypt-sell-discounted-bread-fight-inflation-2023-01-16/
wheat,Weekly Comic:  Winter has come - can spring be far behind?,2023-01-13 02:07:10,Investing.com,"By Geoffrey Smith
Investing.com -- One of the constants of financial markets is that multilateral development banks are among the...",https://www.investing.com/news/economy/weekly-comic--winter-has-come--can-spring-be-far-behind-2979556
wheat,Why inflation hit these 10 items hardest in 2022,2023-01-13 00:00:00,CNBC,"Russia's invasion of Ukraine created an energy supply shock ... war's impact on supply, according to the U.S. Energy Information Administration.",https://www.cnbc.com/2023/01/13/why-inflation-hit-these-10-items-hardest-in-2022.html
wheat,"USA, former wheat giant, posts a 40-year export low as ...",2023-01-10 00:00:00,Reuters,Winter wheat drought coverage was 65% at the start of 2022 and 32% the same week in 2021. Karen Braun is a market analyst for Reuters. Views expressed above are ...,https://www.reuters.com/markets/commodities/usa-former-wheat-giant-posts-40-year-export-low-demand-sags-2023-01-10/
wheat,Global Food Prices End 2022 Where They Began After ...,2023-01-06 00:00:00,Bloomberg,"After a year marred by disruptions from the war in Ukraine and extreme weather, global food prices ended 2022 roughly where they started.",https://www.bloomberg.com/news/articles/2023-01-06/world-food-prices-end-year-where-they-started-after-dramatic-run
wheat,Homogeneous Wheat Diets Leave the World Exposed to ...,2022-12-21 00:00:00,Bloomberg,"How Changing Diets Leave Us Exposed to War, Extreme Weather and Market ... When Russia's invasion of Ukraine disrupted trade, global prices spiked almost 40%.",https://www.bloomberg.com/graphics/2022-global-diet-homogeneous-food-security-risk/
wheat,"Ukraine corn crop plunge balanced by huge stocks, aiding ...",2022-12-14 00:00:00,Reuters,"But Ukraine, a major exporter of corn, wheat and sunflower oil, has shipped products perhaps more efficiently than many market ... wheat exports took a ...",https://www.reuters.com/markets/commodities/ukraine-corn-crop-plunge-balanced-by-huge-stocks-aiding-exports-now-2022-12-14/
wheat,Chicago wheat ending historic 2022 on dramatic note ...,2022-12-07 00:00:00,Reuters,"24 invasion, as evidenced by the unprecedented run-up in futures. By the ... invasion was a particular shock for the market. Advertisement · Scroll to ...",https://www.reuters.com/markets/commodities/chicago-wheat-ending-historic-2022-dramatic-note-losing-ground-rivals-2022-12-07/
wheat,Chicago Fed Appoints Ex-Obama Adviser Goolsbee as ...,2022-12-01 00:00:00,Bloomberg,"He cited Covid-related lockdowns in China, Russia's invasion of Ukraine and the Mississippi river drying up. Supply Shocks ... market rally on hopes that ...",https://www.bloomberg.com/news/articles/2022-12-01/chicago-fed-appoints-ex-obama-adviser-goolsbee-as-new-president
wheat,India eyes bumper wheat harvest in 2023 as record prices ...,2022-11-29 00:00:00,Reuters,... exports picked up to meet the global shortfall triggered by Russia's invasion of Ukraine. ... Iran war upends IEA's global oil market outlook · Cargo ships ...,https://www.reuters.com/markets/commodities/india-eyes-bumper-wheat-harvest-2023-record-prices-lead-more-sowing-2022-11-29/
wheat,New exchange offers Egypt another way to import wheat,2022-11-28 00:00:00,Reuters,With grain markets disrupted this year by fluctuating prices and the war ... The new exchange is designed to operate as a spot market with prices determined by ...,https://www.reuters.com/markets/commodities/new-exchange-offers-egypt-another-way-import-wheat-2022-11-28/
wheat,"Russia-Ukraine war updates for Nov.21, 2022",2022-11-21 00:00:00,CNBC,"... crisis, heavy refugee flows and potential security threats from the war in ... supply line. France's Macron vowed to continue helping Moldova and said ...",https://www.cnbc.com/2022/11/21/russia-ukraine-live-updates.html
wheat,"U.S. data dump, grain deal, U.K. fiscal plans, NVIDIA - what's moving markets",2022-11-17 11:32:23,Investing.com,"By Geoffrey Smith 
Investing.com -- There's a big data dump heading your way, with U.S. housing starts, jobless claims, and the...",https://www.investing.com/news/economy/us-data-dump-grain-deal-uk-fiscal-plans-nvidia--whats-moving-markets-2946698
wheat,Wheat falls to 10-week low as Ukraine grain deal is extended,2022-11-17 10:04:51,Investing.com,"By Geoffrey Smith 
Investing.com -- Wheat prices fell on Thursday after Ukraine and Turkey confirmed that the deal to safeguard...",https://www.investing.com/news/commodities-news/wheat-falls-to-10week-low-as-ukraine-grain-deal-is-extended-2946560
wheat,India's state wheat stock halves from a year ago,2022-11-14 00:00:00,Reuters,Wheat prices have surged in India despite the world's second biggest producer of the grain implementing a ban on exports in May as it was stung by a sudden drop ...,https://www.reuters.com/markets/commodities/indias-state-wheat-stock-halves-year-ago-2022-11-14/
wheat,Live updates: Latest news on Russia and the war in Ukraine,2022-11-09 00:00:00,CNBC,Milley says Russia's war on Ukraine was a 'geopolitical mistake'. Gen. Mark Milley: U.S. will continue to supply Ukraine with the equipment to defeat.,https://www.cnbc.com/2022/11/10/russia-ukraine-war-updates.html
wheat,Wheat Prices Fall as Russia Rejoins Black Sea Deal on Safe Passage,2022-11-02 11:49:38,Investing.com,"By Geoffrey Smith
Investing.com -- World wheat prices fell nearly 6% after Russia said it will rejoin the UN-sponsored deal...",https://www.investing.com/news/commodities-news/wheat-prices-fall-as-russia-rejoins-black-sea-deal-on-safe-passage-2929345
wheat,"Fed Decision, ADP, Zhengzhou Lockdown - What's Moving Markets",2022-11-02 10:45:42,Investing.com,"By Geoffrey Smith
Investing.com -- The U.S. Federal Reserve is expected to raise its key interest rate by another 75 basis points...",https://www.investing.com/news/economy/fed-decision-adp-zhengzhou-lockdown--whats-moving-markets-2929147
wheat,"Tesla-Glencore Talks, Russia Grain Deal, Lula Victory - What's Moving Markets",2022-10-31 10:52:17,Investing.com,"By Geoffrey Smith
Investing.com -- Tesla eyes radical steps to lock in supplies of key battery metals, while Apple's main supplier...",https://www.investing.com/news/economy/teslaglencore-talks-russia-grain-deal-lula-victory--whats-moving-markets-2926746
wheat,Wheat Futures Rise 6% as Russia Abandons Grain Deal with Ukraine,2022-10-31 09:00:02,Investing.com,"By Geoffrey Smith 
Investing.com -- Wheat Futures jumped nearly 6% at the open on Monday in Europe after Russia pulled out of an...",https://www.investing.com/news/commodities-news/wheat-futures-rise-6-as-russia-abandons-grain-deal-with-ukraine-2926468
wheat,"Russia-Ukraine war updates for Oct. 14, 2022",2022-10-15 00:00:00,CNBC,"""Russia's invasion of Ukraine caused the higher energy prices ... Yellen has said the war and the COVID-19 pandemic are driving global economic uncertainty.",https://www.cnbc.com/2022/10/14/russia-ukraine-live-updates.html
wheat,Florida Orange Crop to Be Smallest Since 1943 Even ...,2022-10-12 00:00:00,Bloomberg,"A Wheat Harvest As Crop Futures Sink To Pre-War Levels. Wheat Drops to One-Month Low as USDA Boosts US, World Supplies. Fertilizer Prices Still Soaring As US ...",https://www.bloomberg.com/news/articles/2022-10-12/florida-orange-crop-will-be-smallest-in-79-years-from-ian-impact
wheat,Wheat Climbs to Three-Month High on Rising Ukraine War ...,2022-10-10 00:00:00,Bloomberg,Wheat Climbs to Three-Month High on Rising Ukraine War Worries. Escalating Russia-Ukraine conflict is a threat to crop exports; Futures pare some gains amid ...,https://www.bloomberg.com/news/articles/2022-10-10/grains-rise-in-chicago-as-mississippi-logjam-eases-ukraine-eyed
wheat,Egypt Plans New Derivatives to Build Market for Currency ...,2022-10-07 00:00:00,Bloomberg,... invasion of Ukraine. A wave of inflation and market upheaval has contributed to its worst foreign-exchange crunch since a dollar shortage half a decade ago ...,https://www.bloomberg.com/news/articles/2022-10-07/egypt-plans-new-derivatives-to-build-market-for-currency-hedging
wheat,Much-Needed Canada Grain Piles Up Amid Rail Bottleneck,2022-10-05 00:00:00,Bloomberg,Much-Needed Canada Grain Piles Up Amid Rail Bottleneck. Disruptions come amid supply uncertainty from Ukraine war; Canada farmers harvest the third biggest ...,https://www.bloomberg.com/news/articles/2022-10-04/much-needed-grain-piles-up-in-canada-due-to-overwhelmed-railways
wheat,"In Mexico's Dry North, Colorado River Adds to Uncertainty",2022-09-12 00:00:00,Bloomberg,"Mexicali (AP) -- When Gilbert Quintana, a farmer in the Mexicali Valley, learned he would soon lose 15% of his water supply ... drought, it's a new era.",https://www.bloomberg.com/news/articles/2022-09-12/in-mexico-s-dry-north-colorado-river-adds-to-uncertainty
wheat,Wheat rallies on concerns about Ukraine exports,2022-09-07 00:00:00,Reuters,Wheat futures had been curbed in recent weeks by an increasing flow ... invasion of Ukraine continues and Western sanctions against Moscow remain in place.,https://www.reuters.com/markets/us/wheat-jumps-russia-questions-ukraine-export-deal-2022-09-07/
wheat,Japan's Drying Rice Paddies Are Now a National Security ...,2022-08-28 00:00:00,Bloomberg,"Faced with declining rice consumption, and demand from the politically powerful farming bloc to support prices ... crisis about the next generation.",https://www.bloomberg.com/news/articles/2022-08-28/ukraine-war-and-global-inflation-stoke-japan-s-fears-over-food-security
wheat,Drought and Worsening Fertilizer Crisis Risk More Food ...,2022-08-26 00:00:00,Bloomberg,"Moreover, farmland lost to the war and weak local prices are threatening its next wheat harvest. ... It will also likely restrict some rice exports with its own ...",https://www.bloomberg.com/news/newsletters/2022-08-26/supply-chain-latest-drought-and-fertilizer-crisis-point-to-more-food-inflation
wheat,Turkey Cuts Key Rate by 1% Despite Having 80% Inflation,2022-08-18 12:11:27,Investing.com,"By Geoffrey Smith
Investing.com -- Turkey's central bank cut its key interest rate by a full percentage point on Thursday despite...",https://www.investing.com/news/economy/turkey-cuts-key-rate-by-1-despite-having-80-inflation-2875710
wheat,WEATL Quote - WisdomTree Wheat Fund,2022-08-05 00:00:00,Bloomberg,India Equity Fund Inflows Accelerate in March Despite War. less than 1m ... Wheat futures contracts. The ETC aims to replicate the BCOMWH4T by tracking ...,https://www.bloomberg.com/quote/WEATL:QX
wheat,"As wheat prices soar, the world's consumers vote with their ...",2022-08-03 00:00:00,Reuters,"Benchmark wheat futures jumped 40% this year ... ""It is not in Russia's interest to allow large volumes of grain exports from Ukraine with the ongoing war.",https://www.reuters.com/markets/commodities/wheat-prices-soar-worlds-consumers-vote-with-their-feet-2022-08-03/
wheat,Grain Prices Ease as First Ship Leaves Ukraine Port Under UN Deal,2022-08-01 12:08:01,Investing.com,"By Geoffrey Smith 
Investing.com -- Grain prices eased on Monday after a ship left a Ukrainian port with a cargo of corn for the...",https://www.investing.com/news/commodities-news/grain-prices-ease-as-first-ship-leaves-ukraine-port-under-un-deal-2859387
wheat,"China Slows, Ukraine Grain Ship, Shale Earnings - What's Moving Markets",2022-08-01 10:39:15,Investing.com,"By Geoffrey Smith
Investing.com -- China's economy slowed again in July, suggesting a rocky road to full recovery. PMIs from...",https://www.investing.com/news/economy/china-slows-ukraine-grain-ship-shale-earnings--whats-moving-markets-2859188
wheat,Russian forces capture Ukraine's second biggest power ...,2022-07-27 00:00:00,Reuters,"Rising energy prices and a global wheat ... Before the invasion and subsequent sanctions, Russia and Ukraine accounted for nearly a third of global wheat exports.",https://www.reuters.com/world/europe/fate-ukraines-second-biggest-power-plant-balance-after-russian-advance-2022-07-27/
wheat,"Russia, Ukraine to Sign Deal Guaranteeing Safe Passage for Agricultural  Products",2022-07-22 14:30:08,Investing.com,"By Geoffrey Smith 
Investing.com -- Russia will sign an agreement with Ukraine on Friday guaranteeing safe passage for exports of...",https://www.investing.com/news/commodities-news/russia-ukraine-to-sign-deal-guaranteeing-safe-passage-for-agricultural--products-2852080
wheat,"Russia-Ukraine war updates for July 19, 2022",2022-07-20 00:00:00,CNBC,"... invasion of Ukraine. Miguel Medina | Afp | Getty Images. The White House ... Indian refiners bought exports at heavily discounted prices, and Russia ...",https://www.cnbc.com/2022/07/19/russia-ukraine-live-updates.html
wheat,Ukraine Latest: Putin Says Nord Stream Volume Could Fall ...,2022-07-19 00:00:00,Bloomberg,(See RSAN on the Bloomberg Terminal for the Russian Sanctions Dashboard.) Key Developments. EU Set to Target 15% Cut in Gas Demand on Russian Supply Woes ...,https://www.bloomberg.com/news/articles/2022-07-19/ukraine-latest-putin-in-iran-eu-flags-gas-halt-risk-to-gdp
wheat,Wheat Climbs After Five-Day Slump With Rising Supply in Focus,2022-07-18 06:36:16,Bloomberg,(Bloomberg) -- Wheat snapped a run of declines with investors assessing a broader rise in commodities against the outlook for...,https://www.investing.com/news/commodities-news/wheat-climbs-after-fiveday-slump-with-rising-supply-in-focus-2848251
wheat,BSBios to build Brazil's first big wheat ethanol plant as crop ...,2022-07-14 00:00:00,Reuters,"... market for the cereal. ... Also, Brazil recently began testing a variety of drought resistant, genetically modified wheat in the Cerrado in partnership with ...",https://www.reuters.com/markets/commodities/bsbios-build-brazils-first-big-wheat-ethanol-plant-crop-expands-2022-07-14/
wheat,India restricts wheat flour exports,2022-07-07 00:00:00,Reuters,"After the ban, demand for wheat flour jumped from neighbouring countries struggling to secure wheat at lower prices from other suppliers. ... crisis even after ...",https://www.reuters.com/world/india/india-restricts-wheat-flour-exports-2022-07-07/
wheat,War-Strained Wheat Market Faces Moment of Truth,2022-07-01 13:09:18,Bloomberg,"(Bloomberg) -- The strained global wheat market is entering crunch time. 
July is a crucial part of the year because it’s when...",https://www.investing.com/news/commodities-news/warstrained-wheat-market-faces-moment-of-truth-2843160
wheat,War-Strained Wheat Market Faces Moment of Truth,2022-07-01 00:00:00,Bloomberg,"War-Strained Wheat Market Faces Moment of Truth. Northern Hemisphere exports ... Despite slumping recently, wheat prices are much higher than normal for the time ...",https://www.bloomberg.com/news/articles/2022-07-01/war-hit-wheat-market-faces-moment-of-truth-as-harvests-arrive
wheat,The Nasdaq Leads the Stock Market Lower as the Bear Market Rally Pauses,2022-06-27 20:12:08,Investing.com,"By Daniel Shvartsman
Investing.com -- Leading U.S. stock market indices started the week on a down note, as the brief euphoria...",https://www.investing.com/news/stock-market-news/the-nasdaq-leads-the-stock-market-lower-as-the-bear-market-rally-pauses-2841404
wheat,Moldova lifts wheat export ban as new crop approaches,2022-06-27 00:00:00,Reuters,"The former Soviet republic imposed the ban on March 1 to guarantee enough domestic supply ... However, the actual amount of exports in the new season will depend ...",https://www.reuters.com/markets/commodities/moldova-lifts-wheat-export-ban-new-crop-approaches-2022-06-27/
wheat,Ukraine War Causes Palm Oil Usage Jump,2022-06-16 00:00:00,Bloomberg,"Now the war in Ukraine is disrupting more than half the global supply of ... prices to record highs and made basics like bread, meat, and cooking oils ...",https://www.bloomberg.com/news/articles/2022-06-17/ukraine-war-causes-palm-oil-usage-jump
wheat,"The UAE Cracks Down, Elon Musk's Dubai-based Backer, ...",2022-06-13 00:00:00,Bloomberg,Oil prices are “nowhere near” their peak as China's recovery from Covid ... Soaring oil prices is helping Saudi Arabia rake in $1 billion a day from exports.,https://www.bloomberg.com/news/newsletters/2022-06-13/the-uae-cracks-down-elon-musk-s-dubai-based-backer-saudi-liv-golf-league
wheat,Global food prices are soaring. Rice could be next,2022-06-12 00:00:00,CNBC,"""Pandemic-related labor shortages and Russia's invasion of Ukraine have aggravated the situation by both curtailing food supply and pushing up energy prices ...",https://www.cnbc.com/2022/06/13/rice-prices-are-rising-amid-rising-food-inflation-export-bans-.html
wheat,The war in Ukraine is fuelling a global food crisis,2022-05-30 00:00:00,Reuters,"With food prices rocketing, a growing list of key producing countries are limiting exports to stabilise prices and protect local markets. ... COVID-19 pandemic.",https://www.reuters.com/graphics/UKRAINE-CRISIS/FOOD/zjvqkgomjvx/
wheat,"Personal Income, PCE Data, Ethereum Slump, Wheat Deadlock - What's Moving Markets",2022-05-27 10:30:02,Investing.com,"By Geoffrey Smith 
Investing.com -- The U.S. releases April data for personal income and spending - and the Fed's preferred...",https://www.investing.com/news/economy/personal-income-pce-data-ethereum-slump-wheat-deadlock--whats-moving-markets-2830932
wheat,India Heat Waves Show Climate Change Effects,2022-05-24 00:00:00,Bloomberg,"A worker takes a break at a coal wholesale market in Mumbai, India, on. A ... supply constraints that are driving up food prices around the world. Open ...",https://www.bloomberg.com/news/articles/2022-05-25/india-heat-waves-show-climate-change-effects
wheat,Russia-Ukraine war updates,2022-05-23 00:00:00,CNBC,"Before the war, more than 95% of Ukraine's total grain, wheat and corn ... sanctions imposed on the nation following its February invasion of Ukraine.",https://www.cnbc.com/2022/05/22/russia-ukraine-live-updates.html
wheat,"Countries banning food exports amid rising prices, inflation",2022-05-17 00:00:00,CNBC,"Many countries have banned wheat, as well as other food exports as a result of the Ukraine crisis. ... ""With food prices already high due to COVID-related supply ...",https://www.cnbc.com/2022/05/18/countries-banning-food-exports-amid-rising-prices-inflation.html
wheat,Yellen Says World Faces Food Crisis Because of War in Ukraine,2022-05-16 13:00:16,Bloomberg,(Bloomberg) -- US Treasury Secretary Janet Yellen said Russia’s invasion of Ukraine has created a global crisis by exacerbating...,https://www.investing.com/news/economy/yellen-says-world-faces-food-crisis-because-of-war-in-ukraine-2825543
wheat,"Wheat Price Surge, Chinese Slump, JetBlue Tender - What's Moving Markets",2022-05-16 10:21:14,Investing.com,"By Geoffrey Smith 
Investing.com -- Wheat prices shoot to a two-month high after India bans exports, stoking fears of a global...",https://www.investing.com/news/economy/wheat-price-surge-chinese-slump-jetblue-tender--whats-moving-markets-2825406
wheat,Wheat Prices Surge to 2-Month High on India Export Ban,2022-05-16 08:38:09,Investing.com,"By Geoffrey Smith 
Investing.com -- Wheat prices surged to their highest in over two months on Monday, as India's decision over...",https://www.investing.com/news/commodities-news/wheat-prices-surge-to-2month-high-on-india-export-ban-2825344
wheat,Russia-Ukraine war roils markets: A hard look at soft ...,2022-05-16 00:00:00,CNBC,The war also is taking a sharp toll on the world's wheat supply. The ... The broader ripple effects that the Covid-19 pandemic and Russia's invasion ...,https://www.cnbc.com/2022/05/16/russia-ukraine-war-roils-markets-a-hard-look-at-soft-commodity-etfs.html
wheat,"Judge OKs $16 million fine against Kraft, Mondelez to ...",2022-05-15 00:00:00,Reuters,... prices of cash wheat and wheat futures. Get a daily digest of breaking ... Middle East war drives up Codelco copper costs in Chile. 18 hours ago. The ...,https://www.reuters.com/business/judge-oks-16-mln-fine-against-kraft-mondelez-settle-cftc-complaint-agency-says-2022-05-13/
wheat,Why are food prices going up? Key questions answered,2022-05-13 00:00:00,Reuters,"Global food prices started to rise in mid-2020 when businesses shut down due to the COVID-19 pandemic, straining supply chains. Farmers dumped out milk and ...",https://www.reuters.com/business/retail-consumer/why-are-food-prices-going-up-key-questions-answered-2022-05-10/
wheat,Ukraine warns countries about buying its stolen grain,2022-05-13 00:00:00,CNBC,"Europe's gas supply crisis grows after Russia imposes sanctions. A worker ... Commenting on the invasion, Japan's Kishida said: ""Russia's invasion of ...",https://www.cnbc.com/2022/05/12/russia-ukraine-live-updates.html
wheat,"Soaring bread prices spark protests and shop fires in Iran, ...",2022-05-13 00:00:00,Reuters,The government plans to offer digital coupons in the next couple of months for limited amounts of bread at subsidised prices. The rest will be offered at market ...,https://www.reuters.com/world/middle-east/soaring-bread-prices-spark-protests-shop-fires-iran-irna-2022-05-13/
wheat,Tunisia to raise the prices of some foodstuffs after farmers' ...,2022-05-11 00:00:00,Reuters,"The country, in a deep financial crisis, was badly hit by a rise in global wheat prices resulting from the war in Ukraine. Advertisement · Scroll to ...",https://www.reuters.com/world/africa/tunisia-raise-prices-some-foodstuffs-after-farmers-protests-2022-05-11/
wheat,The Fight to Feed the Ukrainian Resistance,2022-05-09 00:00:00,Bloomberg,"Two days after the Russian invasion began, Dmytro Borysov's restaurants went to war. ... Meanwhile, the nation's grain exports have been stalled by ...",https://www.bloomberg.com/news/features/2022-05-09/the-kitchen-troops-feeding-ukraine-s-defense
wheat,"Nearly 25 million tonnes of grain stuck in Ukraine, says UN ...",2022-05-06 00:00:00,Reuters,"""Despite the war the harvest conditions don't look that dire. That could really mean there's not enough storage capacity in Ukraine, particularly if there's no ...",https://www.reuters.com/world/europe/nearly-25-mln-tonnes-grain-stuck-ukraine-un-food-agency-2022-05-06/
wheat,Canada's light canola acres deal another blow for snug ...,2022-04-27 00:00:00,Reuters,Canada was a top contributor to the supply squeeze last year as severe drought cut canola output to a 14-year low. Canada is the top exporter of canola oil and ...,https://www.reuters.com/markets/commodities/canadas-light-canola-acres-deal-another-blow-snug-vegoil-market-2022-04-27/
wheat,"Russia-Ukraine war updates for April 21, 2022",2022-04-22 00:00:00,CNBC,"... sanctions have been key in preventing Russia from deepening its invasion of Ukraine. ... From soaring food prices to social unrest, the fallout from the war could ...",https://www.cnbc.com/2022/04/21/russia-ukraine-live-updates.html
wheat,"From food to inflation, the Russia-Ukraine war has a global ...",2022-04-21 00:00:00,CNBC,Global prices for some grains have spiked since the Russia-Ukraine war ... supply for some of those commodities such as wheat. Vincent Mundy | Bloomberg ...,https://www.cnbc.com/2022/04/21/from-food-to-inflation-the-russia-ukraine-war-has-a-global-impact.html
wheat,The World's Food System Is Too Dependent on Wheat,2022-04-21 00:00:00,Bloomberg,"Russia and Ukraine together supply 30% of the world's wheat. ... This is why the war has caused wheat prices to skyrocket, along with the prices of many other ...",https://www.bloomberg.com/opinion/articles/2022-04-21/the-world-s-food-system-is-too-dependent-on-wheat
wheat,Canada inflation surges more than expected in March ...,2022-04-20 00:00:00,Reuters,"... COVID-19 pandemic amid booming demand and supply chain bottlenecks. Russia's invasion of Ukraine has put pressure on key commodity prices, adding to the pinch.",https://www.reuters.com/business/finance/canada-inflation-surges-more-than-expected-march-hitting-31-year-high-2022-04-20/
wheat,"Soy, corn giant Brazil poised to expand presence in world ...",2022-04-12 00:00:00,Reuters,"Global wheat prices hit record levels last month following No. 1 exporter ... Brazil exports wheat based on market conditions, and those should allow ...",https://www.reuters.com/markets/commodities/soy-corn-giant-brazil-poised-expand-presence-world-wheat-trade-2022-04-13/
wheat,The Fertilizer Shock Might Change Agriculture—for the Better,2022-04-12 00:00:00,Bloomberg,"Can record prices spur efficiencies that would benefit the environment, as happened with the oil shock of the 1970s?",https://www.bloomberg.com/news/articles/2022-04-13/fertilizer-shortage-could-bring-farming-emissions-change
wheat,CME Moves to Grab Some Metals Trading Away From LME,2022-04-11 00:00:00,Bloomberg,"... crisis, is offering incentives to traders to boost its less-popular aluminum futures contract, according to people familiar with the matter ... market in ...",https://www.bloomberg.com/news/articles/2022-04-11/nickel-drama-spurs-chicago-exchange-bid-to-grab-trading-from-lme
wheat,"A fertilizer shortage, worsened by war in Ukraine, is driving ...",2022-04-06 00:00:00,CNBC,"Disruptions of those shipments due to sanctions and war has sent fertilizer prices skyrocketing. ... ""The war adds uncertainties related to Ukrainian corn/wheat ...",https://www.cnbc.com/2022/04/06/a-fertilizer-shortage-worsened-by-war-in-ukraine-is-driving-up-global-food-prices-and-scarcity.html
wheat,Wheat Soars on U.S. Crop Worries and Ukraine Export ...,2022-04-05 00:00:00,Bloomberg,"WATCH: Grain prices continue to rally, with corn and wheat prices already surging more than 20% since the start of the war in Ukraine. Source: Bloomberg.",https://www.bloomberg.com/news/articles/2022-04-05/wheat-extends-surge-on-potential-for-further-sanctions-on-russia
wheat,How Russia's War In Ukraine Threatens Wheat Shortages ...,2022-04-04 00:00:00,Bloomberg,"The added shock from the war sent a gauge of prices to a record, with corn and wheat futures in Chicago up more than 20% since the beginning of this year.",https://www.bloomberg.com/news/features/2022-04-05/will-russia-s-war-in-ukraine-cause-wheat-shortages-raise-food-prices-more
wheat,"Wheat prices soar on Ukraine fears, but U.S. growers can't ...",2022-03-21 00:00:00,Reuters,U.S. wheat farmer sales seize up during Ukraine war as price spike spooks buyers; Jump in futures prices leaves some grain handlers unable to hedge against ...,https://www.reuters.com/world/europe/wheat-prices-soar-ukraine-fears-us-growers-cant-cash-2022-03-21/
wheat,Russia's War in Ukraine Is Creating World Supply ...,2022-03-18 00:00:00,Bloomberg,"The market was thrown into chaos in early March when worries about Russian supply and short-covering sent prices rocketing, forcing the London Metal Exchange to ...",https://www.bloomberg.com/graphics/2022-russia-commodities-shortage/
wheat,"Ukraine War Hits World Economy Like an Earthquake, IMF ...",2022-03-18 00:00:00,Bloomberg,"... War, Sanctions. In a blog post earlier this week, IMF economists laid out some of the ways that tremors from the war could spread through the world economy.",https://www.bloomberg.com/news/articles/2022-03-18/ukraine-war-hits-world-economy-like-an-earthquake-imf-head-says
wheat,Live updates: Latest news on Russia and the war in Ukraine,2022-03-18 00:00:00,CNBC,African countries are feeling the pain of Ukraine's crisis as supply disruptions hike inflation and oil prices push up fuel costs. ... sanctions are not enough to ...,https://www.cnbc.com/2022/03/17/russia-ukraine-live-updates.html
wheat,"Fuel drives Nigeria inflation, Ukraine war seen raising food ...",2022-03-16 00:00:00,Reuters,"Russia's invasion of Ukraine last month has added to volatility in financial markets, sending commodity prices higher and affecting logistics, potentially ...",https://www.reuters.com/world/africa/nigeria-inflation-rises-february-fuel-shortages-stoke-prices-2022-03-15/
wheat,"Weekly Comic: Russia’s War, Western Sanctions Leave the World Hungry for Wheat",2022-03-15 13:55:01,Investing.com,"By Geoffrey Smith
Investing.com -- The initial panic may be over, but things still look bad for the world’s most important...",https://www.investing.com/news/commodities-news/weekly-comic-russias-war-western-sanctions-leave-the-world-hungry-for-wheat-2784961
wheat,"Plains drought to curb U.S. wheat harvest, adding to global ...",2022-03-14 00:00:00,Reuters,"Plains drought to curb U.S. wheat harvest, adding to global supply worries ... futures prices due to concerns they might not be able to fulfill such contracts.",https://www.reuters.com/world/us/plains-drought-curb-us-wheat-harvest-adding-global-supply-worries-2022-03-14/
wheat,Top 5 Things to Watch in Markets in the Week Ahead,2022-03-13 12:28:24,Investing.com,"By Noreen Burke
Investing.com -- The Federal Reserve is widely expected to announce its first interest rate hike since 2018 on...",https://www.investing.com/news/economy/top-5-things-to-watch-in-markets-in-the-week-ahead-2783523
wheat,Energy & Precious Metals - Weekly Review and Outlook,2022-03-13 08:36:57,Investing.com,"By Barani Krishnan
Investing.com -- The ‘Crazy Commodity’ world paused somewhat this week with neither of the two biggest macro...",https://www.investing.com/news/commodities-news/energy--precious-metals--weekly-review-and-outlook-2783497
wheat,"Russia-Ukraine war updates for Thursday, March 10",2022-03-11 00:00:00,CNBC,... sanctions on Russian oil over the country's invasion of Ukraine. UAE Energy ... crisis and destruction of infrastructure as a result of Russia's invasion.,https://www.cnbc.com/2022/03/10/russia-ukraine-live-updates.html
wheat,Major Ukrainian Food Exporter Flips to Feed a Nation at War,2022-03-11 00:00:00,Bloomberg,The war is shocking commodities markets and spurring food prices higher as exports from the Black Sea region are disrupted. Ukraine is the world's second ...,https://www.bloomberg.com/news/articles/2022-03-11/major-ukrainian-food-exporter-flips-to-feeding-a-nation-at-war
wheat,Food crisis grows as spiralling prices spark export bans,2022-03-09 00:00:00,Reuters,"... exports, sending basic commodity prices rocketing and mirroring the crisis in energy markets. ... Trump's trade war with China in focus ahead of May summit.",https://www.reuters.com/world/food-crisis-grows-spiralling-prices-spark-export-bans-2022-03-09/
wheat,Wheat Swings After Touching an All-Time High on Supply ...,2022-03-08 00:00:00,Bloomberg,The world is facing a huge supply shock as the war cuts off shipments from a region that accounts for a quarter of the grain's trade. Futures have climbed by ...,https://www.bloomberg.com/news/articles/2022-03-08/wheat-soars-to-record-surpassing-high-during-global-food-crisis
wheat,"Stock Market Today: Dow, S&P Live Updates for Mar. 8, 2022",2022-03-08 00:00:00,Bloomberg,"The U.S. stock market is a cauldron of opposing bets linked to the war ... The sanctions and war have roiled especially roiled commodities, sending oil ...",https://www.bloomberg.com/news/articles/2022-03-07/stock-plunge-commodity-surge-set-to-weigh-on-asia-markets-wrap
wheat,"Oil Rockets on Russian Ban Hint; Wheat Surge, Euro Falls - What's Moving Markets",2022-03-07 11:36:17,Investing.com,"By Geoffrey Smith 
Investing.com -- Oil and natural gas prices surge to new highs as the U.S. floats a full ban on purchases of...",https://www.investing.com/news/economy/oil-rockets-on-russian-ban-hint-wheat-surge-euro-falls--whats-moving-markets-2779178
wheat,Ukraine crisis jeopardises Middle East's Black Sea wheat ...,2022-03-07 00:00:00,Reuters,"""The market is not expecting Ukrainian and Russian exports to resume until the fighting ends,"" one trader said. Soaring global prices and possible export ...",https://www.reuters.com/markets/europe/ukraine-crisis-jeopardises-middle-easts-black-sea-wheat-supply-2022-03-07/
wheat,Europe at war: Six charts to know in financial markets,2022-03-05 00:00:00,Reuters,Prices of raw materials from wheat to various metals have soared to multi-year highs as Western sanctions have disrupted air and sea shipments of commodities ...,https://www.reuters.com/markets/europe/europe-war-six-charts-know-financial-markets-2022-03-05/
wheat,Wall Street Lower Early as Ukraine Fears Outweigh Jobs Report; Dow Down 485 Pts,2022-03-04 15:22:03,Investing.com,"By Geoffrey Smith 
Investing.com -- U.S. stock markets were lower again in early trading on Friday as fears of tighter sanctions...",https://www.investing.com/news/stock-market-news/wall-street-lower-early-as-ukraine-fears-outweigh-jobs-report-dow-down-2778137
wheat,"Russian Shelling, Russian Wheat, Russian Oil, U.S. Jobs: What's Moving Markets",2022-03-04 11:38:56,Investing.com,"By Geoffrey Smith 
Investing.com -- Russian shelling causes a fire at Europe's largest nuclear power plant - but there are no...",https://www.investing.com/news/economy/russian-shelling-russian-wheat-russian-oil-us-jobs-whats-moving-markets-2777973
wheat,Russia-Ukraine War Fallout Frays Supply Chains Anew in ...,2022-03-04 00:00:00,Bloomberg,"Supply chains that rattled the global economy through the pandemic are unleashing another shock ... All told, the mounting supply chain crisis could end up ...",https://www.bloomberg.com/news/articles/2022-03-04/invasion-fallout-frays-supply-chains-anew-in-inflation-shock
wheat,Russia's Economic Stagnation in Five Charts,2022-03-04 00:00:00,Bloomberg,"A former editorial director of the Harvard Business Review, he is author of “The Myth of the Rational Market. ... crisis, but have rebounded strongly since.",https://www.bloomberg.com/opinion/articles/2022-03-04/why-russia-s-economy-lags-behind-europe-in-five-charts
wheat,Ukrainian officials say nuclear power plant secure after ...,2022-03-04 00:00:00,CNBC,"""The US-China trade disputes, the African swine fever outbreak, and the food price shock of the Covid-19 pandemic have propelled China to further improve self- ...",https://www.cnbc.com/2022/03/03/russia-ukraine-live-updates.html
wheat,Russia-Ukraine conflict highlights wheat supply vulnerability,2022-03-03 00:00:00,Reuters,... COVID-19 pandemic coincided with harvest setbacks in key supply zones and the highest international grain prices in years. Several states have been looking ...,https://www.reuters.com/business/russia-ukraine-conflict-highlights-wheat-supply-vulnerability-2022-03-03/
wheat,How the Ukraine-Russia conflict may push up prices for ...,2022-03-03 00:00:00,CNBC,"The war is pushing up prices for gasoline, and may lead to higher ... market,"" Friedlander said of Russia's palladium exports. ""It'll take a while ...",https://www.cnbc.com/2022/03/03/how-the-ukraine-russia-conflict-may-hit-your-wallet.html
wheat,"Commodities Surge, Russian Advances, Powell Testimony - What's Moving Markets",2022-03-02 11:35:51,Investing.com,"By Geoffrey Smith 
Investing.com -- Commodity prices skyrocket to multiyear highs as the difficulty of replacing Russian energy...",https://www.investing.com/news/economy/commodities-surge-russian-advances-powell-testimony--whats-moving-markets-2775995
wheat,Russia-Ukraine conflict has a limited impact on China's ...,2022-03-02 00:00:00,CNBC,"""The US-China trade disputes, the African swine fever outbreak, and the food price shock of the Covid-19 pandemic have propelled China to further improve self- ...",https://www.cnbc.com/2022/03/03/russia-ukraine-conflict-has-a-limited-impact-on-chinas-food-supply-analysts-say.html
wheat,Wheat Soars to 14-Year High as Russia Invasion Chokes ...,2022-03-02 00:00:00,Bloomberg,Wheat futures rose by the maximum allowed by the Chicago Board of Trade ... The invasion and ensuing sweeping sanctions from the U.S. and Europe have ...,https://www.bloomberg.com/news/articles/2022-03-02/wheat-soars-above-10-as-russia-invasion-stifles-black-sea-trade
wheat,Wheat prices soar to highest since 2008 on potential ...,2022-03-01 00:00:00,CNBC,"Wheat prices soar to highest since 2008 on potential Russia supply hit ... Wheat futures closed at 984 cents per bushel, the high of the session. The ...",https://www.cnbc.com/2022/03/01/wheat-futures-reach-highest-levels-since-2008-as-russia-invasion-advances.html
wheat,"Oil Prices for Mar. 01, 2022: Brent Crude, WTI",2022-03-01 00:00:00,Bloomberg,... sanctions on Russian exports would subtract from the market. He speaks with ... War Disrupts Global Oil Supply. Russia's Oil Revenues Halved in March Before Iran ...,https://www.bloomberg.com/news/articles/2022-02-28/oil-steadies-as-u-s-mulls-spr-release-to-quell-russia-concerns
wheat,Energy & Precious Metals - Weekly Review and Outlook,2022-02-27 09:10:58,Investing.com,"By Barani Krishnan
Investing.com -- The Big V is back. And it stands for volatility. Commodities from crude oil to gas, gold,...",https://www.investing.com/news/commodities-news/energy--precious-metals--weekly-review-and-outlook-2773232
wheat,"Oil tops $105, gas, grains, metals spike as Russia invades ...",2022-02-24 00:00:00,Reuters,"""Metal prices can be heavily impacted by Western-imposed sanctions or Russian 'weaponization' of metal exports,"" analysts at Natixis said. Firms making ...",https://www.reuters.com/business/energy/oil-tops-100-gas-grains-metals-spike-russia-invades-ukraine-2022-02-24/
wheat,"Impact of Russia-Ukraine on supply chains: food, metals, ...",2022-02-23 00:00:00,CNBC,"How a Russian invasion of Ukraine, the 'breadbasket of Europe,' could hit supply chains ... Global prices for some grains have spiked since the Russia-Ukraine war ...",https://www.cnbc.com/2022/02/23/impact-of-russia-ukraine-on-supply-chains-food-metals-commodities.html
wheat,India dispatches first wheat aid shipment to Afghanistan,2022-02-22 00:00:00,Reuters,... supply trucks carrying wheat to. Afghan driver walks on sacks of wheat loaded ... crisis intensifies. Reporting by Alasdair Pal Editing by David Goodman.,https://www.reuters.com/world/india/india-dispatches-first-wheat-aid-shipment-afghanistan-2022-02-22/
wheat,"Russian Invasion Fears, Central Bank Speakers, Oil Spike - What's Moving Markets",2022-02-14 11:41:04,Investing.com,"By Geoffrey Smith 
Investing.com -- Global equity markets tumble and commodity prices are squeezed higher by fears of a Russian...",https://www.investing.com/news/economy/russian-invasion-fears-central-bank-speakers-oil-spike--whats-moving-markets-2763341
wheat,Kellogg annual profit view crunches estimates on price hikes,2022-02-10 00:00:00,Reuters,"... market expectations on Thursday, riding on higher product prices that helped ... supply chain snarls have significantly hurt packaged food companies ...",https://www.reuters.com/business/retail-consumer/kellogg-beats-sales-estimates-price-hikes-lend-support-2022-02-10/
wheat,A Russian invasion of Ukraine could send shockwaves ...,2022-02-02 00:00:00,CNBC,"... war,"" said Marc Chandler, chief market strategist at Bannockburn Global Forex. ... He said Russia also exports potash, and if it withheld any supply, that could ...",https://www.cnbc.com/2022/02/02/a-russian-invasion-of-ukraine-could-send-shockwaves-through-financial-markets-heres-how.html
wheat,Support for Japan PM up as voters welcome his COVID ...,2021-12-26 00:00:00,Reuters,The Reuters Iran Briefing newsletter keeps you informed with the latest developments and analysis of the Iran war. ... market data and insights from worldwide ...,https://www.reuters.com/world/asia-pacific/support-japan-pm-up-voters-welcome-his-covid-measures-2021-12-27/
wheat,The 16 Best New Spirits of 2021,2021-12-16 00:00:00,Bloomberg,"Stocks Climb, Oil Falls on Hopes War Is Near End: Markets Wrap. updated 4 ... HomeBTV+Market DataOpinionAudioOriginalsMagazineEvents. News. Markets ...",https://www.bloomberg.com/news/features/2021-12-16/the-16-best-new-spirits-of-2021-whiskey-tequila-vodka-gin-rum-cognac
wheat,"Global farmers facing fertiliser sticker shock may cut use, ...",2021-12-09 00:00:00,Reuters,"Global farmers facing fertiliser sticker shock may cut use, raising food security risks · Fertiliser prices hit highs this year on tight supplies and soaring ...",https://www.reuters.com/markets/commodities/global-farmers-facing-fertiliser-sticker-shock-may-cut-use-raising-food-security-2021-12-09/
wheat,"Omicron Spreads, Jobs Report, Didi Delisting - What's Moving Markets",2021-12-03 11:30:39,Investing.com,"By Geoffrey Smith 
Investing.com -- More details emerged about the Omicron variant of Covid-19 in South Africa, and they're not...",https://www.investing.com/news/economy/omicron-spreads-jobs-report-didi-delisting--whats-moving-markets-2698747
wheat,"Indonesia's palm oil exports, production seen up next year",2021-12-02 00:00:00,Reuters,The Reuters Iran Briefing newsletter keeps you informed with the latest developments and analysis of the Iran war. ... Protracted Hormuz crisis could trigger ...,https://www.reuters.com/world/asia-pacific/indonesias-palm-oil-exports-production-seen-up-next-year-gapki-2021-12-02/
wheat,How climate change is raising the price of your pumpkin pie,2021-11-24 00:00:00,CNBC,"Wheat prices are now at the highest level since 2012 and are up over 10% in just the past month, due to severe drought. Wildfires in the West left honeybees ...",https://www.cnbc.com/2021/11/24/pumpkin-pie-prices-higher-thanks-partly-to-climate-change.html
wheat,U.S. Says Escalating Ethiopia Crisis Risks Talks' Progress,2021-11-23 00:00:00,Bloomberg,"People who fled the war from May Tsemre, Addi Arkay and Zarima gather in a temporary internally displaced people's camp to receive bags of wheat from the World ...",https://www.bloomberg.com/news/articles/2021-11-23/u-s-says-escalating-ethiopia-crisis-puts-talks-progress-at-risk
wheat,How To Manage Risk/Reward When You Invest,2021-11-21 00:00:00,CNBC,"However, I was able to use context to deal with the crisis at hand. I worked ... pandemic. It was scary! Each time I spoke with a client, I immediately ...",https://www.cnbc.com/select/how-to-manage-risk-reward-when-you-invest/
wheat,"In the Crosshairs of Climate Change, Farmers Seek to Adapt",2021-11-12 00:00:00,Bloomberg,The world is facing a new era of rapidly increasing food prices that could push almost 2 billion more people into hunger in a worst-case climate crisis.,https://www.bloomberg.com/news/newsletters/2021-11-12/supply-chain-latest-climate-change-farmers-food-security-agriculture
wheat,Worst to come: pasta makers fret over durum wheat supply ...,2021-11-10 00:00:00,Reuters,"Italian pasta makers are fearful of a substantial supply squeeze in the coming months after this summer's durum wheat price shock, as the market runs out of ...",https://www.reuters.com/business/worst-come-pasta-makers-fret-over-durum-wheat-supply-crunch-2021-11-10/
wheat,Wheat hits over 1-week high on hopes of higher U.S. exports,2021-11-10 00:00:00,Reuters,"SINGAPORE, Nov 11 (Reuters) - Chicago wheat futures climbed on ... Airlines urge EU to step in as Iran war chokes jet fuel supply · Trump says US ...",https://www.reuters.com/article/markets/commodities/wheat-hits-over-1-week-high-on-hopes-of-higher-us-exports-idUSL1N2S204W/
wheat,Thousands protest in New Zealand against COVID-19 rules,2021-11-09 00:00:00,Reuters,... COVID-19 vaccine mandates and government lockdowns aimed at controlling the pandemic ... war. Sign up here. Advertisement · Scroll to continue. While the ...,https://www.reuters.com/world/asia-pacific/thousands-protest-new-zealand-against-covid-19-vaccine-mandate-2021-11-09/
wheat,Higher Fertilizer Prices Mean More Food Inflation,2021-11-03 00:00:00,Bloomberg,"Fertilizer Crisis Means Higher Prices for Every Plate of Food (Repeat) ... Meanwhile, China has curbed exports to ensure enough domestic supply. That's ...",https://www.bloomberg.com/news/articles/2021-11-03/higher-fertilizer-prices-mean-more-food-inflation
wheat,Universal Studios Beijing says close contacts of COVID ...,2021-10-30 00:00:00,Reuters,"China's exports set to lose momentum as Iran war undercuts AI-driven boom: Reuters poll · Yantian port in Shenzhen, Guangdong. ago Chinacategory · US military ...",https://www.reuters.com/world/china/universal-studios-beijing-says-close-contacts-covid-patients-visited-park-2021-10-30/
wheat,Iran says nuclear talks with six powers to resume by end ...,2021-10-27 00:00:00,Reuters,... war. Sign up here. Advertisement · Scroll ... Trump then reimposed harsh sanctions on Iran that have devastated its economy by squeezing its oil exports.,https://www.reuters.com/world/middle-east/iran-ready-direct-talks-with-european-parties-2015-nuclear-deal-press-tv-2021-10-27/
wheat,Sudan's military has seized power in a coup. Here's what ...,2021-10-26 00:00:00,CNBC,"After a number of coups and a protracted civil war, the south of the country voted for independence and became the separate state of South Sudan in 2011.",https://www.cnbc.com/2021/10/26/sudans-military-has-seized-power-in-a-coup-heres-why-it-matters.html
wheat,"Chinese corn gets cheaper, regains lost share from wheat ...",2021-10-15 00:00:00,Reuters,That's because corn production hiccups and a drawdown in stocks last year led to a slide in supply that pushed domestic prices to record highs. The Reuters ...,https://www.reuters.com/world/china/chinese-corn-gets-cheaper-regains-lost-share-wheat-feed-rations-2021-10-15/
wheat,Supply Chain Latest: Warnings Mount Over Fertilizer Crisis,2021-10-15 00:00:00,Bloomberg,High prices prompted top wheat ... | The U.K. food and drink sector averted the threat of a fresh carbon-dioxide supply crisis after agreeing a deal to keep a ...,https://www.bloomberg.com/news/newsletters/2021-10-15/supply-chain-latest-warnings-mount-over-fertilizer-crisis
wheat,Food Inflation Heats Up and Energy Crisis May Make It ...,2021-10-07 00:00:00,Bloomberg,Bad weather in key shippers has pushed benchmark wheat futures to near an eight-year high in Chicago. ... Moscow has also taxed crop exports to safeguard domestic ...,https://www.bloomberg.com/news/articles/2021-10-07/food-inflation-heats-up-as-global-prices-return-to-decade-high
wheat,"Boeing to Unveil Air Freighter, Setting Up a Rumble With ...",2021-10-06 00:00:00,Bloomberg,"... Covid-19 pandemic. The European planemaker is marketing a freighter based on its A350-1000 jet, attempting to break Boeing's decades of dominance in a ...",https://www.bloomberg.com/news/articles/2021-10-06/boeing-to-unveil-air-freighter-setting-up-a-rumble-with-airbus
wheat,Disgruntled China Evergrande investors crowd ...,2021-09-13 00:00:00,Reuters,The Reuters Iran Briefing newsletter keeps you informed with the latest developments and analysis of the Iran war. ... China's exports set to lose momentum ...,https://www.reuters.com/world/china/disgruntled-china-evergrande-investors-crowd-headquarters-protest-2021-09-13/
wheat,"In Slasher Film 'Candyman,' the Horror Is U.S. Housing Policy",2021-09-09 00:00:00,Bloomberg,"... shock they felt at its demolition. “I'm always gonna be in my feelings about it, especially given today's Covid-19 pandemic ... HomeBTV+Market DataOpinion ...",https://www.bloomberg.com/news/articles/2021-09-09/in-candyman-the-horror-is-u-s-housing-policy
wheat,Insight: Drought forces North American ranchers to sell off ...,2021-09-03 00:00:00,Reuters,"After a 2014 drought, beef prices in Canada rose about 25% over the ... With grass in short supply, Toso expects prices for alfalfa hay to top $300 ...",https://www.reuters.com/business/sustainable-business/drought-forces-north-american-ranchers-sell-off-their-future-2021-09-03/
wheat,Asia wheat crunch to persist as farmers hold off for better ...,2021-09-02 00:00:00,Reuters,World wheat production and ... High prices earlier this year along with COVID-19 outbreaks slowed ...,https://www.reuters.com/world/asia-pacific/asia-wheat-crunch-persist-farmers-hold-off-better-prices-2021-09-02/
wheat,Global Food Costs Jump Back Near Decade-High on ...,2021-09-02 00:00:00,Bloomberg,Food supply chains have also been affected by a shortage of workers amid the coronavirus pandemic and higher shipping costs. The chances of any relief in prices ...,https://www.bloomberg.com/news/articles/2021-09-02/global-food-prices-jump-back-near-decade-high-on-harvest-woes
wheat,Drought leaves Afghans hungry as economic collapse looms,2021-09-02 00:00:00,Reuters,"Prices spike after 40% of wheat crop lost to drought -WFP; 'Tapestry of one crisis on top of the other"" -WFP official; Conflict, drought, war damage drive ...",https://www.reuters.com/world/asia-pacific/drought-leaves-afghans-hungry-economic-collapse-looms-un-2021-09-02/
wheat,Global Crop Rally Spurs Farmers to Scramble for Fertilizer,2021-08-27 00:00:00,Bloomberg,"Tractor maker Deere warned last week that rising costs and supply-chain snags will intensify into next year. High fertilizer prices, which are here to stay for ...",https://www.bloomberg.com/news/newsletters/2021-08-27/supply-lines-latest-global-inflation-is-coming-for-fertilizer
wheat,Harvard Law rolls out new seal after ditching one with ...,2021-08-25 00:00:00,Reuters,Iran War · Israel and Hamas at ... Browse an unrivalled portfolio of real-time and historical market data and insights from worldwide sources and experts.,https://www.reuters.com/legal/legalindustry/harvard-law-rolls-out-new-seal-after-ditching-one-with-slavery-ties-2021-08-25/
wheat,"Kandahar, southern hub key to control of Afghanistan",2021-08-13 00:00:00,Reuters,Israel and Hamas at War · Japan · Middle East · Ukraine and Russia at War · United ... Browse an unrivalled portfolio of real-time and historical market data and ...,https://www.reuters.com/world/asia-pacific/kandahar-southern-hub-key-control-afghanistan-2021-08-13/
wheat,"Millers, bakers fret as drought withers North America's ...",2021-08-04 00:00:00,Reuters,"Millers, bakers fret as drought withers North America's spring wheat. By ... Minneapolis spring wheat futures are trading near nine-year highs, leaving ...",https://www.reuters.com/world/americas/millers-bakers-fret-drought-withers-north-americas-spring-wheat-2021-08-05/
wheat,"Floods in Europe and China disrupt global shipping, ...",2021-07-26 00:00:00,CNBC,"As parts of the world rebounded from the pandemic, increased spending led to a shortfall of containers, creating delays and driving up prices. Then in April, ...",https://www.cnbc.com/2021/07/27/floods-in-europe-and-china-disrupt-global-shipping-supply-chains.html
wheat,Eisler Gets $1 Billion for Hedge Fund to Make Big ...,2021-07-22 00:00:00,Bloomberg,"Tiger Global, Viking Pummeled Last Month Amid War in Iran. Military ... HomeBTV+Market DataOpinionAudioOriginalsMagazineEvents. News. MarketsEconomics ...",https://www.bloomberg.com/news/articles/2021-07-22/eisler-gets-1-billion-for-hedge-fund-to-make-big-leveraged-bets
wheat,China's 'iPhone City' Relocates 100000 After Floods ...,2021-07-21 00:00:00,Bloomberg,"In recent months there's been heatwaves in the U.S. and Canada, major floods in India, wildfires in Siberia and drought in parts of Africa and Brazil. ... crisis.",https://www.bloomberg.com/news/articles/2021-07-20/major-chinese-city-hit-by-flooding-after-record-rainfall
wheat,Indonesia considers extending restrictions on movement ...,2021-07-17 00:00:00,Reuters,Coronavirus disease ... The Reuters Iran Briefing newsletter keeps you informed with the latest developments and analysis of the Iran war.,https://www.reuters.com/world/asia-pacific/indonesia-considers-extending-restrictions-movement-covid-19-cases-climb-2021-07-17/
wheat,These are America's 10 cheapest states to live in for 2021,2021-07-15 00:00:00,CNBC,Rising prices for everything from meat to used cars are giving our wallets a ... pandemic. Global supply chains were so badly disrupted that it's ...,https://www.cnbc.com/2021/07/15/these-are-americas-cheapest-states-to-live-in.html
wheat,Your Brand Has Never Been Easier to Destroy,2021-07-13 00:00:00,Bloomberg,"Within minutes the internet was ablaze: Ronaldo's mischief had derailed a 32-year sponsorship, slashed $4 billion off Coca-Cola's market value and forced a ...",https://www.bloomberg.com/opinion/articles/2021-07-13/your-brand-has-never-been-easier-to-destroy
wheat,Bangladesh extends lockdown to combat COVID-19 surge,2021-07-05 00:00:00,Reuters,"The south Asian country reported 164 new coronavirus deaths on Monday, its biggest daily rise since the pandemic began, taking the death toll to 15,229. It ...",https://www.reuters.com/world/asia-pacific/bangladesh-extends-lockdown-combat-covid-19-surge-2021-07-05/
wheat,"Indonesia to boost social, health spending amid virus battle",2021-07-02 00:00:00,Reuters,Coronavirus disease (COVID-19) pandemic in Semarang. Mass COVID-19 ... The Reuters Iran Briefing newsletter keeps you informed with the latest developments and ...,https://www.reuters.com/world/asia-pacific/indonesia-lift-social-aid-health-spending-amid-covid-19-curbs-2021-07-02/
wheat,Malaysia's CTOS Digital Bhd announces $290 million IPO ...,2021-06-29 00:00:00,Reuters,"Investors monitor share market prices in Kuala Lumpur, Malaysia, August 25, 2015. ... The Reuters Iran Briefing newsletter keeps you informed with the latest ...",https://www.reuters.com/world/asia-pacific/malaysias-ctos-digital-bhd-announces-290-million-ipo-launch-2021-06-30/
wheat,"The value-added tax brings in billions for other countries, ...",2021-06-21 00:00:00,CNBC,"... supply chain. ""The U.S. is the only major country that does not have a value ... The pandemic, of course, may have been the exception. ""But even in a ...",https://www.cnbc.com/2021/06/21/this-tax-brings-in-billions-worldwide-why-theres-no-vat-in-the-us.html
wheat,NASA is learning how to farm on Mars and the moon,2021-06-20 00:00:00,CNBC,"But the lab's system can spot salt stress in just fifteen minutes, and drought ... Global Business and Financial News, Stock Quotes, and Market Data and Analysis.",https://www.cnbc.com/2021/06/20/space-agencies-are-learning-how-to-farm-on-mars-and-the-moon.html
wheat,Bitter pill: Lebanon's medical crisis set to get even worse,2021-06-02 00:00:00,Reuters,"... supply costs, asking the government to find a solution to the shortage. ... World Bank chief sounds alarm about looming jobs crisis even after war ends.",https://www.reuters.com/world/middle-east/bitter-pill-lebanons-medical-crisis-set-get-even-worse-2021-06-02/
wheat,Corn futures drop 6% on larger supply in latest speculative ...,2021-05-25 00:00:00,CNBC,"Corn futures drop 6% on larger supply in latest speculative unraveling in the commodities markets ... Covid-19 pandemic. Including Tuesday's pullback, corn ...",https://www.cnbc.com/2021/05/25/corn-futures-drop-6percent-on-larger-supply-in-latest-speculative-unraveling-in-the-commodities-markets.html
wheat,Indigo Ag: 2021 CNBC Disruptor 50,2021-05-25 00:00:00,CNBC,Indigo Ag also moved into the crop sales market a few years ago through Indigo ... The pandemic has increased interest in new food and farming solutions.,https://www.cnbc.com/2021/05/25/indigo-ag-disruptor-50.html
wheat,Soaring international prices aggravate Cuban food crisis,2021-05-20 00:00:00,Reuters,Soaring international prices aggravate Cuban food crisis ... They have scavenged for scant produce at the market and collected dwindling World War II-style food ...,https://www.reuters.com/world/americas/soaring-international-prices-aggravate-cuban-food-crisis-2021-05-20/
wheat,"Dollar Falls, Musk's New Antagonist, IEA Warning - What's Moving Markets",2021-05-18 10:31:32,Investing.com,"By Geoffrey Smith 
Investing.com -- The dollar fell to its lowest in nearly three months as Federal Reserve officials continued to...",https://www.investing.com/news/economy/dollar-falls-musks-new-antagonist-iea-warning--whats-moving-markets-2509304
wheat,The World Economy Is Suddenly Running Low on Everything,2021-05-16 00:00:00,Bloomberg,Supply Lines is a daily newsletter that tracks trade and supply chains disrupted by the pandemic. ... Corn futures hit an eight-year high while wheat futures rose ...,https://www.bloomberg.com/news/articles/2021-05-17/inflation-rate-2021-and-shortages-companies-panic-buying-as-supplies-run-short
wheat,"Retail Sales, Stocks Rebound, Colonial Restarts  - What's Moving Markets",2021-05-14 10:37:29,Investing.com,"By Geoffrey Smith 
Investing.com -- Stocks and other risk assets are rebounding after heavy sell-offs but retail sales data for...",https://www.investing.com/news/economy/retail-sales-stocks-rebound-colonial-restarts---whats-moving-markets-2506496
wheat,Stocks fall as Singapore re-imposes COVID-19 curbs,2021-05-14 00:00:00,Reuters,The Reuters Iran Briefing newsletter keeps you informed with the latest developments and analysis of the Iran war. ... pandemic and is now charting an uneven ...,https://www.reuters.com/world/asia-pacific/singapore-tightens-covid-19-curbs-social-gatherings-dining-2021-05-14/
wheat,One Grain Is Keeping World's Food Crisis From Getting ...,2021-05-06 00:00:00,Bloomberg,"One Grain Is Keeping World's Food Crisis From Getting Worse. Rice posts modest gains compared with corn, soy and wheat; Stable rice prices may limit more ...",https://www.bloomberg.com/news/articles/2021-05-06/one-grain-is-keeping-the-world-s-food-crisis-from-getting-worse
wheat,"Amid COVID chaos and protests, India's farmers eye record ...",2021-04-29 00:00:00,Reuters,"Farm protesters maintain campaign despite COVID crisis; Movement ... exports on and off as prices fluctuated. Global prices have eased since, so ...",https://www.reuters.com/world/india/amid-covid-chaos-protests-indias-farmers-eye-record-wheat-crop-2021-04-29/
wheat,"Tesla's Bitcoin-Fueled Profit, Peak Earnings Season, FOMC - What's Moving Markets",2021-04-27 10:35:38,Investing.com,"By Geoffrey Smith 
Investing.com -- Tesla (NASDAQ:TSLA) reported record profits, which were, however, entirely due to sales of...",https://www.investing.com/news/economy/teslas-bitcoinfueled-profit-peak-earnings-season-fomc--whats-moving-markets-2486216
wheat,"Commodities Surge, Tesla Earnings, Durable Goods - What's Moving Markets",2021-04-26 10:27:45,Investing.com,"By Geoffrey Smith 
Investing.com -- Industrial and agricultural commodities prices hit multiyear highs in sync, albeit for...",https://www.investing.com/news/economy/commodities-surge-tesla-earnings-durable-goods--whats-moving-markets-2484884
wheat,Corn futures jump to a 7-year high on supply concerns,2021-04-26 00:00:00,CNBC,Corn futures jump to a 7-year high on supply concerns · Corn futures were up nearly 4% on Monday afternoon. · Rising commodity prices are also likely to stoke ...,https://www.cnbc.com/2021/04/26/corn-futures-jump-to-a-7-year-high-on-supply-concerns.html
wheat,China nuclear reprocessing to create stockpiles of ...,2021-03-25 00:00:00,Reuters,"... sanctions and geopolitics. He has been a member of three teams in the past ... war disrupts supplies, sources say. 15 hours ago. Workers at a copper mine ...",https://www.reuters.com/business/energy/china-nuclear-reprocessing-create-stockpiles-weapons-level-materials-experts-2021-03-25/
wheat,Suez Canal Ship Blockage Closer to Resolution on Efforts ...,2021-03-24 00:00:00,Bloomberg,... supply chains already strained by the e-commerce boom linked to the pandemic. ... Galp Curbs Diesel Exports to Shore Up Portugal Fuel Supply. Hana Micron ...,https://www.bloomberg.com/news/articles/2021-03-24/suez-canal-blockage-closer-to-resolution-on-efforts-to-move-ship
wheat,AstraZeneca counters Indonesian Muslim concerns over ...,2021-03-21 00:00:00,Reuters,"... (COVID-19) vaccine, as vaccinations resume after a brief pause in their use ... Still, the council approved the AstraZeneca vaccine for use given the pandemic ...",https://www.reuters.com/business/healthcare-pharmaceuticals/astrazeneca-counters-indonesian-muslim-concerns-over-covid-19-vaccine-2021-03-21/
wheat,Drought Is the U.S. West's Next Big Climate Disaster,2021-03-20 00:00:00,Bloomberg,"The drought is already affecting crops in California, with winter wheat ... As summer approaches, prices in California's spot water market could more ...",https://www.bloomberg.com/news/features/2021-03-20/drought-is-the-u-s-west-s-next-big-climate-disaster
wheat,Biden grants temporary protected status to Venezuelans in ...,2021-03-08 00:00:00,Reuters,... crisis and political turmoil under Maduro. The Reuters Iran Briefing newsletter keeps you informed with the latest developments and analysis of the Iran war.,https://www.reuters.com/world/americas/biden-grants-temporary-protected-status-venezuelans-us-who-fled-countrys-turmoil-2021-03-08/
wheat,Cartoon dog pitches COVID vaccines to sceptical ...,2021-02-12 00:00:00,Reuters,"Global Market Data ... But with waning support for Prime Minister Yoshihide Suga's administration, partly over its handling of the pandemic, an enthusiastic take- ...",https://www.reuters.com/business/healthcare-pharmaceuticals/cartoon-dog-pitches-covid-vaccines-sceptical-japanese-public-2021-02-12/
wheat,Long queues as China's capital launches mass virus tests,2021-01-22 00:00:00,Reuters,"... (COVID-19) in Beijing, China January 22, 2021. REUTERS/Carlos Garcia Rawlins ... WRAPUP Iran war weighs on global economy as IMF meeting starts. 14 hours ...",https://www.reuters.com/business/healthcare-pharmaceuticals/long-queues-chinas-capital-launches-mass-virus-tests-2021-01-22/
wheat,EXCLUSIVE Trump administration adds China's Comac ...,2021-01-14 00:00:00,Reuters,Russia calls for joint food reserves with BRICS to counter Middle East crisis risks ... Browse an unrivalled portfolio of real-time and historical market data and ...,https://www.reuters.com/world/china/exclusive-trump-administration-adds-chinas-comac-xiaomi-chinese-military-2021-01-14/
wheat,Nancy Davis Has $1 Billion After Ditching Hedge Fund for ...,2021-01-11 00:00:00,Bloomberg,The Quadratic Interest Rate Volatility and Inflation Hedge ETF (IVOL) has become a breakout hit amid fears of rising prices from government spending to combat ...,https://www.bloomberg.com/news/articles/2021-01-11/nancy-davis-passes-1-billion-after-ditching-hedge-fund-for-etf
wheat,Global Food Prices at Six-Year High Are Set to Keep On ...,2021-01-07 00:00:00,Bloomberg,It's bad news for consumers whose incomes have been hurt by the Covid-19 crisis ... Corn and soy futures rallied to six-year highs as drought threatens crops in ...,https://www.bloomberg.com/news/articles/2021-01-07/global-food-prices-at-six-year-high-are-set-to-keep-on-climbing
wheat,What Trade War? Trump Heartland Sees Record Farm ...,2020-12-08 00:00:00,Bloomberg,"As the trade war showed, that market can quickly evaporate, and experts warn ... “The recent increase in grain exports to China, and tighter grain supply ...",https://www.bloomberg.com/news/articles/2020-12-08/china-u-s-farm-ties-are-stronger-and-more-tenuous-than-ever
wheat,Malaysia's state-owned Felda to take over palm plantation ...,2020-12-08 00:00:00,Reuters,The Reuters Iran Briefing newsletter keeps you informed with the latest developments and analysis of the Iran war. ... market data and insights from worldwide ...,https://www.reuters.com/world/asia-pacific/malaysias-state-owned-felda-take-over-palm-plantation-giant-fgv-2020-12-08/
wheat,India's government to meet farmers as thousands protest ...,2020-12-03 00:00:00,CNBC,"""Anecdotal evidence shows that free market prices are generally lower than the designated MSPs. Farmers fear that corporatizing procurement would lead to lower ...",https://www.cnbc.com/2020/12/03/why-india-farmers-are-protesting-three-farm-reform-bills.html
wheat,Grain grab: China's global hunt for feed grains roils world ...,2020-11-12 00:00:00,Reuters,"Chicago corn and wheat futures have climbed 25% and 17.5% respectively in the past three months. ""In China, corn prices and the currency are both at multi-year ...",https://www.reuters.com/world/asia-pacific/grain-grab-chinas-global-hunt-feed-grains-roils-world-market-2020-11-13/
wheat,Indonesia's Bio Farma says trials of Sinovac COVID-19 ...,2020-11-09 00:00:00,Reuters,"World faces largest-ever oil supply disruption on Middle East war, IEA says ... Air France-KLM to raise long-haul ticket prices as jet fuel costs spike. 14 ...",https://www.reuters.com/business/healthcare-pharmaceuticals/indonesias-bio-farma-says-trials-sinovac-covid-19-vaccine-going-smoothly-2020-11-10/
wheat,What's next for Ant after China suspends $37 bln listing?,2020-11-04 00:00:00,Reuters,"Israel and Hamas at War ... BEIJING/HONG KONG, Nov 4 (Reuters) - China's suspension of Ant Group's $37 billion listing just days ahead of its stock market ...",https://www.reuters.com/world/asia-pacific/whats-next-ant-after-china-suspends-37-bln-listing-2020-11-04/
wheat,"CBOT corn extends retreat, wheat and soy also lower",2020-11-02 00:00:00,Reuters,"Chicago corn futures fell on Monday, as funds scaled back long positions against the backdrop of a decline in crude oil prices and improved crop weather in ...",https://www.reuters.com/article/global-grains/grains-cbot-corn-extends-retreat-wheat-and-soy-also-lower-idINL1N2HO0JM/
wheat,Coupa buys supply chain software firm LLamasoft for $1.5 ...,2020-11-02 00:00:00,Reuters,The Reuters Iran Briefing newsletter keeps you informed with the latest developments and analysis of the Iran war. ... market data and insights from worldwide ...,https://www.reuters.com/world/asia-pacific/coupa-buys-supply-chain-software-firm-llamasoft-15-bln-2020-11-02/
wheat,Exclusive: China eyes more corn imports as shipments ...,2020-10-23 00:00:00,Reuters,"""(The government) will review the market supply-demand situation, and ... trade war between the two countries. It is short of the $36.5 billion target ...",https://www.reuters.com/world/china/china-eyes-more-corn-imports-shipments-surge-set-become-top-buyer-2020-10-23/
wheat,Amazon announces $100 million logistics investment in ...,2020-10-22 00:00:00,Reuters,Israel and Hamas at War · Japan · Middle East · Ukraine and Russia at War · United ... Browse an unrivalled portfolio of real-time and historical market data and ...,https://www.reuters.com/world/asia-pacific/amazon-announces-100-million-logistics-investment-mexico-2020-10-22/
wheat,Weakened U.S. consumer watchdog expected to bite back ...,2020-10-20 00:00:00,Reuters,The Consumer Financial Protection Bureau (CFPB) has been a political lightning rod since it was created following the 2009 financial crisis ... pandemic ...,https://www.reuters.com/world/asia-pacific/weakened-us-consumer-watchdog-expected-bite-back-if-biden-wins-election-2020-10-19/
wheat,The World Is Bracing for More Pressure on Food Needs,2020-10-16 00:00:00,Bloomberg,"Fear of famine | Three destructive typhoons, U.S.-backed sanctions and the global pandemic are fueling concern that North Korea's 26 million people could slip ...",https://www.bloomberg.com/news/newsletters/2020-10-16/supply-chains-latest-nations-stockpile-food-to-avoid-shortages
wheat,Explainer: Malaysia Airlines' survival in doubt as political ...,2020-10-13 00:00:00,Reuters,Malaysia Airlines is struggling to make payments owed to creditors and lessors amid the coronavirus pandemic that has forced it to slash its operations ... COVID- ...,https://www.reuters.com/world/asia-pacific/malaysia-airlines-survival-doubt-political-support-dims-2020-10-13/
wheat,Argentina first nation to OK drought-resistant GMO wheat ...,2020-10-09 00:00:00,Reuters,"""The damage that would occur to the Argentine wheat market would be ... Iran war leaves crisis-scarred countries counting the cost · People on their ...",https://www.reuters.com/business/energy/argentina-first-nation-ok-drought-resistant-gmo-wheat-farm-industry-balks-2020-10-10/
wheat,Malaysia's AirAsia X aims to stave off liquidation with $15 ...,2020-10-07 00:00:00,Reuters,Hard hit by the coronavirus pandemic ... The Reuters Iran Briefing newsletter keeps you informed with the latest developments and analysis of the Iran war.,https://www.reuters.com/world/asia-pacific/malaysias-airasia-x-aims-stave-off-liquidation-with-15-bln-debt-restructure-2020-10-07/
wheat,Danone to sell remaining 500 million euro stake in Japan's ...,2020-10-06 00:00:00,Reuters,... COVID-19 pandemic has hurt sales and profits of a business that was already underperforming. ... Browse an unrivalled portfolio of real-time and historical market ...,https://www.reuters.com/world/asia-pacific/danone-sell-remaining-500-million-euro-stake-japans-yakult-2020-10-06/
wheat,Toyota-Panasonic venture to build lithium-ion batteries for ...,2020-10-06 00:00:00,Reuters,"... war. Sign up here. ""The global electric vehicle market is expected to continue growing rapidly,"" the company said. ... Sustainable & EV Supply Chain · EV Strategy.",https://www.reuters.com/world/asia-pacific/toyota-panasonic-venture-build-lithium-ion-batteries-hybrids-japan-2020-10-06/
wheat,Chinese FAW Group's talks to acquire Iveco held this year ...,2020-09-29 00:00:00,Reuters,"The Reuters Iran Briefing newsletter keeps you informed with the latest developments and analysis of the Iran war. ... COVID-19 pandemic, the second source said.",https://www.reuters.com/world/asia-pacific/chinese-faw-groups-talks-acquire-iveco-held-this-year-now-hold-sources-2020-09-29/
wheat,Russia's Dominance of the Wheat World Keeps Growing,2020-09-23 00:00:00,Bloomberg,Russian Wheat Harvest as Record Prices Halt Export Boom. A worker unloads ... “Russia has invested heavily in order to increase market share and it's still ...,https://www.bloomberg.com/news/articles/2020-09-22/russia-s-dominance-of-the-wheat-world-keeps-growing
wheat,U.S. details up to $14 billion in new aid for farmers,2020-09-18 00:00:00,Reuters,"Prices have rallied sharply since then, with a surge in buying from China pushing the soybean futures market to its highest in more than two years. Corn was ...",https://www.reuters.com/business/energy/us-details-up-14-billion-new-aid-farmers-2020-09-18/
wheat,"Stock picking has a terrible track record, and it's getting worse",2020-09-18 00:00:00,CNBC,"The evidence is that the market is highly, though not perfectly, efficient — available information is digested rapidly and reflected in market prices. ... supply ...",https://www.cnbc.com/2020/09/18/stock-picking-has-a-terrible-track-record-and-its-getting-worse.html
wheat,Adding this one simple food to your diet may help you live ...,2020-09-15 00:00:00,CNBC,"One conclusion leaped out like a flashing neon sign (and might come as a shock ... supply the fiber our microbiomes require, boosting our immune systems.",https://www.cnbc.com/2020/09/15/adding-this-simple-food-to-your-diet-may-help-you-live-to-100-says-longevity-health-researcher.html
wheat,"Tear down your barriers, EU says after summit with China's Xi",2020-09-14 00:00:00,Reuters,The Reuters Iran Briefing newsletter keeps you informed with the latest developments and analysis of the Iran war. ... market for EU goods and services.,https://www.reuters.com/world/china/tear-down-your-barriers-eu-says-after-summit-with-chinas-xi-2020-09-14/
wheat,Satellite Data Fill Void of Dwindling Crop Tours,2020-09-11 00:00:00,Bloomberg,Wheat in France is suffering from drought after entering spring time ... “Covid-19 is disrupting agricultural supply chains in developing countries ...,https://www.bloomberg.com/news/newsletters/2020-09-11/supply-chains-latest-satellite-data-fill-void-of-dwindling-crop-tours
wheat,Sharp wins network tech patent infringement suit against ...,2020-09-11 00:00:00,Reuters,The Reuters Iran Briefing newsletter keeps you informed with the latest developments and analysis of the Iran war. ... market data and insights from worldwide ...,https://www.reuters.com/world/asia-pacific/sharp-wins-network-tech-patent-infringement-suit-against-daimler-2020-09-11/
wheat,-U.S. rural telecom networks need $1.8 bln to remove ...,2020-09-04 00:00:00,Reuters,The Reuters Iran Briefing newsletter keeps you informed with the latest developments and analysis of the Iran war. Sign up here. The U.S. telecommunications ...,https://www.reuters.com/world/asia-pacific/us-rural-telecom-networks-need-18-bln-remove-huawei-zte-equipment-fcc-2020-09-04/
wheat,-Amazon bucks UK labour market gloom with 7000 new jobs,2020-09-03 00:00:00,Reuters,The Reuters Iran Briefing newsletter keeps you informed with the latest developments and analysis of the Iran war. ... crisis and expected the pace of losses to ...,https://www.reuters.com/world/asia-pacific/amazon-bucks-uk-labour-market-gloom-with-7000-new-jobs-2020-09-03/
wheat,Lebanon inflation soars above 100% year-on-year in July,2020-08-26 00:00:00,Reuters,... crisis ... Browse an unrivalled portfolio of real-time and historical market data and insights from worldwide sources and experts.,https://www.reuters.com/article/economy/lebanon-inflation-soars-above-100-year-on-year-in-july-idUSKBN25N0AT/
wheat,Heavily-armed Hezbollah is Lebanon's most powerful group,2020-08-17 00:00:00,Reuters,It grew stronger after joining the war in Syria in 2012 in support of President Bashar al-Assad. ... * 2019: Protests broke out against an economic crisis.,https://www.reuters.com/article/world/factbox-heavily-armed-hezbollah-is-lebanons-most-powerful-group-idUSKCN25D1N3/
wheat,Chemical signal for locust swarming identified in step ...,2020-08-13 00:00:00,Reuters,"""In human history, locust plagues, drought and flood were considered as ... Browse an unrivalled portfolio of real-time and historical market data and insights ...",https://www.reuters.com/article/lifestyle/science/chemical-signal-for-locust-swarming-identified-in-step-toward-curbing-plagues-idUSKCN2582OR/
wheat,Factbox: Countries rally round Lebanon after Beirut blast,2020-08-08 00:00:00,Reuters,All medical staff will be equipped with protective gear due to the coronavirus pandemic. ... Browse an unrivalled portfolio of real-time and historical market ...,https://www.reuters.com/article/world/factbox-countries-rally-round-lebanon-after-beirut-blast-idUSKCN2540PS/
wheat,"Indigo Ag raises $360 million, adds Moderna CEO to board",2020-08-03 00:00:00,CNBC,The company also uses that pricing data to help farmers purchase those products from suppliers at prices ... market their own food and packaged goods as ...,https://www.cnbc.com/2020/08/03/indigo-ag-raises-360-million-adds-moderna-ceo-to-board.html
wheat,"Sunny Verghese, Co-Founder and Group CEO, Olam ...",2020-08-02 00:00:00,CNBC,"The final shock is really the financial market shock, with credit to ... Covid crisis at the beginning of the crisis. Many of them are now unwounded ...",https://www.cnbc.com/2020/08/03/sunny-verghese-co-founder-and-group-ceo-olam-international.html
wheat,U.S. farmers scramble for help as COVID-19 scuttles ...,2020-07-02 00:00:00,Reuters,"The United States is the world's No. 3 exporter of wheat, a crop in high demand during the pandemic. A sustained labor shortage could impact the soy and corn ...",https://www.reuters.com/article/business/us-farmers-scramble-for-help-as-covid-19-scuttles-immigrant-workforce-idUSKBN2431BP/
wheat,Food security is a global problem. Here's how urban ...,2020-06-12 00:00:00,CNBC,"""However, in light of the current Covid-19 pandemic, there is a clear need to understand how we shorten supply chains and improve national resilience in our ...",https://www.cnbc.com/2020/06/12/food-security-is-a-global-problem-heres-how-urban-farming-could-help.html
wheat,What It Will Take to Avoid a Global Food Shortage,2020-06-09 00:00:00,Bloomberg,"A year before the Covid-19 pandemic caused havoc in the world's food supply, venture capitalists plunged $125 million into a company that breeds mealworms.",https://www.bloomberg.com/graphics/2020-solving-the-global-food-problem/
wheat,"Imperfect Foods sells JetBlue snacks, movie popcorn ...",2020-05-20 00:00:00,CNBC,"Before the Covid-19 crisis even became a pandemic, food waste start-up Imperfect Foods saw an opportunity. The discount grocery subscription box service, ...",https://www.cnbc.com/2020/05/20/imperfect-foods-sells-jetblue-snacks-movie-popcorn-unused-in-pandemic.html
wheat,World Wheat Supply: Running Out of Russian Grain Raises ...,2020-04-26 00:00:00,Bloomberg,"Stunted Exports ... Russia has a history of disrupting the wheat market through restrictions or taxes, but last imposed an outright ban in 2010 after drought ...",https://www.bloomberg.com/news/articles/2020-04-26/world-is-running-out-of-russian-wheat-when-some-want-it-most
wheat,"U.S. corn, soy futures retreat after three days of gains",2020-04-24 00:00:00,Reuters,"... market due to demand uncertainty stemming from the global coronavirus pandemic, traders said. Wheat futures also were lower. Get a daily digest of breaking ...",https://www.reuters.com/article/business/us-corn-soy-futures-retreat-after-three-days-of-gains-wheat-also-weak-idUSL5N2CC5SZ/
wheat,Can’t Find Flour? Big Wheat Growers Start to Hoard Supply,2020-04-15 13:36:14,Bloomberg,"(Bloomberg) -- The Wheat market is starting to get shaken up by the coronavirus pandemic.
Panic buying of food might have largely...",https://www.investing.com/news/commodities-news/cant-find-flour-big-wheat-growers-start-to-hoard-supply-2140862
wheat,Food Export Bans: First Country to Cut Grain Exports,2020-04-10 00:00:00,Bloomberg,"Romania became the first country to cut off grain exports during the coronavirus pandemic, a dramatic move that could fan worries about the global food supply.",https://www.bloomberg.com/news/articles/2020-04-10/food-supply-fears-are-growing-as-romania-bans-grain-exports
wheat,Rice prices surge to 7-year high as coronavirus sparks ...,2020-04-07 00:00:00,CNBC,"Rice and wheat prices will remain supported in the coming weeks, said Fitch Solutions in a note. ""Supply is currently tightening due to the impact of the Covid ...",https://www.cnbc.com/2020/04/08/rice-prices-surge-to-7-year-high-as-coronavirus-sparks-stockpiling.html
wheat,How the coronavirus crisis is affecting food supply,2020-04-03 00:00:00,Reuters,How the coronavirus crisis is affecting food supply. By Reuters. April 3 ... Jet fuel shock from Iran war worsens crisis for global airlines · FILE PHOTO ...,https://www.reuters.com/article/business/how-the-coronavirus-crisis-is-affecting-food-supply-idUSKBN21L0D1/
wheat,"Coronavirus: Food crisis looms as farms idle, countries ...",2020-03-30 00:00:00,CNBC,"The coronavirus outbreak could affect food security as the global pandemic disrupts labor availability and the supply chain. ""We risk a looming food crisis ...",https://www.cnbc.com/2020/03/30/coronavirus-food-crisis-looms-as-farms-idle-countries-hoard-supplies.html
wheat,Russia Wants to Limit Grain Exports to Protect Food Supplies,2020-03-27 00:00:00,Bloomberg,"Russia has a history of shaking up the wheat market by restricting exports through taxes, bans or informal limits. The country's domestic wheat prices have ...",https://www.bloomberg.com/news/articles/2020-03-27/wheat-futures-rise-as-russia-considers-grain-export-quota
wheat,India announces $22.5 billion stimulus package to help ...,2020-03-26 00:00:00,CNBC,"Data from the health ministry showed India has 593 active cases of COVID-19, the respiratory disease caused by the coronavirus. ... market economist.",https://www.cnbc.com/2020/03/26/coronavirus-india-needs-a-support-package-larger-than-20-billion-dollars.html
wheat,"Countries Starting to Hoard Food, Threatening Global Trade",2020-03-24 00:00:00,Bloomberg,Kazakhstan Bans Flour Exports to Protect Food Supply · Food Giants Pay Worker ... Cancun Airport During The Covid-19 Pandemic. Mexico's Low-Cost Airlines ...,https://www.bloomberg.com/news/articles/2020-03-24/countries-are-starting-to-hoard-food-threatening-global-trade
wheat,"There's Plenty of Food in the World, Just Not Where It's ...",2020-03-19 00:00:00,Bloomberg,"There's Plenty of Food in the World, Just Not Where It's Needed. 'There could be a supply shock in terms of logistics:' FAO; Farm, retail groups warn of labor ...",https://www.bloomberg.com/news/articles/2020-03-19/the-fragile-system-supplying-food-to-the-world-is-under-strain
wheat,Sanitisers get priority over South Korea's soju drink in virus ...,2020-03-04 00:00:00,Reuters,"""Ethanol demand for disinfection has grown while supply is limited...we have ... Pope Leo urges end to 'madness of war' as US, Iran start talks. 17 ...",https://www.reuters.com/article/world/sanitisers-get-priority-over-south-koreas-soju-drink-in-virus-crisis-idUSKBN20R1B6/
wheat,Soybeans up for fifth day; slowing Chinese demand curbs ...,2020-02-06 00:00:00,Reuters,"... trade war between the world's two largest economies. While the announcement ... Commodity funds were net sellers of CBOT corn, wheat and soyoil futures ...",https://www.reuters.com/article/global-grains-idINL4N2A70ZP/
wheat,Pakistan to import 300000 tonnes of wheat to meet flour ...,2020-01-20 00:00:00,Reuters,... wheat to relieve a shortage of flour supplies that has created a crisis for the government of Prime Minister Imran Khan. Prices of flour and bread shot up ...,https://www.reuters.com/article/business/pakistan-to-import-300000-tonnes-of-wheat-to-meet-flour-crises-idUSKBN1ZJ0X4/
wheat,U.S.-China trade deal cuts tariffs for Beijing promise of big ...,2019-12-14 00:00:00,Reuters,"GRAPHIC: U.S. farm exports to China dry up in trade war - here. Asked about ... market-distorting practices,"" when it started the trade war with China.",https://www.reuters.com/article/world/us-china-trade-deal-cuts-tariffs-for-beijing-promise-of-big-farm-purchases-idUSKBN1YH1S9/
wheat,'Moral call to rest of the world' on climate from hardest hit ...,2019-12-13 00:00:00,Reuters,"Island countries that could disappear due to rising sea levels had on Thursday accused rich nations of losing sight of the urgency of the crisis, as a U.N. ...",https://www.reuters.com/article/world/moral-call-to-rest-of-the-world-on-climate-from-hardest-hit-countries-obama-s-idUSKBN1YH0VO/
wheat,"U.S. agriculture wary of Trump's China sales pledge, more ...",2019-12-13 00:00:00,Reuters,"... exports and lower commodity prices because of a 17-month-old trade war between the world's two largest economies. ... Futures International. ""The private ...",https://www.reuters.com/article/world/us-agriculture-wary-of-trumps-china-sales-pledge-more-meat-a-must-idUSKBN1YH2I5/
wheat,'Post-Chemical World' Takes Shape as Agribusiness Goes ...,2019-12-12 00:00:00,Bloomberg,Fertilizer Prices Still Soaring As US And Iran Agree To Ceasefire. USDA ... A Wheat Harvest As Crop Futures Sink To Pre-War Levels. Wheat Drops to One ...,https://www.bloomberg.com/news/articles/2019-12-12/agribusiness-goes-green-with-eco-friendly-fertilizer-pesticides
wheat,Russia's Putin accuses Bulgaria of holding up TurkStream ...,2019-12-04 00:00:00,Reuters,TurkStream and Nord Stream 2 are essential for Moscow to continue gas exports to Europe as Russia wants to suspend transit via Ukraine. ... Russia calls for joint ...,https://www.reuters.com/article/world/russias-putin-accuses-bulgaria-of-holding-up-turkstream-pipeline-idUSKBN1Y82HV/
wheat,Italian Pasta Increasingly Is Made of Wheat From the U.S. ...,2019-12-02 00:00:00,Bloomberg,The Iran War Has Finally Shattered America's World. by Hal Brands. Retail ... HomeBTV+Market DataOpinionAudioOriginalsMagazineEvents. News. Markets ...,https://www.bloomberg.com/news/articles/2019-12-02/italy-s-pasta-lovers-can-t-quit-excellent-north-american-wheat
wheat,Incumbent Geingob wins Namibia presidential election ...,2019-11-30 00:00:00,Reuters,"... drought that ravaged agricultural export crops, as well as by unprofitably low prices for Namibia's main hard commodities, uranium and diamonds. ... crisis ...",https://www.reuters.com/article/world/incumbent-geingob-wins-namibia-presidential-election-with-563-of-the-vote-idUSKBN1Y40OF/
wheat,"Cyber bullying, star suicides: The dark side of South ...",2019-11-28 00:00:00,Reuters,Russia calls for joint food reserves with BRICS to counter Middle East crisis risks ... Browse an unrivalled portfolio of real-time and historical market data and ...,https://www.reuters.com/article/world/cyber-bullying-star-suicides-the-dark-side-of-south-koreas-k-pop-world-idUSKBN1Y20U7/
wheat,"Stocks - Boeing, Walgreens Boost Dow; China Stalls Market",2019-11-11 22:05:00,Investing.com,"Investing.com – Stocks overall struggled on Monday, but the Dow was pushed higher by gains in Boeing and  Walgreen Boots...",https://www.investing.com/news/stock-market-news/stocks--boeing-walgreens-boost-dow-china-stalls-market-2018167
wheat,Lebanon banking body tells depositors as protests continue,2019-11-09 00:00:00,Reuters,"Already facing the worst economic crisis since the 1975-90 civil war, Lebanon has been pitched deeper into turmoil since Oct. ... Nigerian airstrike hits market ...",https://www.reuters.com/article/world/no-need-to-panic-lebanon-banking-body-tells-depositors-as-protests-continue-idUSKBN1XJ0DK/
wheat,Saudi visit signals Putin's growing Middle East influence,2019-10-14 00:00:00,Reuters,"... war, while the United States pulled back. Saudi Arabia sided with Syrian ... sanctions. The Russian president met King Salman and de facto ruler Crown ...",https://www.reuters.com/article/world/saudi-visit-signals-putins-growing-middle-east-influence-idUSKBN1WT0KH/
wheat,Where the US-Japan trade deal falls short of TPP ...,2019-10-07 00:00:00,CNBC,"The deal aims to help restore Japanese market share lost by U.S. ... tariff schedule. ""There are some specific parts of the ag sector that really ...",https://www.cnbc.com/2019/10/08/where-the-us-japan-trade-deal-falls-short-of-tpp-abandoned-by-trump.html
wheat,France's far-right Marion Marechal convinced of rising to ...,2019-09-28 00:00:00,Reuters,Russia calls for joint food reserves with BRICS to counter Middle East crisis risks ... Browse an unrivalled portfolio of real-time and historical market data and ...,https://www.reuters.com/article/world/uk/frances-far-right-marion-marechal-convinced-of-rising-to-power-one-day-idUSKBN1WD0N5/
wheat,U.S. Corn Farmers Are Too Productive For Their Own Good,2019-09-24 00:00:00,Bloomberg,"A former editorial director of the Harvard Business Review, he is author of “The Myth of the Rational Market. ... prices — which happen to have hit their ...",https://www.bloomberg.com/view/articles/2019-09-24/u-s-corn-farmers-are-too-productive-for-their-own-good
wheat,America's Farmers Need More Than a Trade Truce,2019-09-13 00:00:00,Bloomberg,"... crisis lies with one man: President Trump. His trade war with China has savaged farmers dependent on exports. At the same time, the Environmental Protection ...",https://www.bloomberg.com/view/articles/2019-09-13/america-s-farmers-need-more-than-a-trade-truce
wheat,"Trump, Abe say U.S. and Japan have agreed in principle ...",2019-08-26 00:00:00,Reuters,"The agreement, if finalized, would cool a trade dispute between the two allies just as a trade war between the United States and China escalates. ... tariff ...",https://www.reuters.com/article/business/trump-abe-say-us-and-japan-have-agreed-in-principle-on-trade-deal-idUSKCN1VF0CT/
wheat,VTB asks for Putin's help to create Russian grain champion,2019-08-23 00:00:00,Reuters,The aim of VTB's proposed grain holding company is to control the supply chain from producer to consumer and to become a multinational giant in a market where ...,https://www.reuters.com/article/business/exclusive-dear-vladimir-vtb-asks-for-putins-help-to-create-russian-grain-ch-idUSKCN1VD122/
wheat,'Trump is ruining our markets': Farmers lose a huge ...,2019-08-10 00:00:00,CNBC,Analysts estimate that soybean prices have dropped 9% since the beginning of the trade war. Soybean exports to China have dropped by 75% from September 2018 to ...,https://www.cnbc.com/2019/08/10/trump-is-ruining-our-markets-farmers-lose-a-huge-customer-to-trade-war----china.html
wheat,China's U.S. Soybean Purchases Slump to 2004 Low,2019-07-28 00:00:00,Bloomberg,"U.S. soybean exports to China, the world's biggest market, slumped in the first half to the lowest level in more ... trade war between the two countries.",https://www.bloomberg.com/news/articles/2019-07-28/china-s-u-s-soybean-purchases-slump-amid-year-long-trade-war
wheat,"IGC cuts forecasts for 2019/2020 world wheat, corn crops",2019-07-25 00:00:00,Reuters,"Business · Yantian port in Shenzhen, Guangdong. China's exports set to lose momentum as Iran war undercuts AI-driven boom ... shock and revived market anxiety of ...",https://www.reuters.com/article/business/igc-cuts-forecasts-for-20192020-world-wheat-corn-crops-idUSL8N24Q62C/
wheat,Inflation rampant in Tehran as Iran struggles to stem rising ...,2019-07-17 00:00:00,CNBC,"The price of food is rising in Iran amid sanctions, economic mismanagement and the threat of war ... market which still push prices higher."" Batmanghelidj said he ...",https://www.cnbc.com/2019/07/17/inflation-rampant-in-tehran-as-iran-struggles-to-stem-rising-food-prices.html
wheat,Air Canada flight diverted to Hawaii after turbulence ...,2019-07-11 00:00:00,Reuters,Russia calls for joint food reserves with BRICS to counter Middle East crisis risks ... Browse an unrivalled portfolio of real-time and historical market data and ...,https://www.reuters.com/article/world/air-canada-flight-diverted-to-hawaii-after-turbulence-injuries-reported-idUSKCN1U707O/
wheat,What to Watch in Commodities: Winners and Losers in Second Half,2019-07-08 07:11:00,Bloomberg,"(Bloomberg) -- After taking a knock last year, raw materials had a mixed first half, with a gauge of spot prices climbing about 7%...",https://www.investing.com/news/commodities-news/what-to-watch-in-commodities-winners-and-losers-in-second-half-1917059
wheat,U.S. farmers experimenting with hemp as China trade war ...,2019-06-14 00:00:00,Reuters,A growing number of U.S. farmers battered by low grain prices and the threat of a prolonged trade war ... The U.S. hemp market is growing along with supply. U.S. ...,https://www.reuters.com/article/business/us-farmers-experimenting-with-hemp-as-china-trade-war-drags-on-idUSKCN1TF165/
wheat,"Stocks - Wall Street Plunges on Trade, Growth Worries",2019-05-23 20:32:00,Investing.com,Investing.com - Stocks took a beating Thursday as investors worried that a U.S.-China trade war could drag on indefinitely and sap...,https://www.investing.com/news/stock-market-news/stocks--wall-street-plunges-on-trade-growth-worries-1877580
wheat,Trump to give $16 billion to farmers hurt by trade war,2019-05-23 00:00:00,CNBC,"U.S. tariff revenue collected by the Treasury would be used to support the ... Before the trade war, China bought roughly half of the U.S. soybean exports.",https://www.cnbc.com/2019/05/23/trump-to-give-16-billion-to-farmers-hurt-by-trade-war-sonny-perdue.html
wheat,Farmers eagerly await trade aid plan but some worry it may ...,2019-05-22 00:00:00,CNBC,"... market impact from the trade war cost farmers over 40 cents per bushel. He ... Before the trade war, China bought roughly half of the U.S. soybean exports.",https://www.cnbc.com/2019/05/22/farmers-eagerly-await-trade-aid-plan-but-some-worry-it-may-disappoint.html
wheat,U.S. to favour soybeans in trade war aid for farmers,2019-05-21 00:00:00,Reuters,"... trade war ... The aid was seen encouraging farmers to plant more soy, potentially worsening a supply glut that last week drove soy futures to their lowest prices ...",https://www.reuters.com/article/business/us-to-favour-soybeans-in-trade-war-aid-for-farmers-bloomberg-idUSKCN1SR28Y/
wheat,"Indigo Ag: improving yields with microbes, satellite imaging",2019-05-15 00:00:00,CNBC,"Using satellite imaging and geospatial intelligence, it's created a living map of the world's food supply. ... drought or when a disease or pest infestation is ...",https://www.cnbc.com/2019/05/15/indigo-ag-improving-yields-with-microbes-satellite-imaging.html
wheat,Soybeans Slump to Lowest in a Decade as Trade War ...,2019-05-13 00:00:00,Bloomberg,"Soybean futures fell to the lowest level in a decade as an escalating trade war ... exports, sending prices tumbling and hurting grower incomes. The ...",https://www.bloomberg.com/news/articles/2019-05-13/grain-soy-soybeans-at-decade-low-amid-trade-war-pig-fever-woes
wheat,Here is a list of US goods China is targeting with a 25% tariff,2019-05-13 00:00:00,CNBC,WASHINGTON — China upped the ante Monday in the ongoing tit-for-tat trade war between the world's top economies. Beijing said it will raise tariffs on $60 ...,https://www.cnbc.com/2019/05/13/here-is-a-list-of-us-goods-china-is-targeting-with-a-25percent-tariff.html
wheat,China is raising tariffs on $60 billion of US goods starting ...,2019-05-13 00:00:00,CNBC,U.S. stock indexes fall about 2% as the trade war between the world's two largest economies escalates. Stocks plunge as China retaliates over US tariffs — ...,https://www.cnbc.com/2019/05/13/china-is-raising-tariffs-on-60-billion-of-us-goods-starting-june-1.html
wheat,"Voracious pest threatens China's crops, could boost need ...",2019-05-08 00:00:00,CNBC,"... supply, according to the U.S. Department of Agriculture ... Before the U.S.-China trade war, China was importing about 60% of all U.S. soybean exports.",https://www.cnbc.com/2019/05/08/voracious-pest-threatens-chinas-crops-could-boost-need-for-imports.html
wheat,Trump Trade Tweets Send Grain Markets Diving to 42-Year ...,2019-05-06 00:00:00,Bloomberg,"Soybean and corn futures slumped after tweets from Donald Trump that threaten an escalation of the US-China trade war, frustrating battered American producers.",https://www.bloomberg.com/news/articles/2019-05-06/grains-soy-trump-tariff-threat-to-china-drives-ag-prices-lower
wheat,Soaring Bankruptcies in Farm Belt Force Banks to Boost ...,2019-05-03 00:00:00,Bloomberg,"“Even if the trade war ends, with this oversupply of corn and soybeans and wheat, we're still going to have low prices,” Grassley said in an interview.",https://www.bloomberg.com/news/articles/2019-05-03/soaring-bankruptcies-in-farm-belt-force-banks-to-boost-defenses
wheat,"U.S. Navy, Coast Guard ships pass through strategic ...",2019-03-25 00:00:00,Reuters,"Taiwan is one of a growing number of flashpoints in the U.S.-China relationship, which also include a trade war, U.S. sanctions and China's increasingly ...",https://www.reuters.com/article/world/us-navy-coast-guard-ships-pass-through-strategic-taiwan-strait-idUSKCN1R606B/
wheat,Trump Trade War Leaves Pacific Northwest Port Growth at Risk,2019-03-08 12:50:00,Bloomberg,(Bloomberg) -- An industry that saw dramatic growth in the 10 years before Donald Trump became president is now concerned his...,https://www.investing.com/news/commodities-news/trump-trade-war-leaves-pacific-northwest-port-growth-at-risk-1801956
wheat,U.S. wins WTO ruling on Chinese grains; decision may ...,2019-02-28 00:00:00,Reuters,"The United States successfully argued that state buying at a guaranteed price raised the whole market. ... prices surged due to the Iran war, the ...",https://www.reuters.com/article/business/us-wins-wto-ruling-on-chinese-grains-decision-may-also-affect-india-idUSKCN1QH223/
wheat,Trump's Trade Menu Needs More Than Chicken and Rice,2019-02-24 00:00:00,Bloomberg,"... wheat and rice. All three operate under tariff rate quota systems, by which paltry amounts are allowed in with a 1 percent tariff but shipments outside of ...",https://www.bloomberg.com/view/articles/2019-02-25/china-u-s-trade-deal-shouldn-t-hinge-on-agriculture
wheat,Soybean prices fall as U.S.-China trade tensions mount,2019-01-28 00:00:00,Reuters,... MARKET NEWS * The safe-haven yen firmed on Tuesday after the U.S. ... * The most active wheat futures were down 0.2 percent at $5.17-3/4 a bushel ...,https://www.reuters.com/article/business/soybean-prices-fall-as-us-china-trade-tensions-mount-idUSL3N1ZT1CQ/
wheat,"With fees and laws, India rushes to save vanishing ...",2019-01-24 00:00:00,Reuters,"... crisis in its history"", according to government think-tank NITI Aayog. About ... A similar farmer-led project in seven drought-prone districts of ...",https://www.reuters.com/article/world/with-fees-and-laws-india-rushes-to-save-vanishing-groundwater-idUSKCN1PI1BR/
wheat,"U.S. shutdown sends grain traders, farmers hunting for data",2019-01-11 00:00:00,Reuters,"... trade war with China that has slowed U.S. exports. Commodity traders ... supply estimates. Advertisement · Scroll to continue. Dan Henebry, an Illinois ...",https://www.reuters.com/article/business/us-shutdown-sends-grain-traders-farmers-hunting-for-data-idUSKCN1P51G2/
wheat,Shutdown Delays Crop Data Farmers Need Before Planting,2019-01-04 00:00:00,Bloomberg,The U.S. government shutdown means the Department of Agriculture will delay the release of several market ... The USDA's monthly World Agricultural Supply and ...,https://www.bloomberg.com/news/articles/2019-01-04/usda-data-delay-is-bad-deal-as-farmers-need-to-make-crop-plans
wheat,CPTPP: American farmers set for pain as Pacific trade deal ...,2018-12-31 00:00:00,CNBC,"American beef and wheat exports, in particular, are expected to suffer. ... The deal can help ensure ""that a trade war in the Pacific does not hit ...",https://www.cnbc.com/2018/12/31/cptpp-american-farmers-set-for-pain-as-pacific-trade-deal-kicks-in.html
wheat,"Trade wars cost U.S., China billions of dollars each in 2018",2018-12-31 00:00:00,Reuters,"... tariff ... The surge in demand pushed Brazilian soy premiums to a record over U.S. soy futures in Chicago, in an example of the trade war reducing sales for U.S. ...",https://www.reuters.com/article/world/trade-wars-cost-us-china-billions-of-dollars-each-in-2018-idUSKCN1OR1JH/
wheat,Is China buying U.S. soy? Washington shutdown keeps ...,2018-12-28 00:00:00,Reuters,... exports to obtain clues as to whether China is following through with promises to buy grain and soy amid the ongoing trade war ... market strategist for the ...,https://www.reuters.com/article/business/is-china-buying-us-soy-washington-shutdown-keeps-traders-guessing-idUSKCN1OR1OT/
wheat,Nothing worked for investors this year,2018-12-21 00:00:00,CNBC,So much of the bull market in risk assets over the last nine years was linked to Federal Reserve stimulus put in place to save the economy during the financial ...,https://www.cnbc.com/2018/12/20/the-year-nothing-worked-every-asset-class-is-in-the-red-in-2018.html
wheat,"Fire, Floods and Famine: The Pessimist's Guide to 2019",2018-12-13 00:00:00,Bloomberg,The ban was to ensure the country's consumers didn't have to compete with international buyers for the scarce supply. As wheat futures soared on the Chicago ...,https://www.bloomberg.com/graphics/pessimists-guide-to-2019/
wheat,"Russia signs nuclear deal with Argentina, competing ...",2018-12-03 00:00:00,Reuters,Russia calls for joint food reserves with BRICS to counter Middle East crisis risks ... Browse an unrivalled portfolio of real-time and historical market data and ...,https://www.reuters.com/article/world/russia-signs-nuclear-deal-with-argentina-competing-with-china-idUSKBN1O22GL/
wheat,South Africa's High Court rejects white farmers' challenge ...,2018-11-30 00:00:00,Reuters,Slovak PM says EU should drop sanctions on Russian oil and gas to boost energy security ... Browse an unrivalled portfolio of real-time and historical market data ...,https://www.reuters.com/article/world/south-africas-high-court-rejects-white-farmers-challenge-to-land-expropriation-idUSKCN1NZ198/
wheat,Harvesting in a trade war - U.S. crops rot as storage costs ...,2018-11-21 00:00:00,Reuters,But Beijing slapped a 25 percent tariff on U.S. soybeans in retaliation for duties imposed by Washington on Chinese exports. ... trade war. As of mid ...,https://www.reuters.com/article/business/harvesting-in-a-trade-war-us-crops-rot-as-storage-costs-soar-idUSKCN1NQ0GQ/
wheat,GE and Rolls Royce finalists for Chinese-Russian CR929 ...,2018-11-07 00:00:00,Reuters,"General Electric <GE.N> and Rolls Royce <RR.L> are the two finalists to supply ... sanctions against Russia, could be factored into the selection process, ...",https://www.reuters.com/article/world/uk/ge-and-rolls-royce-finalists-for-chinese-russian-cr929-jet-engine-designer-says-idUSKCN1NC17G/
wheat,Trump's trade war looms over divided U.S. farm belt ahead ...,2018-11-02 00:00:00,Reuters,"... market. Advertisement · Scroll to continue ... U.S. corn and dairy farmers, in particular, had fretted about the prospect of a North American trade war.",https://www.reuters.com/article/business/trumps-trade-war-looms-over-divided-us-farm-belt-ahead-of-vote-idUSKCN1N65TK/
wheat,Peru opposition leader Fujimori ordered back to jail by judge,2018-10-31 00:00:00,Reuters,"But as the prosecution last week detailed its evidence against Fujimori in a widely-watched hearing, Popular Force called for an end to the ""political war.",https://www.reuters.com/article/world/peru-opposition-leader-fujimori-ordered-back-to-jail-by-judge-idUSKCN1N5337/
wheat,U.S. wheat extends rally as Egypt sale boosts export ...,2018-10-29 00:00:00,Reuters,... wheat futures rebounded from a three-month low struck on Thursday. ... prices and upward revisions to Russian supply helped to curb further gains on Monday.,https://www.reuters.com/article/world/us-wheat-extends-rally-as-egypt-sale-boosts-export-sentiment-idUSL3N1X93TC/
wheat,"As a Saudi prince rose, the Bin Laden business empire ...",2018-09-27 00:00:00,Reuters,"Other princes went abroad, but Prince Mohammed stayed in Saudi Arabia, earning a law degree and investing in the Riyadh stock market. ... prices, and put off by ...",https://www.reuters.com/article/world/as-a-saudi-prince-rose-the-bin-laden-business-empire-crumbled-idUSKCN1M7154/
wheat,Libya imposes fee on hard currency transactions to bridge ...,2018-09-19 00:00:00,Reuters,"... market ... The gap has done much to distort Libya's oil-dependent economy, contributing to a liquidity crisis ...",https://www.reuters.com/article/business/libya-imposes-fee-on-hard-currency-transactions-to-bridge-black-market-gap-idUSKCN1LZ2PS/
wheat,The Consolidation of the American Harvest,2018-09-07 00:00:00,Bloomberg,"With a trade war continuing to crimp soybean exports, a 2019 map will likely ... Amazon and Walmart Compete for $1 Trillion Rural Market. by Spencer ...",https://www.bloomberg.com/graphics/2018-crop-shift/
wheat,U.S. wheat growers have Trump's ear on old Canada trade ...,2018-08-31 00:00:00,Reuters,"While U.S. prices for durum are generally higher than prices at elevators in ... market this year that, since June, durum has fetched more in some ...",https://www.reuters.com/article/world/us-wheat-growers-have-trumps-ear-on-old-canada-trade-gripe-idUSKCN1LG0FZ/
wheat,Trump farm bailout to provide $6 billion in initial relief,2018-08-27 00:00:00,CNBC,Cotton represented another $1 billion in exports to China while pork and dairy products each accounted for $600 million or more in trade. Trade war looms over ...,https://www.cnbc.com/2018/08/27/trump-farm-bailout-to-provide-6-billion-dollars-in-initial-relief.html
wheat,Germany Faces Worst Harvest in 24 Years After Extreme ...,2018-08-08 00:00:00,Bloomberg,"Heat Wave Overtakes Trade War as Grain Market Driver. Gift this article. Add ... In Germany, extreme drought in the past few months has hurt crops from wheat ...",https://www.bloomberg.com/news/articles/2018-08-08/germany-faces-worst-harvest-in-24-years-after-extreme-drought
wheat,Drought Sends Australian Wheat on a World-Beating Rally,2018-08-02 00:00:00,Bloomberg,Drought in Australia is sending local wheat on a rally that's beating gains in global prices ... Tight Supply. Australian exports set to drop as drought curbs ...,https://www.bloomberg.com/news/articles/2018-08-01/wheat-rally-down-under-beats-the-world-as-drought-ravages-farms
wheat,Wheat Market Goes Haywire After Ukraine Signals Export ...,2018-08-02 00:00:00,Bloomberg,"Wheat Market Goes Haywire After Ukraine Signals Export Limits. Ukraine sowed confusion with differing statements on exports; Wheat prices surged, and then pared ...",https://www.bloomberg.com/news/articles/2018-08-02/ukraine-to-limit-milling-wheat-exports-as-drought-wrecks-crops
wheat,Trade spat with Mexico speeds U.S. decline as global ...,2018-07-26 00:00:00,Reuters,"U.S. wheat exports to all countries, valued at $2.2 billion, dropped 21 percent. ... trade war that Trump started. PAYING A PREMIUM. Global grain merchant Bunge ...",https://www.reuters.com/article/business/trade-spat-with-mexico-speeds-us-decline-as-global-wheat-supplier-idUSKBN1KG1EZ/
wheat,Global Heatwave Pummels Commodities From Texas Cotton to French Power,2018-07-25 14:20:00,Bloomberg,"(Bloomberg) -- Commodity producers are having a summer to remember, for all the wrong reasons.A heatwave across swathes of North...",https://www.investing.com/news/commodities-news/global-heatwave-pummels-commoditiesfrom-texascotton-to-french-power-1544667
wheat,Trump's $12 billion aid for farmers risks unintended ...,2018-07-24 00:00:00,CNBC,"Nonetheless, farmers generally welcomed the announcement but said it is unlikely to make them ""whole"" due to the financial impact of the trade war and tariffs ...",https://www.cnbc.com/2018/07/24/trumps-12-billion-aid-for-farmers-risks-unintended-consequences.html
wheat,World's oldest bread found at prehistoric site in Jordan,2018-07-16 00:00:00,Reuters,Iran War · Israel and Hamas at ... Browse an unrivalled portfolio of real-time and historical market data and insights from worldwide sources and experts.,https://www.reuters.com/article/lifestyle/worlds-oldest-bread-found-at-prehistoric-site-in-jordan-idUSKBN1K708B/
wheat,US pork producers brace for new pork tariffs from China ...,2018-07-04 00:00:00,CNBC,"However, the threat of a trade war is adding uncertainty and driving fear. One in 4 hogs raised in the U.S. is sold overseas, and the Chinese are the ...",https://www.cnbc.com/2018/07/04/us-pork-producers-brace-for-new-pork-tariffs-from-china-mexico.html
wheat,"Canadian tariffs on US goods began Sunday, targeting ...",2018-07-01 00:00:00,CNBC,"... supply chains that run across North America."" American ... ""We'll see how much but they will have a pretty high tariff for getting into that market.",https://www.cnbc.com/2018/06/30/canadas-tit-for-tat-tariffs-begin-sunday-and-include-whiskey-ketchup.html
wheat,U.S. agriculture secretary says farmers understand China ...,2018-06-26 00:00:00,Reuters,Perdue visited agricultural hub Chicago after commodity prices fell sharply this month on escalated tariff threats from Beijing and Washington. ... futures are ...,https://www.reuters.com/article/business/us-agriculture-secretary-says-farmers-understand-china-trade-fight-idUSKBN1JM2FJ/
wheat,Soybean prices plunge to nine-year low on US-China trade ...,2018-06-19 00:00:00,CNBC,Soybean prices plunge to nine-year low on US-China trade war fears. Published ... market analyst at The Price Futures Group. More than half of U.S. ...,https://www.cnbc.com/2018/06/19/soybean-prices-drop-to-two-year-low-on-us-china-trade-war-fears.html
wheat,"Trade War's Battle Lines Drawn as U.S., China Set Tariff Lists",2018-06-15 00:00:00,Bloomberg,"Trade War's Battle Lines Drawn as U.S., China Set Tariff Lists. Planned U.S. ... market.” Read more: The list of imports subject to tariffs. The first ...",https://www.bloomberg.com/politics/articles/2018-06-15/trump-targets-50-billion-in-china-goods-vows-more-if-needed
wheat,Depression-era program could help farmers in trade war ...,2018-06-15 00:00:00,CNBC,"... prices,"" said Glickman. ""Sometimes they can buy commodities for school ... trade war impacting American ag exports. It leaves farmers in an unstable ...",https://www.cnbc.com/2018/06/15/depression-era-program-could-help-american-farmers-says-ex-usda-head.html
wheat,Royal Caribbean adds ultra-luxury cruises with $1 billion ...,2018-06-14 00:00:00,Reuters,"... prices and a stronger dollar. Including debt, the deal is valued at $2 ... Market Watch. Royal Caribbean had nearly $9 billion in revenue at the end of ...",https://www.reuters.com/article/world/americas/royal-caribbean-adds-ultra-luxury-cruises-with-1-billion-stake-in-silversea-idUSKBN1JA1EO/
wheat,Mexiko sieht trotz Handelsstreits noch gute Chancen für ...,2018-06-06 00:00:00,Reuters,Russia calls for joint food reserves with BRICS to counter Middle East crisis risks ... Browse an unrivalled portfolio of real-time and historical market data and ...,https://www.reuters.com/article/world/mexiko-sieht-trotz-handelsstreits-noch-gute-chancen-fr-nafta-deal-idUSKCN1J20VF/
wheat,"Corn, soybeans sag on renewed U.S.-China trade tension",2018-05-29 00:00:00,Reuters,"Wheat futures followed corn and soy lower, retreating after the CBOT July ... Gas Prices Climb as Iran War Threatens Supply Chain. 10 hours ago Finance ...",https://www.reuters.com/article/business/corn-soybeans-sag-on-renewed-us-china-trade-tension-idUSL2N1T01VZ/
wheat,Trade Chokepoints Are Making It Harder to Feed the World,2018-05-18 00:00:00,Bloomberg,"... supply, suddenly raising food prices and cutting off supplies when they fail. ... Ever-expanding Black Sea wheat exports from Russia and Ukraine ...",https://www.bloomberg.com/graphics/2018-food-trade-chokepoints/
wheat,BILLIONAIRE INVESTOR WARREN BUFFETT SPEAKS ...,2018-05-07 00:00:00,CNBC,"We have had world wars, 9/11, Cuban Missile Crisis we have had all kinds of things. ... trade war. What do-- you think happens? By the way, here's a tweet from ...",https://www.cnbc.com/2018/05/07/full-transcript-billionaire-investor-warren-buffett-speaks-with-cnbcs-becky-quick-on-squawk-box-today.html
wheat,Angst in farm belt after reports that China halted buying US ...,2018-05-04 00:00:00,CNBC,"Brazil, though, enjoyed record volumes of soybean exports last month, according to Anec, the country's grain exporter group. ... tariff],"" said Slunecka.",https://www.cnbc.com/2018/05/04/angst-in-farm-belt-after-reports-that-china-halted-buying-us-soybeans.html
wheat,Climate Change Is Messing With Your Dinner,2018-04-13 00:00:00,Bloomberg,"Food supply shocks and surging prices have the power to displace people and destabilize governments, as riots in more than 70 countries during a crop crisis in ...",https://www.bloomberg.com/graphics/2018-climate-crops/
wheat,China Hits U.S. Where It Hurts With 25% Tariff on Soybeans,2018-04-04 09:01:00,Bloomberg,(Bloomberg) -- China said it will levy reciprocal tariffs on U.S. soybeans in a significant escalation of trade tensions between...,https://www.investing.com/news/commodities-news/china-hits-us-where-it-hurts-with-25-tariff-on-soybeans-1376889
wheat,"From Russia, With Love: Wheat for Half the World",2018-02-25 00:00:00,Bloomberg,"The world's top wheat shipper has been grabbing more of the market in recent years as it offloads bumper harvests at attractive prices, and exports are set to ...",https://www.bloomberg.com/news/articles/2018-02-26/with-bread-loaves-and-fish-russia-is-a-food-export-powerhouse
wheat,"Chinese paper says U.S. should learn from China, restrict ...",2018-02-23 00:00:00,Reuters,Global Market Data · Rates & Bonds · Stocks · U.S. Markets · Wealth ... sanctions on China after a bloody crackdown on pro-democracy demonstrators ...,https://www.reuters.com/article/world/chinese-paper-says-us-should-learn-from-china-restrict-guns-protect-rights-idUSKCN1G70AC/
wheat,Russia Is Exporting More Wheat Than Any Country in 25 ...,2018-02-16 00:00:00,Bloomberg,"Russian wheat-export prices ... New markets for the country's grain “allows Russia to maintain a record pace of wheat exports,” SovEcon said on its website.",https://www.bloomberg.com/news/articles/2018-02-16/russia-is-exporting-more-wheat-than-any-country-in-25-years
wheat,U.S. farmers have much to lose if NAFTA deal collapses,2018-01-28 00:00:00,Reuters,"... prices, rising healthcare costs and high property taxes. ""A trade agreement has to be fair for the United States, but we also want to keep those exports ...",https://www.reuters.com/article/business/us-farmers-have-much-to-lose-if-nafta-deal-collapses-idUSKBN1FH0OJ/
wheat,"U.S. Cold Blast Menaces Winter Wheat, Cattle as Prices Climb",2018-01-02 20:30:00,Bloomberg,"(Bloomberg) -- Bitterly cold weather in the middle of the U.S. is threatening wheat plants as cattle battle to stay warm.
A wide...",https://www.investing.com/news/commodities-news/us-cold-blast-menaces-winter-wheat-cattle-as-prices-climb-1-1054062
wheat,Tough times in the heartland as some farmers hit by losses ...,2017-12-27 00:00:00,CNBC,Times are tough in the nation's heartland as farmers struggle with low crop prices for another year. ... market just isn't giving them much today — and ...,https://www.cnbc.com/2017/12/27/some-crop-growers-hit-by-losses-are-weighing-exits-from-agriculture.html
wheat,"Commodities Markets 2018: Invisible Enemies, Solid Friends",2017-12-15 00:00:00,Bloomberg,"Supply gluts in energy and agriculture keep dragging on prices ... futures plays an outsize and unhelpful role. Looking at the top and bottom five, it's ...",https://www.bloomberg.com/gadfly/articles/2017-12-15/commodities-markets-2018-invisible-enemies-solid-friends
wheat,"Bakers, farmers struggle to make any dough on poor wheat ...",2017-12-11 00:00:00,Reuters,"The limited amount of high-protein wheat available has caused the market to ration demand, maintaining shipments to countries willing to pay a premium, such ...",https://www.reuters.com/article/world/us/bakers-farmers-struggle-to-make-any-dough-on-poor-wheat-crop-idUSKBN1E518W/
wheat,Farm-to-Table Is a Great Deal for Farmers—If They Can Get It,2017-12-11 00:00:00,Bloomberg,"Global wheat prices are in the midst of a multiyear slump, but La Brea pays ... “Differentiated wheat got us out of the commodity market,” he says. “We ...",https://www.bloomberg.com/news/articles/2017-12-11/farm-to-table-is-a-great-deal-for-farmers-if-they-can-get-it
wheat,"Shipping Costs are Surging Globally, Squeezing Grain ...",2017-12-11 00:00:00,Bloomberg,"With the surge driving up shipping rate across the board, that's bad news for agricultural traders already contending with the biggest supply ... prices for crops ...",https://www.bloomberg.com/news/articles/2017-12-11/big-bulks-shipping-boom-spells-gloom-in-glutted-grain-markets
wheat,Pictures of the year: Fighting Islamic State,2017-12-01 00:00:00,Reuters,Worldcategory Trump says gas prices may remain high through November midterm election ... Browse an unrivalled portfolio of real-time and historical market data ...,https://www.reuters.com/news/picture/pictures-of-the-year-fighting-islamic-st-idUSRTX3KQS0/
wheat,Europe Is Feeling the Power of Russian Wheat as Exports ...,2017-11-15 00:00:00,Bloomberg,"EU wheat exports have dropped 25% this season, Russia's up 20% · Country is expanding in markets in Africa and the Middle East.",https://www.bloomberg.com/news/articles/2017-11-15/europe-is-falling-behind-russia-in-the-global-wheat-market
wheat,How an Oil Giant (Russia) Came to Dominate Wheat,2017-11-12 00:00:00,Bloomberg,"Benchmark prices surged almost 50 percent in 2010 as Russia banned exports, following a drought. Russia's Wheat Ascendancy. Crop boom helps Russia become the ...",https://www.bloomberg.com/news/articles/2017-11-13/how-an-oil-giant-russia-came-to-dominate-wheat-quicktake-q-a
wheat,New Delhi declares emergency as toxic smog thickens by ...,2017-11-09 00:00:00,CNBC,"India Gate, a war memorial in the capital Delhi, is seen covered with smog ... Market Data Terms of Use and Disclaimers. Data also provided by Reuters logo.",https://www.cnbc.com/2017/11/09/new-delhi-declares-emergency-as-toxic-smog-thickens-by-the-hour.html
wheat,U.S. farmers tighten belts to compete with cheap LatAm grain,2017-10-28 00:00:00,Reuters,Corn futures have dropped about 12 percent during 2017 from 2014 averages while soybean prices are 17 percent lower and wheat has tumbled 24 percent. ... market ...,https://www.reuters.com/article/business/us-farmers-tighten-belts-to-compete-with-cheap-latam-grain-idUSKBN1CV0E4/
wheat,中国最高法驳回光大证券“乌龙指”当事人杨剑波再审申请,2017-10-27 00:00:00,Reuters,China's exports set to lose momentum as Iran war undercuts AI-driven boom: Reuters poll ... Browse an unrivalled portfolio of real-time and historical market data ...,https://www.reuters.com/article/world/china/--idUSKBN1CW156/
wheat,India raises 2018 local wheat purchase price by 6.8 percent,2017-10-24 00:00:00,Reuters,Netanyahu seeks to avoid snap vote as Iran war gives no boost in polls ... Browse an unrivalled portfolio of real-time and historical market data and insights ...,https://www.reuters.com/article/world/india-raises-2018-local-wheat-purchase-price-by-68-percent-idUSKBN1CT2MM/
wheat,比特币中国周三起上调提币手续费至原来三倍加快提现清退,2017-10-23 00:00:00,Reuters,"China's exports set to lose momentum as Iran war undercuts AI-driven boom: Reuters poll · Yantian port in Shenzhen, Guangdong. 13 hours ago Chinacategory · CATL ...",https://www.reuters.com/article/world/china/--idUSKBN1CS1CR/
wheat,"Wheat edges up after 3 days of decline, gains capped by ...",2017-10-18 00:00:00,Reuters,"... prices, although gains were checked by stiff competition in the global export market. ... Americans weigh in on the Iran war, gas prices and their fears.",https://www.reuters.com/article/global-grains-idINL4N1MU1JF/
wheat,"Nagpur Foodgrain Prices Open- Septmember 20, 2017",2017-09-20 00:00:00,Reuters,"... market on poor demand from local traders amid good supply from producing belts. * ... prices, but included in market prices). The Reuters Iran Briefing ...",https://www.reuters.com/article/instant-article/idINL4N1M12T3/
wheat,https://www.cnbc.com/CNBCsitemapAll12.xml,2017-09-14 00:00:00,CNBC,... prices.html</loc><lastmod>2024-05-06T09:38:23Z</lastmod></url> <url><loc> ... market-monday-may-6.html</loc><lastmod>2024-05-06T07:16:23Z</lastmod></url> ...,https://www.cnbc.com/CNBCsitemapAll12.xml
wheat,France Stands Out as Germans Lag at End of Europe ...,2017-09-03 00:00:00,Bloomberg,"While good crops in the south mean output is set to rise this season, exports are poised to fall this year as prices ... The Strait of Hormuz Oil Shock Is Now ...",https://www.bloomberg.com/news/articles/2017-09-03/france-stands-out-as-germans-lag-at-end-of-europe-wheat-harvest
wheat,中移动宣派特别股息午盘股价曾创逾四个月高位（更新版）,2017-08-09 00:00:00,Reuters,China's exports set to lose momentum as Iran war undercuts AI-driven boom ... Russia calls for joint food reserves with BRICS to counter Middle East crisis risks.,https://www.reuters.com/article/world/china/--idUSKBN1AQ0DS/
wheat,The U.S. Drought Is Turning Wheat Into Hay,2017-07-18 00:00:00,Bloomberg,"On July 5, prices touched $8.685 a bushel, the highest since February 2013. Futures traded at $7.73 on Wednesday. The benchmark contract for winter wheat, the ...",https://www.bloomberg.com/news/articles/2017-07-18/less-flour-more-cow-food-as-drought-turning-u-s-wheat-into-hay
wheat,America's 10 cheapest states to live in 2017,2017-07-11 00:00:00,CNBC,"You'll be surprised at the most affordable places to live in the U.S., thanks to low food prices, great home values and low gas and utility costs.",https://www.cnbc.com/2017/07/11/americas-10-cheapest-states-to-live-in-2017.html
wheat,Mid-Year Market Report - Cryptocurrencies dominate,2017-07-04 13:53:31,Investing.com,"Investing.com - June is behind us and with it the first half of 2017 is officially on the books.
In stocks, Technology companies...",https://www.investing.com/news/economy-news/mid-year-market-report---cryptocurrencies-dominate-501926
wheat,Israeli agriculture know-how often first lands in the West ...,2017-07-04 00:00:00,CNBC,"... drought is a problem. But the main target is the ""broadacre"" mass market in the central U.S., where huge acreages are planted with corn, soy beans, alfalfa ...",https://www.cnbc.com/2017/07/04/israeli-agriculture-know-how-often-first-lands-in-the-west-not-india.html
wheat,China's COFCO likely to sit out global grains race as it ...,2017-06-26 00:00:00,Reuters,COFCO is already gaining prominence in the sugar market. ... Last month it sold the bulk of sugar - primarily sourced from Brazil - against the May ICE futures ...,https://www.reuters.com/article/world/chinas-cofco-likely-to-sit-out-global-grains-race-as-it-digests-acquisitions-idUSKBN19H12E/
wheat,U.S. Ranchers Are Being Forced to Sell Cattle Due ...,2017-06-23 00:00:00,Bloomberg,"Prices for spring wheat, grown in the area, have soared 16 percent this ... futures trading. Analysts surveyed by Bloomberg, expected a 10 percent gain ...",https://www.bloomberg.com/news/articles/2017-06-22/no-hay-while-the-sun-shines-as-drought-hits-u-s-cattle-ranchers
wheat,U.S. wheat production outlook rising despite snow: USDA,2017-06-09 00:00:00,Reuters,Global Market Data · Rates & Bonds · Stocks · U.S. Markets · Wealth · Sustainability ... The government also said in its monthly supply and demand report that ...,https://www.reuters.com/article/world/us-wheat-production-outlook-rising-despite-snow-usda-idUSKBN1902H9/
wheat,Best sector for value investors now-commentary,2017-06-08 00:00:00,CNBC,... market. In the 9th year of a bull market they are getting ... The only issue for crop prices and the businesses within the industry is the supply side.,https://www.cnbc.com/2017/06/08/why-value-investors-are-road-kill-in-this-market-commentary.html
wheat,Turkey expedites troop deployment to Qatar as Gulf rift ...,2017-06-08 00:00:00,CNBC,... crisis. Lawmakers from Erdogan's ruling AK Party and the nationalist ... Grain traders said Qatar appears to have a comfortable immediate supply of wheat.,https://www.cnbc.com/2017/06/08/turkey-expedites-troop-deployment-to-qatar-as-gulf-rift-escalates.html
wheat,Russian Wheat Farmers Will Get Relief as Soggy Fields to ...,2017-06-07 00:00:00,Bloomberg,Russian wheat-export prices dropped to a six-year low last week as prices in ... Market Studies in Moscow. The weather could be a bigger problem for ...,https://www.bloomberg.com/news/articles/2017-06-08/russian-wheat-farmers-will-get-relief-as-soggy-fields-to-dry-out
wheat,"Bunge, ARASCO to jointly bid for Saudi state grains agency",2017-05-22 00:00:00,Reuters,"... prices and diversify its economy under its ""Vision 2030"" reform plan. ... The agency currently imports the kingdom's entire wheat supply of around 3.5 million ...",https://www.reuters.com/article/amp/idUSKBN18I13N/
wheat,Farming the World: China's Epic Race to Avoid a Food Crisis,2017-05-22 00:00:00,Bloomberg,"Those reforms precipitated an economic boom, driven by factories, investment and exports, but the changes down on the farm were just as dramatic. ... market ...",https://www.bloomberg.com/graphics/2017-feeding-china/
wheat,Deere cautiously upbeat on South America ag market ...,2017-05-19 00:00:00,CNBC,Deere cautiously upbeat on South America ag market despite unfolding Brazil crisis · Deere reports top- and bottom-line beats on fiscal second-quarter results.,https://www.cnbc.com/2017/05/19/deere-cautiously-upbeat-on-south-america-ag-market-despite-unfolding-brazil-crisis.html
wheat,United Airlines reaches settlement with passenger dragged ...,2017-05-03 00:00:00,Reuters,Russia calls for joint food reserves with BRICS to counter Middle East crisis risks ... Browse an unrivalled portfolio of real-time and historical market data and ...,https://www.reuters.com/article/world/united-airlines-reaches-settlement-with-passenger-dragged-from-plane-idUSKBN17T2WL/
wheat,"Israel's ""Checkpoint Q"": a daily hurdle for Palestinians",2017-04-26 00:00:00,Reuters,"In much the same way Checkpoint Charlie was an infamous symbol of division between East and West Berlin in the Cold War, Qalandiya Checkpoint has become ...",https://www.reuters.com/article/world/israels-checkpoint-q-a-daily-hurdle-for-palestinians-idUSKBN17S24S/
wheat,Nestle Purina 'Beggin' dog treat lawsuit is scrapped,2017-04-13 00:00:00,Reuters,US Postal Service seeks to hike stamp prices to 82 cents. 20 hours ago. A ... Browse an unrivalled portfolio of real-time and historical market data and insights ...,https://www.reuters.com/article/world/us/nestle-purina-beggin-dog-treat-lawsuit-is-scrapped-idUSKBN17F2HO/
wheat,"German SPD closing on Merkel's conservatives, AfD at ...",2017-03-29 00:00:00,Reuters,Russia calls for joint food reserves with BRICS to counter Middle East crisis risks ... Browse an unrivalled portfolio of real-time and historical market data and ...,https://www.reuters.com/article/world/german-spd-closing-on-merkels-conservatives-afd-at-lowest-since-nov-2015-pol-idUSKBN1700MI/
wheat,"Exclusive - As austerity-hit Egyptians turn to bread, wheat ...",2017-03-16 00:00:00,Reuters,"Although small, they showed what could happen if imports do not keep pace with demand or prices go up. ""The bread subsidy will not be touched,"" Supply Minister ...",https://www.reuters.com/article/world/exclusive-as-austerity-hit-egyptians-turn-to-bread-wheat-imports-hit-new-high-idUSKBN16N2B1/
wheat,Modi's BJP sees bigger India mandate in 2019 after state ...,2017-03-13 00:00:00,Reuters,Russia calls for joint food reserves with BRICS to counter Middle East crisis risks ... Browse an unrivalled portfolio of real-time and historical market data and ...,https://www.reuters.com/article/world/modis-bjp-sees-bigger-india-mandate-in-2019-after-state-landslide-idUSKBN16J0X6/
wheat,The correlation between USD and commodities is now gone,2017-03-06 00:00:00,CNBC,"""Commodity prices have traded in a strong inverse relationship with the U.S. ... The financial crisis and subsequent quantitative easing strengthened ...",https://www.cnbc.com/2017/03/06/the-correlation-between-usd-and-commodities-is-now-gone-citi.html
wheat,焦点：2016年美国汽车销量创出新高增强三大车厂高管信心,2017-01-04 00:00:00,Reuters,China's exports set to lose momentum as Iran war undercuts AI-driven boom: Reuters poll ... Browse an unrivalled portfolio of real-time and historical market data ...,https://www.reuters.com/article/world/china/2016--idUSKBN14O2E0/
wheat,Tax cut seen lifting soy planting in No.3 exporter Argentina,2017-01-02 00:00:00,Reuters,The half-point-per-month export tax reduction in 2018 and 2019 will also apply to the 27-percent levy currently placed on soyoil and soymeal exports. ... market ...,https://www.reuters.com/article/business/tax-cut-seen-lifting-soy-planting-in-no3-exporter-argentina-idUSKBN14M0ZW/
wheat,Pork giant Smithfield skips middlemen in grain supply chain,2016-12-29 00:00:00,Reuters,"Trading fees for commercial grain handling can run to 20 cents a bushel in tight-supply markets, but drop to just a few pennies when grain prices are low. Juan ...",https://www.reuters.com/article/world/uk/pork-giant-smithfield-skips-middlemen-in-grain-supply-chain-idUSKBN14J0DB/
wheat,Here Are the Best and Worst Performing Assets of 2016,2016-12-28 00:00:00,Bloomberg,The worst performing bond came from Mozambique as the nation struggles with a debt crisis and surging inflation. ... market corporate bonds. The company ...,https://www.bloomberg.com/news/articles/2016-12-28/here-are-the-best-and-worst-performing-assets-of-2016
wheat,"India's wheat stocks set to fall to 10-year low, beckoning ...",2016-12-23 00:00:00,Reuters,"... market analyst, referring to the state-run Food Corporation of India. ... While the move is likely to rein in prices, it could rob farmers of a chance to get ...",https://www.reuters.com/article/world/indias-wheat-stocks-set-to-fall-to-10-year-low-beckoning-imports-idUSKBN14C12T/
wheat,Exclusive: Yemen traders halt new wheat imports as ...,2016-12-16 00:00:00,Reuters,"Yemen's biggest traders have stopped new wheat imports due to a crisis at the central bank, documents seen by Reuters show, another blow to the war-torn ...",https://www.reuters.com/article/world/exclusive-yemen-traders-halt-new-wheat-imports-as-famine-approaches-idUSKBN1450HJ/
wheat,The 85 Most Disruptive Ideas in Our History,2016-12-13 00:00:00,Bloomberg,"... prices—and reduce Western influence in the Middle East. ... Shadow Banking. 1970 The Reserve Fund, the first money-market mutual fund, is launched by financial ...",https://www.bloomberg.com/businessweek/85ideas/
wheat,Strong dollar impeding U.S. grain export growth,2016-12-09 17:59:50,Investing.com,"Investing.com - The strong dollar is ""impeding"" U.S. exports of wheat, corn, and soybeans.
The USD/JPY closed up on Friday.
The...",https://www.investing.com/news/commodities-news/strong-dollar-impeding-u.s.-grain-export-growth-446877
wheat,"Soybeans up for 2nd day on strong demand, U.S. crush data",2016-11-15 00:00:00,Reuters,"Commodity funds were net buyers of CBOT corn, wheat and soybean futures contracts on Tuesday, traders said. ... Americans weigh in on the Iran war, gas prices and ...",https://www.reuters.com/article/world/us/soybeans-up-for-2nd-day-on-strong-demand-us-crush-data-idUSL4N1DH1C3/
wheat,India to sell extra 1 million tonnes wheat to local flour ...,2016-11-03 00:00:00,Reuters,Israel and Hamas at War · Japan · Middle East · Ukraine and Russia at War · United ... Browse an unrivalled portfolio of real-time and historical market data and ...,https://www.reuters.com/article/world/india-to-sell-extra-1-million-tonnes-wheat-to-local-flour-millers-in-201617-m-idUSKBN12Y0VO/
wheat,"Falling prices, borrowing binge doom Midwest 'go-go farmers'",2016-10-31 00:00:00,Reuters,"An extended U.S. drought during the period pushed agricultural commodity prices to record highs, making farmland loans more attractive to banks. Some lenders, ...",http://www.reuters.com/investigates/special-report/usa-farm-debt/
wheat,EU wheat hits new two-month high as export hopes rise in ...,2016-10-28 00:00:00,Reuters,"European wheat prices rose to a new two-month high on Friday, supported by ... futures this week, also supported by tensions in the physical maize market.",https://www.reuters.com/article/europe-grains-idAFL8N1CY66S/
wheat,"You Can Eat Gluten Again, America",2016-10-14 00:00:00,Bloomberg,Netanyahu-Trump Divisions on Iran War Threaten to Box In US. by Ben ... HomeBTV+Market DataOpinionAudioOriginalsMagazineEvents. News. MarketsEconomics ...,https://www.bloomberg.com/news/articles/2016-10-14/you-can-eat-gluten-again-america
wheat,Russia Becomes a Grain Superpower as Wheat Exports ...,2016-10-07 00:00:00,Bloomberg,... prices. Some have also cut wheat plantings ... But exports have been growing since Russia first returned in volume to the global wheat market in 2002.,https://www.bloomberg.com/news/articles/2016-10-06/russia-upends-world-wheat-market-with-record-harvest-exports
wheat,China's Insatiable Soybean Hunger Eats Into Record U.S. ...,2016-08-11 00:00:00,Bloomberg,"Even with burgeoning supply in the U.S., soybean futures may rise to $10.50 a bushel in the first quarter -- 7.4 percent above the March futures prices of $9.78 ...",https://www.bloomberg.com/news/articles/2016-08-10/china-s-insatiable-soybean-hunger-eating-into-record-u-s-crop
wheat,"Japan, South Korea block certain U.S. wheat varieties over ...",2016-08-01 00:00:00,Reuters,"Iran War · Israel and Hamas at War · Japan · Middle East · Ukraine and Russia at ... South Korea, the fifth largest market for U.S. wheat, had already said it ...",https://www.reuters.com/article/business/environment/japan-south-korea-block-certain-us-wheat-varieties-over-gmo-concerns-usda-idUSKCN10C3CG/
wheat,U.S. seek options as farm loan funds run out of cash,2016-07-25 00:00:00,Reuters,US labor market holds steady; inflation firmer before Iran war · Signage ... China's factories jolt back to inflation on Iran war price shock. 2 hours ago.,https://www.reuters.com/article/business/us-seek-options-as-farm-loan-funds-run-out-of-cash-idUSKCN1052C8/
wheat,Egypt Says Rejected U.S. Wheat Had Ergot Above Allowed ...,2016-07-14 00:00:00,Bloomberg,... market and led traders to withdraw their offers or charge higher prices over the last season. ... Strait Of Hormuz Remains Focal Point In Iran-U.S. War. Three ...,https://www.bloomberg.com/news/articles/2016-07-14/egypt-confirms-rejected-u-s-wheat-had-ergot-above-allowed-level
wheat,"El director de ""Deer Hunter"", Michael Cimino, muere a los ...",2016-07-03 00:00:00,Reuters,Russia calls for joint food reserves with BRICS to counter Middle East crisis risks ... Browse an unrivalled portfolio of real-time and historical market data and ...,https://www.reuters.com/article/world/el-director-de-deer-hunter-michael-cimino-muere-a-los-77-aos-idUSKCN0ZJ0HI/
wheat,حصري-أوباما يوافق على دور أوسع للقوات الأمريكية في ...,2016-06-09 00:00:00,Reuters,The Reuters Iran Briefing newsletter keeps you informed with the latest developments and analysis of the Iran war. ... Russia calls for joint food reserves with ...,https://www.reuters.com/article/world/--idUSKCN0YW06F/
wheat,Putin Is Growing Organic Power One T-34 Tank-Tomato at ...,2016-06-07 00:00:00,Bloomberg,"War's Blessing. Stung by oil's collapse, the ruble's plunge, financial sanctions over Ukraine and the longest recession of his 16-year rule, Putin, 63, is ...",https://www.bloomberg.com/news/features/2016-06-07/putin-is-growing-organic-power-one-t-34-tank-tomato-at-a-time
wheat,美国对中国等五个国家地区的进口耐腐蚀钢征收反倾销税 ...,2016-05-25 00:00:00,Reuters,China's exports set to lose momentum as Iran war undercuts AI-driven boom ... Russia calls for joint food reserves with BRICS to counter Middle East crisis risks.,https://www.reuters.com/article/world/china/-idUSKCN0YH081/
wheat,"For Kansas Wheat Farmers, It's All About That Yield, Not ...",2016-05-02 00:00:00,Bloomberg,"Chicago futures show that hard, red wheat prices are higher for later-delivery supplies, increasing incentives to store wheat this year, Presley said. “The last ...",https://www.bloomberg.com/news/articles/2016-05-01/for-kansas-wheat-farmers-it-s-all-about-that-yield-not-acres
wheat,"Nuevo sismo de magnitud 6,1 sacude a la costa de Ecuador",2016-04-20 00:00:00,Reuters,Russia calls for joint food reserves with BRICS to counter Middle East crisis risks ... Browse an unrivalled portfolio of real-time and historical market data and ...,https://www.reuters.com/article/world/americas/nuevo-sismo-de-magnitud-61-sacude-a-la-costa-de-ecuador-idUSKCN0XH0V5/
wheat,Sobrevivientes de devastador terremoto en Ecuador ...,2016-04-18 00:00:00,Reuters,Israel and Hamas at War · Japan · Middle East · Ukraine and Russia at War · United ... Browse an unrivalled portfolio of real-time and historical market data and ...,https://www.reuters.com/article/world/us/sobrevivientes-de-devastador-terremoto-en-ecuador-duermen-a-la-intemperie-idUSKCN0XE09P/
wheat,Egypt's dirty wheat problem,2016-03-15 00:00:00,Reuters,Supplies Minister Khaled Hanafi told Egyptian reporters in late 2014 that roughly 50 percent of the country's flour supply was stolen. ... market. The ...,http://www.reuters.com/investigates/special-report/egypt-wheat-corruption/
wheat,Syrian dissident Haytham Manna says he will not attend ...,2016-03-11 00:00:00,Reuters,Israel and Hamas at War · Japan · Middle East · Ukraine and Russia at War · United ... Browse an unrivalled portfolio of real-time and historical market data and ...,https://www.reuters.com/article/world/syrian-dissident-haytham-manna-says-he-will-not-attend-geneva-talks-idUSKCN0WD1RP/
wheat,Kids who skip lunch are missing out on essential nutrients,2016-03-08 00:00:00,Reuters,Iran War · Israel and Hamas at ... Browse an unrivalled portfolio of real-time and historical market data and insights from worldwide sources and experts.,https://www.reuters.com/article/business/healthcare-pharmaceuticals/kids-who-skip-lunch-are-missing-out-on-essential-nutrients-idUSKCN0WA2HX/
wheat,国际油市：阿联酋石油部长称当前低油价将迫使生产商冻结产能,2016-03-07 00:00:00,Reuters,"EU member states must coordinate on energy prices amid Iran conflict, von der Leyen says ... war with Iran, jeopardizing ‌a fragile two-week ceasefire.",https://www.reuters.com/article/markets/commodities/-idUSL4S16F2ZW/
wheat,U.S. admiral warns against Chinese fighter flights from ...,2016-02-15 00:00:00,Reuters,Russia calls for joint food reserves with BRICS to counter Middle East crisis risks ... Browse an unrivalled portfolio of real-time and historical market data and ...,https://www.reuters.com/article/world/us-admiral-warns-against-chinese-fighter-flights-from-south-china-sea-runways-idUSKCN0VO1BP/
wheat,Smallest Indian Wheat Crop in Six Years Set to Spur Imports,2016-02-10 00:00:00,Bloomberg,"“It will be rational to lift the import duty on wheat to control prices in the open market,” Gunasekaran said. ... Futures on the National Commodity ...",https://www.bloomberg.com/news/articles/2016-02-09/smallest-indian-wheat-crop-in-six-years-set-to-spur-more-imports
wheat,Farm to market: Taking stock of the agricultural land grab,2016-01-21 00:00:00,CNBC,"And wheat and corn prices, among other crops, have all plummeted. Pittman ... ""It's not too low demand, but it's too much supply while the increase in demand ...",https://www.cnbc.com/2016/01/21/getting-your-plot-of-american-farmland-.html
wheat,Großbritannien prüft Schritte gegen Russland im Fall ...,2016-01-21 00:00:00,Reuters,"Litwinenko war ein scharfer Kritiker Putins, der bereits 2006 Präsident in Russland war. ... crisis risks. 11 hours ago. Wheat harvesting in Russia's Rostov ...",https://www.reuters.com/article/world/grobritannien-prft-schritte-gegen-russland-im-fall-litwinenko-idUSKCN0UZ12Y/
wheat,Saudi Arabia buying up farmland in US Southwest,2016-01-15 00:00:00,CNBC,... supply of the highest quality alfalfa hay from outside the (Kingdom of Saudi ... drought. Blythe Mayor Joseph DeConinck said between 10 percent to 15 ...,https://www.cnbc.com/2016/01/15/saudi-arabia-buying-up-farmland-in-us-southwest.html
wheat,The Crop Surplus Is Bad News for America's Farms,2016-01-12 00:00:00,Bloomberg,"... crisis by high crop prices and land values. Last year, farm income was the ... As surpluses keep prices low, demand for American farm exports is ...",https://www.bloomberg.com/news/articles/2016-01-12/farm-boom-fizzles-as-u-s-crop-surplus-expands-financial-strain
wheat,《路透晚报》--12月1日日间新闻摘要（中港台）,2015-12-01 00:00:00,Reuters,Iran War · Israel and Hamas at ... Browse an unrivalled portfolio of real-time and historical market data and insights from worldwide sources and experts.,https://www.reuters.com/article/world/asia-pacific/-121-idUSL3S13Q2XU/
wheat,"Once 'King,' cotton farming on a long decline in U.S. south",2015-11-17 00:00:00,Reuters,"With cotton prices ... The farm law that passed last year phased out payments to farmers of many crops, leaving growers more exposed to market conditions.",https://www.reuters.com/article/business/environment/once-king-cotton-farming-on-a-long-decline-in-us-south-idUSKCN0T612A/
wheat,港报社评：沪港通一年颠簸，惜错估风险需求--信报11月17日,2015-11-16 00:00:00,Reuters,"Protracted Hormuz crisis could trigger agrifood catastrophe, UN food agency says ... Browse an unrivalled portfolio of real-time and historical market data and ...",https://www.reuters.com/article/world/asia-pacific/-1117-idUSL3S13C0W2/
wheat,World food prices up 3.9 percent in October,2015-11-05 00:00:00,Reuters,"A customer buys vegetables at a market in Qingdao, Shandong province, China, October 14, 2015. ... drought in India and Thailand. The vegetable oil price ...",https://www.reuters.com/article/business/world-food-prices-up-39-percent-in-october-un-food-agency-idUSKCN0SU1DK/
wheat,Saudi Wells Running Dry — of Water — Spell End ...,2015-11-04 00:00:00,Bloomberg,Netanyahu-Trump Divisions on Iran War Threaten to Box In US. by Ben ... HomeBTV+Market DataOpinionAudioOriginalsMagazineEvents. News. MarketsEconomics ...,https://www.bloomberg.com/news/articles/2015-11-04/saudi-wells-running-dry-of-water-spell-end-of-desert-wheat
wheat,韩国经济：第四季出口预计同比下降约9%--韩国进出口银行,2015-11-03 00:00:00,Reuters,"Protracted Hormuz crisis could trigger agrifood catastrophe, UN food agency says ... Browse an unrivalled portfolio of real-time and historical market data and ...",https://www.reuters.com/article/world/asia-pacific/9--idUSL3S12Z1Y3/
wheat,S.Korea's CJ Cheiljedang buys 50000 T wheat for May,2015-10-22 00:00:00,Reuters,"War casts shadow over IMF, World Bank meetings · Egypt raises fuel prices amid global energy turbulence, regional conflict. April 10, 2026 Businesscategory.",https://www.reuters.com/article/business/skoreas-cj-cheiljedang-buys-50000-t-wheat-for-may-idUSL3N12N1B2/
wheat,Archivos desclasificados EEUU indican Pinochet ordenó ...,2015-10-08 00:00:00,Reuters,Russia calls for joint food reserves with BRICS to counter Middle East crisis risks ... Browse an unrivalled portfolio of real-time and historical market data and ...,https://www.reuters.com/article/world/us/archivos-desclasificados-eeuu-indican-pinochet-orden-asesinato-canciller-chilen-idUSKCN0S224F/
wheat,Tracking the Curse of Global Drought,2015-09-16 00:00:00,Bloomberg,"With grass in short supply, ranchers bring down mulga trees so cattle can feed on their leaves. Ranchers buy cattle at an auction in Charters Towers. Prices are ...",https://www.bloomberg.com/features/2015-global-drought-stories/
wheat,Soybeans hit 3-week top as U.S. crop condition declines,2015-09-14 00:00:00,Reuters,"... prices as traders are covering their short positions,"" said Kaname Gokon of ... market closed on Monday, left its good-to-excellent condition of corn ...",https://www.reuters.com/article/world/us/soybeans-hit-3-week-top-as-us-crop-condition-declines-idUSL4N11L1BO/
wheat,Earth has 3 trillion trees but they're falling at alarming rate,2015-09-02 00:00:00,Reuters,Global Market Data · Rates & Bonds · Stocks · U.S. Markets · Wealth ... Russia calls for joint food reserves with BRICS to counter Middle East crisis risks.,https://www.reuters.com/article/world/earth-has-3-trillion-trees-but-theyre-falling-at-alarming-rate-idUSKCN0R21ZN/
wheat,"Explosion at U.S. military warehouse in Japan, no injuries",2015-08-23 00:00:00,Reuters,Russia calls for joint food reserves with BRICS to counter Middle East crisis risks ... Browse an unrivalled portfolio of real-time and historical market data and ...,https://www.reuters.com/article/world/explosion-at-us-military-warehouse-in-japan-no-injuries-idUSKCN0QT08F/
wheat,Washington state farmland finds out-of-state buyers,2015-07-31 00:00:00,CNBC,"Portions of Washington, Oregon, Idaho and Montana are currently in severe or extreme drought conditions, according to the latest U.S. Drought Monitor. ... prices ...",https://www.cnbc.com/2015/07/31/washington-state-farmland-finds-out-of-state-buyers.html
wheat,以色列刮起纯素食风潮,2015-07-22 00:00:00,Reuters,Iran War · Israel and Hamas at ... Browse an unrivalled portfolio of real-time and historical market data and insights from worldwide sources and experts.,https://www.reuters.com/article/world/asia-pacific/-idUSL3S102327/
wheat,Papa Francisco diz que reivindicação marítima da Bolívia ...,2015-07-13 00:00:00,Reuters,Russia calls for joint food reserves with BRICS to counter Middle East crisis risks ... Browse an unrivalled portfolio of real-time and historical market data and ...,https://www.reuters.com/article/world/papa-francisco-diz-que-reivindicao-martima-da-bolvia-no-injusta-idUSKCN0PN2E9/
wheat,Grain futures - weekly outlook: July 13 - 17,2015-07-12 13:37:22,Investing.com,"Investing.com - U.S. corn futures rallied to a 13-month high on Friday, after the U.S. Department of Agriculture lowered their...",https://www.investing.com/news/commodities-news/grain-futures---weekly-outlook:-july-13---17-350797
wheat,U.S. soybeans bounce off 1-week low on U.S. weather concerns,2015-07-09 10:00:32,Investing.com,Investing.com - U.S. soybean futures rose for the second consecutive session on Thursday to move further away from a more than...,https://www.investing.com/news/commodities-news/u.s.-soybeans-bounce-off-1-week-low-on-u.s.-weather-concerns-350372
wheat,U.S. soybeans struggle near 1-week low on upbeat crop prospects,2015-07-08 10:07:44,Investing.com,Investing.com - U.S. soybean futures fell for the fifth consecutive session on Wednesday to hit a more than one-week low as...,https://www.investing.com/news/commodities-news/u.s.-soybeans-struggle-near-1-week-low-on-upbeat-crop-prospects-350167
wheat,U.S. soybean futures fall to 1-week low on improving crop prospects,2015-07-07 10:46:27,Investing.com,Investing.com - U.S. soybean futures extended losses from the previous session on Tuesday to hit a one-week low amid improving...,https://www.investing.com/news/commodities-news/u.s.-soybean-futures-fall-to-1-week-low-on-improving-crop-prospects-349971
wheat,U.S. grain futures plunge as risk aversion mounts on Grexit jitters,2015-07-06 11:15:01,Investing.com,"Investing.com - U.S. grain futures fell sharply on Monday, as risk aversion dominated commodity markets amid heightened fears of a...",https://www.investing.com/news/commodities-news/u.s.-grain-futures-plunge-as-risk-aversion-mounts-on-grexit-jitters-349795
wheat,The Great Plains' Looming Water Crisis,2015-07-02 00:00:00,Bloomberg,"Without it, meat prices would rise, farm exports fall, and rural communities ... The Iran War Has Finally Shattered America's World. by Hal Brands.",https://www.bloomberg.com/news/articles/2015-07-02/great-plains-water-crisis-aquifer-s-depletion-threatens-farmland
wheat,U.S. wheat futures trade near 6-month high ahead of USDA reports,2015-06-30 10:13:23,Investing.com,"Investing.com - U.S. wheat futures traded near a six-month peak on Tuesday, amid mounting concerns over the pace of the...",https://www.investing.com/news/commodities-news/u.s.-wheat-futures-trade-near-6-month-high-ahead-of-usda-reports-348872
wheat,U.S. wheat futures rally to 6-month peak on harvest concerns,2015-06-29 10:13:44,Investing.com,"Investing.com - U.S. wheat futures rallied to a six-month high on Monday, amid speculation excessive rainfall in the U.S. Midwest...",https://www.investing.com/news/commodities-news/u.s.-wheat-futures-rally-to-6-month-peak-on-harvest-concerns-348645
wheat,Grain futures - weekly outlook: June 29 - July 3,2015-06-28 13:21:52,Investing.com,"Investing.com - U.S. wheat futures soared almost 6% on Friday, amid speculation excessive rainfall in the U.S. Midwest will damage...",https://www.investing.com/news/commodities-news/grain-futures---weekly-outlook:-june-29---july-3-348564
wheat,It's not easy being green: The two sides of healthy turf,2015-06-27 00:00:00,CNBC,"So why aren't drought-stricken Californians opting for the less thirsty turf? ... Global Business and Financial News, Stock Quotes, and Market Data and Analysis.",https://www.cnbc.com/2015/06/25/grass-helps-and-hurts-the-environment.html
wheat,U.S. wheat futures pull back from 2-week high,2015-06-25 10:02:44,Investing.com,"Investing.com - U.S. wheat futures moved further away from a two-week high on Thursday, but losses were limited amid growing...",https://www.investing.com/news/commodities-news/u.s.-wheat-futures-pull-back-from-2-week-high-348161
wheat,"U.S. wheat, corn futures decline after Tuesday's sharp rally",2015-06-24 10:08:08,Investing.com,"Investing.com - U.S. wheat and corn futures declined on Wednesday, one day after posting strong gains on the back of growing...","https://www.investing.com/news/commodities-news/u.s.-wheat,-corn-futures-decline-after-tuesday's-sharp-rally-347955"
wheat,America's cheapest states to live in 2015,2015-06-24 00:00:00,CNBC,"You'd be surprised at the most affordable places to live in the U.S., thanks to low food prices, great home values and low utility costs.",https://www.cnbc.com/2015/06/24/americas-cheapest-states-to-live-in-2015.html
wheat,U.S. soybean futures rally to 15-week high on crop concerns,2015-06-23 10:12:21,Investing.com,"Investing.com - U.S. soybean futures rose to a 15-week high on Tuesday, amid growing worries over crop conditions in the...",https://www.investing.com/news/commodities-news/u.s.-soybean-futures-rally-to-15-week-high-on-crop-concerns-347767
wheat,U.S. corn futures slump to 1-week low on ideal crop weather,2015-06-22 10:14:38,Investing.com,Investing.com - U.S. corn futures declined for the third consecutive session on Monday to hit a one-week low on forecasts for...,https://www.investing.com/news/commodities-news/u.s.-corn-futures-slump-to-1-week-low-on-ideal-crop-weather-347587
wheat,Grain futures - weekly outlook: June 22 - 26,2015-06-21 12:58:58,Investing.com,"Investing.com - U.S. soybean futures declined for the first time in four sessions on Friday, as investors cashed out of the market...",https://www.investing.com/news/commodities-news/grain-futures--weekly-outlook-june-22--26-347502
wheat,U.S. soybean futures ease off 5-week high on profit-taking,2015-06-18 11:08:51,Investing.com,"Investing.com - U.S. soybean futures declined for the first time in three sessions on Thursday, as investors cashed out of the...",https://www.investing.com/news/commodities-news/u.s.-soybean-futures-ease-off-5-week-high-on-profit-taking-347170
wheat,"U.S. soybean futures rally to 5-week high on crop, planting concerns",2015-06-17 10:04:32,Investing.com,Investing.com - U.S. soybean futures extended strong gains from the previous session on Wednesday to hit a five-week high amid...,"https://www.investing.com/news/commodities-news/u.s.-soybean-futures-rally-to-5-week-high-on-crop,-planting-concerns-346951"
wheat,U.S. corn futures bounce off 8-month low in early trade,2015-06-16 10:58:35,Investing.com,"Investing.com - U.S. corn futures rose for the first time in six sessions on Tuesday, as investors returned to the market to seek...",https://www.investing.com/news/commodities-news/u.s.-corn-futures-bounce-off-8-month-low-in-early-trade-346777
wheat,"U.S. wheat, corn slump to 2-week low on upbeat supply outlook",2015-06-15 10:09:32,Investing.com,Investing.com - U.S. wheat and corn futures extended losses from the previous session on Monday to hit two-week lows amid optimism...,"https://www.investing.com/news/commodities-news/u.s.-wheat,-corn-slump-to-2-week-low-on-upbeat-supply-outlook-346588"
wheat,U.S. wheat drops to 1-week low after USDA raises supply forecast,2015-06-11 10:21:02,Investing.com,Investing.com - U.S. wheat futures extended sharp losses from the previous session on Thursday to hit a one-week low after the...,https://www.investing.com/news/commodities-news/u.s.-wheat-drops-to-1-week-low-after-usda-raises-supply-forecast-346133
wheat,U.S. wheat futures climb to 2-month high before USDA supply report,2015-06-10 10:53:40,Investing.com,"Investing.com - U.S. wheat futures rose to a two-month high on Wednesday, as investors looked ahead to the U.S. Department of...",https://www.investing.com/news/commodities-news/u.s.-wheat-futures-climb-to-2-month-high-before-usda-supply-report-345921
wheat,U.S. grain futures mixed ahead of USDA supply report,2015-06-09 10:20:50,Investing.com,"Investing.com - U.S. grain futures were mixed in subdued trade on Tuesday, as market players awaited the release of the U.S....",https://www.investing.com/news/commodities-news/u.s.-grain-futures-mixed-ahead-of-usda-supply-report-345711
wheat,U.S. wheat futures push higher on crop concerns,2015-06-08 11:18:33,Investing.com,"Investing.com - U.S. wheat futures rose on Monday, amid renewed concerns over the health of the winter-wheat crop. Market players...",https://www.investing.com/news/commodities-news/u.s.-wheat-futures-push-higher-on-crop-concerns-345532
wheat,Grain futures - weekly outlook: June 8 - 12,2015-06-07 12:46:44,Investing.com,"Investing.com - U.S. wheat futures ended lower on Friday, as investors sold contracts to lock in gains from a sharp rally which...",https://www.investing.com/news/commodities-news/grain-futures---weekly-outlook:-june-8---12-345425
wheat,U.S. wheat futures fall for 2nd day as short-covering rally fades,2015-06-04 10:52:32,Investing.com,"Investing.com - U.S. wheat futures declined for the second consecutive session on Thursday, as a short-covering rally which...",https://www.investing.com/news/commodities-news/u.s.-wheat-futures-fall-for-2nd-day-as-short-covering-rally-fades-345032
wheat,"U.S. grain prices rise despite planting progress, ideal crop weather",2015-06-02 10:13:41,Investing.com,"Investing.com - U.S. grain futures edged higher on Tuesday, with wheat prices extending strong gains from the previous session as...","https://www.investing.com/news/commodities-news/u.s.-grain-prices-rise-despite-planting-progress,-ideal-crop-weather-344611"
wheat,U.S. grain futures slump on ideal crop weather,2015-06-01 10:23:33,Investing.com,"Investing.com - U.S. grain futures edged lower on Monday, on forecasts for ideal weather in the Great-Plains region and amid...",https://www.investing.com/news/commodities-news/u.s.-grain-futures-slump-on-ideal-crop-weather-344397
wheat,Why Paul Ehrlich's 'Population Bomb' Finally Bombed,2015-06-01 00:00:00,Bloomberg,"A former editorial director of the Harvard Business Review, he is author of “The Myth of the Rational Market. ... Cancun Airport During The Covid-19 Pandemic.",https://www.bloomberg.com/view/articles/2015-06-01/why-paul-ehrlich-s-population-bomb-finally-bombed
wheat,Grain futures - weekly outlook: June 1 - 5,2015-05-31 13:10:38,Investing.com,"Investing.com - U.S. wheat futures fell sharply on Friday to hit the lowest level in more than two weeks on forecasts for drier,...",https://www.investing.com/news/commodities-news/grain-futures---weekly-outlook:-june-1---5-344291
wheat,U.S. corn futures hold near 7-month low on U.S. planting progress,2015-05-28 10:05:53,Investing.com,"Investing.com - U.S. corn futures struggled near the lowest level in seven months on Thursday, amid indications of rapid planting...",https://www.investing.com/news/commodities-news/u.s.-corn-futures-hold-near-7-month-low-on-u.s.-planting-progress-343865
wheat,"U.S. wheat futures fall to 2-week low, corn at 7-month trough",2015-05-27 10:08:28,Investing.com,"Investing.com - U.S. wheat futures fell to a two-week low on Wednesday, after data showed that crop conditions in the Midwest held...","https://www.investing.com/news/commodities-news/u.s.-wheat-futures-fall-to-2-week-low,-corn-at-7-month-trough-343667"
wheat,U.S. soybean futures trade near 8-month low on planting progress,2015-05-26 10:08:10,Investing.com,"Investing.com - U.S. soybean futures inched up modestly on Tuesday, but held near the lowest level in almost eight months amid...",https://www.investing.com/news/commodities-news/u.s.-soybean-futures-trade-near-8-month-low-on-planting-progress-343485
wheat,Why They Grow Thirsty Alfalfa in Parched California,2015-05-26 00:00:00,Bloomberg,"A former editorial director of the Harvard Business Review, he is author of “The Myth of the Rational Market. ... supply so far hasn't resulted in lower prices.",https://www.bloomberg.com/view/articles/2015-05-26/why-they-grow-thirsty-alfalfa-in-parched-california
wheat,U.S. soybean futures bounce off 7-month low on bargain buying,2015-05-21 10:09:17,Investing.com,"Investing.com - U.S. soybean futures rose for the first time in three sessions on Thursday, as investors returned to the market to...",https://www.investing.com/news/commodities-news/u.s.-soybean-futures-bounce-off-7-month-low-on-bargain-buying-342883
wheat,Japan buys 116905 tonnes food wheat via tender,2015-05-21 00:00:00,Reuters,... wheat from the United ... market volatility triggered by the Iran war battered stocks ‌and weighed on the performance of the world's biggest money managers.,https://www.reuters.com/article/markets/commodities/japan-buys-116905-tonnes-food-wheat-via-tender-idUSL3N0YC2RS/
wheat,U.S. soybean futures slump to 7-month low on planting progress,2015-05-20 10:11:34,Investing.com,"Investing.com - U.S. soybean futures fell to a seven-month low on Wednesday, amid indications of rapid planting progress in the...",https://www.investing.com/news/commodities-news/u.s.-soybean-futures-slump-to-7-month-low-on-planting-progress-342686
wheat,"U.S. wheat futures fall from 6-week peak, Midwest rains in focus",2015-05-19 10:59:07,Investing.com,"Investing.com - U.S. wheat futures declined on Tuesday, as investors booked profits one day after prices rallied to the highest...","https://www.investing.com/news/commodities-news/u.s.-wheat-futures-fall-from-6-week-peak,-midwest-rains-in-focus-342488"
wheat,U.S. corn futures hit 1-week low on rapid U.S. planting progress,2015-05-12 10:07:25,Investing.com,"Investing.com - U.S. corn futures fell to a one-week low on Tuesday, after a report from the U.S. Department of Agriculture showed...",https://www.investing.com/news/commodities-news/u.s.-corn-futures-hit-1-week-low-on-rapid-u.s.-planting-progress-341386
wheat,U.S. grain futures edge higher ahead of USDA report,2015-05-11 10:50:37,Investing.com,"Investing.com - U.S. grain futures were modestly higher on Monday, as market players awaited the release of the U.S. Department of...",https://www.investing.com/news/commodities-news/u.s.-grain-futures-edge-higher-ahead-of-usda-report-341218
wheat,Grain futures - weekly outlook: May 11 - 15,2015-05-10 13:13:29,Investing.com,"Investing.com - U.S. wheat futures rallied sharply on Friday, amid fresh concerns over crop prospects in the U.S. Midwest and...",https://www.investing.com/news/commodities-news/grain-futures---weekly-outlook:-may-11---15-341122
wheat,U.S. corn futures ease from 1-week high on Midwest planting outlook,2015-05-07 11:00:57,Investing.com,"Investing.com - U.S. corn futures fell from the previous session's one-week peak on Thursday, as crop-friendly weather in the U.S....",https://www.investing.com/news/commodities-news/u.s.-corn-futures-ease-from-1-week-high-on-midwest-planting-outlook-340710
wheat,World food prices fall to near five-year low in April - U.N. FAO,2015-05-07 00:00:00,Reuters,U.S. stock index futures rose on Tuesday as traders held ​onto hopes of ... Airlines urge EU to step in as Iran war chokes jet fuel supply. 9 hours ago.,https://www.reuters.com/article/business/world-food-prices-fall-to-near-five-year-low-in-april-un-fao-idUSKBN0NS0O3/
wheat,U.S. soybean futures rise for 3rd day as soy oil extends rally,2015-05-06 10:23:29,Investing.com,"Investing.com - U.S. soybean futures rose for the third consecutive session on Wednesday, supported by strong gains in the soy oil...",https://www.investing.com/news/commodities-news/u.s.-soybean-futures-rise-for-3rd-day-as-soy-oil-extends-rally-340492
wheat,U.S. corn hits fresh 6-month low on U.S. planting progress,2015-05-05 10:05:38,Investing.com,"Investing.com - U.S. corn futures tumbled to the lowest level in more than six months on Tuesday, after a report from the U.S....",https://www.investing.com/news/commodities-news/u.s.-corn-hits-fresh-6-month-low-on-u.s.-planting-progress-340274
wheat,U.S. corn hits 6-month low ahead of USDA planting progress report,2015-05-04 10:09:59,Investing.com,"Investing.com - U.S. corn futures declined for the third consecutive session on Monday, amid indications of rapid planting...",https://www.investing.com/news/commodities-news/u.s.-corn-hits-6-month-low-ahead-of-usda-planting-progress-report-340088
wheat,Grain futures - weekly outlook: May 4 - 8,2015-05-03 12:55:47,Investing.com,"Investing.com - U.S. corn futures fell to the lowest level in nearly six months on Friday, amid indications of rapid planting...",https://www.investing.com/news/commodities-news/grain-futures---weekly-outlook:-may-4---8-339992
wheat,"U.S. wheat, corn futures move further off multi-month lows",2015-04-30 10:12:02,Investing.com,"Investing.com - U.S. wheat and corn futures extended gains from the previous session on Thursday, as investors returned to the...","https://www.investing.com/news/commodities-news/u.s.-wheat,-corn-futures-move-further-off-multi-month-lows-339647"
wheat,Corn futures trade near 6-month low on U.S. planting progress,2015-04-29 09:42:04,Investing.com,"Investing.com - U.S. corn futures traded near the lowest level in almost six months on Wednesday, amid indications of rapid...",https://www.investing.com/news/commodities-news/corn-futures-trade-near-6-month-low-on-u.s.-planting-progress-339435
wheat,"Wheat, corn futures fall to multi-month lows on U.S. planting progress",2015-04-28 10:10:14,Investing.com,"Investing.com - U.S. wheat and corn futures fell to the lowest level in almost seven months on Tuesday, after a report from the...","https://www.investing.com/news/commodities-news/wheat,-corn-futures-fall-to-multi-month-lows-on-u.s.-planting-progress-339223"
wheat,Corn futures fall for 6th straight session on U.S. planting progress,2015-04-27 10:19:19,Investing.com,Investing.com - U.S. corn futures fell for the sixth consecutive session on Monday to trade near the lowest level in more than...,https://www.investing.com/news/commodities-news/corn-futures-fall-for-6th-straight-session-on-u.s.-planting-progress-339043
wheat,Grain futures - weekly outlook: April 27 - May 1,2015-04-26 12:16:13,Investing.com,"Investing.com - U.S. corn futures fell to the lowest level in more than five months on Friday, amid indications of rapid planting...",https://www.investing.com/news/commodities-news/grain-futures---weekly-outlook:-april-27---may-1-338949
wheat,"Volcán chileno Calbuco sorprende con potente erupción, ...",2015-04-23 00:00:00,Reuters,World · Wheat harvesting in Russia's Rostov region. Russia calls for joint food reserves with BRICS to counter Middle East crisis risks ... market data and ...,https://www.reuters.com/article/world/americas/volcn-chileno-calbuco-sorprende-con-potente-erupcin-ordenan-evacuacin-idUSKBN0ND2M5/
wheat,Corn futures fall to 1-week low on rapid U.S. planting progress,2015-04-22 09:50:10,Investing.com,"Investing.com - U.S. corn futures fell for the third consecutive session on Wednesday, amid indications of rapid planting progress...",https://www.investing.com/news/commodities-news/corn-futures-fall-to-1-week-low-on-rapid-u.s.-planting-progress-338305
wheat,台湾股市：盘中触及逾七年最高位，权重股领涨,2015-04-22 00:00:00,Reuters,Iran War · Israel and Hamas at ... Browse an unrivalled portfolio of real-time and historical market data and insights from worldwide sources and experts.,https://www.reuters.com/article/world/asia-pacific/-idUSL4S0XK1O7/
wheat,Corn futures drop on U.S. planting progress,2015-04-21 10:47:29,Investing.com,"Investing.com - U.S. corn futures fell for the second consecutive session on Tuesday, after a report from the U.S. Department of...",https://www.investing.com/news/commodities-news/corn-futures-drop-on-u.s.-planting-progress-338105
wheat,Corn futures rise to 8-day high on U.S. planting delays,2015-04-20 10:14:58,Investing.com,"Investing.com - U.S. corn futures traded rose to an eight-day peak on Monday, amid ongoing concerns over wet weather delaying...",https://www.investing.com/news/commodities-news/corn-futures-rise-to-8-day-high-on-u.s.-planting-delays-337917
wheat,Grain futures - weekly outlook: April 20 - 24,2015-04-19 12:27:32,Investing.com,"Investing.com - U.S. corn futures rose to a more than one-week high on Friday, as concerns over wet weather delaying planting in...",https://www.investing.com/news/commodities-news/grain-futures---weekly-outlook:-april-20---24-337824
wheat,Wheat futures trade close to 6-week low on U.S. rainfall,2015-04-16 09:50:02,Investing.com,"Investing.com - U.S. wheat futures traded close to a six-week low on Thursday, after agricultural meteorologists forecast further...",https://www.investing.com/news/commodities-news/wheat-futures-trade-close-to-6-week-low-on-u.s.-rainfall-337394
wheat,Wheat futures fall to fresh 4-week low on more U.S. rainfall,2015-04-15 10:00:39,Investing.com,"Investing.com - U.S. wheat futures fell to a fresh four-week low on Wednesday, after agricultural meteorologists forecast further...",https://www.investing.com/news/commodities-news/wheat-futures-fall-to-fresh-4-week-low-on-more-u.s.-rainfall-337159
wheat,Wheat futures extend losses to hit 4-week low on U.S. rainfall,2015-04-14 10:11:39,Investing.com,"Investing.com - U.S. wheat futures extended losses from the previous session to hit a four-week low on Tuesday, after agricultural...",https://www.investing.com/news/commodities-news/wheat-futures-extend-losses-to-hit-4-week-low-on-u.s.-rainfall-336947
wheat,Wheat futures tumble 2% as U.S. weather improves,2015-04-13 11:17:41,Investing.com,"Investing.com - U.S. wheat futures tumbled on Monday, as much-needed rainfall in the U.S. grain belt eased concerns over the...",https://www.investing.com/news/commodities-news/wheat-futures-tumble-2-as-u.s.-weather-improves-336763
wheat,Grain futures - weekly outlook: April 13 - 17,2015-04-12 13:21:56,Investing.com,"Investing.com - U.S. soybean futures tumbled to a six-month low on Friday, as optimism over the outlook for supplies in South...",https://www.investing.com/news/commodities-news/grain-futures---weekly-outlook:-april-13---17-336665
wheat,U.S. soybeans fall to 1-week low amid ample global supplies,2015-04-08 10:08:52,Investing.com,"Investing.com - U.S. soybean futures fell to a one-week low on Wednesday, as optimism over the outlook for supplies in Brazil and...",https://www.investing.com/news/commodities-news/u.s.-soybeans-fall-to-1-week-low-amid-ample-global-supplies-336072
wheat,Wheat futures decline for 2nd day as U.S. weather improves,2015-04-07 10:48:42,Investing.com,"Investing.com - U.S. wheat futures declined for the second consecutive session on Tuesday, as forecasts for much-needed rainfall...",https://www.investing.com/news/commodities-news/wheat-futures-decline-for-2nd-day-as-u.s.-weather-improves-335884
wheat,Wheat futures trade close to 7-week peak on U.S. weather concerns,2015-04-06 10:39:21,Investing.com,Investing.com - U.S. wheat futures rallied for the third straight session on Monday to trade close to a seven-week high as a lack...,https://www.investing.com/news/commodities-news/wheat-futures-trade-close-to-7-week-peak-on-u.s.-weather-concerns-335729
wheat,Grain futures - weekly outlook: April 6 - 10,2015-04-05 12:40:20,Investing.com,"Investing.com - U.S. wheat futures rose to a six-week peak on Thursday, as a lack of rainfall in the U.S. grain belt fuelled...",https://www.investing.com/news/commodities-news/grain-futures---weekly-outlook:-april-6---10-335665
wheat,U.S. grain futures mostly lower ahead of Easter holiday,2015-04-02 10:13:44,Investing.com,"Investing.com - U.S. grain futures were mostly lower on Thursday, as investors readjusted positions ahead of the Easter holiday...",https://www.investing.com/news/commodities-news/u.s.-grain-futures-mostly-lower-ahead-of-easter-holiday-335397
wheat,U.S. corn futures rebound after plunging 4% on Tuesday,2015-04-01 10:56:31,Investing.com,"Investing.com - U.S. corn futures regained strength on Wednesday, one day after plunging more than 4% after the U.S. Department of...",https://www.investing.com/news/commodities-news/u.s.-corn-futures-rebound-after-plunging-4-on-tuesday-335216
wheat,U.S. wheat futures trade near 1-week high ahead of USDA report,2015-03-31 10:44:04,Investing.com,Investing.com - U.S. wheat futures rose to a one-week high on Tuesday before turning modestly lower as investors readjusted...,https://www.investing.com/news/commodities-news/u.s.-wheat-futures-trade-near-1-week-high-ahead-of-usda-report-335007
wheat,U.S. wheat futures rise for second day ahead of USDA planting report,2015-03-30 10:27:59,Investing.com,"Investing.com - U.S. wheat futures extended strong gains from the previous session on Monday, as market players turned their...",https://www.investing.com/news/commodities-news/u.s.-wheat-futures-rise-for-second-day-ahead-of-usda-planting-report-334797
wheat,Grain futures - weekly outlook: March 30 - April 3,2015-03-29 12:50:47,Investing.com,Investing.com - U.S. soybean futures fell for the fourth consecutive session on Friday to hit a one-week low as optimism over the...,https://www.investing.com/news/commodities-news/grain-futures---weekly-outlook:-march-30---april-3-334687
wheat,U.S. corn futures extend rally to hit 2-1/2 month high,2015-03-26 11:09:05,Investing.com,Investing.com - U.S. corn rose for the fifth consecutive session on Thursday to trade at the highest level in more than two...,https://www.investing.com/news/commodities-news/u.s.-corn-futures-extend-rally-to-hit-2-1-2-month-high-334293
wheat,U.S. corn futures extend rally to hit 4-week high,2015-03-25 11:13:54,Investing.com,"Investing.com - U.S. corn rose for the fourth consecutive session on Wednesday to trade at the highest level in almost four weeks,...",https://www.investing.com/news/commodities-news/u.s.-corn-futures-extend-rally-to-hit-4-week-high-334083
wheat,U.S. wheat drops from 5-week high as crop conditions improve,2015-03-24 11:11:57,Investing.com,"Investing.com - U.S. wheat futures fell from the previous session's five-week peak on Tuesday, after the U.S. Department of...",https://www.investing.com/news/commodities-news/u.s.-wheat-drops-from-5-week-high-as-crop-conditions-improve-333874
wheat,"U.S. wheat jumps to 5-week high on crop concerns, dollar weakness",2015-03-23 11:50:03,Investing.com,Investing.com - U.S. wheat futures extended strong gains from the previous session on Monday to hit a five-week high as concerns...,"https://www.investing.com/news/commodities-news/u.s.-wheat-jumps-to-5-week-high-on-crop-concerns,-dollar-weakness-333694"
wheat,Grain futures - weekly outlook: March 23 - 27,2015-03-22 13:56:43,Investing.com,"Investing.com - U.S. grain futures rallied sharply on Friday, with wheat prices hitting a four-week high, as a broadly weaker U.S....",https://www.investing.com/news/commodities-news/grain-futures---weekly-outlook:-march-23---27-333582
wheat,U.S. grain futures trim gains as investors monitor dollar movement,2015-03-19 11:42:38,Investing.com,"Investing.com - U.S. grain futures were higher on Thursday, albeit off the best levels of the session, as traders monitored the...",https://www.investing.com/news/commodities-news/u.s.-grain-futures-trim-gains-as-investors-monitor-dollar-movement-333192
wheat,U.S. soybean futures fall to 5-month low on ample supplies,2015-03-18 11:31:25,Investing.com,"Investing.com - U.S. soybean futures fell to a five-month low on Wednesday, as optimism over the outlook for supplies in Brazil...",https://www.investing.com/news/commodities-news/u.s.-soybean-futures-fall-to-5-month-low-on-ample-supplies-332964
wheat,"More evidence for rise, and race difference, in U.S. celiac ...",2015-03-18 00:00:00,Reuters,Iran War · Israel and Hamas at ... Browse an unrivalled portfolio of real-time and historical market data and insights from worldwide sources and experts.,https://www.reuters.com/article/business/healthcare-pharmaceuticals/more-evidence-for-rise-and-race-difference-in-us-celiac-disease-idUSKBN0ME2SX/
wheat,U.S. wheat futures climb to 2-week high on crop concerns,2015-03-17 11:48:03,Investing.com,"Investing.com - U.S. wheat futures rose to a two-week high on Tuesday, as concerns over the health of the winter-wheat crop...",https://www.investing.com/news/commodities-news/u.s.-wheat-futures-climb-to-2-week-high-on-crop-concerns-332755
wheat,﻿U.S. soybean futures fall to 5-week low on supply outlook,2015-03-16 11:50:16,Investing.com,"Investing.com - U.S. soybean futures fell to a five-week low on Monday, as ample global supplies and a broadly stronger U.S....",https://www.investing.com/news/commodities-news/﻿u.s.-soybean-futures-fall-to-5-week-low-on-supply-outlook-332564
wheat,Grain futures - weekly outlook: March 16 - 20,2015-03-15 13:40:31,Investing.com,"Investing.com - U.S. grain futures fell sharply on Friday, pressured by a broadly stronger U.S. dollar and ample global suppliesOn...",https://www.investing.com/news/commodities-news/grain-futures---weekly-outlook:-march-16---20-332447
wheat,U.S. wheat futures climb to 1-week high on supply outlook,2015-03-12 11:14:21,Investing.com,"Investing.com - U.S. wheat futures rose to one-week high on Thursday, as prices remained supported after the U.S. Department of...",https://www.investing.com/news/commodities-news/u.s.-wheat-futures-climb-to-1-week-high-on-supply-outlook-332052
wheat,U.S. corn futures jump to 7-day high after USDA cuts forecast,2015-03-11 11:14:14,Investing.com,"Investing.com - U.S. corn futures rose to the highest level in more than a week on Wednesday, after the U.S. Department of...",https://www.investing.com/news/commodities-news/u.s.-corn-futures-jump-to-7-day-high-after-usda-cuts-forecast-331847
wheat,U.S. grain futures under pressure before USDA report,2015-03-10 11:12:37,Investing.com,"Investing.com - U.S. wheat futures fell for the first time in three sessions on Tuesday, as investors looked ahead to the U.S....",https://www.investing.com/news/commodities-news/u.s.-grains-futures-under-pressure-before-usda-report-331653
wheat,U.S. wheat futures rebound from contract low ahead of USDA report,2015-03-09 11:20:51,Investing.com,Investing.com - U.S. wheat futures rose for the second consecutive session on Monday to move further away from a contract low as...,https://www.investing.com/news/commodities-news/u.s.-wheat-futures-rebound-from-contract-low-ahead-of-usda-report-331481
wheat,Grain futures - weekly outlook: March 9 - 13,2015-03-08 13:50:49,Investing.com,"Investing.com - U.S. wheat futures fell to a contract low on Friday, before rebounding slightly as investors returned to the...",https://www.investing.com/news/commodities-news/grain-futures---weekly-outlook:-march-9---13-331388
wheat,"U.S. soybeans slump to 3-week low, wheat falls to 1-week trough",2015-03-05 11:09:44,Investing.com,Investing.com - U.S. soybean futures fell for the fourth consecutive session on Thursday to trade at a three-week low as concerns...,"https://www.investing.com/news/commodities-news/u.s.-soybeans-slump-to-3-week-low,-wheat-falls-to-1-week-trough-330987"
wheat,U.S. soybeans trade close to 1-week low on Brazil export prospects,2015-03-04 11:33:34,Investing.com,Investing.com - U.S. soybean futures declined on Wednesday to trade near a one-week low amid receding concerns over Brazilian...,https://www.investing.com/news/commodities-news/u.s.-soybeans-trade-close-to-1-week-low-on-brazil-export-prospects-330786
wheat,U.S. grain futures edge up after Monday's declines,2015-03-03 11:49:39,Investing.com,"Investing.com - U.S. grain futures edged higher on Tuesday, as investors returned to the market to seek cheap valuations in wake...",https://www.investing.com/news/commodities-news/u.s.-grain-futures-edge-up-after-monday's-declines-330587
wheat,U.S. soybeans touch 7-week high as Brazil truck strike continues,2015-03-02 11:41:06,Investing.com,"Investing.com - U.S. soybean futures rose to a seven-week high on Monday, as ongoing concerns over a disruption to supplies from...",https://www.investing.com/news/commodities-news/u.s.-soybeans-touch-7-week-high-as-brazil-truck-strike-continues-330383
wheat,Grain futures - weekly outlook: March 2 - 6,2015-03-01 13:59:40,Investing.com,"Investing.com - U.S. soybean futures rose to the highest level in almost seven weeks on Friday, as ongoing concerns over a...",https://www.investing.com/news/commodities-news/grain-futures---weekly-outlook:-march-2---6-330267
wheat,Food subsidy for fiscal year 2015/16 seen at $20.1 billion,2015-02-27 00:00:00,Reuters,"Iran War · Israel and Hamas at War · Japan · Middle East · Ukraine and Russia ... wheat crop at a wholesale grain market in Chandigarh April 26, 2014. REUTERS ...",https://www.reuters.com/article/world/food-subsidy-for-fiscal-year-201516-seen-at-201-billion-idUSKBN0LW09I/
wheat,U.S. soybean futures edge higher amid Brazil supply disruption,2015-02-26 11:13:43,Investing.com,Investing.com - U.S. soybean futures edged higher on Thursday to trade just below a six-week peak hit earlier in the week as...,https://www.investing.com/news/commodities-news/u.s.-soybean-futures-edge-higher-amid-brazil-supply-disruption-329797
wheat,"U.S. wheat slumps to 3-week low, soybeans fall from 6-week top",2015-02-25 11:50:20,Investing.com,"Investing.com - U.S. wheat futures declined to the lowest level in three weeks on Wednesday, amid ample global supplies and...","https://www.investing.com/news/commodities-news/u.s.-wheat-slumps-to-3-week-low,-soybeans-fall-from-6-week-top-329563"
wheat,"U.S. wheat futures bounce off 3-week low, further losses seen ahead",2015-02-24 11:25:22,Investing.com,"Investing.com - U.S. wheat futures regained strength on Tuesday, as investors returned to the market to seek cheap valuations...","https://www.investing.com/news/commodities-news/u.s.-wheat-futures-bounce-off-3-week-low,-further-losses-seen-ahead-329356"
wheat,U.S. wheat futures hit 3-week low amid weak export demand,2015-02-23 12:06:14,Investing.com,"Investing.com - U.S. wheat futures fell to the lowest level in almost three weeks on Monday, amid ongoing indications of slowing...",https://www.investing.com/news/commodities-news/u.s.-wheat-futures-hit-3-week-low-amid-weak-export-demand-329205
wheat,Grain futures - weekly outlook: February 23 - 27,2015-02-22 13:55:35,Investing.com,"Investing.com - U.S. wheat futures plunged more than 3% on Friday to hit the lowest level in more than two weeks, amid indications...",https://www.investing.com/news/commodities-news/grain-futures---weekly-outlook:-february-23---27-329087
wheat,U.S. wheat futures extend losses on demand concerns,2015-02-19 11:06:53,Investing.com,"Investing.com - U.S. wheat futures extended losses from the previous session on Thursday, amid indications of weakening demand for...",https://www.investing.com/news/commodities-news/u.s.-wheat-futures-extend-losses-on-demand-concerns-328714
wheat,Sanctions Biting Into Russian Quest for More Meat,2015-02-19 00:00:00,Bloomberg,"Russia in August banned food imports from the U.S. and the European Union in retaliation for the economic sanctions, just as plunging oil prices sent its energy ...",https://www.bloomberg.com/news/articles/2015-02-19/russian-quest-for-more-meat-goes-awry-as-sanctions-bite
wheat,U.S. soybean futures rise to 5-week high on crushing demand,2015-02-18 11:29:47,Investing.com,Investing.com - U.S. soybean futures extended gains from the previous session on Wednesday to hit the highest level in almost five...,https://www.investing.com/news/commodities-news/u.s.-soybean-futures-rise-to-5-week-high-on-crushing-demand-328543
wheat,U.S. wheat futures rise to 4-week high on crop concerns,2015-02-17 11:17:56,Investing.com,Investing.com - U.S. wheat futures rose sharply on Tuesday to hit the highest level in almost four weeks as forecasts showing...,https://www.investing.com/news/commodities-news/u.s.-wheat-futures-rise-to-4-week-high-on-crop-concerns-328374
wheat,Grain futures - weekly outlook: February 16 - 20,2015-02-15 13:46:04,Investing.com,Investing.com - U.S. soybean futures rose for the third consecutive session on Friday to hit the highest level in almost two...,https://www.investing.com/news/commodities-news/grain-futures---weekly-outlook:-february-16---20-328162
wheat,U.S. grain futures edge higher but ample supplies limit gains,2015-02-12 11:37:18,Investing.com,"Investing.com - U.S. grain futures edged mildly higher on Thursday, but gains were likely to remain limited amid the view that...",https://www.investing.com/news/commodities-news/u.s.-grain-futures-edge-higher-but-ample-supplies-limit-gains-327790
wheat,U.S. wheat futures extend losses after USDA raises supply outlook,2015-02-11 11:51:13,Investing.com,"Investing.com - U.S. wheat futures extended losses from the previous session on Wednesday, after the U.S. Department of...",https://www.investing.com/news/commodities-news/u.s.-wheat-futures-extend-losses-after-usda-raises-supply-outlook-327589
wheat,U.S. corn futures hold near 3-week high before USDA report,2015-02-10 11:24:02,Investing.com,"Investing.com - U.S. corn futures held near a three-week high struck in the previous session on Tuesday, as investors looked ahead...",https://www.investing.com/news/commodities-news/u.s.-corn-futures-hold-near-3-week-high-before-usda-report-327398
wheat,U.S. wheat futures decline with USDA report in focus,2015-02-09 11:54:01,Investing.com,"Investing.com - U.S. wheat futures edged lower on Monday, as investors readjusted positions ahead of the U.S. Department of...",https://www.investing.com/news/commodities-news/u.s.-wheat-futures-decline-with-usda-report-in-focus-327221
wheat,Grain futures - weekly outlook: February 9 - 13,2015-02-08 13:49:00,Investing.com,"Investing.com - U.S. corn futures rose to the highest level in more than two weeks on Friday, but gains were likely to remain...",https://www.investing.com/news/commodities-news/grain-futures---weekly-outlook:-february-9---13-327105
wheat,U.S. corn trades near 2-week peak but outlook remains clouded,2015-02-05 11:42:03,Investing.com,"Investing.com - U.S. corn futures recovered from the previous session's losses to trade near a two-week high on Thursday, as a...",https://www.investing.com/news/commodities-news/u.s.-corn-trades-near-2-week-peak-but-outlook-remains-clouded-326683
wheat,U.S. wheat futures extend gains to move further off 4-month low,2015-02-04 11:26:30,Investing.com,"Investing.com - U.S. wheat futures rose for the second consecutive session on Wednesday to hit a one-week high, as a...",https://www.investing.com/news/commodities-news/u.s.-wheat-futures-extend-gains-to-move-further-off-4-month-low-326495
wheat,U.S. grain futures bounce off multi-month lows on bargain-buying,2015-02-03 11:17:42,Investing.com,"Investing.com - U.S. wheat futures rose for the first time in three sessions on Tuesday, as investors returned to the market to...",https://www.investing.com/news/commodities-news/u.s.-grain-futures-bounce-off-multi-month-lows-on-bargain-buying-326298
wheat,U.S. wheat futures trade near 4-month low amid ample supplies,2015-02-02 12:05:04,Investing.com,"Investing.com - U.S. wheat futures traded near the lowest levels in almost four months on Monday, as indications that global...",https://www.investing.com/news/commodities-news/u.s.-wheat-futures-trade-near-4-month-low-amid-ample-supplies-326118
wheat,Alan Bjerga - Former News Correspondent,2015-02-02 00:00:00,Bloomberg,"Farm Aid Will Be Temporary Even in Extended Trade War, Ag Secretary Says ... Corn Planting As Futures Rises On Supply Concerns In U.S.. July 11, 2018. July ...",https://bloomberg.com/authors/AObE1lMGzh8/alan-bjerga
wheat,Grain futures - weekly outlook: February 2 - 6,2015-02-01 14:11:14,Investing.com,"Investing.com - U.S. wheat and soybean futures fell to their lowest levels in more than three months on Friday, as indications...",https://www.investing.com/news/commodities-news/grain-futures---weekly-outlook:-february-2---6-326012
wheat,Megan Durisin Albery,2015-02-01 00:00:00,Bloomberg,The Cocoa Crop Looks Bigger But It Won't Solve Chocolate Crisis ... HomeBTV+Market DataOpinionAudioOriginalsMagazineEvents. News. MarketsEconomics ...,https://bloomberg.com/authors/AROex3pWjCE/megan-durisin-albery
wheat,Mahmoud Habboush - Former Abu Dhabi Reporter,2015-02-01 00:00:00,Bloomberg,UAE Says OPEC+ Deal Will Soon Restore Oil Prices to 'Normal' · Pumping ... HomeBTV+Market DataOpinionAudioOriginalsMagazineEvents. News. MarketsEconomics ...,https://bloomberg.com/authors/AR2UaaUo-Rc/mahmoud-habboush
wheat,Italy elects senior judge Sergio Mattarella as president,2015-01-31 00:00:00,Reuters,"... War Two. Mattarella, 73, who is little known to most Italians, got 665 votes ... Russia calls for joint food reserves with BRICS to counter Middle East crisis ...",https://www.reuters.com/article/world/italy-elects-senior-judge-sergio-mattarella-as-president-idUSKBN0L40EA/
wheat,U.S. grain futures sink to multi-month lows on ample supplies,2015-01-29 11:21:05,Investing.com,"Investing.com - U.S. grain futures traded near their lowest levels in almost three months on Thursday, as indications that global...",https://www.investing.com/news/commodities-news/u.s.-grain-futures-sink-to-multi-month-lows-on-ample-supplies-325627
wheat,Kadhim Ajrash - Former Freelancer:Iraq,2015-01-29 00:00:00,Bloomberg,Kurdistan Oil Exports May Resume Within Week: Iraq Minister · Kurdistan Oil ... HomeBTV+Market DataOpinionAudioOriginalsMagazineEvents. News. Markets ...,https://bloomberg.com/authors/APzcjp2Fb7A/kadhim-ajrash
wheat,"U.S. wheat futures down for 6th straight day, trade at 11-week low",2015-01-28 11:20:33,Investing.com,Investing.com - U.S. wheat futures fell for the sixth consecutive session on Wednesday to hit a fresh 11-week low amid ample...,"https://www.investing.com/news/commodities-news/u.s.-wheat-futures-down-for-6th-straight-day,-trade-at-11-week-low-325447"
wheat,U.S. wheat futures slump to 11-week low amid demand concerns,2015-01-27 11:23:30,Investing.com,Investing.com - U.S. wheat futures fell for the sixth consecutive session on Tuesday to hit an 11-week low amid ample global...,https://www.investing.com/news/commodities-news/u.s.-wheat-futures-slump-to-11-week-low-amid-demand-concerns-325258
wheat,Soybeans fall to 3-month low amid optimism over Brazil crop,2015-01-26 11:34:34,Investing.com,"Investing.com - U.S. soybean futures fell for the third consecutive session on Monday, as optimism over crop prospects in Brazil...",https://www.investing.com/news/commodities-news/soybeans-fall-to-3-month-low-amid-optimism-over-brazil-crop-325073
wheat,Grain futures - weekly outlook: January 26 - 30,2015-01-25 14:20:26,Investing.com,"Investing.com - U.S. soybean futures fell to a three-month low on Friday, as optimism over crop prospects in Brazil and Argentina...",https://www.investing.com/news/commodities-news/grain-futures---weekly-outlook:-january-26---30-324976
wheat,U.S. soybeans extend bounce from 3-month low,2015-01-22 11:26:31,Investing.com,"Investing.com - U.S. soybean futures rose for the second consecutive session on Thursday, as investors returned to the market to...",https://www.investing.com/news/commodities-news/u.s.-soybeans-extend-bounce-from-3-month-low-324595
wheat,U.S. wheat rises for 2nd day after hitting 10-week low,2015-01-21 12:17:37,Investing.com,"Investing.com - U.S. wheat futures rose for the second consecutive session on Wednesday, as investors returned to the market to...",https://www.investing.com/news/commodities-news/u.s.-wheat-rises-for-2nd-day-after-hitting-2-month-low-324409
wheat,U.S. grains under pressure; soybeans trade at 3-month low,2015-01-20 11:15:35,Investing.com,"Investing.com - U.S. soybean futures fell to the lowest level in almost three months on Tuesday, as concerns over weakening demand...",https://www.investing.com/news/commodities-news/u.s.-grains-under-pressure;-soybeans-trade-at-3-month-low-324210
wheat,"Special Report: For Islamic State, wheat season sows ...",2015-01-20 00:00:00,Reuters,International sanctions and the U.S. invasion further hurt the sector. But ... market at exorbitant prices. Many farmers feel caught in a conflict that ...,https://www.reuters.com/article/world/special-report-for-islamic-state-wheat-season-sows-seeds-of-discontent-idUSKBN0KT0W3/
wheat,Grain futures - weekly outlook: January 19 - 23,2015-01-18 14:10:07,Investing.com,"Investing.com - U.S. corn futures rebounded on Friday, as investors returned to the market to seek cheap valuations after prices...",https://www.investing.com/news/commodities-news/grain-futures---weekly-outlook:-january-19---23-323993
wheat,U.S. grains edge higher but remain near multi-week lows,2015-01-15 11:42:34,Investing.com,"Investing.com - U.S. grain futures bounced off the previous session's multi-week lows on Thursday, as investors returned to the...",https://www.investing.com/news/commodities-news/u.s.-grains-edge-higher-but-remain-near-multi-week-lows-323594
wheat,U.S. grains down sharply; soybeans fall to 6-week low,2015-01-14 12:40:41,Investing.com,Investing.com - U.S. soybean futures declined for the third consecutive session on Wednesday to hit a six-week low as investors...,https://www.investing.com/news/commodities-news/u.s.-grains-down-sharply;-soybeans-fall-to-6-week-low-323410
wheat,U.S. soybeans edge higher after plunging 3.5% on Monday,2015-01-13 11:26:12,Investing.com,"Investing.com - U.S. soybean futures edged higher on Tuesday, one day after posting its biggest daily loss since June after the...",https://www.investing.com/news/commodities-news/u.s.-soybeans-edge-higher-after-plunging-3.5-on-monday-323230
wheat,U.S. wheat futures hold near 6-week low ahead of USDA reports,2015-01-12 12:26:03,Investing.com,"Investing.com - U.S. wheat futures hovered near a six-week low on Monday, as investors squared positions ahead of key data from...",https://www.investing.com/news/commodities-news/u.s.-wheat-futures-hold-near-6-week-low-ahead-of-usda-reports-323052
wheat,Grain futures - weekly outlook: January 12 - 16,2015-01-11 13:44:00,Investing.com,"Investing.com - U.S. corn futures rallied on Friday, as investors readjusted positions ahead of the U.S. Department of...",https://www.investing.com/news/commodities-news/grain-futures---weekly-outlook:-january-12---16-322943
wheat,Wheat near 1-month low amid easing concerns over U.S. crops,2015-01-08 11:24:29,Investing.com,"Investing.com - U.S. wheat futures traded near a one-month low on Thursday, amid receding concerns about damage to crops from...",https://www.investing.com/news/commodities-news/wheat-near-1-month-low-amid-easing-concerns-over-u.s.-crops-322581
wheat,Soybean futures up for third day on South America crop concerns,2015-01-07 12:19:44,Investing.com,"Investing.com - U.S. soybean futures rose for the third consecutive session on Wednesday, amid concerns about damage to crops from...",https://www.investing.com/news/commodities-news/soybean-futures-up-for-third-day-on-south-america-crop-concerns-322417
wheat,Wheat futures extend rally as U.S. cold blast threatens crops,2015-01-06 11:45:56,Investing.com,"Investing.com - U.S. wheat futures rose for the second consecutive session on Tuesday, amid mounting concerns about damage to...",https://www.investing.com/news/commodities-news/wheat-futures-extend-rally-as-u.s.-cold-blast-threatens-crops-322237
wheat,Wheat futures rally amid frigid U.S. weather conditions,2015-01-05 11:11:37,Investing.com,"Investing.com - U.S. wheat futures rose for the first time in four sessions on Monday, amid growing concerns about damage to crops...",https://www.investing.com/news/commodities-news/wheat-futures-rally-amid-frigid-u.s.-weather-conditions-322079
wheat,Grain futures - weekly outlook: January 5 - 9,2015-01-04 14:23:58,Investing.com,"Investing.com - U.S. soybean futures fell to the lowest level in nearly a month on Friday, as concerns over rising global supplies...",https://www.investing.com/news/commodities-news/grain-futures---weekly-outlook:-january-5---9-321994
wheat,Snack wars: Can beans become the new potatoes?,2014-12-15 00:00:00,CNBC,"Read MoreOrganic farming may be more drought-resistant. At the same time ... Still, Doug Foreman admits, ""It's not an easy thing to build a market where ...",https://www.cnbc.com/2014/12/12/beanitos-trying-to-turn-beans-into-the-new-potatoes.html
wheat,Grain futures - weekly outlook: December 15 - 19,2014-12-14 14:06:02,Investing.com,"Investing.com - U.S. corn and wheat futures rallied to multi-month highs on Friday, as heavy buying from large institutional...",https://www.investing.com/news/commodities-news/grain-futures---weekly-outlook:-december-15---19-320145
wheat,U.S. soybean futures edge higher after USDA cuts harvest outlook,2014-12-11 12:01:06,Investing.com,"Investing.com - U.S. soybean futures edged higher on Thursday, after the U.S. Department of Agriculture lowered its forecast of...",https://www.investing.com/news/commodities-news/u.s.-soybean-futures-edge-higher-after-usda-cuts-harvest-outlook-319867
wheat,U.S. soybean futures rise to 1-month high before USDA report,2014-12-10 11:18:54,Investing.com,"Investing.com - U.S. soybean futures rallied to a one-month high on Wednesday, as investors looked ahead to the U.S. Department of...",https://www.investing.com/news/commodities-news/u.s.-soybean-futures-rise-to-1-month-high-before-usda-report-319687
wheat,U.S. soybean futures decline ahead of USDA monthly report,2014-12-09 11:24:55,Investing.com,"Investing.com - U.S. soybean futures fell for the first time in five sessions on Tuesday, as investors readjusted positions ahead...",https://www.investing.com/news/commodities-news/u.s.-soybean-futures-decline-ahead-of-usda-monthly-report-319536
wheat,U.S. soybean futures give back some gains ahead of USDA report,2014-12-08 11:56:57,Investing.com,"Investing.com - U.S. soybean futures gave back some of the previous session's gains on Monday, as investors squared positions...",https://www.investing.com/news/commodities-news/u.s.-soybean-futures-give-back-some-gains-ahead-of-usda-report-319419
wheat,Let's Move: Obama Chef Sam Kass Is Headed to NYC,2014-12-08 00:00:00,Bloomberg,More From Bloomberg. Strait Of Hormuz Remains Focal Point In Iran-U.S. War ... HomeBTV+Market DataOpinionAudioOriginalsMagazineEvents. News. MarketsEconomics ...,https://www.bloomberg.com/politics/articles/2014-12-08/lets-move-obama-chef-sam-kass-is-headed-to-nyc
wheat,Grain futures - weekly outlook: December 8 - 12,2014-12-07 14:54:49,Investing.com,"Investing.com - U.S. soybean futures rallied more than 2% on Friday to hit a one-week high as surging demand for soybean products,...",https://www.investing.com/news/commodities-news/grain-futures---weekly-outlook:-december-8---12-319325
wheat,U.S. wheat futures fall sharply on demand concerns,2014-12-04 11:46:56,Investing.com,"Investing.com - U.S. wheat futures extended sharp losses from the previous session on Thursday, as investors bet that demand for...",https://www.investing.com/news/commodities-news/u.s.-wheat-futures-fall-sharply-on-demand-concerns-319049
wheat,Powerful antibiotic for cows often misused by farmers,2014-12-04 00:00:00,Reuters,"The USDA tests animals for traces of antibiotics, to prevent excess levels of drugs such as ceftiofur from entering the food supply. ... market for long.",https://www.reuters.com/article/world/powerful-antibiotic-for-cows-often-misused-by-farmers-idUSKCN0JI1J6/
wheat,U.S. soybean futures drop to 5-week low on Brazil crop prospects,2014-12-03 11:44:06,Investing.com,Investing.com - U.S. soybean and corn futures extended sharp losses from the previous session on Wednesday amid expectations for a...,https://www.investing.com/news/commodities-news/u.s.-soybean-futures-drop-to-5-week-low-on-brazil-crop-prospects-318889
wheat,U.S. wheat trades near 6-month high amid Russia supply concerns,2014-12-02 12:46:00,Investing.com,"Investing.com - U.S. wheat futures traded near the highest level in six months on Tuesday, amid ongoing speculation Russia will...",https://www.investing.com/news/commodities-news/u.s.-wheat-trades-near-6-month-high-amid-russia-supply-concerns-318744
wheat,U.S. wheat holds near 5-month high on Russia export outlook,2014-12-01 11:55:41,Investing.com,"Investing.com - U.S. wheat futures held near a five-month high struck in the previous session on Monday, amid speculation Russia...",https://www.investing.com/news/commodities-news/u.s.-wheat-holds-near-5-month-high-on-russia-export-outlook-318584
wheat,Grain futures - weekly outlook: December 1 - 5,2014-11-30 13:07:29,Investing.com,"Investing.com - U.S. wheat futures rallied to the highest level in nearly five months on Friday, amid speculation Russia will...",https://www.investing.com/news/commodities-news/grain-futures---weekly-outlook:-december-1---5-318474
wheat,U.S. wheat rallies to 3-month high amid crop concerns,2014-11-26 11:13:12,Investing.com,"Investing.com - U.S. wheat futures rallied to a three-month high on Wednesday, as forecasts showing adverse weather conditions...",https://www.investing.com/news/commodities-news/u.s.-wheat-rallies-to-3-month-high-amid-crop-concerns-318093
wheat,U.S. soybeans trade near 1-week high amid robust demand,2014-11-25 11:34:50,Investing.com,"Investing.com - U.S. soybean futures traded near a one-week high on Tuesday, amid indications of robust demand for U.S....",https://www.investing.com/news/commodities-news/u.s.-soybeans-trade-near-1-week-high-amid-robust-demand-317957
wheat,"U.S. soybean, corn futures edge lower as harvest nears completion",2014-11-24 11:47:36,Investing.com,"Investing.com - U.S. soybean and corn futures edged lower on Monday, as a record harvest in the U.S. neared completion.
On the...","https://www.investing.com/news/commodities-news/u.s.-soybean,-corn-futures-edge-lower-as-harvest-nears-completion-317845"
wheat,Grain futures - weekly outlook: November 24 - 28,2014-11-23 14:03:32,Investing.com,"Investing.com - U.S. soybean futures rallied sharply on Friday, as investors bet that fresh stimulus measures in China will lead...",https://www.investing.com/news/commodities-news/grain-futures---weekly-outlook:-november-24---28-317776
wheat,"Behind 700% Loans, Profits Flow Through Red Rock to ...",2014-11-23 00:00:00,Bloomberg,Netanyahu-Trump Divisions on Iran War Threaten to Box In US. by Ben ... HomeBTV+Market DataOpinionAudioOriginalsMagazineEvents. News. MarketsEconomics ...,https://www.bloomberg.com/news/articles/2014-11-24/payday-loan-fortune-backed-by-medley-found-behind-indian-casino
wheat,"U.S. soybean, corn futures trade near 2-week lows on harvest outlook",2014-11-20 11:06:56,Investing.com,"Investing.com - U.S. soybean and corn futures traded near two-week lows on Thursday, as a record harvest in the U.S. neared...","https://www.investing.com/news/commodities-news/u.s.-soybean,-corn-futures-trade-near-2-week-lows-on-harvest-outlook-317476"
wheat,U.S. drone strike kills six suspected militants in northwest ...,2014-11-20 00:00:00,Reuters,Russia calls for joint food reserves with BRICS to counter Middle East crisis risks ... Browse an unrivalled portfolio of real-time and historical market data and ...,https://www.reuters.com/article/world/us-drone-strike-kills-six-suspected-militants-in-northwest-pakistan-official-idUSKCN0J50DA/
wheat,U.S. soybeans fall to 2-week low on record harvest outlook,2014-11-19 11:13:52,Investing.com,"Investing.com - U.S. soybean futures extended losses from the previous session to hit a two-week low on Wednesday, as a record...",https://www.investing.com/news/commodities-news/u.s.-soybeans-fall-to-2-week-low-on-record-harvest-outlook-317303
wheat,Corn under pressure as pace of U.S. harvest improves,2014-11-18 11:34:34,Investing.com,"Investing.com - U.S. corn futures extended losses from the previous session on Tuesday, as a pickup in the pace of the U.S....",https://www.investing.com/news/commodities-news/corn-under-pressure-as-pace-of-u.s.-harvest-improves-317163
wheat,U.S. wheat futures trade near 3-month high on crop outlook,2014-11-17 11:25:40,Investing.com,"Investing.com - U.S. wheat futures traded near the previous session's three-month high on Monday, amid speculation freezing...",https://www.investing.com/news/commodities-news/u.s.-wheat-futures-trade-near-3-month-high-on-crop-outlook-317024
wheat,Grain futures - weekly outlook: November 17 - 21,2014-11-16 14:19:12,Investing.com,Investing.com - U.S. wheat futures rallied for the fifth consecutive session on Friday to hit the highest level in more than two...,https://www.investing.com/news/commodities-news/grain-futures---weekly-outlook:-november-17---21-316934
wheat,U.S. corn futures trade near 4-month high on crop outlook,2014-11-13 11:52:32,Investing.com,"Investing.com - U.S. corn futures traded near the previous session's four-month high on Thursday, as forecasts showing adverse...",https://www.investing.com/news/commodities-news/u.s.-corn-futures-trade-near-4-month-high-on-crop-outlook-316605
wheat,U.S. soybeans rally to 2-month high on robust demand,2014-11-12 11:07:57,Investing.com,"Investing.com - U.S. soybean futures rallied to the highest level in more than two months on Wednesday, amid indications of robust...",https://www.investing.com/news/commodities-news/u.s.-soybeans-rally-to-2-month-high-on-robust-demand-316411
wheat,Monsanto settles farmer lawsuits over experimental GMO ...,2014-11-12 00:00:00,Reuters,... market disruption after unapproved genetically engineered wheat was discovered growing without oversight in Oregon ... war and the resulting ‌surge in ...,https://www.reuters.com/article/business/monsanto-settles-farmer-lawsuits-over-experimental-gmo-wheat-idUSL2N0T22O8/
wheat,U.S. soybeans decline after USDA raises harvest outlook,2014-11-11 11:05:40,Investing.com,"Investing.com - U.S. soybean futures extended losses from the previous session on Tuesday, after the U.S. Department of...",https://www.investing.com/news/commodities-news/u.s.-soybeans-decline-after-usda-raises-harvest-outlook-316266
wheat,Relae Chef Christian Puglisi on New York Pizza and His ...,2014-11-11 00:00:00,Bloomberg,U.S. And Israel Wage War Against Iran. Trump Amps Threat to 'Take Out ... HomeBTV+Market DataOpinionAudioOriginalsMagazineEvents. News. MarketsEconomics ...,https://www.bloomberg.com/news/articles/2014-11-11/relae-chef-christian-puglisi-on-new-york-pizza-and-his-new-book
wheat,Soybeans rise to 1-week high ahead of USDA monthly report,2014-11-10 11:51:25,Investing.com,"Investing.com - U.S. soybean futures rose to a one-week high on Monday, as investors squared positions ahead of the U.S....",https://www.investing.com/news/commodities-news/soybeans-rise-to-1-week-high-ahead-of-usda-monthly-report-316119
wheat,Afghan Police Turn to Opium as $6-a-Day Salaries Delayed,2014-11-10 00:00:00,Bloomberg,This year's presidential election -- the first transfer of power since the U.S. invasion ... Netanyahu-Trump Divisions on Iran War Threaten to Box In US. by ...,https://www.bloomberg.com/news/articles/2014-11-10/afghan-police-turn-to-opium-as-6-a-day-salaries-delayed
wheat,Grain futures - weekly outlook: November 10 - 14,2014-11-09 13:52:47,Investing.com,"Investing.com - U.S. soybean futures rose for the third consecutive session on Friday, amid indications of robust demand for U.S....",https://www.investing.com/news/commodities-news/grain-futures---weekly-outlook:-november-10---14-316033
wheat,"Soybeans, corn edge lower on ideal U.S. crop weather",2014-11-06 11:12:54,Investing.com,"Investing.com - U.S. soybean and corn futures edged lower on Thursday, amid speculation beneficial weather in the U.S. Midwest...","https://www.investing.com/news/commodities-news/soybeans,-corn-edge-lower-on-ideal-u.s.-crop-weather-315715"
wheat,"Soybeans, corn fall to 1-week low on U.S. harvest progress",2014-11-05 11:53:49,Investing.com,"Investing.com - U.S. soybean and futures extended losses into a third session on Wednesday, as optimism over the pace of the U.S....","https://www.investing.com/news/commodities-news/soybeans,-corn-fall-to-1-week-low-on-u.s.-harvest-progress-315536"
wheat,"Corn, soybeans under pressure as pace of U.S. harvest improves",2014-11-04 11:46:18,Investing.com,"Investing.com - U.S. corn and soybean futures extended losses from the previous session on Tuesday, as a pickup in the pace of the...","https://www.investing.com/news/commodities-news/corn,-soybeans-under-pressure-as-pace-of-u.s.-harvest-improves-315332"
wheat,U.S. corn futures rally to 3-1/2 month high on harvest outlook,2014-10-30 11:42:10,Investing.com,Investing.com - U.S. corn futures rallied for the fourth consecutive session to hot the highest level in more than three months on...,https://www.investing.com/news/commodities-news/u.s.-corn-futures-rally-to-3-1-2-month-high-on-harvest-outlook-314796
wheat,U.S. grain futures trade near multi-week highs on harvest delays,2014-10-29 11:36:05,Investing.com,"Investing.com - U.S. corn, soybean and wheat futures all traded near multi-week highs on Wednesday, as a slowdown in the pace of...",https://www.investing.com/news/commodities-news/u.s.-grain-futures-trade-near-multi-week-highs-on-harvest-delays-314643
wheat,"Soybeans, corn rally to 2-month highs as pace of U.S. harvest slows",2014-10-28 13:10:44,Investing.com,Investing.com - U.S. soybean and corn futures extended strong gains from the previous session to hit the highest level in more...,"https://www.investing.com/news/commodities-news/soybeans,-corn-rally-to-2-month-highs-as-pace-of-u.s.-harvest-slows-314506"
wheat,"Soybean, corn futures decline on ideal U.S. crop weather",2014-10-27 11:52:44,Investing.com,"Investing.com - U.S. soybean and corn futures declined for the second consecutive session on Monday, amid speculation beneficial...","https://www.investing.com/news/commodities-news/soybean,-corn-futures-decline-on-ideal-u.s.-crop-weather-314354"
wheat,Grain futures - weekly outlook: October 27 - 31,2014-10-26 13:39:47,Investing.com,"Investing.com - U.S. grain futures tumbled on Friday, as investors cashed out of the market to lock in gains from a recent rally...",https://www.investing.com/news/commodities-news/grain-futures---weekly-outlook:-october-27---31-314283
wheat,"Soybeans, corn draw support from U.S. harvest delays",2014-10-23 10:06:06,Investing.com,"Investing.com - U.S. soybean and corn prices edged higher on Thursday, as a slowdown in the U.S. harvest last week continued to...","https://www.investing.com/news/commodities-news/soybeans,-corn-draw-support-from-u.s.-harvest-delays-313996"
wheat,Corn trades near 7-week high on U.S. harvest delays,2014-10-22 10:18:50,Investing.com,"Investing.com - U.S. corn prices held near the previous session's seven-week high on Wednesday, as a slowdown in the U.S. harvest...",https://www.investing.com/news/commodities-news/corn-trades-near-7-week-high-on-u.s.-harvest-delays-313853
wheat,Soybean futures rise as pace of U.S. harvest slows,2014-10-21 10:20:27,Investing.com,"Investing.com - U.S. soybean prices rose for the first time in three session's on Tuesday, as a slowdown in the U.S. harvest last...",https://www.investing.com/news/commodities-news/soybean-futures-rise-as-pace-of-u.s.-harvest-slows-313703
wheat,"Soybean, corn futures decline on ideal U.S. crop weather",2014-10-20 10:47:37,Investing.com,"Investing.com - U.S. soybean and corn futures declined for the second consecutive session on Monday, amid speculation beneficial...","https://www.investing.com/news/commodities-news/soybean,-corn-futures-decline-on-ideal-u.s.-crop-weather-313559"
wheat,Grain futures - weekly outlook: October 20 - 24,2014-10-19 13:19:16,Investing.com,"Investing.com - U.S. corn and soybean futures edged lower on Friday, amid speculation beneficial weather in the U.S. Midwest will...",https://www.investing.com/news/commodities-news/grain-futures---weekly-outlook:-october-20---24-313482
wheat,"U.S. corn, soybean futures pause after rally to 4-week highs",2014-10-15 09:27:22,Investing.com,"Investing.com - U.S. corn and soybean futures declined for the first time in three sessions on Wednesday, as investors locked in...",https://www.investing.com/news/commodities-news/us-corn-soybean-futures-pause-after-rally-to-4week-highs-313058
wheat,"U.S. corn, soybean futures supported by harvest delays",2014-10-14 10:14:51,Investing.com,"Investing.com - U.S. corn and soybean futures edged higher on Tuesday, as a slowdown in the U.S. harvest due to rains in the...","https://www.investing.com/news/commodities-news/u.s.-corn,-soybean-futures-supported-by-harvest-delays-312902"
wheat,"U.S. corn, soybeans edge lower on record U.S. harvest outlook",2014-10-13 11:40:52,Investing.com,"Investing.com - U.S. corn and soybean futures edged lower on Monday, as ongoing expectations of record yields across much of the...","https://www.investing.com/news/commodities-news/u.s.-corn,-soybeans-edge-lower-on-record-u.s.-harvest-outlook-312764"
wheat,Grain futures - weekly outlook: October 13 - 17,2014-10-12 12:06:55,Investing.com,"Investing.com - U.S. corn and soybean futures sold off sharply on Friday, after the U.S. Department of Agriculture predicted...",https://www.investing.com/news/commodities-news/grain-futures---weekly-outlook:-october-13---17-312671
wheat,"PERFIL-Evo Morales, un cóctel de identidades para ...",2014-10-09 00:00:00,Reuters,Russia calls for joint food reserves with BRICS to counter Middle East crisis risks ... Browse an unrivalled portfolio of real-time and historical market data and ...,https://www.reuters.com/article/world/us/perfil-evo-morales-un-cctel-de-identidades-para-gobernar-bolivia-idUSKCN0HY2FM/
wheat,U.S. corn trades near 3-week high ahead of USDA monthly report,2014-10-08 10:35:11,Investing.com,"Investing.com - U.S. corn futures traded near a three-week high on Wednesday, as investors squared positions ahead of the U.S....",https://www.investing.com/news/commodities-news/u.s.-corn-trades-near-3-week-high-ahead-of-usda-monthly-report-312218
wheat,"U.S. soybeans, corn edge lower after previous day's rally",2014-10-07 10:27:06,Investing.com,"Investing.com - U.S. soybean and corn futures edged lower on Tuesday, one day after rallying more than 3% on the back of concerns...","https://www.investing.com/news/commodities-news/u.s.-soybeans,-corn-edge-lower-after-previous-day's-rally-312077"
wheat,"U.S. soybeans, corn rally 1% on harvest delays, wheat at 2-week high",2014-10-06 10:45:31,Investing.com,"Investing.com - U.S. soybean and corn futures rallied more than 1% on Monday, as a slowdown in the U.S. harvest due to rains in...","https://www.investing.com/news/commodities-news/u.s.-soybeans,-corn-rally-1-on-harvest-delays,-wheat-at-2-week-high-311946"
wheat,Grain futures - weekly outlook: October 6 - 10,2014-10-05 13:07:05,Investing.com,"Investing.com - U.S. soybean futures ended the week close to the lowest level in more than four years on Friday, as ongoing...",https://www.investing.com/news/commodities-news/grain-futures---weekly-outlook:-october-6---10-311865
wheat,Why Brazil's would-be first black president trails among ...,2014-10-03 00:00:00,Reuters,"Silva, who is running on a more centrist, market-friendly platform, has ... "" Those who could afford the game's high ticket prices were also the ones ...",https://www.reuters.com/article/world/special-report-why-brazils-would-be-first-black-president-trails-among-blacks-idUSKCN0HS14Z/
wheat,"U.S. soybeans, corn revisit multiyear lows on record crop outlook",2014-10-02 10:37:00,Investing.com,"Investing.com - U.S. soybean and corn futures resumed their downward trend on Thursday, as ongoing expectations for a record U.S....","https://www.investing.com/news/commodities-news/u.s.-soybeans,-corn-revisit-multiyear-lows-on-record-crop-outlook-311605"
wheat,Ternium compra participación adicional en brasileña ...,2014-10-02 00:00:00,Reuters,Russia calls for joint food reserves with BRICS to counter Middle East crisis risks ... Browse an unrivalled portfolio of real-time and historical market data and ...,https://www.reuters.com/article/world/us/ternium-compra-participacin-adicional-en-brasilea-usiminas-por-247-mln-dlr-idUSKCN0HR2II/
wheat,U.S. corn falls to lowest since September 2009 on record crop,2014-10-01 09:58:49,Investing.com,"Investing.com - U.S. corn futures slumped to a five-year low on Wednesday, after the U.S. Department of Agriculture forecast...",https://www.investing.com/news/commodities-news/u.s.-corn-falls-to-lowest-since-september-2009-on-record-crop-311442
wheat,"U.S. corn, soybeans trade near 4-year lows ahead of USDA report",2014-09-30 10:24:31,Investing.com,"Investing.com - U.S. corn and soybean futures traded near their lowest levels in more than four-years on Tuesday, as investors...","https://www.investing.com/news/commodities-news/u.s.-corn,-soybeans-trade-near-4-year-lows-ahead-of-usda-report-311287"
wheat,ADM-Marubeni venture expands in U.S. Pacific Northwest,2014-09-30 00:00:00,Reuters,"... prices,"" said Terry Reilly, grains analyst with Futures International. ... Airlines urge EU to step in as Iran war chokes jet fuel supply. 9 hours ago. Trump ...",https://www.reuters.com/article/world/asia-pacific/adm-marubeni-venture-expands-in-us-pacific-northwest-idUSL2N0RV2GC/
wheat,Political conflicts worsening Yemen food security,2014-09-29 00:00:00,Reuters,"Yemen's National Food Security Strategy, set up as a response to a spike in global food prices in 2008, aimed to cut food insecurity by a third by 2015 and to ...",https://www.reuters.com/article/world/political-conflicts-worsening-yemen-food-security-un-agency-idUSKCN0HO1FP/
wheat,"U.S. corn, soybeans slump to 4-year lows on supply outlook",2014-09-22 10:53:55,Investing.com,"Investing.com - U.S. corn and soybean futures fell to their lowest levels in more than four-years on Monday, as ongoing optimism...","https://www.investing.com/news/commodities-news/u.s.-corn,-soybeans-slump-to-4-year-lows-on-supply-outlook-310291"
wheat,Grain futures - weekly outlook: September 22 - 26,2014-09-21 12:49:32,Investing.com,"Investing.com - U.S. corn, soy and wheat futures ended the week at their lowest level in more than four years on Friday, as...",https://www.investing.com/news/commodities-news/grain-futures---weekly-outlook:-september-22---26-310223
wheat,U.S. grains hover close to 4-year lows on supply outlook,2014-09-18 11:35:46,Investing.com,"Investing.com - U.S. corn, soy and wheat futures traded near their lowest levels in more than four-years on Thursday, as ongoing...",https://www.investing.com/news/commodities-news/u.s.-grains-hover-close-to-4-year-lows-on-supply-outlook-309932
wheat,U.S. corn trades near 4-year low on record crop outlook,2014-09-17 10:27:26,Investing.com,"Investing.com - U.S. corn futures declined on Wednesday, as ongoing expectations of record yields across much of the U.S. grain...",https://www.investing.com/news/commodities-news/u.s.-corn-trades-near-4-year-low-on-record-crop-outlook-309753
wheat,U.S. grains rebound from 4-year lows on bargain buying,2014-09-16 10:50:12,Investing.com,"Investing.com - U.S. grain futures regained strength on Tuesday, as investors returned to the market to seek cheap valuations...",https://www.investing.com/news/commodities-news/u.s.-grains-rebound-from-4-year-lows-on-bargain-buying-309602
wheat,U.S. wheat futures extend losses to 4-year low on supply outlook,2014-09-15 10:45:10,Investing.com,"Investing.com - U.S. wheat futures fell for the sixth consecutive session on Monday, as indications of ample global supplies and...",https://www.investing.com/news/commodities-news/u.s.-wheat-futures-extend-losses-to-4-year-low-on-supply-outlook-309446
wheat,Grain futures - weekly outlook: September 15 - 19,2014-09-14 13:12:15,Investing.com,"Investing.com - U.S. corn, soy and wheat futures ended the week close to their lowest level in four years on Friday, after the...",https://www.investing.com/news/commodities-news/grain-futures---weekly-outlook:-september-15---19-309364
wheat,U.S. grain futures trade at 4-year lows ahead of USDA report,2014-09-11 10:13:05,Investing.com,"Investing.com - U.S. soybean and corn futures traded at the lowest level in four years on Thursday, as investors looked ahead to...",https://www.investing.com/news/commodities-news/u.s.-grain-futures-trade-at-4-year-lows-ahead-of-usda-report-309069
wheat,France's silo operator Senalia halts wheat reception until ...,2014-09-11 00:00:00,Reuters,... wheat futures <0#BL2:>. Get a look at the day ahead in U.S. and global ... White House says it warned staff against market bets amid Iran war · A view of ...,https://www.reuters.com/article/markets/frances-silo-operator-senalia-halts-wheat-reception-until-further-notice-idUSL5N0RC2UC/
wheat,U.S. soybeans hold below $10-a-bushel ahead of USDA report,2014-09-10 10:20:52,Investing.com,"Investing.com - U.S. soybean futures held near a four-year low on Wednesday, as investors squared positions ahead of the U.S....",https://www.investing.com/news/commodities-news/u.s.-soybeans-hold-below-$9-a-bushel-ahead-of-usda-report-308922
wheat,"U.S. corn, soybeans extend losses on upbeat crop outlook",2014-09-09 10:16:45,Investing.com,Investing.com - U.S. corn and soybean futures extended losses from the previous session on Tuesday to trade close to four-year...,"https://www.investing.com/news/commodities-news/u.s.-corn,-soybeans-extend-losses-on-upbeat-crop-outlook-308676"
wheat,"U.S. corn, soybeans hold near 4-year lows on record crop outlook",2014-09-08 11:45:24,Investing.com,"Investing.com - U.S. corn and soybean futures traded close to their lowest levels in four years on Monday, as expectations of...","https://www.investing.com/news/commodities-news/u.s.-corn,-soybeans-hold-near-4-year-lows-on-record-crop-outlook-308342"
wheat,Grain futures - weekly outlook: September 8 - 12,2014-09-07 12:56:55,Investing.com,"Investing.com - U.S. corn futures rallied more than 2% on Friday, as forecasts showing adverse weather conditions across the U.S....",https://www.investing.com/news/commodities-news/grain-futures---weekly-outlook:-september-8---12-308208
wheat,Mass killer Breivik says wants to create fascist party,2014-09-05 00:00:00,Reuters,"Global Market Data · Rates & Bonds · Stocks · U.S. Markets · Wealth ... war politics. He sent the letter, written in Norwegian and signed ""Anders ...",https://www.reuters.com/article/world/mass-killer-breivik-says-wants-to-create-fascist-party-idUSKBN0H01NF/
wheat,"U.S. corn, soybeans trade near 4-year lows on record crop outlook",2014-09-04 10:19:38,Investing.com,"Investing.com - U.S. corn and soybean futures traded near the lowest level in four years on Thursday, as expectations of record...","https://www.investing.com/news/commodities-news/u.s.-corn,-soybeans-trade-near-4-year-lows-on-record-crop-outlook-307666"
wheat,U.S. soybeans trade near 4-year low on upbeat crop outlook,2014-09-03 10:16:17,Investing.com,"Investing.com - U.S. soybean futures traded near a four-year low on Wednesday, as expectations of record yields across much of the...",https://www.investing.com/news/commodities-news/u.s.-soybeans-trade-near-4-year-low-on-upbeat-crop-outlook-307240
wheat,U.S. soybeans rebound ahead of USDA export sales data,2014-08-28 09:51:38,Investing.com,"Investing.com - U.S. soybean futures regained strength on Thursday, as investors returned to the market to seek cheap valuations...",https://www.investing.com/news/commodities-news/u.s.-soybeans-rebound-ahead-of-usda-export-sales-data-306129
wheat,U.S. corn futures fall for 3rd straight session on crop outlook,2014-08-27 10:13:29,Investing.com,"Investing.com - U.S. corn futures fell for the third consecutive session on Wednesday, amid expectations of record yields across...",https://www.investing.com/news/commodities-news/u.s.-corn-futures-fall-for-3rd-straight-session-on-crop-outlook-305806
wheat,U.S. soybeans falls to another 4-year low on record crop outlook,2014-08-26 11:54:53,Investing.com,"Investing.com - U.S. soybean futures fell to a fresh four-year low for the second consecutive session on Tuesday, as ongoing...",https://www.investing.com/news/commodities-news/u.s.-soybeans-falls-to-another-4-year-low-on-record-crop-outlook-305533
wheat,U.S. soybeans sink to 4-year low on bumper crop outlook,2014-08-25 11:50:20,Investing.com,"Investing.com - U.S. soybean futures fell to a four-year low on Monday, as ongoing expectations for a record U.S. harvest...",https://www.investing.com/news/commodities-news/u.s.-soybeans-sink-to-4-year-low-on-bumper-crop-outlook-305247
wheat,U.S. grains rebound ahead of USDA export sales data,2014-08-21 11:31:59,Investing.com,"Investing.com - U.S. corn and soybean futures regained strength on Thursday, as investors returned to the market to seek cheap...",https://www.investing.com/news/commodities-news/u.s.-grains-rebound-ahead-of-usda-export-sales-data-304730
wheat,"Soybean, corn futures decline on beneficial U.S. weather",2014-08-19 11:32:30,Investing.com,"Investing.com - U.S. soybean and corn futures edged lower on Tuesday, as near-ideal crop weather in the U.S. Midwest bolstered...","https://www.investing.com/news/commodities-news/soybean,-corn-futures-decline-on-beneficial-u.s.-weather-304168"
wheat,Grain futures - weekly outlook: August 18 - 22,2014-08-17 13:06:42,Investing.com,"Investing.com - U.S. wheat futures rallied more than 2% on Friday, amid fears that the conflict between Ukraine and Russia will...",https://www.investing.com/news/commodities-news/grain-futures---weekly-outlook:-august-18---22-303862
wheat,U.S. soybeans fall to four-year low on upbeat crop outlook,2014-08-14 11:34:05,Investing.com,"Investing.com - U.S. soybean futures fell to a four-year low on Thursday, as ongoing expectations for a record U.S. harvest...",https://www.investing.com/news/commodities-news/u.s.-soybeans-fall-to-four-year-low-on-upbeat-crop-outlook-303395
wheat,U.S. soybeans bounce off 4-year low in early trade,2014-08-13 10:10:51,Investing.com,"Investing.com - U.S. soybean futures regained strength on Wednesday, one day after falling sharply following the release of the...",https://www.investing.com/news/commodities-news/u.s.-soybeans-bounce-off-4-year-low-in-early-trade-303071
wheat,U.S. wheat falls for 4th straight session ahead of USDA crop report,2014-08-12 10:30:19,Investing.com,"Investing.com - U.S. wheat futures fell for the fourth consecutive session on Tuesday, as investors readjusted positions ahead of...",https://www.investing.com/news/commodities-news/u.s.-wheat-falls-for-4th-straight-session-ahead-of-usda-crop-report-302753
wheat,"Pre-Ground Coffee Can Contain Corn, Soybeans, Twigs, Dirt",2014-08-12 00:00:00,Bloomberg,... supply. This one-two punch to the java industry has kicked prices up to ... Global Cities Relearn an Old Lesson: How to Weather an Oil Shock · Why ...,https://www.bloomberg.com/news/articles/2014-08-12/pre-ground-coffee-can-contain-corn-soybeans-twigs-dirt
wheat,U.S. wheat extends losses ahead of USDA report,2014-08-11 10:27:46,Investing.com,"Investing.com - U.S. wheat futures fell for the third consecutive session on Monday, as investors squared positions ahead of the...",https://www.investing.com/news/commodities-news/u.s.-wheat-extends-losses-ahead-of-usda-report-302454
wheat,Grain futures - weekly outlook: August 11 - 15,2014-08-10 14:18:53,Investing.com,"Investing.com - U.S. wheat futures plunged more than 2% on Friday, amid fears that Russian sanctions will dampen demand for U.S....",https://www.investing.com/news/commodities-news/grain-futures---weekly-outlook:-august-11---15-302384
wheat,U.S. wheat falls from 1-month high after Russia bans U.S. food imports,2014-08-07 09:45:48,Investing.com,"Investing.com - U.S. wheat futures fell from a one-month high on Thursday, after Russia announced that it will ban all food...",https://www.investing.com/news/commodities-news/u.s.-wheat-falls-from-1-month-high-after-russia-bans-u.s.-food-imports-301726
wheat,U.S. wheat rallies to 1-month high amid European crop concerns,2014-08-06 10:10:11,Investing.com,"Investing.com - U.S. wheat futures extended a recent rally to hit a one-month high on Wednesday, as mounting concerns over crop...",https://www.investing.com/news/commodities-news/u.s.-wheat-rallies-to-1-month-high-amid-european-crop-concerns-301286
wheat,"Soybean, corn futures decline on U.S. crop outlook",2014-08-05 09:54:42,Investing.com,"Investing.com - U.S. soybean and corn futures declined on Tuesday, as optimism over crop conditions in the U.S. drove prices...","https://www.investing.com/news/commodities-news/soybean,-corn-futures-decline-on-u.s.-crop-outlook-300785"
wheat,U.S. wheat rises to 2-week high amid European crop concerns,2014-08-04 11:58:42,Investing.com,Investing.com - U.S. wheat futures rallied sharply on Monday to hit a two-week high amid growing concerns over crop conditions in...,https://www.investing.com/news/commodities-news/u.s.-wheat-rises-to-2-week-high-amid-european-crop-concerns-300464
wheat,Grain futures - weekly outlook: August 4 - 8,2014-08-03 12:55:28,Investing.com,"Investing.com - U.S. corn futures fell to the lowest level in four years on Friday, as ongoing expectations for a record U.S....",https://www.investing.com/news/commodities-news/grain-futures---weekly-outlook:-august-4---8-300310
wheat,"U.S. corn, wheat decline on global crop prospects",2014-07-31 11:02:20,Investing.com,"Investing.com - U.S. corn and wheat futures declined on Thursday, as indications of ample global supplies drove prices lower.
On...","https://www.investing.com/news/commodities-news/u.s.-corn,-wheat-decline-on-global-crop-prospects-299585"
wheat,Chronology - Argentina's turbulent history of economic crises,2014-07-31 00:00:00,Reuters,"The Great Depression hit Argentina especially hard, as demand in Europe and United States for its farm exports suddenly dried up. ... War Two. Factory ...",https://www.reuters.com/article/world/uk/chronology-argentinas-turbulent-history-of-economic-crises-idUSKBN0G01XS/
wheat,"U.S. soybeans, corn edge lower after Monday’s rally",2014-07-29 11:34:41,Investing.com,"Investing.com - U.S. soybean and corn futures edged lower on Tuesday, one day after rallying sharply amid speculation lower prices...","https://www.investing.com/news/commodities-news/u.s.-soybeans,-corn-edge-lower-after-monday’s-rally-298642"
wheat,"U.S. soybeans, corn rise on demand hopes",2014-07-28 11:32:05,Investing.com,"Investing.com - U.S. soybean and corn futures were higher on Monday, as investors returned to the market amid speculation lower...","https://www.investing.com/news/commodities-news/u.s.-soybeans,-corn-rise-on-demand-hopes-298302"
wheat,Grain futures - weekly outlook: July 28 - August 1,2014-07-27 12:25:02,Investing.com,"Investing.com - U.S. corn futures ended the week close to the lowest level in four years on Friday, as ongoing expectations for a...",https://www.investing.com/news/commodities-news/grain-futures---weekly-outlook:-july-28---august-1-298197
wheat,"U.S. corn, wheat futures drop to 4-year lows on crop prospects",2014-07-23 10:10:51,Investing.com,"Investing.com - U.S. corn and wheat futures both traded at their lowest levels since July 2010 on Wednesday, as ongoing...","https://www.investing.com/news/commodities-news/u.s.-corn,-wheat-futures-drop-to-4-year-lows-on-crop-prospects-297085"
wheat,U.S. grains decline; corn falls to 4-year low on crop outlook,2014-07-21 11:56:34,Investing.com,"Investing.com - U.S. corn futures fell to a fresh four-year low on Monday, as ongoing expectations for a record U.S. harvest...",https://www.investing.com/news/commodities-news/u.s.-grains-decline;-corn-falls-to-4-year-low-on-crop-outlook-296375
wheat,Grain futures - weekly outlook: July 21 - 25,2014-07-20 14:06:06,Investing.com,"Investing.com - U.S. corn futures plunged to a four-year low on Friday, as ongoing expectations for a record U.S. harvest...",https://www.investing.com/news/commodities-news/grain-futures---weekly-outlook:-july-21---25-296285
wheat,Bodies rained down on Ukraine village after plane disaster,2014-07-18 00:00:00,Reuters,"Pope Leo urges end to 'madness of war' as US, Iran start talks. 17 hours ago ... Browse an unrivalled portfolio of real-time and historical market data and ...",https://www.reuters.com/article/world/bodies-rained-down-on-ukraine-village-after-plane-disaster-idUSKBN0FN1JJ/
wheat,U.S. grains hold near multi-year lows on ample supply outlook,2014-07-17 11:48:18,Investing.com,"Investing.com - U.S. grain futures traded near multi-year lows on Thursday, as investors were hesitant to enter the market amid...",https://www.investing.com/news/commodities-news/u.s.-grains-hold-near-multi-year-lows-on-ample-supply-outlook-295767
wheat,U.S. grains rebound from multi-year lows; corn ticks up,2014-07-16 11:52:29,Investing.com,"Investing.com - U.S. grain futures rebounded on Wednesday, as investors returned to the market to seek cheap valuations after...",https://www.investing.com/news/commodities-news/u.s.-grains-rebound-from-multi-year-lows;-corn-ticks-up-295359
wheat,U.S. grains decline; corn trades near 4-year low on U.S. crop outlook,2014-07-15 12:17:06,Investing.com,"Investing.com - U.S. corn futures traded near the lowest level in four years on Tuesday, amid ongoing expectations for a record...",https://www.investing.com/news/commodities-news/u.s.-grains-decline;-corn-trades-near-4-year-low-on-u.s.-crop-outlook-294972
wheat,Grain futures - weekly outlook: July 14 - 18,2014-07-13 12:59:10,Investing.com,"Investing.com - U.S. grain futures plunged to multi-year lows on Friday, after the U.S. Department of Agriculture forecast...",https://www.investing.com/news/commodities-news/grain-futures---weekly-outlook:-july-14---18-294495
wheat,U.S. grains rebound; corn bounces off 4-year low,2014-07-10 12:01:25,Investing.com,"Investing.com - U.S. corn futures regained strength on Thursday, as investors returned to the market to seek cheap valuations...",https://www.investing.com/news/commodities-news/u.s.-grains-rebound;-corn-bounces-off-4-year-low-294137
wheat,U.S. grains decline; corn falls further below $4 a bushel,2014-07-09 11:44:15,Investing.com,"Investing.com - U.S. corn futures traded at the lowest level in four years on Wednesday, as ongoing expectations for a record U.S....",https://www.investing.com/news/commodities-news/u.s.-grains-decline;-corn-falls-further-below-$4-a-bushel-293886
wheat,U.S. grains mixed; corn trades near 4-year low on U.S. crop outlook,2014-07-08 10:02:12,Investing.com,"Investing.com - U.S. corn futures traded near the lowest level in four years on Tuesday, amid ongoing expectations for a record...",https://www.investing.com/news/commodities-news/u.s.-grains-mixed;-corn-trades-near-4-year-low-on-u.s.-crop-outlook-293507
wheat,Grain futures - weekly outlook: July 7 - 11,2014-07-06 12:35:36,Investing.com,"Investing.com - U.S. grain futures ended the week down sharply, with soybeans prices falling to the lowest level in more than four...",https://www.investing.com/news/commodities-news/grain-futures---weekly-outlook:-july-7---11-293114
wheat,U.S. grain futures rebound after heavy losses; soybeans higher,2014-07-03 10:33:04,Investing.com,"Investing.com - U.S. soybean futures rose for the first time in five sessions on Thursday, as investors returned to the market to...",https://www.investing.com/news/commodities-news/u.s.-grain-futures-rebound-after-heavy-losses;-soybeans-higher-292908
wheat,Hamptons Scene: Barefoot Modeling at Lunch Chez ...,2014-07-03 00:00:00,Bloomberg,"Perhaps Honor could design for this market, Creel suggested to Rachel Fleit, Honor's chief creative officer. How many debutantes are there? Fleit asked ...",https://www.bloomberg.com/news/articles/2014-07-03/hamptons-scene-barefoot-modeling-at-lunch-chez-macklowe
wheat,U.S. corn down for third straight session on upbeat crop outlook,2014-07-02 11:05:57,Investing.com,"Investing.com - U.S. corn futures fell for the third consecutive session on Wednesday, amid ongoing expectations for a record U.S....",https://www.investing.com/news/commodities-news/u.s.-corn-down-for-third-straight-session-on-upbeat-crop-outlook-292692
wheat,"U.S. soybeans, corn trade near multi-month lows on supply outlook",2014-07-01 10:08:21,Investing.com,"Investing.com - U.S. soybean and corn futures traded near multi-month lows on Tuesday, after the U.S. Department of Agriculture...","https://www.investing.com/news/commodities-news/u.s.-soybeans,-corn-trade-near-multi-month-lows-on-supply-outlook-292373"
wheat,"Floods, drought war? It must be El Niño again",2014-07-01 00:00:00,CNBC,"Floods, drought war? It must be El Niño again. Published Tue, Jul 1 201410:26 ... Food prices there are already spiking as a result. With India home to ...",https://www.cnbc.com/2014/07/01/floods-drought-war-it-must-be-el-nino-again.html
wheat,Grain futures lower ahead of USDA reports,2014-06-30 10:16:40,Investing.com,"Investing.com - U.S. grain futures were mostly lower on Monday, as investors squared positions ahead of the U.S. Department of...",https://www.investing.com/news/commodities-news/grain-futures-lower-ahead-of-usda-reports-292059
wheat,Grain futures - weekly outlook: June 30 - July 4,2014-06-29 12:03:50,Investing.com,"Investing.com - U.S. grain futures ended Friday’s session mixed, as investors readjusted positions ahead of the U.S....",https://www.investing.com/news/commodities-news/grain-futures---weekly-outlook:-june-30---july-4-291985
wheat,Grain futures mixed; U.S. corn weighed by upbeat crop outlook,2014-06-26 10:37:38,Investing.com,"Investing.com - U.S. corn futures swung between small gains and losses on Thursday, amid ongoing expectations for a record U.S....",https://www.investing.com/news/commodities-news/grain-futures-mixed;-u.s.-corn-weighed-by-upbeat-crop-outlook-291637
wheat,Grain futures lower; U.S. corn extends losses on crop outlook,2014-06-25 11:48:35,Investing.com,"Investing.com - U.S. corn futures extended losses from the previous session to on Wednesday, amid ongoing expectations for a...",https://www.investing.com/news/commodities-news/grain-futures-lower;-u.s.-corn-extends-losses-on-crop-outlook-291397
wheat,Grain futures lower; U.S. corn under pressure on upbeat crop outlook,2014-06-24 10:35:48,Investing.com,"Investing.com - U.S. corn futures fell to a four-month low on Tuesday, amid ongoing optimism over the health of the U.S. corn...",https://www.investing.com/news/commodities-news/grain-futures-lower;-u.s.-corn-under-pressure-on-upbeat-crop-outlook-291132
wheat,"Grain futures higher; U.S. wheat, corn rise on rainy Plains weather",2014-06-23 10:36:24,Investing.com,"Investing.com - U.S. wheat and corn futures rose on Monday, as excessive rain in the U.S. over the weekend sparked concerns over...","https://www.investing.com/news/commodities-news/grain-futures-higher;-u.s.-wheat,-corn-rise-on-rainy-plains-weather-290871"
wheat,Grain futures - weekly outlook: June 23 - 27,2014-06-22 13:23:12,Investing.com,"Investing.com - U.S. wheat futures ended the week close to a four-month low on Friday, as ongoing indications of ample supplies...",https://www.investing.com/news/commodities-news/grain-futures---weekly-outlook:-june-23---27-290826
wheat,"Grain futures higher; U.S. wheat, corn rise for 2nd day",2014-06-19 10:26:45,Investing.com,"Investing.com - U.S. wheat and corn futures rose for the second consecutive session on Thursday, as investors looked to take...","https://www.investing.com/news/commodities-news/grain-futures-higher;-u.s.-wheat,-corn-rise-for-2nd-day-290492"
wheat,"Grain futures rebound; U.S. corn, wheat bounce off 4-month lows",2014-06-18 10:30:06,Investing.com,"Investing.com - U.S. corn and wheat futures bounced off four-month lows struck in the previous session on Wednesday, as investors...","https://www.investing.com/news/commodities-news/grain-futures-rebound;-u.s.-corn,-wheat-bounce-off-4-month-lows-290256"
wheat,Grain futures; U.S. corn falls to 4-month low on upbeat crop outlook,2014-06-17 10:00:53,Investing.com,"Investing.com - U.S. corn futures fell to a four-month low on Tuesday, amid growing optimism over the health of the U.S. corn...",https://www.investing.com/news/commodities-news/grain-futures;-u.s.-corn-falls-to-4-month-low-on-upbeat-crop-outlook-289988
wheat,U.S. wheat edges higher ahead of crop progress report,2014-06-16 10:36:45,Investing.com,"Investing.com - U.S. wheat futures edged higher on Monday, as investors returned to the market to seek cheap valuations in wake of...",https://www.investing.com/news/commodities-news/u.s.-wheat-edges-higher-ahead-of-crop-progress-report-289711
wheat,Grain futures - weekly outlook: June 16 - 20,2014-06-15 12:54:19,Investing.com,"Investing.com - U.S. wheat futures ended the week close to a four-month low on Friday, as ongoing indications of ample global...",https://www.investing.com/news/commodities-news/grain-futures---weekly-outlook:-june-16---20-289651
wheat,"U.S. wheat, corn trade near multi-month lows on supply outlook",2014-06-12 10:16:38,Investing.com,"Investing.com - U.S. wheat and corn futures traded near multi-month lows on Thursday, after the U.S. Department of Agriculture...","https://www.investing.com/news/commodities-news/u.s.-wheat,-corn-trade-near-multi-month-lows-on-supply-outlook-289267"
wheat,"U.S. wheat, corn bounce off multi-month lows ahead of USDA report",2014-06-11 10:28:16,Investing.com,"Investing.com - U.S. wheat and corn futures bounced off multi-month lows hit earlier in the week on Wednesday, as investors...","https://www.investing.com/news/commodities-news/u.s.-wheat,-corn-bounce-off-multi-month-lows-ahead-of-usda-report-289032"
wheat,"Grain futures; U.S. wheat, corn remain near multi-month lows",2014-06-10 10:21:22,Investing.com,"Investing.com - U.S. wheat and corn futures held near multi-month lows on Tuesday, as sentiment remained downbeat amid ongoing...","https://www.investing.com/news/commodities-news/grain-futures;-u.s.-wheat,-corn-remain-near-multi-month-lows-288791"
wheat,台湾债市：主要公债殖利率全线收高，短线空方仍占上风,2014-06-09 00:00:00,Reuters,Iran War · Israel and Hamas at ... Browse an unrivalled portfolio of real-time and historical market data and insights from worldwide sources and experts.,https://www.reuters.com/article/world/asia-pacific/-idUSL4S0OQ0TH/
wheat,Grain futures - weekly outlook: June 9 - 13,2014-06-08 12:57:44,Investing.com,"Investing.com - U.S. corn and wheat futures rallied off multi-month lows on Friday, as investors returned to the market to close...",https://www.investing.com/news/commodities-news/grain-futures---weekly-outlook:-june-9---13-288487
wheat,"Grain futures; U.S. wheat, corn hold near multi-month lows",2014-06-05 09:52:55,Investing.com,"Investing.com - U.S. wheat and corn futures held near multi-month lows struck in the previous session on Thursday, amid ongoing...","https://www.investing.com/news/commodities-news/grain-futures;-u.s.-wheat,-corn-hold-near-multi-month-lows-288123"
wheat,Grain futures; U.S. corn trades near 14-week low on planting progress,2014-06-03 10:06:10,Investing.com,"Investing.com - U.S. corn futures traded near the lowest level since February on Tuesday, after a report from the U.S. Department...",https://www.investing.com/news/commodities-news/grain-futures;-u.s.-corn-trades-near-14-week-low-on-planting-progress-287605
wheat,Grain futures; U.S. corn hits 14-week low on Midwest planting progress,2014-06-02 10:27:34,Investing.com,"Investing.com - U.S. corn futures fell to the lowest level since February on Monday, amid ongoing indications of rapid planting...",https://www.investing.com/news/commodities-news/grain-futures;-u.s.-corn-hits-14-week-low-on-midwest-planting-progress-287299
wheat,Grain futures - weekly outlook: June 2 - 6,2014-06-01 12:48:49,Investing.com,"Investing.com - U.S. wheat futures ended Friday’s session close to a three-month low, as forecasts of improved US weather...",https://www.investing.com/news/commodities-news/grain-futures---weekly-outlook:-june-2---6-287238
wheat,Grain futures; U.S. soybeans rise on upbeat demand outlook,2014-05-29 10:23:08,Investing.com,"Investing.com - U.S. soybean futures rose for the second consecutive session on Thursday, as ongoing indications of robust export...",https://www.investing.com/news/commodities-news/grain-futures;-u.s.-soybeans-rise-on-upbeat-demand-outlook-286809
wheat,Grain futures; U.S. corn hits 12-week low on U.S. planting progress,2014-05-28 10:10:02,Investing.com,"Investing.com - U.S. corn futures fell to the lowest level since March on Wednesday, after a report from the U.S. Department of...",https://www.investing.com/news/commodities-news/grain-futures;-u.s.-corn-hits-12-week-low-on-u.s.-planting-progress-286551
wheat,"Grain futures; U.S. corn, wheat fall to multi-week lows",2014-05-27 10:07:13,Investing.com,"Investing.com - U.S. corn and wheat futures fell to the lowest level since March on Tuesday, as forecasts of improved weather in...","https://www.investing.com/news/commodities-news/grain-futures;-u.s.-corn,-wheat-fall-to-multi-week-lows-286259"
wheat,Grain futures - weekly outlook: May 26 - 30,2014-05-25 11:56:00,Investing.com,"Investing.com - U.S. wheat futures fell to a ten-week low on Friday, as market players continued to liquidate long positions amid...",https://www.investing.com/news/commodities-news/grain-futures---weekly-outlook:-may-26---30-286162
wheat,Grain futures; U.S. soybeans rally to 4-week high on supply concerns,2014-05-22 10:20:07,Investing.com,"Investing.com - U.S. soybean futures rallied to a four-week high on Thursday, as ongoing concerns over tight supplies in the U.S....",https://www.investing.com/news/commodities-news/grain-futures;-u.s.-soybeans-rally-to-4-week-high-on-supply-concerns-285793
wheat,Grain futures; U.S. corn falls to 11-week low on planting progress,2014-05-21 10:19:02,Investing.com,"Investing.com - U.S. corn futures fell to an 11-week low on Wednesday, amid ongoing expectations of rapid planting progress in the...",https://www.investing.com/news/commodities-news/grain-futures;-u.s.-corn-falls-to-11-week-low-on-planting-progress-285517
wheat,Grains higher; U.S. wheat rallies as crop conditions worsen,2014-05-20 11:37:59,Investing.com,"Investing.com - U.S. wheat futures rallied on Tuesday, after a report from the U.S. Department of Agriculture revealed that crop...",https://www.investing.com/news/commodities-news/grains-higher;-u.s.-wheat-rallies-as-crop-conditions-worsen-285262
wheat,U.S. grains mixed; wheat falls for 9th straight session,2014-05-19 10:00:40,Investing.com,"Investing.com - U.S. wheat futures declined for the ninth consecutive session on Monday, as market players continued to liquidate...",https://www.investing.com/news/commodities-news/u.s.-grains-mixed;-wheat-falls-for-9th-straight-session-284957
wheat,Grain futures - weekly outlook: May 19 - 23,2014-05-18 13:55:01,Investing.com,"Investing.com - U.S. wheat futures fell to a more than three-week low on Friday, as market players continued to liquidate long...",https://www.investing.com/news/commodities-news/grain-futures---weekly-outlook:-may-19---23-284901
wheat,U.S. grains mixed; wheat falls for 6th straight session,2014-05-14 10:28:59,Investing.com,"Investing.com - U.S. wheat futures declined for the sixth consecutive session on Wednesday, as market players continued to...",https://www.investing.com/news/commodities-news/u.s.-grains-mixed;-wheat-falls-for-6th-straight-session-284111
wheat,"U.S. grains mixed; soy, corn regain strength after Monday’s losses",2014-05-13 10:25:21,Investing.com,"Investing.com - U.S. soybean and corn futures regained strength on Tuesday, as investors returned to the market to seek cheap...","https://www.investing.com/news/commodities-news/u.s.-grains-mixed;-soy,-corn-regain-strength-after-monday’s-losses-283797"
wheat,U.S. wheat tumbles ahead of USDA crop progress report,2014-05-12 10:20:30,Investing.com,"Investing.com - U.S. wheat futures fell sharply on Monday, as investors looked ahead to the U.S. Department of Agriculture’s...",https://www.investing.com/news/commodities-news/u.s.-wheat-tumbles-ahead-of-usda-crop-progress-report-283457
wheat,Grain futures - weekly outlook: May 12 - 16,2014-05-11 13:23:48,Investing.com,"Investing.com - U.S. corn futures fell sharply to move off a 10-month peak on Friday, after the U.S. Department of Agriculture...",https://www.investing.com/news/commodities-news/grain-futures---weekly-outlook:-may-12---16-283411
wheat,U.S. grain futures mixed ahead of USDA monthly report,2014-05-08 10:08:50,Investing.com,"Investing.com - U.S. grain futures were mixed in cautious trade on Thursday, as investors readjusted positions ahead of the U.S....",https://www.investing.com/news/commodities-news/u.s.-grain-futures-mixed-ahead-of-usda-monthly-report-282857
wheat,U.S. grain futures mixed; wheat eases off 15-month high,2014-05-07 10:24:40,Investing.com,"Investing.com - U.S. wheat futures declined for the first time in four sessions on Wednesday, as investors sold contracts to lock...",https://www.investing.com/news/commodities-news/u.s.-grain-futures-mixed;-wheat-eases-off-15-month-high-282477
wheat,U.S. wheat surges to 14-month high on supply concerns,2014-05-05 10:09:42,Investing.com,"Investing.com - U.S. wheat futures surged to a 14-month high on Monday, as renewed concerns over a disruption to supplies from...",https://www.investing.com/news/commodities-news/u.s.-wheat-surges-to-14-month-high-on-supply-concerns-281750
wheat,Grain futures - weekly outlook: May 5 - 9,2014-05-04 13:08:11,Investing.com,Investing.com - U.S. corn futures fell sharply on Friday to hit a more than one-week low after agricultural meteorologists...,https://www.investing.com/news/commodities-news/grain-futures---weekly-outlook:-may-5---9-281689
wheat,U.S. grains decline ahead of USDA export data,2014-05-01 10:00:30,Investing.com,"Investing.com - U.S. grain futures declined on Thursday, as market players looked ahead to the U.S. Department of...",https://www.investing.com/news/commodities-news/u.s.-grains-decline-ahead-of-usda-export-data-281100
wheat,U.S. grains decline; corn retreats amid profit-taking,2014-04-30 10:28:51,Investing.com,"Investing.com - U.S. corn futures were lower on Wednesday, as investors cashed out of the market to lock in gains from a recent...",https://www.investing.com/news/commodities-news/u.s.-grains-decline;-corn-retreats-amid-profit-taking-280672
wheat,U.S. grains mixed; corn hits 9-month high on U.S. planting delays,2014-04-29 10:28:37,Investing.com,"Investing.com - U.S. corn prices rose to a nine-month high on Tuesday, amid mounting concerns over U.S. planting prospects.
On...",https://www.investing.com/news/commodities-news/u.s.-grains-mixed;-corn-hits-9-month-high-on-u.s.-planting-delays-280217
wheat,U.S. grains rise; wheat hits 4-week high on supply concerns,2014-04-28 10:30:52,Investing.com,"Investing.com - U.S. grain futures rose on Monday, with wheat prices climbing to a four-week high as renewed concerns over a...",https://www.investing.com/news/commodities-news/u.s.-grains-rise;-wheat-hits-4-week-high-on-supply-concerns-279887
wheat,War-ravaged Syria may face worst wheat harvest in 40 years,2014-04-28 00:00:00,Reuters,"War and drought have crippled Syria's wheat crop, with some experts now ... crisis constituted almost 60-70 percent of the country's total wheat production.",https://www.reuters.com/article/world/exclusive-war-ravaged-syria-may-face-worst-wheat-harvest-in-40-years-idUSBREA3R0II/
wheat,Grain futures - weekly outlook: April 28 - May 2,2014-04-27 14:18:17,Investing.com,"Investing.com - U.S. grain futures rose sharply on Friday, with wheat prices climbing to a more than one-week high as renewed...",https://www.investing.com/news/commodities-news/grain-futures---weekly-outlook:-april-28---may-2-279832
wheat,U.S. grains mixed; soybeans near 2-week low ahead of U.S. export data,2014-04-24 10:24:45,Investing.com,"Investing.com - U.S. grain futures were mixed on Thursday, as market players looked ahead to the U.S. Department of...",https://www.investing.com/news/commodities-news/u.s.-grains-mixed;-soybeans-near-2-week-low-ahead-of-u.s.-export-data-279279
wheat,Grain futures - weekly outlook: April 7 - 11,2014-04-06 13:53:41,Investing.com,"Investing.com - U.S. wheat prices fell to a three-week low on Friday, as forecasts for much-needed rain in the U.S. Great Plains...",https://www.investing.com/news/commodities-news/grain-futures---weekly-outlook:-april-7---11-275957
wheat,U.S. grains rebound; soybeans rise ahead of USDA export data,2014-04-03 09:40:38,Investing.com,"Investing.com - U.S. grain futures rebounded from the previous session’s heavy losses on Thursday, as market players looked...",https://www.investing.com/news/commodities-news/u.s.-grains-rebound;-soybeans-rise-ahead-of-usda-export-data-275548
wheat,U.S. grains mixed; soybeans hit 9-month high on supply outlook,2014-04-02 10:20:18,Investing.com,"Investing.com - U.S. soybean futures rose to a nine-month high on Wednesday, amid ongoing concerns over tightening supplies in the...",https://www.investing.com/news/commodities-news/u.s.-grains-mixed;-soybeans-hit-9-month-high-on-supply-outlook-275283
wheat,"Corn, soybeans extends gains to hit 8-month highs after USDA report",2014-04-01 10:12:23,Investing.com,"Investing.com - U.S. corn and soybean futures extended gains from the previous session on Tuesday to hit eight-month highs, after...","https://www.investing.com/news/commodities-news/corn,-soybeans-extends-gains-to-hit-8-month-highs-after-usda-report-274973"
wheat,EU wheat slips to 3-week low as U.S. futures fall,2014-04-01 00:00:00,Reuters,"Wheat prices in western Europe fell to a three-week low on Tuesday, weighed ... * Old crop May milling wheat on the Paris-based Euronext market ended a ...",https://www.reuters.com/article/business/eu-wheat-slips-to-3-week-low-as-us-futures-fall-idUSL5N0MT4JZ/
wheat,Grains mixed in cautious trade ahead of USDA report,2014-03-31 10:22:08,Investing.com,"Investing.com - U.S. grain futures were mixed on Monday, as investors readjusted positions ahead of the U.S. Department of...",https://www.investing.com/news/commodities-news/grains-mixed-in-cautious-trade-ahead-of-usda-report-274680
wheat,No one and nowhere immune to climate change: UN,2014-03-31 00:00:00,CNBC,"Consumption of fossil fuels, a key factor in global warming, dipped slightly during the global credit crisis, but has since recovered. ... Global Business and ...",https://www.cnbc.com/2014/03/31/no-one-and-nowhere-immune-to-climate-change-un.html
wheat,Grain futures - weekly outlook: March 31 - April 4,2014-03-30 14:17:16,Investing.com,"Investing.com - U.S. wheat prices fell sharply on Friday, as forecasts for more rain in the U.S. Great Plains region eased...",https://www.investing.com/news/commodities-news/grain-futures---weekly-outlook:-march-31---april-4-274620
wheat,Grains mixed ahead of U.S. export data; soybeans at 1-week high,2014-03-27 11:31:30,Investing.com,"Investing.com - U.S. grain futures were mixed on Thursday, as market players looked ahead to the U.S. Department of...",https://www.investing.com/news/commodities-news/grains-mixed-ahead-of-u.s.-export-data;-soybeans-at-1-week-high-274291
wheat,Grain futures edge modestly lower in quiet trade,2014-03-26 11:22:27,Investing.com,"Investing.com - U.S. grain futures edged modestly lower in subdued trade on Wednesday, as market players continued to monitor...",https://www.investing.com/news/commodities-news/grain-futures-edge-modestly-lower-in-quiet-trade-274036
wheat,Mondelez International's Ritz Now Comes in Bacon Flavor,2014-03-26 00:00:00,Bloomberg,Strait Of Hormuz Remains Focal Point In Iran-U.S. War. Three Ships Appear to ... HomeBTV+Market DataOpinionAudioOriginalsMagazineEvents. News. Markets ...,https://www.bloomberg.com/news/articles/2014-03-26/mondelez-internationals-ritz-now-comes-in-bacon-flavor
wheat,Grains decline; wheat falls on profit-taking,2014-03-25 11:21:21,Investing.com,"Investing.com - U.S. wheat futures edged lower on Tuesday, as investors booked profits from the previous session’s 3% rally,...",https://www.investing.com/news/commodities-news/grains-decline;-wheat-falls-on-profit-taking-273793
wheat,Wheat rallies more than 1% ahead of USDA crop progress report,2014-03-24 11:16:29,Investing.com,"Investing.com - U.S. wheat futures rallied sharply on Monday, as investors looked ahead to the U.S. Department of...",https://www.investing.com/news/commodities-news/wheat-rallies-more-than-1-ahead-of-usda-crop-progress-report-273558
wheat,The best long-term real estate investment: Farmland,2014-03-24 00:00:00,CNBC,"The price surge was partly caused by a rising demand for ethanol, along with other factors, including flooding and drought, higher prices for inputs like fuel ...",https://www.cnbc.com/2014/03/19/the-best-long-term-real-estate-investment-farmland.html
wheat,Grain futures - weekly outlook: March 24 - 28,2014-03-23 14:58:27,Investing.com,"Investing.com - U.S. wheat prices fell sharply on Friday to move further away from an 11-month high, as investors cashed out of...",https://www.investing.com/news/commodities-news/grain-futures---weekly-outlook:-march-24---28-273491
wheat,Wheat Futures Jumps to 10-Month High on U.S. Crop Outlook,2014-03-19 00:00:00,Bloomberg,"Since Sept. 1, exports have already topped the U.S. Department of Agriculture's forecast for the full marketing year. Corn futures for May delivery gained 0.3 ...",https://www.bloomberg.com/news/articles/2014-03-19/corn-extends-biggest-advance-in-week-on-ukraine-uncertainty
wheat,"For US-Russia, Cold War and corn share long history",2014-03-18 00:00:00,CNBC,"The crisis has not affected Ukrainian grain exports to date, with corn futures falling steeply earlier this week after data showing that Ukrainian supply had ...",https://www.cnbc.com/2014/03/18/for-us-russia-cold-war-and-corn-share-long-history.html
wheat,Japan to buy 111779 tonnes food wheat via tender,2014-03-03 00:00:00,Reuters,"Screens showing the Hang Seng stock index and stock prices are seen outside Exchange Square, ... Browse an unrivalled portfolio of real-time and historical market ...",https://www.reuters.com/article/business/japan-to-buy-111779-tonnes-food-wheat-via-tender-idUSL3N0M123T/
wheat,FEATURE-Argentina's poor at risk as inflation weakens ...,2014-02-28 00:00:00,Reuters,"Food prices have ... In the early 20th century, Argentina ranked among the richest countries in the world, thanks to its booming beef and wheat exports.",https://www.reuters.com/article/argentina-economy-poverty-feature-pix-tv/rpt-feature-argentinas-poor-at-risk-as-inflation-weakens-safety-net-idUSL1N0LX0GE20140228/
wheat,《台湾报摘》--工商时报、经济日报2月25日,2014-02-24 00:00:00,Reuters,Russia calls for joint food reserves with BRICS to counter Middle East crisis risks ... Browse an unrivalled portfolio of real-time and historical market data and ...,https://www.reuters.com/article/world/asia-pacific/-225-idUSL3S0LT1PB/
wheat,زوجة رئيس السلفادور تقول انه بخير بعد ان اجريت له جراحة في ...,2014-02-19 00:00:00,Reuters,Global Market Data · Rates & Bonds · Stocks · U.S. Markets · Wealth ... Russia calls for joint food reserves with BRICS to counter Middle East crisis risks.,https://www.reuters.com/article/world/--idUSCAEA1I008/
wheat,Subway Chain Will Stop Putting a Chemical Used in ...,2014-02-06 00:00:00,Bloomberg,The Iran War Has Finally Shattered America's World. by Hal Brands ... HomeBTV+Market DataOpinionAudioOriginalsMagazineEvents. News. MarketsEconomics ...,https://www.bloomberg.com/news/articles/2014-02-06/subway-chain-will-stop-putting-a-chemical-used-in-rubber-in-its-bread
wheat,"Prices rise on bitter U.S. cold, Argentine heatwave",2014-01-06 00:00:00,Reuters,"Soybean futures jumped amid technical buying, while soymeal gained on ... World Bank chief sounds alarm about looming jobs crisis even after war ends.",https://www.reuters.com/article/business/prices-rise-on-bitter-us-cold-argentine-heatwave-idUSL6N0KG11M/
wheat,Japan's Micro Farms Face Extinction as Abe's Reforms ...,2014-01-03 00:00:00,Bloomberg,The Iran War Has Finally Shattered America's World. by Hal Brands. Millions of ... HomeBTV+Market DataOpinionAudioOriginalsMagazineEvents. News. Markets ...,https://www.bloomberg.com/news/articles/2014-01-02/japans-micro-farms-face-extinction-as-abes-reforms-advance
wheat,A Fresh Oil-Train Explosion Hits America's Risky Energy ...,2013-12-31 00:00:00,Bloomberg,"On one hand, the crude-by-rail boom is a great example of the free market in ... Strait Of Hormuz Remains Focal Point In Iran-U.S. War. Three Ships ...",https://www.bloomberg.com/news/articles/2013-12-31/a-fresh-oil-train-explosion-hits-americas-risky-energy-bottleneck
wheat,Brazil flour mill says Argentina won't make Jan. wheat ...,2013-12-19 00:00:00,Reuters,Global Market Data · Rates & Bonds · Stocks · U.S. Markets · Wealth · Sustainability ... exports. Reporting by Gustavo Bonato; Writing by Reese Ewing; Editing by ...,https://www.reuters.com/article/business/brazil-flour-mill-says-argentina-wont-make-jan-wheat-delivery-idUSE5N0EN01U/
wheat,Chick-fil-A Changed Its Ingredients and Didn't Tell Anyone,2013-12-10 00:00:00,Bloomberg,Netanyahu-Trump Divisions on Iran War Threaten to Box In US. by Ben ... HomeBTV+Market DataOpinionAudioOriginalsMagazineEvents. News. MarketsEconomics ...,https://www.bloomberg.com/news/articles/2013-12-10/chick-fil-a-changed-its-ingredients-and-didnt-tell-anyone
wheat,伊朗希望七家西方石油企业回到伊朗,2013-12-04 00:00:00,Reuters,China's exports set to lose momentum as Iran war undercuts AI-driven boom ... Russia calls for joint food reserves with BRICS to counter Middle East crisis risks.,https://www.reuters.com/article/world/china/-idUSCNE9B4055/
wheat,ADM's $2 Billion GrainCorp Takeover Bid Blocked by ...,2013-11-29 00:00:00,Bloomberg,"“From a political perspective and a farmer's perspective, it was probably the most likely outcome,” Evan Lucas, a market strategist at IG Ltd. in Melbourne ...",https://www.bloomberg.com/news/articles/2013-11-28/australian-treasurer-hockey-rejects-adm-takeover-of-graincorp
wheat,"The 70-Proof Cinnabon, Made for 'People Who Like That ...",2013-11-22 00:00:00,Bloomberg,Netanyahu-Trump Divisions on Iran War Threaten to Box In US. by Ben ... HomeBTV+Market DataOpinionAudioOriginalsMagazineEvents. News. MarketsEconomics ...,https://www.bloomberg.com/news/articles/2013-11-22/the-70-proof-cinnabon-made-for-people-who-like-that-kind-of-vodka
wheat,Japan to import 26370 tonnes feed wheat via tender,2013-11-20 00:00:00,Reuters,"War casts shadow over IMF, World Bank meetings · Egypt raises fuel prices ... Russia ready to supply gas to the EU if it has a surplus, TASS reports. 10 ...",https://www.reuters.com/article/business/japan-to-import-26370-tonnes-feed-wheat-via-tender-idUSL4N0J51XM/
wheat,周小川：中期将实现利率全面市场化和金融业“负面清单”准入,2013-11-19 00:00:00,Reuters,"China's exports set to lose momentum as Iran war undercuts AI-driven boom: Reuters poll · Yantian port in Shenzhen, Guangdong. 19 hours ago Legalcategory.",https://www.reuters.com/article/world/china/-idUSCNE9AI0DO/
wheat,Exclusive: Assad allies profit from Syria's lucrative food trade,2013-11-14 00:00:00,Reuters,"... war. Rami Makhlouf, Assad's cousin and top financial ally, together with Ayman Jaber, another prominent figure subject to international sanctions ... exports ...",https://www.reuters.com/article/world/assad-allies-profit-from-syrias-lucrative-food-trade-idUSDEE9AD0AN/
wheat,美贸易及就业数据凸显经济前景低迷,2013-11-14 00:00:00,Reuters,"China's exports set to lose momentum as Iran war undercuts AI-driven boom: Reuters poll · Yantian port in Shenzhen, Guangdong. ago Chinacategory · US military ...",https://www.reuters.com/article/world/china/-idUSCNE9AD0D2/
wheat,Wheat more attractive to U.S. farmers with corn price at 3-yr ...,2013-11-11 00:00:00,Reuters,"Wheat futures have surged this autumn, hitting a 4-1/2 month high as planting of the winter wheat crop kicked into high gear in the U.S. Plains. Prices for ...",https://www.reuters.com/article/business/wheat-more-attractive-to-us-farmers-with-corn-price-at-3-yr-low-idUSL1N0I81RS/
wheat,Farmers raisin' hell over the 'Raisin Reserve',2013-09-04 00:00:00,CNBC,"Under a World War II era program, raisins can be forcibly set aside under the Raisin Marketing Order to help support prices. ... Market Data Terms of Use and ...",https://www.cnbc.com/2013/09/04/farmers-raisin-hell-over-the-raisin-reserve.html
wheat,福岛核电站储水池泄露高放射性污水,2013-08-20 00:00:00,Reuters,"China's exports set to lose momentum as Iran war undercuts AI-driven boom ... war with Iran, jeopardizing ‌a fragile two-week ceasefire. Africacategory ...",https://www.reuters.com/article/amp/idCNCNE97K02F20130821/
wheat,"Hamptons Scene: Bacon, Cohn Go Local at Benefits",2013-08-06 00:00:00,Bloomberg,Netanyahu-Trump Divisions on Iran War Threaten to Box In US. by Ben ... HomeBTV+Market DataOpinionAudioOriginalsMagazineEvents. News. MarketsEconomics ...,https://www.bloomberg.com/news/articles/2013-08-07/hamptons-scene-bacon-cohn-go-local-at-benefits
wheat,U.S. Immigration Reform May Bar South African Farmworkers,2013-07-25 00:00:00,Bloomberg,The wheat industry fears Congress will cut its high-skilled labor supply. ... The Iran War Has Finally Shattered America's World. by Hal Brands.,https://www.bloomberg.com/news/articles/2013-07-25/u-dot-s-dot-immigration-reform-may-bar-south-african-farmworkers
wheat,No Menstrual Hygiene For Indian Women Holds Economy ...,2013-07-24 00:00:00,Bloomberg,"and other makers of feminine hygiene products are working to wrench open a market that could be worth billions. ... Supply and Sanitation Collaborative Council, ...",https://www.bloomberg.com/news/articles/2013-07-24/no-menstrual-hygiene-for-indian-women-holds-economy-back
wheat,"A hungry world: Lots of food, in too few places",2013-07-22 00:00:00,CNBC,"""The market trading of commodities is overboard and not helping food prices,"" said Muldavin. ""Why does a bushel of wheat have to be traded five times a day?"" ""I ...",https://www.cnbc.com/2013/07/22/a-hungry-world-lots-of-food-in-too-few-places.html
wheat,底特律申请破产为美国历史上最大城市破产案,2013-07-18 00:00:00,Reuters,Global Market Data · Rates & Bonds · Stocks · U.S. Markets · Wealth ... China's exports set to lose momentum as Iran war undercuts AI-driven boom ...,https://www.reuters.com/article/world/china/--idUSCNE96H0C1/
wheat,Egypt has less than two months imported wheat left,2013-07-11 00:00:00,Reuters,"Egypt has less than two months' supply of imported wheat left in its stocks, ousted President Mohamed Mursi's minister of supplies said, ...",https://www.reuters.com/article/world/exclusive-egypt-has-less-than-two-months-imported-wheat-left-ex-minister-idUSBRE96A08Y/
wheat,S.Korean mills to decide on U.S. wheat imports this week,2013-07-02 00:00:00,Reuters,Chicago wheat prices have taken a hit as Asian importers remain reluctant to ... Chicago Board of Trade wheat futures slid to a one-year low on Monday ...,https://www.reuters.com/article/business/skorean-mills-to-decide-on-us-wheat-imports-this-week-idUSL3N0F828F/
wheat,"Marc Rich, Fugitive Commodities Trader in 1980s, Dies at 78",2013-06-26 00:00:00,Bloomberg,The businessman with a taste for flamboyant neckties and Cuban cigars was celebrated for inventing the spot-oil market ... Netanyahu-Trump Divisions on Iran War ...,https://www.bloomberg.com/news/articles/2013-06-26/marc-rich-fugitive-commodities-trader-in-80s-dies-78
wheat,"Floods cripple Canada's oil capital, tens of thousands ...",2013-06-21 00:00:00,Reuters,At least 200 people are feared dead after Nigerian military jets struck a village market ... Iran war has cost Israel $11.5 billion in budgetary expenses ...,https://www.reuters.com/article/world/floods-cripple-canadas-oil-capital-tens-of-thousands-displaced-idUSBRE95K0ZD/
wheat,美国5月制造业活动萎缩印证经济疲弱,2013-06-03 00:00:00,Reuters,"China's exports set to lose momentum as Iran war undercuts AI-driven boom ... war, Bloomberg ​News reported on Tuesday, citing people ⁠familiar with ...",https://www.reuters.com/article/world/china/5-idUSCNE9520CM/
wheat,India's PEC tenders to export 90000 T wheat,2013-05-29 00:00:00,Reuters,Israel and Hamas at War · Japan · Middle East · Ukraine and Russia at War · United ... Browse an unrivalled portfolio of real-time and historical market data and ...,https://www.reuters.com/article/pec-wheat-exports/indias-pec-tenders-to-export-90000-t-wheat-idINL3N0EA2UE20130529/
wheat,"Why Did the Ostrich (or Snake, or Llama) Cross the Road?",2013-05-09 00:00:00,Bloomberg,... exports and devastate wheat production.Daniel Munoz/Reuters. A white rhino ... The Iran War Has Finally Shattered America's World. by Hal Brands.,https://www.bloomberg.com/news/articles/2013-05-09/why-did-the-ostrich-or-snake-or-llama-cross-the-road
wheat,India's cheap food plans to prove costly for government,2013-05-07 00:00:00,Reuters,"The bill will give rice at 3 rupees per kg to the poorest people, less than 10 percent of current retail prices, and wheat at 2 rupees per kg. The government ...",https://www.reuters.com/article/world/indias-cheap-food-plans-to-prove-costly-for-government-idUSBRE94701A/
wheat,"Egypt's Mursi fails to secure loan, grain from Russia",2013-04-19 00:00:00,Reuters,Its grain stocks have dwindled and the crisis has made it harder to arrange payments for wheat imports. ... drought last year which reduced its grain crop ...,https://www.reuters.com/article/business/egypts-mursi-fails-to-secure-loan-grain-from-russia-idUSBRE93I14H/
wheat,"Farmers say Egypt's wheat crop hopes are ""a dream""",2013-04-15 00:00:00,Reuters,... crisis has crippled purchases from the world market. The government has ... Gas Prices Climb as Iran War Threatens Supply Chain · Legalcategory · Trump's ...,https://www.reuters.com/article/world/farmers-say-egypts-wheat-crop-hopes-are-a-dream-idUSBRE93E0AI/
wheat,美国议员批评中国未有效约束朝鲜,2013-04-07 00:00:00,Reuters,China's exports set to lose momentum as Iran war undercuts AI-driven boom ... Nigerian airstrike at village market is latest in which civilians have been killed.,https://www.reuters.com/article/world/china/-idUSCNE937015/
wheat,Great Depression Hit One Country Hardest of All,2013-03-26 00:00:00,Bloomberg,"It was particularly harmful to Canada, America's largesttrading partner, where export prices plummeted. The price oflumber fell 32 percent from 1929 to 1932 ...",https://www.bloomberg.com/view/articles/2013-03-26/great-depression-hit-one-country-hardest-of-all
wheat,Second Crippling Blizzard in Days Blasts Central US,2013-02-26 00:00:00,CNBC,"... drought conditions that have plagued farmers and ranchers across the Midwest ... Global Business and Financial News, Stock Quotes, and Market Data and Analysis.",https://www.cnbc.com/2013/02/26/second-crippling-blizzard-in-days-blasts-central-us.html
wheat,"净出口对GDP贡献海关与统计局数字相左,因计算方法不同",2013-02-07 00:00:00,Reuters,China's exports set to lose momentum as Iran war undercuts AI-driven boom ... Nigerian airstrike at village market is latest in which civilians have been killed.,https://www.reuters.com/article/world/china/-1-gdp-idUSL4S0B744V/
wheat,Cow Smuggling ... It's How Bangladesh Gets Its Beef,2013-01-27 00:00:00,CNBC,"... crisis there,"" says Mr. ... But Bangladeshis say there is a simple way to end violence along the border. (Read More: India Poised to Triple Wheat Exports This ...",https://www.cnbc.com/2013/01/27/cow-smuggling-its-how-bangladesh-gets-its-beef.html
wheat,"Buying the N.Y.S.E., in One Shot",2013-01-20 00:00:00,CNBC,... market history. The Dow Jones Industrial Average plunged 900 points in a ... It almost failed when a Canadian company threatened to corner its local energy supply ...,https://www.cnbc.com/2013/01/20/buying-the-nyse-in-one-shot.html
wheat,"Bulgaria ethnic Turkish party wants to trace attack "" ...",2013-01-20 00:00:00,Reuters,Global Market Data · Rates & Bonds · Stocks · U.S. Markets · Wealth ... Russia calls for joint food reserves with BRICS to counter Middle East crisis risks.,https://www.reuters.com/article/world/bulgaria-ethnic-turkish-party-wants-to-trace-attack-mastermind-idUSBRE90J0GM/
wheat,The Best and Worst Investments of 2012,2012-12-20 00:00:00,Bloomberg,"Best Commodity (+24%): Wheat prices rose in 2012 as drought cut into supply from the grain belts of Russia, Australia, and the U.S. Wheat is a $14.4 billion ...",https://www.bloomberg.com/news/articles/2012-12-20/the-best-and-worst-investments-of-2012
wheat,Sanctions side effect hits Iran's food system,2012-11-28 00:00:00,Reuters,"Iran's food distribution system is in crisis even though Western sanctions do not directly target the market, badly hurting the poor and turning some ...",https://www.reuters.com/article/world/sanctions-side-effect-hits-irans-food-system-idUSBRE8AR0DG/
wheat,"Larry Hagman dead at 81, portrayed notorious TV villain ...",2012-11-23 00:00:00,Reuters,Iran War · Israel and Hamas at ... Browse an unrivalled portfolio of real-time and historical market data and insights from worldwide sources and experts.,https://www.reuters.com/article/lifestyle/larry-hagman-dead-at-81-portrayed-notorious-tv-villain-jr-ewing-idUSBRE8AN022/
wheat,Why Can't India Feed Its People?,2012-11-21 00:00:00,Bloomberg,... prices in the markets were soaring. Far from his village in eastern India ... The Iran War Has Finally Shattered America's World. by Hal Brands.,https://www.bloomberg.com/news/articles/2012-11-21/why-cant-india-feed-its-people
wheat,Canada's Corn Belt Attracts the Hot Money,2012-11-08 00:00:00,Bloomberg,"U.S. farmers in the Midwest, the center of corn cultivation in North America, have watched helplessly as the worst drought in more than five decades has ...",https://www.bloomberg.com/news/articles/2012-11-08/canadas-corn-belt-attracts-the-hot-money
wheat,OUTLOOK-India wheat seen up on buoyant demand,2012-11-05 00:00:00,Reuters,"""An expected rise in export demand could keep wheat prices firm in the local market, though there could be some softness in prices with progress of wheat sowing ...",https://www.reuters.com/article/world/us/outlook-india-wheat-seen-up-on-buoyant-demand-may-fall-later-idUSL3E8M5416/
wheat,"〔中国债市〕前三季企业债发行5142亿元,国开证券承销额仍领跑",2012-10-09 00:00:00,Reuters,"Protracted Hormuz crisis could trigger agrifood catastrophe, UN food agency says ... Browse an unrivalled portfolio of real-time and historical market data and ...",https://www.reuters.com/article/world/asia-pacific/5142-idUSSB2038109/
wheat,"Africa can easily grow wheat to ease hunger, price shocks",2012-10-08 00:00:00,Reuters,"In 2008, Zambia and Rwanda escaped sharp rises in wheat prices on global markets thanks to domestic production, the study said. Braun said it was hard to ...",https://www.reuters.com/article/world/africa-can-easily-grow-wheat-to-ease-hunger-price-shocks-study-idUSBRE898006/
wheat,India's Poor Starve as Politicians Steal Their Food,2012-09-06 00:00:00,Bloomberg,... market prices and pocketed the difference. Poor Indians seeking rations at ... Last year the central government lifted a ban on wheat exports to reduce ...,https://www.bloomberg.com/news/articles/2012-09-06/indias-poor-starve-as-politicians-steal-their-food
wheat,India's MMTC issues tender to export 35000 T wheat,2012-08-29 00:00:00,Reuters,"EU member states must coordinate on energy prices amid Iran conflict, von der Leyen says ... war with Iran, jeopardizing ‌a fragile two-week ceasefire.",https://www.reuters.com/article/india-wheat-tender-idIND8E8J601T20120829/
wheat,"U.S. soybeans extend gains, wheat and corn steady",2012-08-15 00:00:00,Reuters,... exports ... market pinched by high corn prices and squeezed profits. * Dealers said the market remained underpinned by tightness in supplies of Russian wheat ...,https://www.reuters.com/article/markets/commodities/us-soybeans-extend-gains-wheat-and-corn-steady-idUSL4E8JG08Q/
wheat,Corn hits new record as U.S. supply cuts loom,2012-08-10 00:00:00,Reuters,... drought began to rally prices in mid-June. The market is also watching to see how the USDA adjusts demand for corn to reflect shrinking supply and high prices.,https://www.reuters.com/article/business/corn-hits-new-record-as-us-supply-cuts-loom-idUSBRE8790D1/
wheat,Fiber-added foods may not stem your hunger,2012-07-27 00:00:00,Reuters,"The Kellogg Company, which provided the bars used in the study, said the products were developed specifically for the research and are not on the market.",https://www.reuters.com/article/business/healthcare-pharmaceuticals/fiber-added-foods-may-not-stem-your-hunger-idUSBRE86Q15F/
wheat,"At Peregrine Financial, Signs of Trouble Seemingly Missed ...",2012-07-13 00:00:00,CNBC,"Farmers and others use such contracts to protect themselves from large price fluctuations. Speculators also play the futures market and they, too, have been ...",https://www.cnbc.com/2012/07/13/at-peregrine-financial-signs-of-trouble-seemingly-missed-for-years.html
wheat,"〔中国企业〕北汽集团2.35亿美元联贷案吸引五银行参与,包括 ...",2012-07-12 00:00:00,Reuters,Iran War · Israel and Hamas at ... Browse an unrivalled portfolio of real-time and historical market data and insights from worldwide sources and experts.,https://www.reuters.com/article/world/asia-pacific/235-ifr-idUSSB1664778/
wheat,"As crops rot, millions go hungry in India",2012-07-02 00:00:00,Reuters,"However, Indian wheat would only be competitive in the export market at ... exports last September, but lower global prices have scuppered those plans.",https://www.reuters.com/article/economy/as-crops-rot-millions-go-hungry-in-india-idUSDEE861017/
wheat,Early Death Assured in India Where 900M Don't Eat Enough,2012-06-13 00:00:00,Bloomberg,... market prices to people officially designated as poor. More than 30 ... Cancun Airport During The Covid-19 Pandemic. Mexico's Low-Cost Airlines Are ...,https://www.bloomberg.com/news/articles/2012-06-13/early-death-assured-in-india-where-900-million-go-hungry
wheat,Primarias California muestran división demócrata sobre ...,2012-06-06 00:00:00,Reuters,Russia calls for joint food reserves with BRICS to counter Middle East crisis risks ... Browse an unrivalled portfolio of real-time and historical market data and ...,https://www.reuters.com/article/world/primarias-california-muestran-divisin-demcrata-sobre-educacin-idUSSIE8550BY/
wheat,South Sudan officials have stolen $4 billion: president,2012-06-04 00:00:00,Reuters,"... war and independence last year. ""Most of these funds have been taken out of ... Russia calls for joint food reserves with BRICS to counter Middle East crisis ...",https://www.reuters.com/article/world/south-sudan-officials-have-stolen-4-billion-president-idUSBRE8530QJ/
wheat,"U.S. wheat falls for third day, corn firm on weather",2012-05-30 00:00:00,Reuters,"U.S. wheat futures fell for a third straight day on Thursday, hit by ... wheat would pressure prices. * Asian feedmakers expected to buy more corn from ...",https://www.reuters.com/article/business/us-wheat-falls-for-third-day-corn-firm-on-weather-idUSBRE84U016/
wheat,Micronation Master: Prince Leonard of Hutt River,2012-05-17 00:00:00,Bloomberg,Netanyahu-Trump Divisions on Iran War Threaten to Box In US. by Ben ... HomeBTV+Market DataOpinionAudioOriginalsMagazineEvents. News. MarketsEconomics ...,https://www.bloomberg.com/news/articles/2012-05-17/micronation-master-prince-leonard-of-hutt-river
wheat,Oil Falls for Second Week; Gold Declines: Commodities at ...,2012-05-11 00:00:00,Bloomberg,"Prices are down 4 percent this week, the most since Dec. 16. June-delivery futures were 1.2 percent lower at $1,576.10 on the Comex in New York. Silver for ...",https://www.bloomberg.com/news/articles/2012-05-11/oil-falls-for-second-week-gold-declines-commodities-at-close
wheat,"U.N. food index set to ease, inflation fears remain",2012-05-02 00:00:00,Reuters,"The agency has said prices could rise more in first half of 2012 as grain supply tightens and energy prices stay high. ... However, U.S. corn and wheat futures ...",https://www.reuters.com/article/business/un-food-index-set-to-ease-inflation-fears-remain-idUSDEE8410JC/
wheat,"US soy up for 3rd day on exports; corn, wheat firm",2012-04-08 00:00:00,Reuters,... exports and shrinking South American supplies supported the market. Corn ... MARKET NEWS * Crude oil futures fell more than $1 in early Asian trade on ...,https://www.reuters.com/article/instant-article/idCNL3E8F900820120409/
wheat,中石化集团完成收购葡萄牙石油公司Galp巴西资产,2012-03-30 00:00:00,Reuters,Global Market Data · Rates & Bonds · Stocks · U.S. Markets · Wealth ... China's exports set to lose momentum as Iran war undercuts AI-driven boom ...,https://www.reuters.com/article/world/china/galp-idUSCNE82T048/
wheat,"Iran Sanctions Fuel 'Junk for Oil' Barter With China, India",2012-03-30 00:00:00,Bloomberg,"Exports from Iran will be cut by 600,000 to 700,000 barrels a day because of the international sanctions, Michael Lo, an analyst at BNP Paribas SA, said in ...",https://www.bloomberg.com/news/articles/2012-03-29/india-and-china-skirt-iran-sanctions-with-junk-for-oil-
wheat,Wheat futures tumble to 3-week low as selloff continues,2012-03-22 11:07:57,Investing.com,"Investing.com - Wheat futures came under pressure for the fourth consecutive day on Thursday, dropping to the lowest level in...",https://www.investing.com/news/commodities-news/wheat-futures-tumble-to-3-week-low-as-selloff-continues-231734
wheat,Wheat futures fall to 7-day low on oversupply concerns,2012-03-21 10:50:22,Investing.com,"Investing.com - Wheat futures came under pressure for a third day on Wednesday, as concerns over ample global supplies were...",https://www.investing.com/news/commodities-news/wheat-futures-fall-to-7-day-low-on-oversupply-concerns-231673
wheat,"Wheat futures tumble on increased Russian exports, U.S. weather",2012-03-20 10:59:34,Investing.com,"Investing.com - Wheat futures came under heavy selling pressure for a second day on Tuesday, after Russia said it will not limit...","https://www.investing.com/news/commodities-news/wheat-futures-tumble-on-increased-russian-exports,-u.s.-weather-231624"
wheat,Sheriff's pink-underwear policy may be unconstitutional: court,2012-03-07 00:00:00,Reuters,Russia calls for joint food reserves with BRICS to counter Middle East crisis risks ... Browse an unrivalled portfolio of real-time and historical market data and ...,https://www.reuters.com/article/world/us/sheriffs-pink-underwear-policy-may-be-unconstitutional-court-idUSTRE82624G/
wheat,Clipping Coupons on Wall Street,2012-03-01 00:00:00,Bloomberg,USAF B-1 Bombers at the air base on Diego Garcia. Iran's Strike Attempt on Diego Garcia Reveals Missile Range. Fossil Fuel Prices Increase Due To War In The ...,https://www.bloomberg.com/news/articles/2012-03-01/clipping-coupons-on-wall-street
wheat,"〔台湾政经〕新内阁成立国际景气因应小组,紧跟欧债冲击",2012-02-05 00:00:00,Reuters,Iran War · Israel and Hamas at ... Browse an unrivalled portfolio of real-time and historical market data and insights from worldwide sources and experts.,https://www.reuters.com/article/world/asia-pacific/-idUSST0504089/
wheat,Louis-Dreyfus Widow Chairman Ousts Men Running ...,2012-01-31 00:00:00,Bloomberg,"Louis Dreyfus is the biggest fund manager in agriculture futures; the No. ... War II because the family was Jewish, according to dossiers in the French ...",https://www.bloomberg.com/news/articles/2012-01-31/louis-dreyfus-widow-ousts-men-running-commodities-giant-as-newest-chairman
wheat,"Rape, corruption in camps blight lives of Somali displaced",2012-01-26 00:00:00,Reuters,Yet many people at various IDP settlements in the war-torn city complain that food aid is not reaching them and accuse local aid workers working for ...,https://www.reuters.com/article/lifestyle/rape-corruption-in-camps-blight-lives-of-somali-displaced-idUSTRE80P0MC/
wheat,Crude oil tops USD99 after largest U.S. supply drop since 2001,2011-12-22 08:56:56,Investing.com,"Investing.com – Crude oil futures extended gains from the previous session on Thursday, trading above USD99-a-barrel...",https://www.investing.com/news/commodities-news/crude-oil-tops-usd99-after-largest-us-supply-drop-since-2001-228391
wheat,Cities That Vanished,2011-11-09 00:00:00,CNBC,"The 1974 Turkish invasion of Cyprus caused a citywide evacuation, and the ... In 2007, as Australia suffered from a crippling nationwide drought, and ...",https://www.cnbc.com/2011/11/09/Cities-That-Vanished.html
wheat,"Analysis - U.S. budget turns red, ag market info fades to black",2011-10-14 00:00:00,Reuters,"Without it, he said, prices can become more volatile because of uncertainty of supply. ... South Korean central bank stands pat as Middle East war fuels inflation ...",https://www.reuters.com/article/world/analysis-us-budget-turns-red-ag-market-info-fades-to-black-idUSTRE79D528/
wheat,Morgan Stanley Bet the Farm in Ukraine Before Taxpayers' ...,2011-10-04 00:00:00,Bloomberg,"Enselco bought chemicals from intermediary companies that charged markups and sold crops to middlemen at prices below market levels, according to three of these ...",https://www.bloomberg.com/news/articles/2011-10-04/morgan-stanley-bet-the-farm-in-ukraine-before-fed-bailout-by-u-s-taxpayer
wheat,U.S. grains slip on caution ahead of Fed meeting,2011-08-24 00:00:00,Reuters,"U.S. corn, wheat and soybeans futures eased in early Asian ... US producer inflation rises below expectations in March, but war fires up energy prices.",https://www.reuters.com/article/business/us-grains-slip-on-caution-ahead-of-fed-meeting-idUSTRE77O095/
wheat,"Rapper Diddy, Dan Ackroyd's Skull Help Hawk 'Tasteless' ...",2011-07-31 00:00:00,Bloomberg,"A blind tasting of a dozen unflavored vodkas, most fairly new in the market, some old timers, to see what differences I could detect.",https://www.bloomberg.com/news/articles/2011-08-01/p-diddy-dan-ackroyd-s-skull-help-hawk-tasteless-vodkas-john-mariani
wheat,Cargill Defines Food Chain While Assailing Government ...,2011-07-26 00:00:00,Bloomberg,... prices at the end of 2010: governments ... wheat importer -- and supply Europe's need for animal feed with U.S. corn.,https://www.bloomberg.com/news/articles/2011-07-27/cargill-defines-food-chain-while-assailing-government-hoarding
wheat,Understanding the Micro and Macro Views,2011-07-12 00:00:00,CNBC,"Investors need to take both the micro and macro into account to fully comprehend the market, Cramer said Tuesday. ... futures down,"" Cramer said. ""Just ...",https://www.cnbc.com/2011/07/12/understanding-the-micro-and-macro-views.html
wheat,Andersons add cheap U.S. wheat to corn-based ethanol,2011-07-08 00:00:00,Reuters,"On Friday, spot soft red winter wheat futures ... Corn prices have soared this spring on strong demand from food, feed and fuel sectors, while wheat prices have ...",https://www.reuters.com/article/world/andersons-add-cheap-us-wheat-to-corn-based-ethanol-idUSTRE7675E1/
wheat,"China's weekly feed wheat sales fall, harvest picks up",2011-06-14 00:00:00,Reuters,... wheat auctions in late March to help ease tight corn supply. Sign up ... Drought earlier caused minor damage to the wheat crop and early-season rice ...,https://www.reuters.com/article/business/chinas-weekly-feed-wheat-sales-fall-harvest-picks-up-idUSL3E7HE0IL/
wheat,Factbox: 2008 food price crisis -- what caused it?,2011-06-10 00:00:00,Reuters,"... or even futures market speculation. Instead, the crisis was triggered by: -- Growing demand for biofuels, which has driven up prices of corn and soybeans.",https://www.reuters.com/article/business/energy/factbox-2008-food-price-crisis-what-caused-it-idUSTRE7590IJ/
wheat,'Slow Poison' Chokes Indian Workers Feeding $7 Slum ...,2011-06-07 00:00:00,Bloomberg,"The tariff, which stood at 78 ... Homes will be unaffordable for 38 million families in India by 2030 based on projected market prices, McKinsey & Co.",https://www.bloomberg.com/news/articles/2011-06-07/-slow-poison-chokes-indian-workers-feeding-7-slum-roof-demand
wheat,"U.S. wheat rises for second day; corn, soy steady",2011-06-03 00:00:00,Reuters,"U.S. wheat rose 0.6 percent on Friday, on track for a second day of gains supported by doubts that exports ... Investors in the wheat market are still unclear ...",https://www.reuters.com/article/business/us-wheat-rises-for-second-day-corn-soy-steady-idUSTRE7521S1/
wheat,U.S. corn extends gains on talk of China buying,2011-05-12 00:00:00,Reuters,U.S. corn futures advanced around half a percent in early Asian trade on Friday on talk that China may be seeking to buy more of the grain as well as ...,https://www.reuters.com/article/world/us/us-corn-extends-gains-on-talk-of-china-buying-idUSL3E7GC4IX/
wheat,"GRAINS-US wheat, corn tick up after sell-off, EU wheat down",2011-04-29 11:28:04,Reuters,"* US wheat edges higher after hitting 2-week low
 * Corn rises from near 1-month low after selloff
 * Forecasts of improved...","https://www.investing.com/analysis/snb-switzerland/grains-us-wheat,-corn-tick-up-after-sell-off,-eu-wheat-down-212330"
wheat,Glencore Traders Urged Russia to Ban Grain Exports,2011-04-25 00:00:00,CNBC,"Glencore made a speculative bet on rising wheat and corn prices in the early stages of last summer's Russian drought, the world's largest commodity trader ...",https://www.cnbc.com/2011/04/25/glencore-traders-urged-russia-to-ban-grain-exports.html
wheat,"U.S. wheat, corn extend losing streak; soy rebounds",2011-03-10 00:00:00,Reuters,"... Market Solutions, a brokerage and commodity marketing advisory service. ... wheat prices. Wheat futures at the Chicago Board of Trade dropped to their ...",https://www.reuters.com/article/business/us-wheat-corn-extend-losing-streak-soy-rebounds-idUSTRE7297I9/
wheat,"In Price of Farmland, Echoes of Another Boom",2011-03-04 00:00:00,CNBC,"More recently, soaring prices for wheat, corn, soybeans and other crops have driven the increase. Corn futures ... market as well as create an incentive ...",https://www.cnbc.com/2011/03/04/in-price-of-farmland-echoes-of-another-boom.html
wheat,U.S. corn stocks ratio to match lowest since Depression,2011-02-09 00:00:00,Reuters,... supply-to-useratio since the Great Depression as more of the feedgrain is ... wheat and corn prices to more than double from last summer's lows. But ...,https://www.reuters.com/article/world/us-corn-stocks-ratio-to-match-lowest-since-depression-idUSTRE7185A3/
wheat,Shop price inflation rises to 2.1 percent in December - BRC,2011-01-12 00:00:00,Reuters,"Non-food inflation rose to 1.1 percent in December from 0.9 percent in November, driven by higher prices for furniture, floor coverings and health and beauty ...",https://www.reuters.com/article/world/shop-price-inflation-rises-to-21-percent-in-december-brc-idUSLNE70B008/
wheat,Wheat Futures in Chicago Gain as Much as 0.8%,2011-01-02 00:00:00,Bloomberg,The Iran War Has Finally Shattered America's World. by Hal Brands ... HomeBTV+Market DataOpinionAudioOriginalsMagazineEvents. News. MarketsEconomics ...,https://www.bloomberg.com/news/articles/2011-01-03/wheat-futures-in-chicago-gain-by-as-much-as-0-8-soybeans-decline-by-0-6-
wheat,Q+A - How will markets respond to China's rate rise?,2010-12-26 00:00:00,Reuters,"Sectors most at risk of a leg down are commodity-related firms, which have outperformed this quarter as commodity and energy prices have rallied into the year- ...",https://www.reuters.com/article/world/qa-how-will-markets-respond-to-chinas-rate-rise-idUSTRE6BP094/
wheat,U.S. targets Zimbabwe attorney general for sanctions,2010-12-21 00:00:00,Reuters,Global Market Data · Rates & Bonds · Stocks · U.S. Markets · Wealth ... Russia calls for joint food reserves with BRICS to counter Middle East crisis risks.,https://www.reuters.com/article/world/us-targets-zimbabwe-attorney-general-for-sanctions-idUSTRE6BK5GA/
wheat,Australia's Victoria Wheat Quality May be Reduced by Rain,2010-12-01 00:00:00,Bloomberg,The Iran War Has Finally Shattered America's World. by Hal Brands. tax + ... HomeBTV+Market DataOpinionAudioOriginalsMagazineEvents. News. MarketsEconomics ...,https://www.bloomberg.com/news/articles/2010-12-01/australia-s-victoria-wheat-quality-may-be-reduced-by-rain
wheat,Billionaire Nathan Myhrvold's $625 Cookbook,2010-11-11 00:00:00,Bloomberg,The Iran War Has Finally Shattered America's World. by Hal Brands ... HomeBTV+Market DataOpinionAudioOriginalsMagazineEvents. News. MarketsEconomics ...,https://www.bloomberg.com/news/articles/2010-11-11/billionaire-nathan-myhrvolds-625-cookbook
wheat,How To Build A Poor Man's Hedge Fund,2010-10-18 00:00:00,CNBC,"... market. But shorting stock is not for the faint of heart. The ... After all, it takes a streetwise investor to play wheat futures or oil price derivatives.",https://www.cnbc.com/2010/10/18/how-to-build-a-poor-mans-hedge-fund.html
wheat,Asness Meets 'Grim Reaper' Before Fund Rebounds From ...,2010-10-06 00:00:00,Bloomberg,"“We aren't believers in the extreme form of the efficient market hypothesis and shouldn't have to defend it,” Asness says. “EMH says 'prices reflect all ...",https://www.bloomberg.com/news/articles/2010-10-07/asness-encounters-grim-reaper-before-quant-fund-rebounds-from-50-loss
wheat,"India's wheat, rice export ban to stay-farm minister",2010-09-23 00:00:00,Reuters,"... exports, he added. The Reuters Iran Briefing newsletter keeps you informed with the latest developments and analysis of the Iran war. ... market, 200 feared ...",https://www.reuters.com/article/world/us/indias-wheat-rice-export-ban-to-stay-farm-minister-idUSDEL003454/
wheat,U.S. sees threat to foreign aid workers in Pakistan,2010-08-26 00:00:00,Reuters,Russia calls for joint food reserves with BRICS to counter Middle East crisis risks ... Browse an unrivalled portfolio of real-time and historical market data and ...,https://www.reuters.com/article/world/us-sees-threat-to-foreign-aid-workers-in-pakistan-idUSTRE67P430/
wheat,Somali rebels say they destroyed donated grain,2010-08-20 00:00:00,Reuters,"... crisis in Somalia, racked by drought as well as decades of conflict that ... Browse an unrivalled portfolio of real-time and historical market data and insights ...",https://www.reuters.com/article/economy/somali-rebels-say-they-destroyed-donated-grain-idUSLDE67J148/
wheat,U.S. wheat surges 4 percent on USDA report,2010-08-12 00:00:00,Reuters,U.S. wheat futures were ... U.S. corn has been benefiting from the Black Sea drought as livestock feeders make more use of corn due to high wheat prices.,https://www.reuters.com/article/business/us-wheat-surges-4-percent-on-usda-report-idUSTRE67B2XF/
wheat,"GLOBAL MARKETS-Stocks climb, eye Fed meeting, shrug off job woes",2010-08-09 06:36:12,Reuters,"* Expectations of further Fed action temper weak jobs
report
 * Asia ex-Japan equities up 0.6 pct at 3-month high
 * IMM...","https://www.investing.com/news/forex-news/global-markets-stocks-climb,-eye-fed-meeting,-shrug-off-job-woes-153401"
wheat,Memphis-Area Man Indicted Over Wheat Futures Trades,2010-04-28 00:00:00,Bloomberg,U.S. And Israel Wage War Against Iran. Trump Amps Threat to 'Take Out ... HomeBTV+Market DataOpinionAudioOriginalsMagazineEvents. News. MarketsEconomics ...,https://www.bloomberg.com/news/articles/2010-04-28/memphis-area-broker-indicted-over-wheat-futures-trades-at-mf-global
wheat,Bigger U.S. corn acreage seen this year,2010-03-16 00:00:00,Reuters,"Corn and soybean prices on the Chicago Board of ... ""The market needs to reflect a move toward more corn acres and to assure the ethanol industry of supply.",https://www.reuters.com/article/business/bigger-us-corn-acreage-seen-this-year-idUSTRE62F5XS/
wheat,"India's key measures, decisions on wheat",2010-03-03 00:00:00,Reuters,"July 2009 - The government lifts a ban on wheat exports, but re-imposes the restriction within 10 days on concern food prices may rise as seasonal monsoon rains ...",https://www.reuters.com/article/business/indias-key-measures-decisions-on-wheat-idUSSGE62309O/
wheat,Afghan war: Iconic images,2010-02-08 00:00:00,Reuters,... wheat to more than three-quarters of the war-ravaged city's population. ... Browse an unrivalled portfolio of real-time and historical market data and insights ...,https://www.reuters.com/news/picture/afghan-war-iconic-images-idUSRTR2S9B8/
wheat,Egypt to inspect farmland in Uganda for wheat,2010-01-11 00:00:00,Reuters,Sterling dips as US-Iran peace talks stall; energy prices surge. 10 hours ago ... Browse an unrivalled portfolio of real-time and historical market data and ...,https://www.reuters.com/article/business/finance/egypt-to-inspect-farmland-in-uganda-for-wheat-idUSJOE60A0H8/
