Date,Price
2010-01-01,167.8218628070175
2010-01-04,167.8218628070175
2010-01-05,167.8218628070175
2010-01-06,167.8218628070175
2010-01-07,167.8218628070175
2010-01-08,167.8218628070175
2010-01-11,167.8218628070175
2010-01-12,167.8218628070175
2010-01-13,167.8218628070175
2010-01-14,167.8218628070175
2010-01-15,167.8218628070175
2010-01-18,167.8218628070175
2010-01-19,167.8218628070175
2010-01-20,167.8218628070175
2010-01-21,167.8218628070175
2010-01-22,167.8218628070175
2010-01-25,167.8218628070175
2010-01-26,167.8218628070175
2010-01-27,167.8218628070175
2010-01-28,167.8218628070175
2010-01-29,167.8218628070175
2010-02-01,160.1615603703704
2010-02-02,160.1615603703704
2010-02-03,160.1615603703704
2010-02-04,160.1615603703704
2010-02-05,160.1615603703704
2010-02-08,160.1615603703704
2010-02-09,160.1615603703704
2010-02-10,160.1615603703704
2010-02-11,160.1615603703704
2010-02-12,160.1615603703704
2010-02-15,160.1615603703704
2010-02-16,160.1615603703704
2010-02-17,160.1615603703704
2010-02-18,160.1615603703704
2010-02-19,160.1615603703704
2010-02-22,160.1615603703704
2010-02-23,160.1615603703704
2010-02-24,160.1615603703704
2010-02-25,160.1615603703704
2010-02-26,160.1615603703704
2010-03-01,156.4641179710145
2010-03-02,156.4641179710145
2010-03-03,156.4641179710145
2010-03-04,156.4641179710145
2010-03-05,156.4641179710145
2010-03-08,156.4641179710145
2010-03-09,156.4641179710145
2010-03-10,156.4641179710145
2010-03-11,156.4641179710145
2010-03-12,156.4641179710145
2010-03-15,156.4641179710145
2010-03-16,156.4641179710145
2010-03-17,156.4641179710145
2010-03-18,156.4641179710145
2010-03-19,156.4641179710145
2010-03-22,156.4641179710145
2010-03-23,156.4641179710145
2010-03-24,156.4641179710145
2010-03-25,156.4641179710145
2010-03-26,156.4641179710145
2010-03-29,156.4641179710145
2010-03-30,156.4641179710145
2010-03-31,156.4641179710145
2010-04-01,156.8254687301588
2010-04-02,156.8254687301588
2010-04-05,156.8254687301588
2010-04-06,156.8254687301588
2010-04-07,156.8254687301588
2010-04-08,156.8254687301588
2010-04-09,156.8254687301588
2010-04-12,156.8254687301588
2010-04-13,156.8254687301588
2010-04-14,156.8254687301588
2010-04-15,156.8254687301588
2010-04-16,156.8254687301588
2010-04-19,156.8254687301588
2010-04-20,156.8254687301588
2010-04-21,156.8254687301588
2010-04-22,156.8254687301588
2010-04-23,156.8254687301588
2010-04-26,156.8254687301588
2010-04-27,156.8254687301588
2010-04-28,156.8254687301588
2010-04-29,156.8254687301588
2010-04-30,156.8254687301588
2010-05-03,158.3284596666667
2010-05-04,158.3284596666667
2010-05-05,158.3284596666667
2010-05-06,158.3284596666667
2010-05-07,158.3284596666667
2010-05-10,158.3284596666667
2010-05-11,158.3284596666667
2010-05-12,158.3284596666667
2010-05-13,158.3284596666667
2010-05-14,158.3284596666667
2010-05-17,158.3284596666667
2010-05-18,158.3284596666667
2010-05-19,158.3284596666667
2010-05-20,158.3284596666667
2010-05-21,158.3284596666667
2010-05-24,158.3284596666667
2010-05-25,158.3284596666667
2010-05-26,158.3284596666667
2010-05-27,158.3284596666667
2010-05-28,158.3284596666667
2010-05-31,158.3284596666667
2010-06-01,149.21269
2010-06-02,149.21269
2010-06-03,149.21269
2010-06-04,149.21269
2010-06-07,149.21269
2010-06-08,149.21269
2010-06-09,149.21269
2010-06-10,149.21269
2010-06-11,149.21269
2010-06-14,149.21269
2010-06-15,149.21269
2010-06-16,149.21269
2010-06-17,149.21269
2010-06-18,149.21269
2010-06-21,149.21269
2010-06-22,149.21269
2010-06-23,149.21269
2010-06-24,149.21269
2010-06-25,149.21269
2010-06-28,149.21269
2010-06-29,149.21269
2010-06-30,149.21269
2010-07-01,182.7385022222222
2010-07-02,182.7385022222222
2010-07-05,182.7385022222222
2010-07-06,182.7385022222222
2010-07-07,182.7385022222222
2010-07-08,182.7385022222222
2010-07-09,182.7385022222222
2010-07-12,182.7385022222222
2010-07-13,182.7385022222222
2010-07-14,182.7385022222222
2010-07-15,182.7385022222222
2010-07-16,182.7385022222222
2010-07-19,182.7385022222222
2010-07-20,182.7385022222222
2010-07-21,182.7385022222222
2010-07-22,182.7385022222222
2010-07-23,182.7385022222222
2010-07-26,182.7385022222222
2010-07-27,182.7385022222222
2010-07-28,182.7385022222222
2010-07-29,182.7385022222222
2010-07-30,182.7385022222222
2010-08-02,219.8774416666667
2010-08-03,219.8774416666667
2010-08-04,219.8774416666667
2010-08-05,219.8774416666667
2010-08-06,219.8774416666667
2010-08-09,219.8774416666667
2010-08-10,219.8774416666667
2010-08-11,219.8774416666667
2010-08-12,219.8774416666667
2010-08-13,219.8774416666667
2010-08-16,219.8774416666667
2010-08-17,219.8774416666667
2010-08-18,219.8774416666667
2010-08-19,219.8774416666667
2010-08-20,219.8774416666667
2010-08-23,219.8774416666667
2010-08-24,219.8774416666667
2010-08-25,219.8774416666667
2010-08-26,219.8774416666667
2010-08-27,219.8774416666667
2010-08-30,219.8774416666667
2010-08-31,219.8774416666667
2010-09-01,240.4321828333334
2010-09-02,240.4321828333334
2010-09-03,240.4321828333334
2010-09-06,240.4321828333334
2010-09-07,240.4321828333334
2010-09-08,240.4321828333334
2010-09-09,240.4321828333334
2010-09-10,240.4321828333334
2010-09-13,240.4321828333334
2010-09-14,240.4321828333334
2010-09-15,240.4321828333334
2010-09-16,240.4321828333334
2010-09-17,240.4321828333334
2010-09-20,240.4321828333334
2010-09-21,240.4321828333334
2010-09-22,240.4321828333334
2010-09-23,240.4321828333334
2010-09-24,240.4321828333334
2010-09-27,240.4321828333334
2010-09-28,240.4321828333334
2010-09-29,240.4321828333334
2010-09-30,240.4321828333334
2010-10-01,234.5995631746031
2010-10-04,234.5995631746031
2010-10-05,234.5995631746031
2010-10-06,234.5995631746031
2010-10-07,234.5995631746031
2010-10-08,234.5995631746031
2010-10-11,234.5995631746031
2010-10-12,234.5995631746031
2010-10-13,234.5995631746031
2010-10-14,234.5995631746031
2010-10-15,234.5995631746031
2010-10-18,234.5995631746031
2010-10-19,234.5995631746031
2010-10-20,234.5995631746031
2010-10-21,234.5995631746031
2010-10-22,234.5995631746031
2010-10-25,234.5995631746031
2010-10-26,234.5995631746031
2010-10-27,234.5995631746031
2010-10-28,234.5995631746031
2010-10-29,234.5995631746031
2010-11-01,241.8401333333334
2010-11-02,241.8401333333334
2010-11-03,241.8401333333334
2010-11-04,241.8401333333334
2010-11-05,241.8401333333334
2010-11-08,241.8401333333334
2010-11-09,241.8401333333334
2010-11-10,241.8401333333334
2010-11-11,241.8401333333334
2010-11-12,241.8401333333334
2010-11-15,241.8401333333334
2010-11-16,241.8401333333334
2010-11-17,241.8401333333334
2010-11-18,241.8401333333334
2010-11-19,241.8401333333334
2010-11-22,241.8401333333334
2010-11-23,241.8401333333334
2010-11-24,241.8401333333334
2010-11-25,241.8401333333334
2010-11-26,241.8401333333334
2010-11-29,241.8401333333334
2010-11-30,241.8401333333334
2010-12-01,274.4568181666668
2010-12-02,274.4568181666668
2010-12-03,274.4568181666668
2010-12-06,274.4568181666668
2010-12-07,274.4568181666668
2010-12-08,274.4568181666668
2010-12-09,274.4568181666668
2010-12-10,274.4568181666668
2010-12-13,274.4568181666668
2010-12-14,274.4568181666668
2010-12-15,274.4568181666668
2010-12-16,274.4568181666668
2010-12-17,274.4568181666668
2010-12-20,274.4568181666668
2010-12-21,274.4568181666668
2010-12-22,274.4568181666668
2010-12-23,274.4568181666668
2010-12-24,274.4568181666668
2010-12-27,274.4568181666668
2010-12-28,274.4568181666668
2010-12-29,274.4568181666668
2010-12-30,274.4568181666668
2010-12-31,274.4568181666668
2011-01-03,295.9886068333333
2011-01-04,295.9886068333333
2011-01-05,295.9886068333333
2011-01-06,295.9886068333333
2011-01-07,295.9886068333333
2011-01-10,295.9886068333333
2011-01-11,295.9886068333333
2011-01-12,295.9886068333333
2011-01-13,295.9886068333333
2011-01-14,295.9886068333333
2011-01-17,295.9886068333333
2011-01-18,295.9886068333333
2011-01-19,295.9886068333333
2011-01-20,295.9886068333333
2011-01-21,295.9886068333333
2011-01-24,295.9886068333333
2011-01-25,295.9886068333333
2011-01-26,295.9886068333333
2011-01-27,295.9886068333333
2011-01-28,295.9886068333333
2011-01-31,295.9886068333333
2011-02-01,317.6006514035087
2011-02-02,317.6006514035087
2011-02-03,317.6006514035087
2011-02-04,317.6006514035087
2011-02-07,317.6006514035087
2011-02-08,317.6006514035087
2011-02-09,317.6006514035087
2011-02-10,317.6006514035087
2011-02-11,317.6006514035087
2011-02-14,317.6006514035087
2011-02-15,317.6006514035087
2011-02-16,317.6006514035087
2011-02-17,317.6006514035087
2011-02-18,317.6006514035087
2011-02-21,317.6006514035087
2011-02-22,317.6006514035087
2011-02-23,317.6006514035087
2011-02-24,317.6006514035087
2011-02-25,317.6006514035087
2011-02-28,317.6006514035087
2011-03-01,285.3758111111111
2011-03-02,285.3758111111111
2011-03-03,285.3758111111111
2011-03-04,285.3758111111111
2011-03-07,285.3758111111111
2011-03-08,285.3758111111111
2011-03-09,285.3758111111111
2011-03-10,285.3758111111111
2011-03-11,285.3758111111111
2011-03-14,285.3758111111111
2011-03-15,285.3758111111111
2011-03-16,285.3758111111111
2011-03-17,285.3758111111111
2011-03-18,285.3758111111111
2011-03-21,285.3758111111111
2011-03-22,285.3758111111111
2011-03-23,285.3758111111111
2011-03-24,285.3758111111111
2011-03-25,285.3758111111111
2011-03-28,285.3758111111111
2011-03-29,285.3758111111111
2011-03-30,285.3758111111111
2011-03-31,285.3758111111111
2011-04-01,307.2544084210527
2011-04-04,307.2544084210527
2011-04-05,307.2544084210527
2011-04-06,307.2544084210527
2011-04-07,307.2544084210527
2011-04-08,307.2544084210527
2011-04-11,307.2544084210527
2011-04-12,307.2544084210527
2011-04-13,307.2544084210527
2011-04-14,307.2544084210527
2011-04-15,307.2544084210527
2011-04-18,307.2544084210527
2011-04-19,307.2544084210527
2011-04-20,307.2544084210527
2011-04-21,307.2544084210527
2011-04-22,307.2544084210527
2011-04-25,307.2544084210527
2011-04-26,307.2544084210527
2011-04-27,307.2544084210527
2011-04-28,307.2544084210527
2011-04-29,307.2544084210527
2011-05-02,307.1945503174603
2011-05-03,307.1945503174603
2011-05-04,307.1945503174603
2011-05-05,307.1945503174603
2011-05-06,307.1945503174603
2011-05-09,307.1945503174603
2011-05-10,307.1945503174603
2011-05-11,307.1945503174603
2011-05-12,307.1945503174603
2011-05-13,307.1945503174603
2011-05-16,307.1945503174603
2011-05-17,307.1945503174603
2011-05-18,307.1945503174603
2011-05-19,307.1945503174603
2011-05-20,307.1945503174603
2011-05-23,307.1945503174603
2011-05-24,307.1945503174603
2011-05-25,307.1945503174603
2011-05-26,307.1945503174603
2011-05-27,307.1945503174603
2011-05-30,307.1945503174603
2011-05-31,307.1945503174603
2011-06-01,285.29787
2011-06-02,285.29787
2011-06-03,285.29787
2011-06-06,285.29787
2011-06-07,285.29787
2011-06-08,285.29787
2011-06-09,285.29787
2011-06-10,285.29787
2011-06-13,285.29787
2011-06-14,285.29787
2011-06-15,285.29787
2011-06-16,285.29787
2011-06-17,285.29787
2011-06-20,285.29787
2011-06-21,285.29787
2011-06-22,285.29787
2011-06-23,285.29787
2011-06-24,285.29787
2011-06-27,285.29787
2011-06-28,285.29787
2011-06-29,285.29787
2011-06-30,285.29787
2011-07-01,271.4622093333333
2011-07-04,271.4622093333333
2011-07-05,271.4622093333333
2011-07-06,271.4622093333333
2011-07-07,271.4622093333333
2011-07-08,271.4622093333333
2011-07-11,271.4622093333333
2011-07-12,271.4622093333333
2011-07-13,271.4622093333333
2011-07-14,271.4622093333333
2011-07-15,271.4622093333333
2011-07-18,271.4622093333333
2011-07-19,271.4622093333333
2011-07-20,271.4622093333333
2011-07-21,271.4622093333333
2011-07-22,271.4622093333333
2011-07-25,271.4622093333333
2011-07-26,271.4622093333333
2011-07-27,271.4622093333333
2011-07-28,271.4622093333333
2011-07-29,271.4622093333333
2011-08-01,288.6883083333334
2011-08-02,288.6883083333334
2011-08-03,288.6883083333334
2011-08-04,288.6883083333334
2011-08-05,288.6883083333334
2011-08-08,288.6883083333334
2011-08-09,288.6883083333334
2011-08-10,288.6883083333334
2011-08-11,288.6883083333334
2011-08-12,288.6883083333334
2011-08-15,288.6883083333334
2011-08-16,288.6883083333334
2011-08-17,288.6883083333334
2011-08-18,288.6883083333334
2011-08-19,288.6883083333334
2011-08-22,288.6883083333334
2011-08-23,288.6883083333334
2011-08-24,288.6883083333334
2011-08-25,288.6883083333334
2011-08-26,288.6883083333334
2011-08-29,288.6883083333334
2011-08-30,288.6883083333334
2011-08-31,288.6883083333334
2011-09-01,272.340557936508
2011-09-02,272.340557936508
2011-09-05,272.340557936508
2011-09-06,272.340557936508
2011-09-07,272.340557936508
2011-09-08,272.340557936508
2011-09-09,272.340557936508
2011-09-12,272.340557936508
2011-09-13,272.340557936508
2011-09-14,272.340557936508
2011-09-15,272.340557936508
2011-09-16,272.340557936508
2011-09-19,272.340557936508
2011-09-20,272.340557936508
2011-09-21,272.340557936508
2011-09-22,272.340557936508
2011-09-23,272.340557936508
2011-09-26,272.340557936508
2011-09-27,272.340557936508
2011-09-28,272.340557936508
2011-09-29,272.340557936508
2011-09-30,272.340557936508
2011-10-03,251.5891347619049
2011-10-04,251.5891347619049
2011-10-05,251.5891347619049
2011-10-06,251.5891347619049
2011-10-07,251.5891347619049
2011-10-10,251.5891347619049
2011-10-11,251.5891347619049
2011-10-12,251.5891347619049
2011-10-13,251.5891347619049
2011-10-14,251.5891347619049
2011-10-17,251.5891347619049
2011-10-18,251.5891347619049
2011-10-19,251.5891347619049
2011-10-20,251.5891347619049
2011-10-21,251.5891347619049
2011-10-24,251.5891347619049
2011-10-25,251.5891347619049
2011-10-26,251.5891347619049
2011-10-27,251.5891347619049
2011-10-28,251.5891347619049
2011-10-31,251.5891347619049
2011-11-01,244.5378501587302
2011-11-02,244.5378501587302
2011-11-03,244.5378501587302
2011-11-04,244.5378501587302
2011-11-07,244.5378501587302
2011-11-08,244.5378501587302
2011-11-09,244.5378501587302
2011-11-10,244.5378501587302
2011-11-11,244.5378501587302
2011-11-14,244.5378501587302
2011-11-15,244.5378501587302
2011-11-16,244.5378501587302
2011-11-17,244.5378501587302
2011-11-18,244.5378501587302
2011-11-21,244.5378501587302
2011-11-22,244.5378501587302
2011-11-23,244.5378501587302
2011-11-24,244.5378501587302
2011-11-25,244.5378501587302
2011-11-28,244.5378501587302
2011-11-29,244.5378501587302
2011-11-30,244.5378501587302
2011-12-01,236.0596865
2011-12-02,236.0596865
2011-12-05,236.0596865
2011-12-06,236.0596865
2011-12-07,236.0596865
2011-12-08,236.0596865
2011-12-09,236.0596865
2011-12-12,236.0596865
2011-12-13,236.0596865
2011-12-14,236.0596865
2011-12-15,236.0596865
2011-12-16,236.0596865
2011-12-19,236.0596865
2011-12-20,236.0596865
2011-12-21,236.0596865
2011-12-22,236.0596865
2011-12-23,236.0596865
2011-12-26,236.0596865
2011-12-27,236.0596865
2011-12-28,236.0596865
2011-12-29,236.0596865
2011-12-30,236.0596865
2012-01-02,243.7023691666668
2012-01-03,243.7023691666668
2012-01-04,243.7023691666668
2012-01-05,243.7023691666668
2012-01-06,243.7023691666668
2012-01-09,243.7023691666668
2012-01-10,243.7023691666668
2012-01-11,243.7023691666668
2012-01-12,243.7023691666668
2012-01-13,243.7023691666668
2012-01-16,243.7023691666668
2012-01-17,243.7023691666668
2012-01-18,243.7023691666668
2012-01-19,243.7023691666668
2012-01-20,243.7023691666668
2012-01-23,243.7023691666668
2012-01-24,243.7023691666668
2012-01-25,243.7023691666668
2012-01-26,243.7023691666668
2012-01-27,243.7023691666668
2012-01-30,243.7023691666668
2012-01-31,243.7023691666668
2012-02-01,245.9804765
2012-02-02,245.9804765
2012-02-03,245.9804765
2012-02-06,245.9804765
2012-02-07,245.9804765
2012-02-08,245.9804765
2012-02-09,245.9804765
2012-02-10,245.9804765
2012-02-13,245.9804765
2012-02-14,245.9804765
2012-02-15,245.9804765
2012-02-16,245.9804765
2012-02-17,245.9804765
2012-02-20,245.9804765
2012-02-21,245.9804765
2012-02-22,245.9804765
2012-02-23,245.9804765
2012-02-24,245.9804765
2012-02-27,245.9804765
2012-02-28,245.9804765
2012-02-29,245.9804765
2012-03-01,243.4935983333332
2012-03-02,243.4935983333332
2012-03-05,243.4935983333332
2012-03-06,243.4935983333332
2012-03-07,243.4935983333332
2012-03-08,243.4935983333332
2012-03-09,243.4935983333332
2012-03-12,243.4935983333332
2012-03-13,243.4935983333332
2012-03-14,243.4935983333332
2012-03-15,243.4935983333332
2012-03-16,243.4935983333332
2012-03-19,243.4935983333332
2012-03-20,243.4935983333332
2012-03-21,243.4935983333332
2012-03-22,243.4935983333332
2012-03-23,243.4935983333332
2012-03-26,243.4935983333332
2012-03-27,243.4935983333332
2012-03-28,243.4935983333332
2012-03-29,243.4935983333332
2012-03-30,243.4935983333332
2012-04-02,228.0863108333332
2012-04-03,228.0863108333332
2012-04-04,228.0863108333332
2012-04-05,228.0863108333332
2012-04-06,228.0863108333332
2012-04-09,228.0863108333332
2012-04-10,228.0863108333332
2012-04-11,228.0863108333332
2012-04-12,228.0863108333332
2012-04-13,228.0863108333332
2012-04-16,228.0863108333332
2012-04-17,228.0863108333332
2012-04-18,228.0863108333332
2012-04-19,228.0863108333332
2012-04-20,228.0863108333332
2012-04-23,228.0863108333332
2012-04-24,228.0863108333332
2012-04-25,228.0863108333332
2012-04-26,228.0863108333332
2012-04-27,228.0863108333332
2012-04-30,228.0863108333332
2012-05-01,228.87964
2012-05-02,228.87964
2012-05-03,228.87964
2012-05-04,228.87964
2012-05-07,228.87964
2012-05-08,228.87964
2012-05-09,228.87964
2012-05-10,228.87964
2012-05-11,228.87964
2012-05-14,228.87964
2012-05-15,228.87964
2012-05-16,228.87964
2012-05-17,228.87964
2012-05-18,228.87964
2012-05-21,228.87964
2012-05-22,228.87964
2012-05-23,228.87964
2012-05-24,228.87964
2012-05-25,228.87964
2012-05-28,228.87964
2012-05-29,228.87964
2012-05-30,228.87964
2012-05-31,228.87964
2012-06-01,241.9657934920636
2012-06-04,241.9657934920636
2012-06-05,241.9657934920636
2012-06-06,241.9657934920636
2012-06-07,241.9657934920636
2012-06-08,241.9657934920636
2012-06-11,241.9657934920636
2012-06-12,241.9657934920636
2012-06-13,241.9657934920636
2012-06-14,241.9657934920636
2012-06-15,241.9657934920636
2012-06-18,241.9657934920636
2012-06-19,241.9657934920636
2012-06-20,241.9657934920636
2012-06-21,241.9657934920636
2012-06-22,241.9657934920636
2012-06-25,241.9657934920636
2012-06-26,241.9657934920636
2012-06-27,241.9657934920636
2012-06-28,241.9657934920636
2012-06-29,241.9657934920636
2012-07-02,310.7464380952381
2012-07-03,310.7464380952381
2012-07-04,310.7464380952381
2012-07-05,310.7464380952381
2012-07-06,310.7464380952381
2012-07-09,310.7464380952381
2012-07-10,310.7464380952381
2012-07-11,310.7464380952381
2012-07-12,310.7464380952381
2012-07-13,310.7464380952381
2012-07-16,310.7464380952381
2012-07-17,310.7464380952381
2012-07-18,310.7464380952381
2012-07-19,310.7464380952381
2012-07-20,310.7464380952381
2012-07-23,310.7464380952381
2012-07-24,310.7464380952381
2012-07-25,310.7464380952381
2012-07-26,310.7464380952381
2012-07-27,310.7464380952381
2012-07-30,310.7464380952381
2012-07-31,310.7464380952381
2012-08-01,315.5482191304348
2012-08-02,315.5482191304348
2012-08-03,315.5482191304348
2012-08-06,315.5482191304348
2012-08-07,315.5482191304348
2012-08-08,315.5482191304348
2012-08-09,315.5482191304348
2012-08-10,315.5482191304348
2012-08-13,315.5482191304348
2012-08-14,315.5482191304348
2012-08-15,315.5482191304348
2012-08-16,315.5482191304348
2012-08-17,315.5482191304348
2012-08-20,315.5482191304348
2012-08-21,315.5482191304348
2012-08-22,315.5482191304348
2012-08-23,315.5482191304348
2012-08-24,315.5482191304348
2012-08-27,315.5482191304348
2012-08-28,315.5482191304348
2012-08-29,315.5482191304348
2012-08-30,315.5482191304348
2012-08-31,315.5482191304348
2012-09-03,316.6530515789474
2012-09-04,316.6530515789474
2012-09-05,316.6530515789474
2012-09-06,316.6530515789474
2012-09-07,316.6530515789474
2012-09-10,316.6530515789474
2012-09-11,316.6530515789474
2012-09-12,316.6530515789474
2012-09-13,316.6530515789474
2012-09-14,316.6530515789474
2012-09-17,316.6530515789474
2012-09-18,316.6530515789474
2012-09-19,316.6530515789474
2012-09-20,316.6530515789474
2012-09-21,316.6530515789474
2012-09-24,316.6530515789474
2012-09-25,316.6530515789474
2012-09-26,316.6530515789474
2012-09-27,316.6530515789474
2012-09-28,316.6530515789474
2012-10-01,318.4078349275362
2012-10-02,318.4078349275362
2012-10-03,318.4078349275362
2012-10-04,318.4078349275362
2012-10-05,318.4078349275362
2012-10-08,318.4078349275362
2012-10-09,318.4078349275362
2012-10-10,318.4078349275362
2012-10-11,318.4078349275362
2012-10-12,318.4078349275362
2012-10-15,318.4078349275362
2012-10-16,318.4078349275362
2012-10-17,318.4078349275362
2012-10-18,318.4078349275362
2012-10-19,318.4078349275362
2012-10-22,318.4078349275362
2012-10-23,318.4078349275362
2012-10-24,318.4078349275362
2012-10-25,318.4078349275362
2012-10-26,318.4078349275362
2012-10-29,318.4078349275362
2012-10-30,318.4078349275362
2012-10-31,318.4078349275362
2012-11-01,319.4599361904761
2012-11-02,319.4599361904761
2012-11-05,319.4599361904761
2012-11-06,319.4599361904761
2012-11-07,319.4599361904761
2012-11-08,319.4599361904761
2012-11-09,319.4599361904761
2012-11-12,319.4599361904761
2012-11-13,319.4599361904761
2012-11-14,319.4599361904761
2012-11-15,319.4599361904761
2012-11-16,319.4599361904761
2012-11-19,319.4599361904761
2012-11-20,319.4599361904761
2012-11-21,319.4599361904761
2012-11-22,319.4599361904761
2012-11-23,319.4599361904761
2012-11-26,319.4599361904761
2012-11-27,319.4599361904761
2012-11-28,319.4599361904761
2012-11-29,319.4599361904761
2012-11-30,319.4599361904761
2012-12-03,303.0385561403509
2012-12-04,303.0385561403509
2012-12-05,303.0385561403509
2012-12-06,303.0385561403509
2012-12-07,303.0385561403509
2012-12-10,303.0385561403509
2012-12-11,303.0385561403509
2012-12-12,303.0385561403509
2012-12-13,303.0385561403509
2012-12-14,303.0385561403509
2012-12-17,303.0385561403509
2012-12-18,303.0385561403509
2012-12-19,303.0385561403509
2012-12-20,303.0385561403509
2012-12-21,303.0385561403509
2012-12-24,303.0385561403509
2012-12-25,303.0385561403509
2012-12-26,303.0385561403509
2012-12-27,303.0385561403509
2012-12-28,303.0385561403509
2012-12-31,303.0385561403509
2013-01-01,288.2103225396826
2013-01-02,288.2103225396826
2013-01-03,288.2103225396826
2013-01-04,288.2103225396826
2013-01-07,288.2103225396826
2013-01-08,288.2103225396826
2013-01-09,288.2103225396826
2013-01-10,288.2103225396826
2013-01-11,288.2103225396826
2013-01-14,288.2103225396826
2013-01-15,288.2103225396826
2013-01-16,288.2103225396826
2013-01-17,288.2103225396826
2013-01-18,288.2103225396826
2013-01-21,288.2103225396826
2013-01-22,288.2103225396826
2013-01-23,288.2103225396826
2013-01-24,288.2103225396826
2013-01-25,288.2103225396826
2013-01-28,288.2103225396826
2013-01-29,288.2103225396826
2013-01-30,288.2103225396826
2013-01-31,288.2103225396826
2013-02-01,271.6785887037037
2013-02-04,271.6785887037037
2013-02-05,271.6785887037037
2013-02-06,271.6785887037037
2013-02-07,271.6785887037037
2013-02-08,271.6785887037037
2013-02-11,271.6785887037037
2013-02-12,271.6785887037037
2013-02-13,271.6785887037037
2013-02-14,271.6785887037037
2013-02-15,271.6785887037037
2013-02-18,271.6785887037037
2013-02-19,271.6785887037037
2013-02-20,271.6785887037037
2013-02-21,271.6785887037037
2013-02-22,271.6785887037037
2013-02-25,271.6785887037037
2013-02-26,271.6785887037037
2013-02-27,271.6785887037037
2013-02-28,271.6785887037037
2013-03-01,263.341859
2013-03-04,263.341859
2013-03-05,263.341859
2013-03-06,263.341859
2013-03-07,263.341859
2013-03-08,263.341859
2013-03-11,263.341859
2013-03-12,263.341859
2013-03-13,263.341859
2013-03-14,263.341859
2013-03-15,263.341859
2013-03-18,263.341859
2013-03-19,263.341859
2013-03-20,263.341859
2013-03-21,263.341859
2013-03-22,263.341859
2013-03-25,263.341859
2013-03-26,263.341859
2013-03-27,263.341859
2013-03-28,263.341859
2013-03-29,263.341859
2013-04-01,264.1702616666668
2013-04-02,264.1702616666668
2013-04-03,264.1702616666668
2013-04-04,264.1702616666668
2013-04-05,264.1702616666668
2013-04-08,264.1702616666668
2013-04-09,264.1702616666668
2013-04-10,264.1702616666668
2013-04-11,264.1702616666668
2013-04-12,264.1702616666668
2013-04-15,264.1702616666668
2013-04-16,264.1702616666668
2013-04-17,264.1702616666668
2013-04-18,264.1702616666668
2013-04-19,264.1702616666668
2013-04-22,264.1702616666668
2013-04-23,264.1702616666668
2013-04-24,264.1702616666668
2013-04-25,264.1702616666668
2013-04-26,264.1702616666668
2013-04-29,264.1702616666668
2013-04-30,264.1702616666668
2013-05-01,276.0451466666666
2013-05-02,276.0451466666666
2013-05-03,276.0451466666666
2013-05-06,276.0451466666666
2013-05-07,276.0451466666666
2013-05-08,276.0451466666666
2013-05-09,276.0451466666666
2013-05-10,276.0451466666666
2013-05-13,276.0451466666666
2013-05-14,276.0451466666666
2013-05-15,276.0451466666666
2013-05-16,276.0451466666666
2013-05-17,276.0451466666666
2013-05-20,276.0451466666666
2013-05-21,276.0451466666666
2013-05-22,276.0451466666666
2013-05-23,276.0451466666666
2013-05-24,276.0451466666666
2013-05-27,276.0451466666666
2013-05-28,276.0451466666666
2013-05-29,276.0451466666666
2013-05-30,276.0451466666666
2013-05-31,276.0451466666666
2013-06-03,266.8508791666666
2013-06-04,266.8508791666666
2013-06-05,266.8508791666666
2013-06-06,266.8508791666666
2013-06-07,266.8508791666666
2013-06-10,266.8508791666666
2013-06-11,266.8508791666666
2013-06-12,266.8508791666666
2013-06-13,266.8508791666666
2013-06-14,266.8508791666666
2013-06-17,266.8508791666666
2013-06-18,266.8508791666666
2013-06-19,266.8508791666666
2013-06-20,266.8508791666666
2013-06-21,266.8508791666666
2013-06-24,266.8508791666666
2013-06-25,266.8508791666666
2013-06-26,266.8508791666666
2013-06-27,266.8508791666666
2013-06-28,266.8508791666666
2013-07-01,257.4728933333333
2013-07-02,257.4728933333333
2013-07-03,257.4728933333333
2013-07-04,257.4728933333333
2013-07-05,257.4728933333333
2013-07-08,257.4728933333333
2013-07-09,257.4728933333333
2013-07-10,257.4728933333333
2013-07-11,257.4728933333333
2013-07-12,257.4728933333333
2013-07-15,257.4728933333333
2013-07-16,257.4728933333333
2013-07-17,257.4728933333333
2013-07-18,257.4728933333333
2013-07-19,257.4728933333333
2013-07-22,257.4728933333333
2013-07-23,257.4728933333333
2013-07-24,257.4728933333333
2013-07-25,257.4728933333333
2013-07-26,257.4728933333333
2013-07-29,257.4728933333333
2013-07-30,257.4728933333333
2013-07-31,257.4728933333333
2013-08-01,258.9259383333334
2013-08-02,258.9259383333334
2013-08-05,258.9259383333334
2013-08-06,258.9259383333334
2013-08-07,258.9259383333334
2013-08-08,258.9259383333334
2013-08-09,258.9259383333334
2013-08-12,258.9259383333334
2013-08-13,258.9259383333334
2013-08-14,258.9259383333334
2013-08-15,258.9259383333334
2013-08-16,258.9259383333334
2013-08-19,258.9259383333334
2013-08-20,258.9259383333334
2013-08-21,258.9259383333334
2013-08-22,258.9259383333334
2013-08-23,258.9259383333334
2013-08-26,258.9259383333334
2013-08-27,258.9259383333334
2013-08-28,258.9259383333334
2013-08-29,258.9259383333334
2013-08-30,258.9259383333334
2013-09-02,257.499616
2013-09-03,257.499616
2013-09-04,257.499616
2013-09-05,257.499616
2013-09-06,257.499616
2013-09-09,257.499616
2013-09-10,257.499616
2013-09-11,257.499616
2013-09-12,257.499616
2013-09-13,257.499616
2013-09-16,257.499616
2013-09-17,257.499616
2013-09-18,257.499616
2013-09-19,257.499616
2013-09-20,257.499616
2013-09-23,257.499616
2013-09-24,257.499616
2013-09-25,257.499616
2013-09-26,257.499616
2013-09-27,257.499616
2013-09-30,257.499616
2013-10-01,278.1495566666667
2013-10-02,278.1495566666667
2013-10-03,278.1495566666667
2013-10-04,278.1495566666667
2013-10-07,278.1495566666667
2013-10-08,278.1495566666667
2013-10-09,278.1495566666667
2013-10-10,278.1495566666667
2013-10-11,278.1495566666667
2013-10-14,278.1495566666667
2013-10-15,278.1495566666667
2013-10-16,278.1495566666667
2013-10-17,278.1495566666667
2013-10-18,278.1495566666667
2013-10-21,278.1495566666667
2013-10-22,278.1495566666667
2013-10-23,278.1495566666667
2013-10-24,278.1495566666667
2013-10-25,278.1495566666667
2013-10-28,278.1495566666667
2013-10-29,278.1495566666667
2013-10-30,278.1495566666667
2013-10-31,278.1495566666667
2013-11-01,259.7777233333333
2013-11-04,259.7777233333333
2013-11-05,259.7777233333333
2013-11-06,259.7777233333333
2013-11-07,259.7777233333333
2013-11-08,259.7777233333333
2013-11-11,259.7777233333333
2013-11-12,259.7777233333333
2013-11-13,259.7777233333333
2013-11-14,259.7777233333333
2013-11-15,259.7777233333333
2013-11-18,259.7777233333333
2013-11-19,259.7777233333333
2013-11-20,259.7777233333333
2013-11-21,259.7777233333333
2013-11-22,259.7777233333333
2013-11-25,259.7777233333333
2013-11-26,259.7777233333333
2013-11-27,259.7777233333333
2013-11-28,259.7777233333333
2013-11-29,259.7777233333333
2013-12-02,246.1125787301587
2013-12-03,246.1125787301587
2013-12-04,246.1125787301587
2013-12-05,246.1125787301587
2013-12-06,246.1125787301587
2013-12-09,246.1125787301587
2013-12-10,246.1125787301587
2013-12-11,246.1125787301587
2013-12-12,246.1125787301587
2013-12-13,246.1125787301587
2013-12-16,246.1125787301587
2013-12-17,246.1125787301587
2013-12-18,246.1125787301587
2013-12-19,246.1125787301587
2013-12-20,246.1125787301587
2013-12-23,246.1125787301587
2013-12-24,246.1125787301587
2013-12-25,246.1125787301587
2013-12-26,246.1125787301587
2013-12-27,246.1125787301587
2013-12-30,246.1125787301587
2013-12-31,246.1125787301587
2014-01-01,229.9803593650794
2014-01-02,229.9803593650794
2014-01-03,229.9803593650794
2014-01-06,229.9803593650794
2014-01-07,229.9803593650794
2014-01-08,229.9803593650794
2014-01-09,229.9803593650794
2014-01-10,229.9803593650794
2014-01-13,229.9803593650794
2014-01-14,229.9803593650794
2014-01-15,229.9803593650794
2014-01-16,229.9803593650794
2014-01-17,229.9803593650794
2014-01-20,229.9803593650794
2014-01-21,229.9803593650794
2014-01-22,229.9803593650794
2014-01-23,229.9803593650794
2014-01-24,229.9803593650794
2014-01-27,229.9803593650794
2014-01-28,229.9803593650794
2014-01-29,229.9803593650794
2014-01-30,229.9803593650794
2014-01-31,229.9803593650794
2014-02-03,242.7982815789473
2014-02-04,242.7982815789473
2014-02-05,242.7982815789473
2014-02-06,242.7982815789473
2014-02-07,242.7982815789473
2014-02-10,242.7982815789473
2014-02-11,242.7982815789473
2014-02-12,242.7982815789473
2014-02-13,242.7982815789473
2014-02-14,242.7982815789473
2014-02-17,242.7982815789473
2014-02-18,242.7982815789473
2014-02-19,242.7982815789473
2014-02-20,242.7982815789473
2014-02-21,242.7982815789473
2014-02-24,242.7982815789473
2014-02-25,242.7982815789473
2014-02-26,242.7982815789473
2014-02-27,242.7982815789473
2014-02-28,242.7982815789473
2014-03-03,275.612493968254
2014-03-04,275.612493968254
2014-03-05,275.612493968254
2014-03-06,275.612493968254
2014-03-07,275.612493968254
2014-03-10,275.612493968254
2014-03-11,275.612493968254
2014-03-12,275.612493968254
2014-03-13,275.612493968254
2014-03-14,275.612493968254
2014-03-17,275.612493968254
2014-03-18,275.612493968254
2014-03-19,275.612493968254
2014-03-20,275.612493968254
2014-03-21,275.612493968254
2014-03-24,275.612493968254
2014-03-25,275.612493968254
2014-03-26,275.612493968254
2014-03-27,275.612493968254
2014-03-28,275.612493968254
2014-03-31,275.612493968254
2014-04-01,276.3823612698412
2014-04-02,276.3823612698412
2014-04-03,276.3823612698412
2014-04-04,276.3823612698412
2014-04-07,276.3823612698412
2014-04-08,276.3823612698412
2014-04-09,276.3823612698412
2014-04-10,276.3823612698412
2014-04-11,276.3823612698412
2014-04-14,276.3823612698412
2014-04-15,276.3823612698412
2014-04-16,276.3823612698412
2014-04-17,276.3823612698412
2014-04-18,276.3823612698412
2014-04-21,276.3823612698412
2014-04-22,276.3823612698412
2014-04-23,276.3823612698412
2014-04-24,276.3823612698412
2014-04-25,276.3823612698412
2014-04-28,276.3823612698412
2014-04-29,276.3823612698412
2014-04-30,276.3823612698412
2014-05-01,287.9128738095238
2014-05-02,287.9128738095238
2014-05-05,287.9128738095238
2014-05-06,287.9128738095238
2014-05-07,287.9128738095238
2014-05-08,287.9128738095238
2014-05-09,287.9128738095238
2014-05-12,287.9128738095238
2014-05-13,287.9128738095238
2014-05-14,287.9128738095238
2014-05-15,287.9128738095238
2014-05-16,287.9128738095238
2014-05-19,287.9128738095238
2014-05-20,287.9128738095238
2014-05-21,287.9128738095238
2014-05-22,287.9128738095238
2014-05-23,287.9128738095238
2014-05-26,287.9128738095238
2014-05-27,287.9128738095238
2014-05-28,287.9128738095238
2014-05-29,287.9128738095238
2014-05-30,287.9128738095238
2014-06-02,261.6499006349206
2014-06-03,261.6499006349206
2014-06-04,261.6499006349206
2014-06-05,261.6499006349206
2014-06-06,261.6499006349206
2014-06-09,261.6499006349206
2014-06-10,261.6499006349206
2014-06-11,261.6499006349206
2014-06-12,261.6499006349206
2014-06-13,261.6499006349206
2014-06-16,261.6499006349206
2014-06-17,261.6499006349206
2014-06-18,261.6499006349206
2014-06-19,261.6499006349206
2014-06-20,261.6499006349206
2014-06-23,261.6499006349206
2014-06-24,261.6499006349206
2014-06-25,261.6499006349206
2014-06-26,261.6499006349206
2014-06-27,261.6499006349206
2014-06-30,261.6499006349206
2014-07-01,238.549905
2014-07-02,238.549905
2014-07-03,238.549905
2014-07-04,238.549905
2014-07-07,238.549905
2014-07-08,238.549905
2014-07-09,238.549905
2014-07-10,238.549905
2014-07-11,238.549905
2014-07-14,238.549905
2014-07-15,238.549905
2014-07-16,238.549905
2014-07-17,238.549905
2014-07-18,238.549905
2014-07-21,238.549905
2014-07-22,238.549905
2014-07-23,238.549905
2014-07-24,238.549905
2014-07-25,238.549905
2014-07-28,238.549905
2014-07-29,238.549905
2014-07-30,238.549905
2014-07-31,238.549905
2014-08-01,229.158001111111
2014-08-04,229.158001111111
2014-08-05,229.158001111111
2014-08-06,229.158001111111
2014-08-07,229.158001111111
2014-08-08,229.158001111111
2014-08-11,229.158001111111
2014-08-12,229.158001111111
2014-08-13,229.158001111111
2014-08-14,229.158001111111
2014-08-15,229.158001111111
2014-08-18,229.158001111111
2014-08-19,229.158001111111
2014-08-20,229.158001111111
2014-08-21,229.158001111111
2014-08-22,229.158001111111
2014-08-25,229.158001111111
2014-08-26,229.158001111111
2014-08-27,229.158001111111
2014-08-28,229.158001111111
2014-08-29,229.158001111111
2014-09-01,211.1711014285714
2014-09-02,211.1711014285714
2014-09-03,211.1711014285714
2014-09-04,211.1711014285714
2014-09-05,211.1711014285714
2014-09-08,211.1711014285714
2014-09-09,211.1711014285714
2014-09-10,211.1711014285714
2014-09-11,211.1711014285714
2014-09-12,211.1711014285714
2014-09-15,211.1711014285714
2014-09-16,211.1711014285714
2014-09-17,211.1711014285714
2014-09-18,211.1711014285714
2014-09-19,211.1711014285714
2014-09-22,211.1711014285714
2014-09-23,211.1711014285714
2014-09-24,211.1711014285714
2014-09-25,211.1711014285714
2014-09-26,211.1711014285714
2014-09-29,211.1711014285714
2014-09-30,211.1711014285714
2014-10-01,210.7249283333333
2014-10-02,210.7249283333333
2014-10-03,210.7249283333333
2014-10-06,210.7249283333333
2014-10-07,210.7249283333333
2014-10-08,210.7249283333333
2014-10-09,210.7249283333333
2014-10-10,210.7249283333333
2014-10-13,210.7249283333333
2014-10-14,210.7249283333333
2014-10-15,210.7249283333333
2014-10-16,210.7249283333333
2014-10-17,210.7249283333333
2014-10-20,210.7249283333333
2014-10-21,210.7249283333333
2014-10-22,210.7249283333333
2014-10-23,210.7249283333333
2014-10-24,210.7249283333333
2014-10-27,210.7249283333333
2014-10-28,210.7249283333333
2014-10-29,210.7249283333333
2014-10-30,210.7249283333333
2014-10-31,210.7249283333333
2014-11-03,215.9879182352942
2014-11-04,215.9879182352942
2014-11-05,215.9879182352942
2014-11-06,215.9879182352942
2014-11-07,215.9879182352942
2014-11-10,215.9879182352942
2014-11-11,215.9879182352942
2014-11-12,215.9879182352942
2014-11-13,215.9879182352942
2014-11-14,215.9879182352942
2014-11-17,215.9879182352942
2014-11-18,215.9879182352942
2014-11-19,215.9879182352942
2014-11-20,215.9879182352942
2014-11-21,215.9879182352942
2014-11-24,215.9879182352942
2014-11-25,215.9879182352942
2014-11-26,215.9879182352942
2014-11-27,215.9879182352942
2014-11-28,215.9879182352942
2014-12-01,234.8588366666666
2014-12-02,234.8588366666666
2014-12-03,234.8588366666666
2014-12-04,234.8588366666666
2014-12-05,234.8588366666666
2014-12-08,234.8588366666666
2014-12-09,234.8588366666666
2014-12-10,234.8588366666666
2014-12-11,234.8588366666666
2014-12-12,234.8588366666666
2014-12-15,234.8588366666666
2014-12-16,234.8588366666666
2014-12-17,234.8588366666666
2014-12-18,234.8588366666666
2014-12-19,234.8588366666666
2014-12-22,234.8588366666666
2014-12-23,234.8588366666666
2014-12-24,234.8588366666666
2014-12-25,234.8588366666666
2014-12-26,234.8588366666666
2014-12-29,234.8588366666666
2014-12-30,234.8588366666666
2014-12-31,234.8588366666666
2015-01-01,213.0214075
2015-01-02,213.0214075
2015-01-05,213.0214075
2015-01-06,213.0214075
2015-01-07,213.0214075
2015-01-08,213.0214075
2015-01-09,213.0214075
2015-01-12,213.0214075
2015-01-13,213.0214075
2015-01-14,213.0214075
2015-01-15,213.0214075
2015-01-16,213.0214075
2015-01-19,213.0214075
2015-01-20,213.0214075
2015-01-21,213.0214075
2015-01-22,213.0214075
2015-01-23,213.0214075
2015-01-26,213.0214075
2015-01-27,213.0214075
2015-01-28,213.0214075
2015-01-29,213.0214075
2015-01-30,213.0214075
2015-02-02,201.7420687719298
2015-02-03,201.7420687719298
2015-02-04,201.7420687719298
2015-02-05,201.7420687719298
2015-02-06,201.7420687719298
2015-02-09,201.7420687719298
2015-02-10,201.7420687719298
2015-02-11,201.7420687719298
2015-02-12,201.7420687719298
2015-02-13,201.7420687719298
2015-02-16,201.7420687719298
2015-02-17,201.7420687719298
2015-02-18,201.7420687719298
2015-02-19,201.7420687719298
2015-02-20,201.7420687719298
2015-02-23,201.7420687719298
2015-02-24,201.7420687719298
2015-02-25,201.7420687719298
2015-02-26,201.7420687719298
2015-02-27,201.7420687719298
2015-03-02,202.6914266666666
2015-03-03,202.6914266666666
2015-03-04,202.6914266666666
2015-03-05,202.6914266666666
2015-03-06,202.6914266666666
2015-03-09,202.6914266666666
2015-03-10,202.6914266666666
2015-03-11,202.6914266666666
2015-03-12,202.6914266666666
2015-03-13,202.6914266666666
2015-03-16,202.6914266666666
2015-03-17,202.6914266666666
2015-03-18,202.6914266666666
2015-03-19,202.6914266666666
2015-03-20,202.6914266666666
2015-03-23,202.6914266666666
2015-03-24,202.6914266666666
2015-03-25,202.6914266666666
2015-03-26,202.6914266666666
2015-03-27,202.6914266666666
2015-03-30,202.6914266666666
2015-03-31,202.6914266666666
2015-04-01,195.9312282539683
2015-04-02,195.9312282539683
2015-04-03,195.9312282539683
2015-04-06,195.9312282539683
2015-04-07,195.9312282539683
2015-04-08,195.9312282539683
2015-04-09,195.9312282539683
2015-04-10,195.9312282539683
2015-04-13,195.9312282539683
2015-04-14,195.9312282539683
2015-04-15,195.9312282539683
2015-04-16,195.9312282539683
2015-04-17,195.9312282539683
2015-04-20,195.9312282539683
2015-04-21,195.9312282539683
2015-04-22,195.9312282539683
2015-04-23,195.9312282539683
2015-04-24,195.9312282539683
2015-04-27,195.9312282539683
2015-04-28,195.9312282539683
2015-04-29,195.9312282539683
2015-04-30,195.9312282539683
2015-05-01,193.2165711666666
2015-05-04,193.2165711666666
2015-05-05,193.2165711666666
2015-05-06,193.2165711666666
2015-05-07,193.2165711666666
2015-05-08,193.2165711666666
2015-05-11,193.2165711666666
2015-05-12,193.2165711666666
2015-05-13,193.2165711666666
2015-05-14,193.2165711666666
2015-05-15,193.2165711666666
2015-05-18,193.2165711666666
2015-05-19,193.2165711666666
2015-05-20,193.2165711666666
2015-05-21,193.2165711666666
2015-05-22,193.2165711666666
2015-05-25,193.2165711666666
2015-05-26,193.2165711666666
2015-05-27,193.2165711666666
2015-05-28,193.2165711666666
2015-05-29,193.2165711666666
2015-06-01,199.8354416666666
2015-06-02,199.8354416666666
2015-06-03,199.8354416666666
2015-06-04,199.8354416666666
2015-06-05,199.8354416666666
2015-06-08,199.8354416666666
2015-06-09,199.8354416666666
2015-06-10,199.8354416666666
2015-06-11,199.8354416666666
2015-06-12,199.8354416666666
2015-06-15,199.8354416666666
2015-06-16,199.8354416666666
2015-06-17,199.8354416666666
2015-06-18,199.8354416666666
2015-06-19,199.8354416666666
2015-06-22,199.8354416666666
2015-06-23,199.8354416666666
2015-06-24,199.8354416666666
2015-06-25,199.8354416666666
2015-06-26,199.8354416666666
2015-06-29,199.8354416666666
2015-06-30,199.8354416666666
2015-07-01,199.21748
2015-07-02,199.21748
2015-07-03,199.21748
2015-07-06,199.21748
2015-07-07,199.21748
2015-07-08,199.21748
2015-07-09,199.21748
2015-07-10,199.21748
2015-07-13,199.21748
2015-07-14,199.21748
2015-07-15,199.21748
2015-07-16,199.21748
2015-07-17,199.21748
2015-07-20,199.21748
2015-07-21,199.21748
2015-07-22,199.21748
2015-07-23,199.21748
2015-07-24,199.21748
2015-07-27,199.21748
2015-07-28,199.21748
2015-07-29,199.21748
2015-07-30,199.21748
2015-07-31,199.21748
2015-08-03,173.5175915873016
2015-08-04,173.5175915873016
2015-08-05,173.5175915873016
2015-08-06,173.5175915873016
2015-08-07,173.5175915873016
2015-08-10,173.5175915873016
2015-08-11,173.5175915873016
2015-08-12,173.5175915873016
2015-08-13,173.5175915873016
2015-08-14,173.5175915873016
2015-08-17,173.5175915873016
2015-08-18,173.5175915873016
2015-08-19,173.5175915873016
2015-08-20,173.5175915873016
2015-08-21,173.5175915873016
2015-08-24,173.5175915873016
2015-08-25,173.5175915873016
2015-08-26,173.5175915873016
2015-08-27,173.5175915873016
2015-08-28,173.5175915873016
2015-08-31,173.5175915873016
2015-09-01,164.0692201587302
2015-09-02,164.0692201587302
2015-09-03,164.0692201587302
2015-09-04,164.0692201587302
2015-09-07,164.0692201587302
2015-09-08,164.0692201587302
2015-09-09,164.0692201587302
2015-09-10,164.0692201587302
2015-09-11,164.0692201587302
2015-09-14,164.0692201587302
2015-09-15,164.0692201587302
2015-09-16,164.0692201587302
2015-09-17,164.0692201587302
2015-09-18,164.0692201587302
2015-09-21,164.0692201587302
2015-09-22,164.0692201587302
2015-09-23,164.0692201587302
2015-09-24,164.0692201587302
2015-09-25,164.0692201587302
2015-09-28,164.0692201587302
2015-09-29,164.0692201587302
2015-09-30,164.0692201587302
2015-10-01,165.4514819047619
2015-10-02,165.4514819047619
2015-10-05,165.4514819047619
2015-10-06,165.4514819047619
2015-10-07,165.4514819047619
2015-10-08,165.4514819047619
2015-10-09,165.4514819047619
2015-10-12,165.4514819047619
2015-10-13,165.4514819047619
2015-10-14,165.4514819047619
2015-10-15,165.4514819047619
2015-10-16,165.4514819047619
2015-10-19,165.4514819047619
2015-10-20,165.4514819047619
2015-10-21,165.4514819047619
2015-10-22,165.4514819047619
2015-10-23,165.4514819047619
2015-10-26,165.4514819047619
2015-10-27,165.4514819047619
2015-10-28,165.4514819047619
2015-10-29,165.4514819047619
2015-10-30,165.4514819047619
2015-11-02,157.8043789473684
2015-11-03,157.8043789473684
2015-11-04,157.8043789473684
2015-11-05,157.8043789473684
2015-11-06,157.8043789473684
2015-11-09,157.8043789473684
2015-11-10,157.8043789473684
2015-11-11,157.8043789473684
2015-11-12,157.8043789473684
2015-11-13,157.8043789473684
2015-11-16,157.8043789473684
2015-11-17,157.8043789473684
2015-11-18,157.8043789473684
2015-11-19,157.8043789473684
2015-11-20,157.8043789473684
2015-11-23,157.8043789473684
2015-11-24,157.8043789473684
2015-11-25,157.8043789473684
2015-11-26,157.8043789473684
2015-11-27,157.8043789473684
2015-11-30,157.8043789473684
2015-12-01,163.893455
2015-12-02,163.893455
2015-12-03,163.893455
2015-12-04,163.893455
2015-12-07,163.893455
2015-12-08,163.893455
2015-12-09,163.893455
2015-12-10,163.893455
2015-12-11,163.893455
2015-12-14,163.893455
2015-12-15,163.893455
2015-12-16,163.893455
2015-12-17,163.893455
2015-12-18,163.893455
2015-12-21,163.893455
2015-12-22,163.893455
2015-12-23,163.893455
2015-12-24,163.893455
2015-12-25,163.893455
2015-12-28,163.893455
2015-12-29,163.893455
2015-12-30,163.893455
2015-12-31,163.893455
2016-01-01,164.6116266666668
2016-01-04,164.6116266666668
2016-01-05,164.6116266666668
2016-01-06,164.6116266666668
2016-01-07,164.6116266666668
2016-01-08,164.6116266666668
2016-01-11,164.6116266666668
2016-01-12,164.6116266666668
2016-01-13,164.6116266666668
2016-01-14,164.6116266666668
2016-01-15,164.6116266666668
2016-01-18,164.6116266666668
2016-01-19,164.6116266666668
2016-01-20,164.6116266666668
2016-01-21,164.6116266666668
2016-01-22,164.6116266666668
2016-01-25,164.6116266666668
2016-01-26,164.6116266666668
2016-01-27,164.6116266666668
2016-01-28,164.6116266666668
2016-01-29,164.6116266666668
2016-02-01,159.283795
2016-02-02,159.283795
2016-02-03,159.283795
2016-02-04,159.283795
2016-02-05,159.283795
2016-02-08,159.283795
2016-02-09,159.283795
2016-02-10,159.283795
2016-02-11,159.283795
2016-02-12,159.283795
2016-02-15,159.283795
2016-02-16,159.283795
2016-02-17,159.283795
2016-02-18,159.283795
2016-02-19,159.283795
2016-02-22,159.283795
2016-02-23,159.283795
2016-02-24,159.283795
2016-02-25,159.283795
2016-02-26,159.283795
2016-02-29,159.283795
2016-03-01,164.0604716666667
2016-03-02,164.0604716666667
2016-03-03,164.0604716666667
2016-03-04,164.0604716666667
2016-03-07,164.0604716666667
2016-03-08,164.0604716666667
2016-03-09,164.0604716666667
2016-03-10,164.0604716666667
2016-03-11,164.0604716666667
2016-03-14,164.0604716666667
2016-03-15,164.0604716666667
2016-03-16,164.0604716666667
2016-03-17,164.0604716666667
2016-03-18,164.0604716666667
2016-03-21,164.0604716666667
2016-03-22,164.0604716666667
2016-03-23,164.0604716666667
2016-03-24,164.0604716666667
2016-03-25,164.0604716666667
2016-03-28,164.0604716666667
2016-03-29,164.0604716666667
2016-03-30,164.0604716666667
2016-03-31,164.0604716666667
2016-04-01,163.3868377777778
2016-04-04,163.3868377777778
2016-04-05,163.3868377777778
2016-04-06,163.3868377777778
2016-04-07,163.3868377777778
2016-04-08,163.3868377777778
2016-04-11,163.3868377777778
2016-04-12,163.3868377777778
2016-04-13,163.3868377777778
2016-04-14,163.3868377777778
2016-04-15,163.3868377777778
2016-04-18,163.3868377777778
2016-04-19,163.3868377777778
2016-04-20,163.3868377777778
2016-04-21,163.3868377777778
2016-04-22,163.3868377777778
2016-04-25,163.3868377777778
2016-04-26,163.3868377777778
2016-04-27,163.3868377777778
2016-04-28,163.3868377777778
2016-04-29,163.3868377777778
2016-05-02,157.560342063492
2016-05-03,157.560342063492
2016-05-04,157.560342063492
2016-05-05,157.560342063492
2016-05-06,157.560342063492
2016-05-09,157.560342063492
2016-05-10,157.560342063492
2016-05-11,157.560342063492
2016-05-12,157.560342063492
2016-05-13,157.560342063492
2016-05-16,157.560342063492
2016-05-17,157.560342063492
2016-05-18,157.560342063492
2016-05-19,157.560342063492
2016-05-20,157.560342063492
2016-05-23,157.560342063492
2016-05-24,157.560342063492
2016-05-25,157.560342063492
2016-05-26,157.560342063492
2016-05-27,157.560342063492
2016-05-30,157.560342063492
2016-05-31,157.560342063492
2016-06-01,156.6950366666667
2016-06-02,156.6950366666667
2016-06-03,156.6950366666667
2016-06-06,156.6950366666667
2016-06-07,156.6950366666667
2016-06-08,156.6950366666667
2016-06-09,156.6950366666667
2016-06-10,156.6950366666667
2016-06-13,156.6950366666667
2016-06-14,156.6950366666667
2016-06-15,156.6950366666667
2016-06-16,156.6950366666667
2016-06-17,156.6950366666667
2016-06-20,156.6950366666667
2016-06-21,156.6950366666667
2016-06-22,156.6950366666667
2016-06-23,156.6950366666667
2016-06-24,156.6950366666667
2016-06-27,156.6950366666667
2016-06-28,156.6950366666667
2016-06-29,156.6950366666667
2016-06-30,156.6950366666667
2016-07-01,133.7102030000001
2016-07-04,133.7102030000001
2016-07-05,133.7102030000001
2016-07-06,133.7102030000001
2016-07-07,133.7102030000001
2016-07-08,133.7102030000001
2016-07-11,133.7102030000001
2016-07-12,133.7102030000001
2016-07-13,133.7102030000001
2016-07-14,133.7102030000001
2016-07-15,133.7102030000001
2016-07-18,133.7102030000001
2016-07-19,133.7102030000001
2016-07-20,133.7102030000001
2016-07-21,133.7102030000001
2016-07-22,133.7102030000001
2016-07-25,133.7102030000001
2016-07-26,133.7102030000001
2016-07-27,133.7102030000001
2016-07-28,133.7102030000001
2016-07-29,133.7102030000001
2016-08-01,127.8999110144928
2016-08-02,127.8999110144928
2016-08-03,127.8999110144928
2016-08-04,127.8999110144928
2016-08-05,127.8999110144928
2016-08-08,127.8999110144928
2016-08-09,127.8999110144928
2016-08-10,127.8999110144928
2016-08-11,127.8999110144928
2016-08-12,127.8999110144928
2016-08-15,127.8999110144928
2016-08-16,127.8999110144928
2016-08-17,127.8999110144928
2016-08-18,127.8999110144928
2016-08-19,127.8999110144928
2016-08-22,127.8999110144928
2016-08-23,127.8999110144928
2016-08-24,127.8999110144928
2016-08-25,127.8999110144928
2016-08-26,127.8999110144928
2016-08-29,127.8999110144928
2016-08-30,127.8999110144928
2016-08-31,127.8999110144928
2016-09-01,123.2487561904762
2016-09-02,123.2487561904762
2016-09-05,123.2487561904762
2016-09-06,123.2487561904762
2016-09-07,123.2487561904762
2016-09-08,123.2487561904762
2016-09-09,123.2487561904762
2016-09-12,123.2487561904762
2016-09-13,123.2487561904762
2016-09-14,123.2487561904762
2016-09-15,123.2487561904762
2016-09-16,123.2487561904762
2016-09-19,123.2487561904762
2016-09-20,123.2487561904762
2016-09-21,123.2487561904762
2016-09-22,123.2487561904762
2016-09-23,123.2487561904762
2016-09-26,123.2487561904762
2016-09-27,123.2487561904762
2016-09-28,123.2487561904762
2016-09-29,123.2487561904762
2016-09-30,123.2487561904762
2016-10-03,122.5585001666668
2016-10-04,122.5585001666668
2016-10-05,122.5585001666668
2016-10-06,122.5585001666668
2016-10-07,122.5585001666668
2016-10-10,122.5585001666668
2016-10-11,122.5585001666668
2016-10-12,122.5585001666668
2016-10-13,122.5585001666668
2016-10-14,122.5585001666668
2016-10-17,122.5585001666668
2016-10-18,122.5585001666668
2016-10-19,122.5585001666668
2016-10-20,122.5585001666668
2016-10-21,122.5585001666668
2016-10-24,122.5585001666668
2016-10-25,122.5585001666668
2016-10-26,122.5585001666668
2016-10-27,122.5585001666668
2016-10-28,122.5585001666668
2016-10-31,122.5585001666668
2016-11-01,122.5497977192982
2016-11-02,122.5497977192982
2016-11-03,122.5497977192982
2016-11-04,122.5497977192982
2016-11-07,122.5497977192982
2016-11-08,122.5497977192982
2016-11-09,122.5497977192982
2016-11-10,122.5497977192982
2016-11-11,122.5497977192982
2016-11-14,122.5497977192982
2016-11-15,122.5497977192982
2016-11-16,122.5497977192982
2016-11-17,122.5497977192982
2016-11-18,122.5497977192982
2016-11-21,122.5497977192982
2016-11-22,122.5497977192982
2016-11-23,122.5497977192982
2016-11-24,122.5497977192982
2016-11-25,122.5497977192982
2016-11-28,122.5497977192982
2016-11-29,122.5497977192982
2016-11-30,122.5497977192982
2016-12-01,122.8463255555556
2016-12-02,122.8463255555556
2016-12-05,122.8463255555556
2016-12-06,122.8463255555556
2016-12-07,122.8463255555556
2016-12-08,122.8463255555556
2016-12-09,122.8463255555556
2016-12-12,122.8463255555556
2016-12-13,122.8463255555556
2016-12-14,122.8463255555556
2016-12-15,122.8463255555556
2016-12-16,122.8463255555556
2016-12-19,122.8463255555556
2016-12-20,122.8463255555556
2016-12-21,122.8463255555556
2016-12-22,122.8463255555556
2016-12-23,122.8463255555556
2016-12-26,122.8463255555556
2016-12-27,122.8463255555556
2016-12-28,122.8463255555556
2016-12-29,122.8463255555556
2016-12-30,122.8463255555556
2017-01-02,137.1457358333333
2017-01-03,137.1457358333333
2017-01-04,137.1457358333333
2017-01-05,137.1457358333333
2017-01-06,137.1457358333333
2017-01-09,137.1457358333333
2017-01-10,137.1457358333333
2017-01-11,137.1457358333333
2017-01-12,137.1457358333333
2017-01-13,137.1457358333333
2017-01-16,137.1457358333333
2017-01-17,137.1457358333333
2017-01-18,137.1457358333333
2017-01-19,137.1457358333333
2017-01-20,137.1457358333333
2017-01-23,137.1457358333333
2017-01-24,137.1457358333333
2017-01-25,137.1457358333333
2017-01-26,137.1457358333333
2017-01-27,137.1457358333333
2017-01-30,137.1457358333333
2017-01-31,137.1457358333333
2017-02-01,147.3614421052632
2017-02-02,147.3614421052632
2017-02-03,147.3614421052632
2017-02-06,147.3614421052632
2017-02-07,147.3614421052632
2017-02-08,147.3614421052632
2017-02-09,147.3614421052632
2017-02-10,147.3614421052632
2017-02-13,147.3614421052632
2017-02-14,147.3614421052632
2017-02-15,147.3614421052632
2017-02-16,147.3614421052632
2017-02-17,147.3614421052632
2017-02-20,147.3614421052632
2017-02-21,147.3614421052632
2017-02-22,147.3614421052632
2017-02-23,147.3614421052632
2017-02-24,147.3614421052632
2017-02-27,147.3614421052632
2017-02-28,147.3614421052632
2017-03-01,146.4314994202899
2017-03-02,146.4314994202899
2017-03-03,146.4314994202899
2017-03-06,146.4314994202899
2017-03-07,146.4314994202899
2017-03-08,146.4314994202899
2017-03-09,146.4314994202899
2017-03-10,146.4314994202899
2017-03-13,146.4314994202899
2017-03-14,146.4314994202899
2017-03-15,146.4314994202899
2017-03-16,146.4314994202899
2017-03-17,146.4314994202899
2017-03-20,146.4314994202899
2017-03-21,146.4314994202899
2017-03-22,146.4314994202899
2017-03-23,146.4314994202899
2017-03-24,146.4314994202899
2017-03-27,146.4314994202899
2017-03-28,146.4314994202899
2017-03-29,146.4314994202899
2017-03-30,146.4314994202899
2017-03-31,146.4314994202899
2017-04-03,138.4075907017544
2017-04-04,138.4075907017544
2017-04-05,138.4075907017544
2017-04-06,138.4075907017544
2017-04-07,138.4075907017544
2017-04-10,138.4075907017544
2017-04-11,138.4075907017544
2017-04-12,138.4075907017544
2017-04-13,138.4075907017544
2017-04-14,138.4075907017544
2017-04-17,138.4075907017544
2017-04-18,138.4075907017544
2017-04-19,138.4075907017544
2017-04-20,138.4075907017544
2017-04-21,138.4075907017544
2017-04-24,138.4075907017544
2017-04-25,138.4075907017544
2017-04-26,138.4075907017544
2017-04-27,138.4075907017544
2017-04-28,138.4075907017544
2017-05-01,146.4402133333332
2017-05-02,146.4402133333332
2017-05-03,146.4402133333332
2017-05-04,146.4402133333332
2017-05-05,146.4402133333332
2017-05-08,146.4402133333332
2017-05-09,146.4402133333332
2017-05-10,146.4402133333332
2017-05-11,146.4402133333332
2017-05-12,146.4402133333332
2017-05-15,146.4402133333332
2017-05-16,146.4402133333332
2017-05-17,146.4402133333332
2017-05-18,146.4402133333332
2017-05-19,146.4402133333332
2017-05-22,146.4402133333332
2017-05-23,146.4402133333332
2017-05-24,146.4402133333332
2017-05-25,146.4402133333332
2017-05-26,146.4402133333332
2017-05-29,146.4402133333332
2017-05-30,146.4402133333332
2017-05-31,146.4402133333332
2017-06-01,157.2461916666666
2017-06-02,157.2461916666666
2017-06-05,157.2461916666666
2017-06-06,157.2461916666666
2017-06-07,157.2461916666666
2017-06-08,157.2461916666666
2017-06-09,157.2461916666666
2017-06-12,157.2461916666666
2017-06-13,157.2461916666666
2017-06-14,157.2461916666666
2017-06-15,157.2461916666666
2017-06-16,157.2461916666666
2017-06-19,157.2461916666666
2017-06-20,157.2461916666666
2017-06-21,157.2461916666666
2017-06-22,157.2461916666666
2017-06-23,157.2461916666666
2017-06-26,157.2461916666666
2017-06-27,157.2461916666666
2017-06-28,157.2461916666666
2017-06-29,157.2461916666666
2017-06-30,157.2461916666666
2017-07-03,174.5324166666667
2017-07-04,174.5324166666667
2017-07-05,174.5324166666667
2017-07-06,174.5324166666667
2017-07-07,174.5324166666667
2017-07-10,174.5324166666667
2017-07-11,174.5324166666667
2017-07-12,174.5324166666667
2017-07-13,174.5324166666667
2017-07-14,174.5324166666667
2017-07-17,174.5324166666667
2017-07-18,174.5324166666667
2017-07-19,174.5324166666667
2017-07-20,174.5324166666667
2017-07-21,174.5324166666667
2017-07-24,174.5324166666667
2017-07-25,174.5324166666667
2017-07-26,174.5324166666667
2017-07-27,174.5324166666667
2017-07-28,174.5324166666667
2017-07-31,174.5324166666667
2017-08-01,139.0508150724638
2017-08-02,139.0508150724638
2017-08-03,139.0508150724638
2017-08-04,139.0508150724638
2017-08-07,139.0508150724638
2017-08-08,139.0508150724638
2017-08-09,139.0508150724638
2017-08-10,139.0508150724638
2017-08-11,139.0508150724638
2017-08-14,139.0508150724638
2017-08-15,139.0508150724638
2017-08-16,139.0508150724638
2017-08-17,139.0508150724638
2017-08-18,139.0508150724638
2017-08-21,139.0508150724638
2017-08-22,139.0508150724638
2017-08-23,139.0508150724638
2017-08-24,139.0508150724638
2017-08-25,139.0508150724638
2017-08-28,139.0508150724638
2017-08-29,139.0508150724638
2017-08-30,139.0508150724638
2017-08-31,139.0508150724638
2017-09-01,138.4133923333333
2017-09-04,138.4133923333333
2017-09-05,138.4133923333333
2017-09-06,138.4133923333333
2017-09-07,138.4133923333333
2017-09-08,138.4133923333333
2017-09-11,138.4133923333333
2017-09-12,138.4133923333333
2017-09-13,138.4133923333333
2017-09-14,138.4133923333333
2017-09-15,138.4133923333333
2017-09-18,138.4133923333333
2017-09-19,138.4133923333333
2017-09-20,138.4133923333333
2017-09-21,138.4133923333333
2017-09-22,138.4133923333333
2017-09-25,138.4133923333333
2017-09-26,138.4133923333333
2017-09-27,138.4133923333333
2017-09-28,138.4133923333333
2017-09-29,138.4133923333333
2017-10-02,133.344516031746
2017-10-03,133.344516031746
2017-10-04,133.344516031746
2017-10-05,133.344516031746
2017-10-06,133.344516031746
2017-10-09,133.344516031746
2017-10-10,133.344516031746
2017-10-11,133.344516031746
2017-10-12,133.344516031746
2017-10-13,133.344516031746
2017-10-16,133.344516031746
2017-10-17,133.344516031746
2017-10-18,133.344516031746
2017-10-19,133.344516031746
2017-10-20,133.344516031746
2017-10-23,133.344516031746
2017-10-24,133.344516031746
2017-10-25,133.344516031746
2017-10-26,133.344516031746
2017-10-27,133.344516031746
2017-10-30,133.344516031746
2017-10-31,133.344516031746
2017-11-01,138.0459556666667
2017-11-02,138.0459556666667
2017-11-03,138.0459556666667
2017-11-06,138.0459556666667
2017-11-07,138.0459556666667
2017-11-08,138.0459556666667
2017-11-09,138.0459556666667
2017-11-10,138.0459556666667
2017-11-13,138.0459556666667
2017-11-14,138.0459556666667
2017-11-15,138.0459556666667
2017-11-16,138.0459556666667
2017-11-17,138.0459556666667
2017-11-20,138.0459556666667
2017-11-21,138.0459556666667
2017-11-22,138.0459556666667
2017-11-23,138.0459556666667
2017-11-24,138.0459556666667
2017-11-27,138.0459556666667
2017-11-28,138.0459556666667
2017-11-29,138.0459556666667
2017-11-30,138.0459556666667
2017-12-01,147.1032695
2017-12-04,147.1032695
2017-12-05,147.1032695
2017-12-06,147.1032695
2017-12-07,147.1032695
2017-12-08,147.1032695
2017-12-11,147.1032695
2017-12-12,147.1032695
2017-12-13,147.1032695
2017-12-14,147.1032695
2017-12-15,147.1032695
2017-12-18,147.1032695
2017-12-19,147.1032695
2017-12-20,147.1032695
2017-12-21,147.1032695
2017-12-22,147.1032695
2017-12-25,147.1032695
2017-12-26,147.1032695
2017-12-27,147.1032695
2017-12-28,147.1032695
2017-12-29,147.1032695
2018-01-01,156.3880441269842
2018-01-02,156.3880441269842
2018-01-03,156.3880441269842
2018-01-04,156.3880441269842
2018-01-05,156.3880441269842
2018-01-08,156.3880441269842
2018-01-09,156.3880441269842
2018-01-10,156.3880441269842
2018-01-11,156.3880441269842
2018-01-12,156.3880441269842
2018-01-15,156.3880441269842
2018-01-16,156.3880441269842
2018-01-17,156.3880441269842
2018-01-18,156.3880441269842
2018-01-19,156.3880441269842
2018-01-22,156.3880441269842
2018-01-23,156.3880441269842
2018-01-24,156.3880441269842
2018-01-25,156.3880441269842
2018-01-26,156.3880441269842
2018-01-29,156.3880441269842
2018-01-30,156.3880441269842
2018-01-31,156.3880441269842
2018-02-01,172.289119122807
2018-02-02,172.289119122807
2018-02-05,172.289119122807
2018-02-06,172.289119122807
2018-02-07,172.289119122807
2018-02-08,172.289119122807
2018-02-09,172.289119122807
2018-02-12,172.289119122807
2018-02-13,172.289119122807
2018-02-14,172.289119122807
2018-02-15,172.289119122807
2018-02-16,172.289119122807
2018-02-19,172.289119122807
2018-02-20,172.289119122807
2018-02-21,172.289119122807
2018-02-22,172.289119122807
2018-02-23,172.289119122807
2018-02-26,172.289119122807
2018-02-27,172.289119122807
2018-02-28,172.289119122807
2018-03-01,180.9188158730159
2018-03-02,180.9188158730159
2018-03-05,180.9188158730159
2018-03-06,180.9188158730159
2018-03-07,180.9188158730159
2018-03-08,180.9188158730159
2018-03-09,180.9188158730159
2018-03-12,180.9188158730159
2018-03-13,180.9188158730159
2018-03-14,180.9188158730159
2018-03-15,180.9188158730159
2018-03-16,180.9188158730159
2018-03-19,180.9188158730159
2018-03-20,180.9188158730159
2018-03-21,180.9188158730159
2018-03-22,180.9188158730159
2018-03-23,180.9188158730159
2018-03-26,180.9188158730159
2018-03-27,180.9188158730159
2018-03-28,180.9188158730159
2018-03-29,180.9188158730159
2018-03-30,180.9188158730159
2018-04-02,180.3764093650793
2018-04-03,180.3764093650793
2018-04-04,180.3764093650793
2018-04-05,180.3764093650793
2018-04-06,180.3764093650793
2018-04-09,180.3764093650793
2018-04-10,180.3764093650793
2018-04-11,180.3764093650793
2018-04-12,180.3764093650793
2018-04-13,180.3764093650793
2018-04-16,180.3764093650793
2018-04-17,180.3764093650793
2018-04-18,180.3764093650793
2018-04-19,180.3764093650793
2018-04-20,180.3764093650793
2018-04-23,180.3764093650793
2018-04-24,180.3764093650793
2018-04-25,180.3764093650793
2018-04-26,180.3764093650793
2018-04-27,180.3764093650793
2018-04-30,180.3764093650793
2018-05-01,192.70383
2018-05-02,192.70383
2018-05-03,192.70383
2018-05-04,192.70383
2018-05-07,192.70383
2018-05-08,192.70383
2018-05-09,192.70383
2018-05-10,192.70383
2018-05-11,192.70383
2018-05-14,192.70383
2018-05-15,192.70383
2018-05-16,192.70383
2018-05-17,192.70383
2018-05-18,192.70383
2018-05-21,192.70383
2018-05-22,192.70383
2018-05-23,192.70383
2018-05-24,192.70383
2018-05-25,192.70383
2018-05-28,192.70383
2018-05-29,192.70383
2018-05-30,192.70383
2018-05-31,192.70383
2018-06-01,193.0792198412698
2018-06-04,193.0792198412698
2018-06-05,193.0792198412698
2018-06-06,193.0792198412698
2018-06-07,193.0792198412698
2018-06-08,193.0792198412698
2018-06-11,193.0792198412698
2018-06-12,193.0792198412698
2018-06-13,193.0792198412698
2018-06-14,193.0792198412698
2018-06-15,193.0792198412698
2018-06-18,193.0792198412698
2018-06-19,193.0792198412698
2018-06-20,193.0792198412698
2018-06-21,193.0792198412698
2018-06-22,193.0792198412698
2018-06-25,193.0792198412698
2018-06-26,193.0792198412698
2018-06-27,193.0792198412698
2018-06-28,193.0792198412698
2018-06-29,193.0792198412698
2018-07-02,196.8060774603175
2018-07-03,196.8060774603175
2018-07-04,196.8060774603175
2018-07-05,196.8060774603175
2018-07-06,196.8060774603175
2018-07-09,196.8060774603175
2018-07-10,196.8060774603175
2018-07-11,196.8060774603175
2018-07-12,196.8060774603175
2018-07-13,196.8060774603175
2018-07-16,196.8060774603175
2018-07-17,196.8060774603175
2018-07-18,196.8060774603175
2018-07-19,196.8060774603175
2018-07-20,196.8060774603175
2018-07-23,196.8060774603175
2018-07-24,196.8060774603175
2018-07-25,196.8060774603175
2018-07-26,196.8060774603175
2018-07-27,196.8060774603175
2018-07-30,196.8060774603175
2018-07-31,196.8060774603175
2018-08-01,211.2920588405797
2018-08-02,211.2920588405797
2018-08-03,211.2920588405797
2018-08-06,211.2920588405797
2018-08-07,211.2920588405797
2018-08-08,211.2920588405797
2018-08-09,211.2920588405797
2018-08-10,211.2920588405797
2018-08-13,211.2920588405797
2018-08-14,211.2920588405797
2018-08-15,211.2920588405797
2018-08-16,211.2920588405797
2018-08-17,211.2920588405797
2018-08-20,211.2920588405797
2018-08-21,211.2920588405797
2018-08-22,211.2920588405797
2018-08-23,211.2920588405797
2018-08-24,211.2920588405797
2018-08-27,211.2920588405797
2018-08-28,211.2920588405797
2018-08-29,211.2920588405797
2018-08-30,211.2920588405797
2018-08-31,211.2920588405797
2018-09-03,191.144421754386
2018-09-04,191.144421754386
2018-09-05,191.144421754386
2018-09-06,191.144421754386
2018-09-07,191.144421754386
2018-09-10,191.144421754386
2018-09-11,191.144421754386
2018-09-12,191.144421754386
2018-09-13,191.144421754386
2018-09-14,191.144421754386
2018-09-17,191.144421754386
2018-09-18,191.144421754386
2018-09-19,191.144421754386
2018-09-20,191.144421754386
2018-09-21,191.144421754386
2018-09-24,191.144421754386
2018-09-25,191.144421754386
2018-09-26,191.144421754386
2018-09-27,191.144421754386
2018-09-28,191.144421754386
2018-10-01,188.4616066666666
2018-10-02,188.4616066666666
2018-10-03,188.4616066666666
2018-10-04,188.4616066666666
2018-10-05,188.4616066666666
2018-10-08,188.4616066666666
2018-10-09,188.4616066666666
2018-10-10,188.4616066666666
2018-10-11,188.4616066666666
2018-10-12,188.4616066666666
2018-10-15,188.4616066666666
2018-10-16,188.4616066666666
2018-10-17,188.4616066666666
2018-10-18,188.4616066666666
2018-10-19,188.4616066666666
2018-10-22,188.4616066666666
2018-10-23,188.4616066666666
2018-10-24,188.4616066666666
2018-10-25,188.4616066666666
2018-10-26,188.4616066666666
2018-10-29,188.4616066666666
2018-10-30,188.4616066666666
2018-10-31,188.4616066666666
2018-11-01,181.552390877193
2018-11-02,181.552390877193
2018-11-05,181.552390877193
2018-11-06,181.552390877193
2018-11-07,181.552390877193
2018-11-08,181.552390877193
2018-11-09,181.552390877193
2018-11-12,181.552390877193
2018-11-13,181.552390877193
2018-11-14,181.552390877193
2018-11-15,181.552390877193
2018-11-16,181.552390877193
2018-11-19,181.552390877193
2018-11-20,181.552390877193
2018-11-21,181.552390877193
2018-11-22,181.552390877193
2018-11-23,181.552390877193
2018-11-26,181.552390877193
2018-11-27,181.552390877193
2018-11-28,181.552390877193
2018-11-29,181.552390877193
2018-11-30,181.552390877193
2018-12-03,188.5358362962962
2018-12-04,188.5358362962962
2018-12-05,188.5358362962962
2018-12-06,188.5358362962962
2018-12-07,188.5358362962962
2018-12-10,188.5358362962962
2018-12-11,188.5358362962962
2018-12-12,188.5358362962962
2018-12-13,188.5358362962962
2018-12-14,188.5358362962962
2018-12-17,188.5358362962962
2018-12-18,188.5358362962962
2018-12-19,188.5358362962962
2018-12-20,188.5358362962962
2018-12-21,188.5358362962962
2018-12-24,188.5358362962962
2018-12-25,188.5358362962962
2018-12-26,188.5358362962962
2018-12-27,188.5358362962962
2018-12-28,188.5358362962962
2018-12-31,188.5358362962962
2019-01-01,188.8449496825397
2019-01-02,188.8449496825397
2019-01-03,188.8449496825397
2019-01-04,188.8449496825397
2019-01-07,188.8449496825397
2019-01-08,188.8449496825397
2019-01-09,188.8449496825397
2019-01-10,188.8449496825397
2019-01-11,188.8449496825397
2019-01-14,188.8449496825397
2019-01-15,188.8449496825397
2019-01-16,188.8449496825397
2019-01-17,188.8449496825397
2019-01-18,188.8449496825397
2019-01-21,188.8449496825397
2019-01-22,188.8449496825397
2019-01-23,188.8449496825397
2019-01-24,188.8449496825397
2019-01-25,188.8449496825397
2019-01-28,188.8449496825397
2019-01-29,188.8449496825397
2019-01-30,188.8449496825397
2019-01-31,188.8449496825397
2019-02-01,177.916701754386
2019-02-04,177.916701754386
2019-02-05,177.916701754386
2019-02-06,177.916701754386
2019-02-07,177.916701754386
2019-02-08,177.916701754386
2019-02-11,177.916701754386
2019-02-12,177.916701754386
2019-02-13,177.916701754386
2019-02-14,177.916701754386
2019-02-15,177.916701754386
2019-02-18,177.916701754386
2019-02-19,177.916701754386
2019-02-20,177.916701754386
2019-02-21,177.916701754386
2019-02-22,177.916701754386
2019-02-25,177.916701754386
2019-02-26,177.916701754386
2019-02-27,177.916701754386
2019-02-28,177.916701754386
2019-03-01,164.5066447619048
2019-03-04,164.5066447619048
2019-03-05,164.5066447619048
2019-03-06,164.5066447619048
2019-03-07,164.5066447619048
2019-03-08,164.5066447619048
2019-03-11,164.5066447619048
2019-03-12,164.5066447619048
2019-03-13,164.5066447619048
2019-03-14,164.5066447619048
2019-03-15,164.5066447619048
2019-03-18,164.5066447619048
2019-03-19,164.5066447619048
2019-03-20,164.5066447619048
2019-03-21,164.5066447619048
2019-03-22,164.5066447619048
2019-03-25,164.5066447619048
2019-03-26,164.5066447619048
2019-03-27,164.5066447619048
2019-03-28,164.5066447619048
2019-03-29,164.5066447619048
2019-04-01,159.0300887301588
2019-04-02,159.0300887301588
2019-04-03,159.0300887301588
2019-04-04,159.0300887301588
2019-04-05,159.0300887301588
2019-04-08,159.0300887301588
2019-04-09,159.0300887301588
2019-04-10,159.0300887301588
2019-04-11,159.0300887301588
2019-04-12,159.0300887301588
2019-04-15,159.0300887301588
2019-04-16,159.0300887301588
2019-04-17,159.0300887301588
2019-04-18,159.0300887301588
2019-04-19,159.0300887301588
2019-04-22,159.0300887301588
2019-04-23,159.0300887301588
2019-04-24,159.0300887301588
2019-04-25,159.0300887301588
2019-04-26,159.0300887301588
2019-04-29,159.0300887301588
2019-04-30,159.0300887301588
2019-05-01,158.281695
2019-05-02,158.281695
2019-05-03,158.281695
2019-05-06,158.281695
2019-05-07,158.281695
2019-05-08,158.281695
2019-05-09,158.281695
2019-05-10,158.281695
2019-05-13,158.281695
2019-05-14,158.281695
2019-05-15,158.281695
2019-05-16,158.281695
2019-05-17,158.281695
2019-05-20,158.281695
2019-05-21,158.281695
2019-05-22,158.281695
2019-05-23,158.281695
2019-05-24,158.281695
2019-05-27,158.281695
2019-05-28,158.281695
2019-05-29,158.281695
2019-05-30,158.281695
2019-05-31,158.281695
2019-06-03,174.6977631666666
2019-06-04,174.6977631666666
2019-06-05,174.6977631666666
2019-06-06,174.6977631666666
2019-06-07,174.6977631666666
2019-06-10,174.6977631666666
2019-06-11,174.6977631666666
2019-06-12,174.6977631666666
2019-06-13,174.6977631666666
2019-06-14,174.6977631666666
2019-06-17,174.6977631666666
2019-06-18,174.6977631666666
2019-06-19,174.6977631666666
2019-06-20,174.6977631666666
2019-06-21,174.6977631666666
2019-06-24,174.6977631666666
2019-06-25,174.6977631666666
2019-06-26,174.6977631666666
2019-06-27,174.6977631666666
2019-06-28,174.6977631666666
2019-07-01,163.8767533333334
2019-07-02,163.8767533333334
2019-07-03,163.8767533333334
2019-07-04,163.8767533333334
2019-07-05,163.8767533333334
2019-07-08,163.8767533333334
2019-07-09,163.8767533333334
2019-07-10,163.8767533333334
2019-07-11,163.8767533333334
2019-07-12,163.8767533333334
2019-07-15,163.8767533333334
2019-07-16,163.8767533333334
2019-07-17,163.8767533333334
2019-07-18,163.8767533333334
2019-07-19,163.8767533333334
2019-07-22,163.8767533333334
2019-07-23,163.8767533333334
2019-07-24,163.8767533333334
2019-07-25,163.8767533333334
2019-07-26,163.8767533333334
2019-07-29,163.8767533333334
2019-07-30,163.8767533333334
2019-07-31,163.8767533333334
2019-08-01,149.363005
2019-08-02,149.363005
2019-08-05,149.363005
2019-08-06,149.363005
2019-08-07,149.363005
2019-08-08,149.363005
2019-08-09,149.363005
2019-08-12,149.363005
2019-08-13,149.363005
2019-08-14,149.363005
2019-08-15,149.363005
2019-08-16,149.363005
2019-08-19,149.363005
2019-08-20,149.363005
2019-08-21,149.363005
2019-08-22,149.363005
2019-08-23,149.363005
2019-08-26,149.363005
2019-08-27,149.363005
2019-08-28,149.363005
2019-08-29,149.363005
2019-08-30,149.363005
2019-09-02,146.5704863333333
2019-09-03,146.5704863333333
2019-09-04,146.5704863333333
2019-09-05,146.5704863333333
2019-09-06,146.5704863333333
2019-09-09,146.5704863333333
2019-09-10,146.5704863333333
2019-09-11,146.5704863333333
2019-09-12,146.5704863333333
2019-09-13,146.5704863333333
2019-09-16,146.5704863333333
2019-09-17,146.5704863333333
2019-09-18,146.5704863333333
2019-09-19,146.5704863333333
2019-09-20,146.5704863333333
2019-09-23,146.5704863333333
2019-09-24,146.5704863333333
2019-09-25,146.5704863333333
2019-09-26,146.5704863333333
2019-09-27,146.5704863333333
2019-09-30,146.5704863333333
2019-10-01,153.22109
2019-10-02,153.22109
2019-10-03,153.22109
2019-10-04,153.22109
2019-10-07,153.22109
2019-10-08,153.22109
2019-10-09,153.22109
2019-10-10,153.22109
2019-10-11,153.22109
2019-10-14,153.22109
2019-10-15,153.22109
2019-10-16,153.22109
2019-10-17,153.22109
2019-10-18,153.22109
2019-10-21,153.22109
2019-10-22,153.22109
2019-10-23,153.22109
2019-10-24,153.22109
2019-10-25,153.22109
2019-10-28,153.22109
2019-10-29,153.22109
2019-10-30,153.22109
2019-10-31,153.22109
2019-11-01,157.5282642592593
2019-11-04,157.5282642592593
2019-11-05,157.5282642592593
2019-11-06,157.5282642592593
2019-11-07,157.5282642592593
2019-11-08,157.5282642592593
2019-11-11,157.5282642592593
2019-11-12,157.5282642592593
2019-11-13,157.5282642592593
2019-11-14,157.5282642592593
2019-11-15,157.5282642592593
2019-11-18,157.5282642592593
2019-11-19,157.5282642592593
2019-11-20,157.5282642592593
2019-11-21,157.5282642592593
2019-11-22,157.5282642592593
2019-11-25,157.5282642592593
2019-11-26,157.5282642592593
2019-11-27,157.5282642592593
2019-11-28,157.5282642592593
2019-11-29,157.5282642592593
2019-12-02,165.2546408333334
2019-12-03,165.2546408333334
2019-12-04,165.2546408333334
2019-12-05,165.2546408333334
2019-12-06,165.2546408333334
2019-12-09,165.2546408333334
2019-12-10,165.2546408333334
2019-12-11,165.2546408333334
2019-12-12,165.2546408333334
2019-12-13,165.2546408333334
2019-12-16,165.2546408333334
2019-12-17,165.2546408333334
2019-12-18,165.2546408333334
2019-12-19,165.2546408333334
2019-12-20,165.2546408333334
2019-12-23,165.2546408333334
2019-12-24,165.2546408333334
2019-12-25,165.2546408333334
2019-12-26,165.2546408333334
2019-12-27,165.2546408333334
2019-12-30,165.2546408333334
2019-12-31,165.2546408333334
2020-01-01,178.2417773015873
2020-01-02,178.2417773015873
2020-01-03,178.2417773015873
2020-01-06,178.2417773015873
2020-01-07,178.2417773015873
2020-01-08,178.2417773015873
2020-01-09,178.2417773015873
2020-01-10,178.2417773015873
2020-01-13,178.2417773015873
2020-01-14,178.2417773015873
2020-01-15,178.2417773015873
2020-01-16,178.2417773015873
2020-01-17,178.2417773015873
2020-01-20,178.2417773015873
2020-01-21,178.2417773015873
2020-01-22,178.2417773015873
2020-01-23,178.2417773015873
2020-01-24,178.2417773015873
2020-01-27,178.2417773015873
2020-01-28,178.2417773015873
2020-01-29,178.2417773015873
2020-01-30,178.2417773015873
2020-01-31,178.2417773015873
2020-02-03,172.2311028070175
2020-02-04,172.2311028070175
2020-02-05,172.2311028070175
2020-02-06,172.2311028070175
2020-02-07,172.2311028070175
2020-02-10,172.2311028070175
2020-02-11,172.2311028070175
2020-02-12,172.2311028070175
2020-02-13,172.2311028070175
2020-02-14,172.2311028070175
2020-02-17,172.2311028070175
2020-02-18,172.2311028070175
2020-02-19,172.2311028070175
2020-02-20,172.2311028070175
2020-02-21,172.2311028070175
2020-02-24,172.2311028070175
2020-02-25,172.2311028070175
2020-02-26,172.2311028070175
2020-02-27,172.2311028070175
2020-02-28,172.2311028070175
2020-03-02,170.8747516666666
2020-03-03,170.8747516666666
2020-03-04,170.8747516666666
2020-03-05,170.8747516666666
2020-03-06,170.8747516666666
2020-03-09,170.8747516666666
2020-03-10,170.8747516666666
2020-03-11,170.8747516666666
2020-03-12,170.8747516666666
2020-03-13,170.8747516666666
2020-03-16,170.8747516666666
2020-03-17,170.8747516666666
2020-03-18,170.8747516666666
2020-03-19,170.8747516666666
2020-03-20,170.8747516666666
2020-03-23,170.8747516666666
2020-03-24,170.8747516666666
2020-03-25,170.8747516666666
2020-03-26,170.8747516666666
2020-03-27,170.8747516666666
2020-03-30,170.8747516666666
2020-03-31,170.8747516666666
2020-04-01,179.746517936508
2020-04-02,179.746517936508
2020-04-03,179.746517936508
2020-04-06,179.746517936508
2020-04-07,179.746517936508
2020-04-08,179.746517936508
2020-04-09,179.746517936508
2020-04-10,179.746517936508
2020-04-13,179.746517936508
2020-04-14,179.746517936508
2020-04-15,179.746517936508
2020-04-16,179.746517936508
2020-04-17,179.746517936508
2020-04-20,179.746517936508
2020-04-21,179.746517936508
2020-04-22,179.746517936508
2020-04-23,179.746517936508
2020-04-24,179.746517936508
2020-04-27,179.746517936508
2020-04-28,179.746517936508
2020-04-29,179.746517936508
2020-04-30,179.746517936508
2020-05-01,174.9549688333334
2020-05-04,174.9549688333334
2020-05-05,174.9549688333334
2020-05-06,174.9549688333334
2020-05-07,174.9549688333334
2020-05-08,174.9549688333334
2020-05-11,174.9549688333334
2020-05-12,174.9549688333334
2020-05-13,174.9549688333334
2020-05-14,174.9549688333334
2020-05-15,174.9549688333334
2020-05-18,174.9549688333334
2020-05-19,174.9549688333334
2020-05-20,174.9549688333334
2020-05-21,174.9549688333334
2020-05-22,174.9549688333334
2020-05-25,174.9549688333334
2020-05-26,174.9549688333334
2020-05-27,174.9549688333334
2020-05-28,174.9549688333334
2020-05-29,174.9549688333334
2020-06-01,169.7223366666666
2020-06-02,169.7223366666666
2020-06-03,169.7223366666666
2020-06-04,169.7223366666666
2020-06-05,169.7223366666666
2020-06-08,169.7223366666666
2020-06-09,169.7223366666666
2020-06-10,169.7223366666666
2020-06-11,169.7223366666666
2020-06-12,169.7223366666666
2020-06-15,169.7223366666666
2020-06-16,169.7223366666666
2020-06-17,169.7223366666666
2020-06-18,169.7223366666666
2020-06-19,169.7223366666666
2020-06-22,169.7223366666666
2020-06-23,169.7223366666666
2020-06-24,169.7223366666666
2020-06-25,169.7223366666666
2020-06-26,169.7223366666666
2020-06-29,169.7223366666666
2020-06-30,169.7223366666666
2020-07-01,170.5741216666668
2020-07-02,170.5741216666668
2020-07-03,170.5741216666668
2020-07-06,170.5741216666668
2020-07-07,170.5741216666668
2020-07-08,170.5741216666668
2020-07-09,170.5741216666668
2020-07-10,170.5741216666668
2020-07-13,170.5741216666668
2020-07-14,170.5741216666668
2020-07-15,170.5741216666668
2020-07-16,170.5741216666668
2020-07-17,170.5741216666668
2020-07-20,170.5741216666668
2020-07-21,170.5741216666668
2020-07-22,170.5741216666668
2020-07-23,170.5741216666668
2020-07-24,170.5741216666668
2020-07-27,170.5741216666668
2020-07-28,170.5741216666668
2020-07-29,170.5741216666668
2020-07-30,170.5741216666668
2020-07-31,170.5741216666668
2020-08-03,174.182476984127
2020-08-04,174.182476984127
2020-08-05,174.182476984127
2020-08-06,174.182476984127
2020-08-07,174.182476984127
2020-08-10,174.182476984127
2020-08-11,174.182476984127
2020-08-12,174.182476984127
2020-08-13,174.182476984127
2020-08-14,174.182476984127
2020-08-17,174.182476984127
2020-08-18,174.182476984127
2020-08-19,174.182476984127
2020-08-20,174.182476984127
2020-08-21,174.182476984127
2020-08-24,174.182476984127
2020-08-25,174.182476984127
2020-08-26,174.182476984127
2020-08-27,174.182476984127
2020-08-28,174.182476984127
2020-08-31,174.182476984127
2020-09-01,204.1373138095238
2020-09-02,204.1373138095238
2020-09-03,204.1373138095238
2020-09-04,204.1373138095238
2020-09-07,204.1373138095238
2020-09-08,204.1373138095238
2020-09-09,204.1373138095238
2020-09-10,204.1373138095238
2020-09-11,204.1373138095238
2020-09-14,204.1373138095238
2020-09-15,204.1373138095238
2020-09-16,204.1373138095238
2020-09-17,204.1373138095238
2020-09-18,204.1373138095238
2020-09-21,204.1373138095238
2020-09-22,204.1373138095238
2020-09-23,204.1373138095238
2020-09-24,204.1373138095238
2020-09-25,204.1373138095238
2020-09-28,204.1373138095238
2020-09-29,204.1373138095238
2020-09-30,204.1373138095238
2020-10-01,203.4263
2020-10-02,203.4263
2020-10-05,203.4263
2020-10-06,203.4263
2020-10-07,203.4263
2020-10-08,203.4263
2020-10-09,203.4263
2020-10-12,203.4263
2020-10-13,203.4263
2020-10-14,203.4263
2020-10-15,203.4263
2020-10-16,203.4263
2020-10-19,203.4263
2020-10-20,203.4263
2020-10-21,203.4263
2020-10-22,203.4263
2020-10-23,203.4263
2020-10-26,203.4263
2020-10-27,203.4263
2020-10-28,203.4263
2020-10-29,203.4263
2020-10-30,203.4263
2020-11-02,210.7539364912282
2020-11-03,210.7539364912282
2020-11-04,210.7539364912282
2020-11-05,210.7539364912282
2020-11-06,210.7539364912282
2020-11-09,210.7539364912282
2020-11-10,210.7539364912282
2020-11-11,210.7539364912282
2020-11-12,210.7539364912282
2020-11-13,210.7539364912282
2020-11-16,210.7539364912282
2020-11-17,210.7539364912282
2020-11-18,210.7539364912282
2020-11-19,210.7539364912282
2020-11-20,210.7539364912282
2020-11-23,210.7539364912282
2020-11-24,210.7539364912282
2020-11-25,210.7539364912282
2020-11-26,210.7539364912282
2020-11-27,210.7539364912282
2020-11-30,210.7539364912282
2020-12-01,217.3125428571429
2020-12-02,217.3125428571429
2020-12-03,217.3125428571429
2020-12-04,217.3125428571429
2020-12-07,217.3125428571429
2020-12-08,217.3125428571429
2020-12-09,217.3125428571429
2020-12-10,217.3125428571429
2020-12-11,217.3125428571429
2020-12-14,217.3125428571429
2020-12-15,217.3125428571429
2020-12-16,217.3125428571429
2020-12-17,217.3125428571429
2020-12-18,217.3125428571429
2020-12-21,217.3125428571429
2020-12-22,217.3125428571429
2020-12-23,217.3125428571429
2020-12-24,217.3125428571429
2020-12-25,217.3125428571429
2020-12-28,217.3125428571429
2020-12-29,217.3125428571429
2020-12-30,217.3125428571429
2020-12-31,217.3125428571429
2021-01-01,237.9442498245614
2021-01-04,237.9442498245614
2021-01-05,237.9442498245614
2021-01-06,237.9442498245614
2021-01-07,237.9442498245614
2021-01-08,237.9442498245614
2021-01-11,237.9442498245614
2021-01-12,237.9442498245614
2021-01-13,237.9442498245614
2021-01-14,237.9442498245614
2021-01-15,237.9442498245614
2021-01-18,237.9442498245614
2021-01-19,237.9442498245614
2021-01-20,237.9442498245614
2021-01-21,237.9442498245614
2021-01-22,237.9442498245614
2021-01-25,237.9442498245614
2021-01-26,237.9442498245614
2021-01-27,237.9442498245614
2021-01-28,237.9442498245614
2021-01-29,237.9442498245614
2021-02-01,240.8063880701754
2021-02-02,240.8063880701754
2021-02-03,240.8063880701754
2021-02-04,240.8063880701754
2021-02-05,240.8063880701754
2021-02-08,240.8063880701754
2021-02-09,240.8063880701754
2021-02-10,240.8063880701754
2021-02-11,240.8063880701754
2021-02-12,240.8063880701754
2021-02-15,240.8063880701754
2021-02-16,240.8063880701754
2021-02-17,240.8063880701754
2021-02-18,240.8063880701754
2021-02-19,240.8063880701754
2021-02-22,240.8063880701754
2021-02-23,240.8063880701754
2021-02-24,240.8063880701754
2021-02-25,240.8063880701754
2021-02-26,240.8063880701754
2021-03-01,229.8875492753623
2021-03-02,229.8875492753623
2021-03-03,229.8875492753623
2021-03-04,229.8875492753623
2021-03-05,229.8875492753623
2021-03-08,229.8875492753623
2021-03-09,229.8875492753623
2021-03-10,229.8875492753623
2021-03-11,229.8875492753623
2021-03-12,229.8875492753623
2021-03-15,229.8875492753623
2021-03-16,229.8875492753623
2021-03-17,229.8875492753623
2021-03-18,229.8875492753623
2021-03-19,229.8875492753623
2021-03-22,229.8875492753623
2021-03-23,229.8875492753623
2021-03-24,229.8875492753623
2021-03-25,229.8875492753623
2021-03-26,229.8875492753623
2021-03-29,229.8875492753623
2021-03-30,229.8875492753623
2021-03-31,229.8875492753623
2021-04-01,239.9361433333333
2021-04-02,239.9361433333333
2021-04-05,239.9361433333333
2021-04-06,239.9361433333333
2021-04-07,239.9361433333333
2021-04-08,239.9361433333333
2021-04-09,239.9361433333333
2021-04-12,239.9361433333333
2021-04-13,239.9361433333333
2021-04-14,239.9361433333333
2021-04-15,239.9361433333333
2021-04-16,239.9361433333333
2021-04-19,239.9361433333333
2021-04-20,239.9361433333333
2021-04-21,239.9361433333333
2021-04-22,239.9361433333333
2021-04-23,239.9361433333333
2021-04-26,239.9361433333333
2021-04-27,239.9361433333333
2021-04-28,239.9361433333333
2021-04-29,239.9361433333333
2021-04-30,239.9361433333333
2021-05-03,278.4470053968253
2021-05-04,278.4470053968253
2021-05-05,278.4470053968253
2021-05-06,278.4470053968253
2021-05-07,278.4470053968253
2021-05-10,278.4470053968253
2021-05-11,278.4470053968253
2021-05-12,278.4470053968253
2021-05-13,278.4470053968253
2021-05-14,278.4470053968253
2021-05-17,278.4470053968253
2021-05-18,278.4470053968253
2021-05-19,278.4470053968253
2021-05-20,278.4470053968253
2021-05-21,278.4470053968253
2021-05-24,278.4470053968253
2021-05-25,278.4470053968253
2021-05-26,278.4470053968253
2021-05-27,278.4470053968253
2021-05-28,278.4470053968253
2021-05-31,278.4470053968253
2021-06-01,238.7670266666666
2021-06-02,238.7670266666666
2021-06-03,238.7670266666666
2021-06-04,238.7670266666666
2021-06-07,238.7670266666666
2021-06-08,238.7670266666666
2021-06-09,238.7670266666666
2021-06-10,238.7670266666666
2021-06-11,238.7670266666666
2021-06-14,238.7670266666666
2021-06-15,238.7670266666666
2021-06-16,238.7670266666666
2021-06-17,238.7670266666666
2021-06-18,238.7670266666666
2021-06-21,238.7670266666666
2021-06-22,238.7670266666666
2021-06-23,238.7670266666666
2021-06-24,238.7670266666666
2021-06-25,238.7670266666666
2021-06-28,238.7670266666666
2021-06-29,238.7670266666666
2021-06-30,238.7670266666666
2021-07-01,243.628006984127
2021-07-02,243.628006984127
2021-07-05,243.628006984127
2021-07-06,243.628006984127
2021-07-07,243.628006984127
2021-07-08,243.628006984127
2021-07-09,243.628006984127
2021-07-12,243.628006984127
2021-07-13,243.628006984127
2021-07-14,243.628006984127
2021-07-15,243.628006984127
2021-07-16,243.628006984127
2021-07-19,243.628006984127
2021-07-20,243.628006984127
2021-07-21,243.628006984127
2021-07-22,243.628006984127
2021-07-23,243.628006984127
2021-07-26,243.628006984127
2021-07-27,243.628006984127
2021-07-28,243.628006984127
2021-07-29,243.628006984127
2021-07-30,243.628006984127
2021-08-02,274.87603
2021-08-03,274.87603
2021-08-04,274.87603
2021-08-05,274.87603
2021-08-06,274.87603
2021-08-09,274.87603
2021-08-10,274.87603
2021-08-11,274.87603
2021-08-12,274.87603
2021-08-13,274.87603
2021-08-16,274.87603
2021-08-17,274.87603
2021-08-18,274.87603
2021-08-19,274.87603
2021-08-20,274.87603
2021-08-23,274.87603
2021-08-24,274.87603
2021-08-25,274.87603
2021-08-26,274.87603
2021-08-27,274.87603
2021-08-30,274.87603
2021-08-31,274.87603
2021-09-01,269.7335073015873
2021-09-02,269.7335073015873
2021-09-03,269.7335073015873
2021-09-06,269.7335073015873
2021-09-07,269.7335073015873
2021-09-08,269.7335073015873
2021-09-09,269.7335073015873
2021-09-10,269.7335073015873
2021-09-13,269.7335073015873
2021-09-14,269.7335073015873
2021-09-15,269.7335073015873
2021-09-16,269.7335073015873
2021-09-17,269.7335073015873
2021-09-20,269.7335073015873
2021-09-21,269.7335073015873
2021-09-22,269.7335073015873
2021-09-23,269.7335073015873
2021-09-24,269.7335073015873
2021-09-27,269.7335073015873
2021-09-28,269.7335073015873
2021-09-29,269.7335073015873
2021-09-30,269.7335073015873
2021-10-01,294.0368182539682
2021-10-04,294.0368182539682
2021-10-05,294.0368182539682
2021-10-06,294.0368182539682
2021-10-07,294.0368182539682
2021-10-08,294.0368182539682
2021-10-11,294.0368182539682
2021-10-12,294.0368182539682
2021-10-13,294.0368182539682
2021-10-14,294.0368182539682
2021-10-15,294.0368182539682
2021-10-18,294.0368182539682
2021-10-19,294.0368182539682
2021-10-20,294.0368182539682
2021-10-21,294.0368182539682
2021-10-22,294.0368182539682
2021-10-25,294.0368182539682
2021-10-26,294.0368182539682
2021-10-27,294.0368182539682
2021-10-28,294.0368182539682
2021-10-29,294.0368182539682
2021-11-01,317.4373548133334
2021-11-02,317.4373548133334
2021-11-03,317.4373548133334
2021-11-04,317.4373548133334
2021-11-05,317.4373548133334
2021-11-08,317.4373548133334
2021-11-09,317.4373548133334
2021-11-10,317.4373548133334
2021-11-11,317.4373548133334
2021-11-12,317.4373548133334
2021-11-15,317.4373548133334
2021-11-16,317.4373548133334
2021-11-17,317.4373548133334
2021-11-18,317.4373548133334
2021-11-19,317.4373548133334
2021-11-22,317.4373548133334
2021-11-23,317.4373548133334
2021-11-24,317.4373548133334
2021-11-25,317.4373548133334
2021-11-26,317.4373548133334
2021-11-29,317.4373548133334
2021-11-30,317.4373548133334
2021-12-01,324.0179005555556
2021-12-02,324.0179005555556
2021-12-03,324.0179005555556
2021-12-06,324.0179005555556
2021-12-07,324.0179005555556
2021-12-08,324.0179005555556
2021-12-09,324.0179005555556
2021-12-10,324.0179005555556
2021-12-13,324.0179005555556
2021-12-14,324.0179005555556
2021-12-15,324.0179005555556
2021-12-16,324.0179005555556
2021-12-17,324.0179005555556
2021-12-20,324.0179005555556
2021-12-21,324.0179005555556
2021-12-22,324.0179005555556
2021-12-23,324.0179005555556
2021-12-24,324.0179005555556
2021-12-27,324.0179005555556
2021-12-28,324.0179005555556
2021-12-29,324.0179005555556
2021-12-30,324.0179005555556
2021-12-31,324.0179005555556
2022-01-03,326.0816698333334
2022-01-04,326.0816698333334
2022-01-05,326.0816698333334
2022-01-06,326.0816698333334
2022-01-07,326.0816698333334
2022-01-10,326.0816698333334
2022-01-11,326.0816698333334
2022-01-12,326.0816698333334
2022-01-13,326.0816698333334
2022-01-14,326.0816698333334
2022-01-17,326.0816698333334
2022-01-18,326.0816698333334
2022-01-19,326.0816698333334
2022-01-20,326.0816698333334
2022-01-21,326.0816698333334
2022-01-24,326.0816698333334
2022-01-25,326.0816698333334
2022-01-26,326.0816698333334
2022-01-27,326.0816698333334
2022-01-28,326.0816698333334
2022-01-31,326.0816698333334
2022-02-01,347.5032275000001
2022-02-02,347.5032275000001
2022-02-03,347.5032275000001
2022-02-04,347.5032275000001
2022-02-07,347.5032275000001
2022-02-08,347.5032275000001
2022-02-09,347.5032275000001
2022-02-10,347.5032275000001
2022-02-11,347.5032275000001
2022-02-14,347.5032275000001
2022-02-15,347.5032275000001
2022-02-16,347.5032275000001
2022-02-17,347.5032275000001
2022-02-18,347.5032275000001
2022-02-21,347.5032275000001
2022-02-22,347.5032275000001
2022-02-23,347.5032275000001
2022-02-24,347.5032275000001
2022-02-25,347.5032275000001
2022-02-28,347.5032275000001
2022-03-01,387.6650136971014
2022-03-02,387.6650136971014
2022-03-03,387.6650136971014
2022-03-04,387.6650136971014
2022-03-07,387.6650136971014
2022-03-08,387.6650136971014
2022-03-09,387.6650136971014
2022-03-10,387.6650136971014
2022-03-11,387.6650136971014
2022-03-14,387.6650136971014
2022-03-15,387.6650136971014
2022-03-16,387.6650136971014
2022-03-17,387.6650136971014
2022-03-18,387.6650136971014
2022-03-21,387.6650136971014
2022-03-22,387.6650136971014
2022-03-23,387.6650136971014
2022-03-24,387.6650136971014
2022-03-25,387.6650136971014
2022-03-28,387.6650136971014
2022-03-29,387.6650136971014
2022-03-30,387.6650136971014
2022-03-31,387.6650136971014
2022-04-01,406.0268863016667
2022-04-04,406.0268863016667
2022-04-05,406.0268863016667
2022-04-06,406.0268863016667
2022-04-07,406.0268863016667
2022-04-08,406.0268863016667
2022-04-11,406.0268863016667
2022-04-12,406.0268863016667
2022-04-13,406.0268863016667
2022-04-14,406.0268863016667
2022-04-15,406.0268863016667
2022-04-18,406.0268863016667
2022-04-19,406.0268863016667
2022-04-20,406.0268863016667
2022-04-21,406.0268863016667
2022-04-22,406.0268863016667
2022-04-25,406.0268863016667
2022-04-26,406.0268863016667
2022-04-27,406.0268863016667
2022-04-28,406.0268863016667
2022-04-29,406.0268863016667
2022-05-02,444.1565678174603
2022-05-03,444.1565678174603
2022-05-04,444.1565678174603
2022-05-05,444.1565678174603
2022-05-06,444.1565678174603
2022-05-09,444.1565678174603
2022-05-10,444.1565678174603
2022-05-11,444.1565678174603
2022-05-12,444.1565678174603
2022-05-13,444.1565678174603
2022-05-16,444.1565678174603
2022-05-17,444.1565678174603
2022-05-18,444.1565678174603
2022-05-19,444.1565678174603
2022-05-20,444.1565678174603
2022-05-23,444.1565678174603
2022-05-24,444.1565678174603
2022-05-25,444.1565678174603
2022-05-26,444.1565678174603
2022-05-27,444.1565678174603
2022-05-30,444.1565678174603
2022-05-31,444.1565678174603
2022-06-01,397.6523199
2022-06-02,397.6523199
2022-06-03,397.6523199
2022-06-06,397.6523199
2022-06-07,397.6523199
2022-06-08,397.6523199
2022-06-09,397.6523199
2022-06-10,397.6523199
2022-06-13,397.6523199
2022-06-14,397.6523199
2022-06-15,397.6523199
2022-06-16,397.6523199
2022-06-17,397.6523199
2022-06-20,397.6523199
2022-06-21,397.6523199
2022-06-22,397.6523199
2022-06-23,397.6523199
2022-06-24,397.6523199
2022-06-27,397.6523199
2022-06-28,397.6523199
2022-06-29,397.6523199
2022-06-30,397.6523199
2022-07-01,321.9751276587302
2022-07-04,321.9751276587302
2022-07-05,321.9751276587302
2022-07-06,321.9751276587302
2022-07-07,321.9751276587302
2022-07-08,321.9751276587302
2022-07-11,321.9751276587302
2022-07-12,321.9751276587302
2022-07-13,321.9751276587302
2022-07-14,321.9751276587302
2022-07-15,321.9751276587302
2022-07-18,321.9751276587302
2022-07-19,321.9751276587302
2022-07-20,321.9751276587302
2022-07-21,321.9751276587302
2022-07-22,321.9751276587302
2022-07-25,321.9751276587302
2022-07-26,321.9751276587302
2022-07-27,321.9751276587302
2022-07-28,321.9751276587302
2022-07-29,321.9751276587302
2022-08-01,323.0167687681159
2022-08-02,323.0167687681159
2022-08-03,323.0167687681159
2022-08-04,323.0167687681159
2022-08-05,323.0167687681159
2022-08-08,323.0167687681159
2022-08-09,323.0167687681159
2022-08-10,323.0167687681159
2022-08-11,323.0167687681159
2022-08-12,323.0167687681159
2022-08-15,323.0167687681159
2022-08-16,323.0167687681159
2022-08-17,323.0167687681159
2022-08-18,323.0167687681159
2022-08-19,323.0167687681159
2022-08-22,323.0167687681159
2022-08-23,323.0167687681159
2022-08-24,323.0167687681159
2022-08-25,323.0167687681159
2022-08-26,323.0167687681159
2022-08-29,323.0167687681159
2022-08-30,323.0167687681159
2022-08-31,323.0167687681159
2022-09-01,346.3221810714287
2022-09-02,346.3221810714287
2022-09-05,346.3221810714287
2022-09-06,346.3221810714287
2022-09-07,346.3221810714287
2022-09-08,346.3221810714287
2022-09-09,346.3221810714287
2022-09-12,346.3221810714287
2022-09-13,346.3221810714287
2022-09-14,346.3221810714287
2022-09-15,346.3221810714287
2022-09-16,346.3221810714287
2022-09-19,346.3221810714287
2022-09-20,346.3221810714287
2022-09-21,346.3221810714287
2022-09-22,346.3221810714287
2022-09-23,346.3221810714287
2022-09-26,346.3221810714287
2022-09-27,346.3221810714287
2022-09-28,346.3221810714287
2022-09-29,346.3221810714287
2022-09-30,346.3221810714287
2022-10-03,353.7129071666667
2022-10-04,353.7129071666667
2022-10-05,353.7129071666667
2022-10-06,353.7129071666667
2022-10-07,353.7129071666667
2022-10-10,353.7129071666667
2022-10-11,353.7129071666667
2022-10-12,353.7129071666667
2022-10-13,353.7129071666667
2022-10-14,353.7129071666667
2022-10-17,353.7129071666667
2022-10-18,353.7129071666667
2022-10-19,353.7129071666667
2022-10-20,353.7129071666667
2022-10-21,353.7129071666667
2022-10-24,353.7129071666667
2022-10-25,353.7129071666667
2022-10-26,353.7129071666667
2022-10-27,353.7129071666667
2022-10-28,353.7129071666667
2022-10-31,353.7129071666667
2022-11-01,344.3298607283333
2022-11-02,344.3298607283333
2022-11-03,344.3298607283333
2022-11-04,344.3298607283333
2022-11-07,344.3298607283333
2022-11-08,344.3298607283333
2022-11-09,344.3298607283333
2022-11-10,344.3298607283333
2022-11-11,344.3298607283333
2022-11-14,344.3298607283333
2022-11-15,344.3298607283333
2022-11-16,344.3298607283333
2022-11-17,344.3298607283333
2022-11-18,344.3298607283333
2022-11-21,344.3298607283333
2022-11-22,344.3298607283333
2022-11-23,344.3298607283333
2022-11-24,344.3298607283333
2022-11-25,344.3298607283333
2022-11-28,344.3298607283333
2022-11-29,344.3298607283333
2022-11-30,344.3298607283333
2022-12-01,323.6548381349207
2022-12-02,323.6548381349207
2022-12-05,323.6548381349207
2022-12-06,323.6548381349207
2022-12-07,323.6548381349207
2022-12-08,323.6548381349207
2022-12-09,323.6548381349207
2022-12-12,323.6548381349207
2022-12-13,323.6548381349207
2022-12-14,323.6548381349207
2022-12-15,323.6548381349207
2022-12-16,323.6548381349207
2022-12-19,323.6548381349207
2022-12-20,323.6548381349207
2022-12-21,323.6548381349207
2022-12-22,323.6548381349207
2022-12-23,323.6548381349207
2022-12-26,323.6548381349207
2022-12-27,323.6548381349207
2022-12-28,323.6548381349207
2022-12-29,323.6548381349207
2022-12-30,323.6548381349207
2023-01-02,320.0970451249999
2023-01-03,320.0970451249999
2023-01-04,320.0970451249999
2023-01-05,320.0970451249999
2023-01-06,320.0970451249999
2023-01-09,320.0970451249999
2023-01-10,320.0970451249999
2023-01-11,320.0970451249999
2023-01-12,320.0970451249999
2023-01-13,320.0970451249999
2023-01-16,320.0970451249999
2023-01-17,320.0970451249999
2023-01-18,320.0970451249999
2023-01-19,320.0970451249999
2023-01-20,320.0970451249999
2023-01-23,320.0970451249999
2023-01-24,320.0970451249999
2023-01-25,320.0970451249999
2023-01-26,320.0970451249999
2023-01-27,320.0970451249999
2023-01-30,320.0970451249999
2023-01-31,320.0970451249999
2023-02-01,332.4120234368421
2023-02-02,332.4120234368421
2023-02-03,332.4120234368421
2023-02-06,332.4120234368421
2023-02-07,332.4120234368421
2023-02-08,332.4120234368421
2023-02-09,332.4120234368421
2023-02-10,332.4120234368421
2023-02-13,332.4120234368421
2023-02-14,332.4120234368421
2023-02-15,332.4120234368421
2023-02-16,332.4120234368421
2023-02-17,332.4120234368421
2023-02-20,332.4120234368421
2023-02-21,332.4120234368421
2023-02-22,332.4120234368421
2023-02-23,332.4120234368421
2023-02-24,332.4120234368421
2023-02-27,332.4120234368421
2023-02-28,332.4120234368421
2023-03-01,309.4295998550725
2023-03-02,309.4295998550725
2023-03-03,309.4295998550725
2023-03-06,309.4295998550725
2023-03-07,309.4295998550725
2023-03-08,309.4295998550725
2023-03-09,309.4295998550725
2023-03-10,309.4295998550725
2023-03-13,309.4295998550725
2023-03-14,309.4295998550725
2023-03-15,309.4295998550725
2023-03-16,309.4295998550725
2023-03-17,309.4295998550725
2023-03-20,309.4295998550725
2023-03-21,309.4295998550725
2023-03-22,309.4295998550725
2023-03-23,309.4295998550725
2023-03-24,309.4295998550725
2023-03-27,309.4295998550725
2023-03-28,309.4295998550725
2023-03-29,309.4295998550725
2023-03-30,309.4295998550725
2023-03-31,309.4295998550725
2023-04-03,312.8108243719297
2023-04-04,312.8108243719297
2023-04-05,312.8108243719297
2023-04-06,312.8108243719297
2023-04-07,312.8108243719297
2023-04-10,312.8108243719297
2023-04-11,312.8108243719297
2023-04-12,312.8108243719297
2023-04-13,312.8108243719297
2023-04-14,312.8108243719297
2023-04-17,312.8108243719297
2023-04-18,312.8108243719297
2023-04-19,312.8108243719297
2023-04-20,312.8108243719297
2023-04-21,312.8108243719297
2023-04-24,312.8108243719297
2023-04-25,312.8108243719297
2023-04-26,312.8108243719297
2023-04-27,312.8108243719297
2023-04-28,312.8108243719297
2023-05-01,299.44000625
2023-05-02,299.44000625
2023-05-03,299.44000625
2023-05-04,299.44000625
2023-05-05,299.44000625
2023-05-08,299.44000625
2023-05-09,299.44000625
2023-05-10,299.44000625
2023-05-11,299.44000625
2023-05-12,299.44000625
2023-05-15,299.44000625
2023-05-16,299.44000625
2023-05-17,299.44000625
2023-05-18,299.44000625
2023-05-19,299.44000625
2023-05-22,299.44000625
2023-05-23,299.44000625
2023-05-24,299.44000625
2023-05-25,299.44000625
2023-05-26,299.44000625
2023-05-29,299.44000625
2023-05-30,299.44000625
2023-05-31,299.44000625
2023-06-01,282.2767452825397
2023-06-02,282.2767452825397
2023-06-05,282.2767452825397
2023-06-06,282.2767452825397
2023-06-07,282.2767452825397
2023-06-08,282.2767452825397
2023-06-09,282.2767452825397
2023-06-12,282.2767452825397
2023-06-13,282.2767452825397
2023-06-14,282.2767452825397
2023-06-15,282.2767452825397
2023-06-16,282.2767452825397
2023-06-19,282.2767452825397
2023-06-20,282.2767452825397
2023-06-21,282.2767452825397
2023-06-22,282.2767452825397
2023-06-23,282.2767452825397
2023-06-26,282.2767452825397
2023-06-27,282.2767452825397
2023-06-28,282.2767452825397
2023-06-29,282.2767452825397
2023-06-30,282.2767452825397
2023-07-03,278.6176009920635
2023-07-04,278.6176009920635
2023-07-05,278.6176009920635
2023-07-06,278.6176009920635
2023-07-07,278.6176009920635
2023-07-10,278.6176009920635
2023-07-11,278.6176009920635
2023-07-12,278.6176009920635
2023-07-13,278.6176009920635
2023-07-14,278.6176009920635
2023-07-17,278.6176009920635
2023-07-18,278.6176009920635
2023-07-19,278.6176009920635
2023-07-20,278.6176009920635
2023-07-21,278.6176009920635
2023-07-24,278.6176009920635
2023-07-25,278.6176009920635
2023-07-26,278.6176009920635
2023-07-27,278.6176009920635
2023-07-28,278.6176009920635
2023-07-31,278.6176009920635
2023-08-01,241.4138777536232
2023-08-02,241.4138777536232
2023-08-03,241.4138777536232
2023-08-04,241.4138777536232
2023-08-07,241.4138777536232
2023-08-08,241.4138777536232
2023-08-09,241.4138777536232
2023-08-10,241.4138777536232
2023-08-11,241.4138777536232
2023-08-14,241.4138777536232
2023-08-15,241.4138777536232
2023-08-16,241.4138777536232
2023-08-17,241.4138777536232
2023-08-18,241.4138777536232
2023-08-21,241.4138777536232
2023-08-22,241.4138777536232
2023-08-23,241.4138777536232
2023-08-24,241.4138777536232
2023-08-25,241.4138777536232
2023-08-28,241.4138777536232
2023-08-29,241.4138777536232
2023-08-30,241.4138777536232
2023-08-31,241.4138777536232
2023-09-01,229.390711
2023-09-04,229.390711
2023-09-05,229.390711
2023-09-06,229.390711
2023-09-07,229.390711
2023-09-08,229.390711
2023-09-11,229.390711
2023-09-12,229.390711
2023-09-13,229.390711
2023-09-14,229.390711
2023-09-15,229.390711
2023-09-18,229.390711
2023-09-19,229.390711
2023-09-20,229.390711
2023-09-21,229.390711
2023-09-22,229.390711
2023-09-25,229.390711
2023-09-26,229.390711
2023-09-27,229.390711
2023-09-28,229.390711
2023-09-29,229.390711
2023-10-02,216.4639391269841
2023-10-03,216.4639391269841
2023-10-04,216.4639391269841
2023-10-05,216.4639391269841
2023-10-06,216.4639391269841
2023-10-09,216.4639391269841
2023-10-10,216.4639391269841
2023-10-11,216.4639391269841
2023-10-12,216.4639391269841
2023-10-13,216.4639391269841
2023-10-16,216.4639391269841
2023-10-17,216.4639391269841
2023-10-18,216.4639391269841
2023-10-19,216.4639391269841
2023-10-20,216.4639391269841
2023-10-23,216.4639391269841
2023-10-24,216.4639391269841
2023-10-25,216.4639391269841
2023-10-26,216.4639391269841
2023-10-27,216.4639391269841
2023-10-30,216.4639391269841
2023-10-31,216.4639391269841
2023-11-01,216.000269047619
2023-11-02,216.000269047619
2023-11-03,216.000269047619
2023-11-06,216.000269047619
2023-11-07,216.000269047619
2023-11-08,216.000269047619
2023-11-09,216.000269047619
2023-11-10,216.000269047619
2023-11-13,216.000269047619
2023-11-14,216.000269047619
2023-11-15,216.000269047619
2023-11-16,216.000269047619
2023-11-17,216.000269047619
2023-11-20,216.000269047619
2023-11-21,216.000269047619
2023-11-22,216.000269047619
2023-11-23,216.000269047619
2023-11-24,216.000269047619
2023-11-27,216.000269047619
2023-11-28,216.000269047619
2023-11-29,216.000269047619
2023-11-30,216.000269047619
2023-12-01,229.6334125877193
2023-12-04,229.6334125877193
2023-12-05,229.6334125877193
2023-12-06,229.6334125877193
2023-12-07,229.6334125877193
2023-12-08,229.6334125877193
2023-12-11,229.6334125877193
2023-12-12,229.6334125877193
2023-12-13,229.6334125877193
2023-12-14,229.6334125877193
2023-12-15,229.6334125877193
2023-12-18,229.6334125877193
2023-12-19,229.6334125877193
2023-12-20,229.6334125877193
2023-12-21,229.6334125877193
2023-12-22,229.6334125877193
2023-12-25,229.6334125877193
2023-12-26,229.6334125877193
2023-12-27,229.6334125877193
2023-12-28,229.6334125877193
2023-12-29,229.6334125877193
2024-01-01,226.0785319047619
2024-01-02,226.0785319047619
2024-01-03,226.0785319047619
2024-01-04,226.0785319047619
2024-01-05,226.0785319047619
2024-01-08,226.0785319047619
2024-01-09,226.0785319047619
2024-01-10,226.0785319047619
2024-01-11,226.0785319047619
2024-01-12,226.0785319047619
2024-01-15,226.0785319047619
2024-01-16,226.0785319047619
2024-01-17,226.0785319047619
2024-01-18,226.0785319047619
2024-01-19,226.0785319047619
2024-01-22,226.0785319047619
2024-01-23,226.0785319047619
2024-01-24,226.0785319047619
2024-01-25,226.0785319047619
2024-01-26,226.0785319047619
2024-01-29,226.0785319047619
2024-01-30,226.0785319047619
2024-01-31,226.0785319047619
2024-02-01,219.2380684633333
2024-02-02,219.2380684633333
2024-02-05,219.2380684633333
2024-02-06,219.2380684633333
2024-02-07,219.2380684633333
2024-02-08,219.2380684633333
2024-02-09,219.2380684633333
2024-02-12,219.2380684633333
2024-02-13,219.2380684633333
2024-02-14,219.2380684633333
2024-02-15,219.2380684633333
2024-02-16,219.2380684633333
2024-02-19,219.2380684633333
2024-02-20,219.2380684633333
2024-02-21,219.2380684633333
2024-02-22,219.2380684633333
2024-02-23,219.2380684633333
2024-02-26,219.2380684633333
2024-02-27,219.2380684633333
2024-02-28,219.2380684633333
2024-02-29,219.2380684633333
2024-03-01,211.8410172083334
2024-03-04,211.8410172083334
2024-03-05,211.8410172083334
2024-03-06,211.8410172083334
2024-03-07,211.8410172083334
2024-03-08,211.8410172083334
2024-03-11,211.8410172083334
2024-03-12,211.8410172083334
2024-03-13,211.8410172083334
2024-03-14,211.8410172083334
2024-03-15,211.8410172083334
2024-03-18,211.8410172083334
2024-03-19,211.8410172083334
2024-03-20,211.8410172083334
2024-03-21,211.8410172083334
2024-03-22,211.8410172083334
2024-03-25,211.8410172083334
2024-03-26,211.8410172083334
2024-03-27,211.8410172083334
2024-03-28,211.8410172083334
2024-03-29,211.8410172083334
2024-04-01,208.3816845
2024-04-02,208.3816845
2024-04-03,208.3816845
2024-04-04,208.3816845
2024-04-05,208.3816845
2024-04-08,208.3816845
2024-04-09,208.3816845
2024-04-10,208.3816845
2024-04-11,208.3816845
2024-04-12,208.3816845
2024-04-15,208.3816845
2024-04-16,208.3816845
2024-04-17,208.3816845
2024-04-18,208.3816845
2024-04-19,208.3816845
2024-04-22,208.3816845
2024-04-23,208.3816845
2024-04-24,208.3816845
2024-04-25,208.3816845
2024-04-26,208.3816845
2024-04-29,208.3816845
2024-04-30,208.3816845
2024-05-01,227.4307704166667
2024-05-02,227.4307704166667
2024-05-03,227.4307704166667
2024-05-06,227.4307704166667
2024-05-07,227.4307704166667
2024-05-08,227.4307704166667
2024-05-09,227.4307704166667
2024-05-10,227.4307704166667
2024-05-13,227.4307704166667
2024-05-14,227.4307704166667
2024-05-15,227.4307704166667
2024-05-16,227.4307704166667
2024-05-17,227.4307704166667
2024-05-20,227.4307704166667
2024-05-21,227.4307704166667
2024-05-22,227.4307704166667
2024-05-23,227.4307704166667
2024-05-24,227.4307704166667
2024-05-27,227.4307704166667
2024-05-28,227.4307704166667
2024-05-29,227.4307704166667
2024-05-30,227.4307704166667
2024-05-31,227.4307704166667
2024-06-03,205.2260548983333
2024-06-04,205.2260548983333
2024-06-05,205.2260548983333
2024-06-06,205.2260548983333
2024-06-07,205.2260548983333
2024-06-10,205.2260548983333
2024-06-11,205.2260548983333
2024-06-12,205.2260548983333
2024-06-13,205.2260548983333
2024-06-14,205.2260548983333
2024-06-17,205.2260548983333
2024-06-18,205.2260548983333
2024-06-19,205.2260548983333
2024-06-20,205.2260548983333
2024-06-21,205.2260548983333
2024-06-24,205.2260548983333
2024-06-25,205.2260548983333
2024-06-26,205.2260548983333
2024-06-27,205.2260548983333
2024-06-28,205.2260548983333
2024-07-01,183.2256341666667
2024-07-02,183.2256341666667
2024-07-03,183.2256341666667
2024-07-04,183.2256341666667
2024-07-05,183.2256341666667
2024-07-08,183.2256341666667
2024-07-09,183.2256341666667
2024-07-10,183.2256341666667
2024-07-11,183.2256341666667
2024-07-12,183.2256341666667
2024-07-15,183.2256341666667
2024-07-16,183.2256341666667
2024-07-17,183.2256341666667
2024-07-18,183.2256341666667
2024-07-19,183.2256341666667
2024-07-22,183.2256341666667
2024-07-23,183.2256341666667
2024-07-24,183.2256341666667
2024-07-25,183.2256341666667
2024-07-26,183.2256341666667
2024-07-29,183.2256341666667
2024-07-30,183.2256341666667
2024-07-31,183.2256341666667
2024-08-01,175.5104662666666
2024-08-02,175.5104662666666
2024-08-05,175.5104662666666
2024-08-06,175.5104662666666
2024-08-07,175.5104662666666
2024-08-08,175.5104662666666
2024-08-09,175.5104662666666
2024-08-12,175.5104662666666
2024-08-13,175.5104662666666
2024-08-14,175.5104662666666
2024-08-15,175.5104662666666
2024-08-16,175.5104662666666
2024-08-19,175.5104662666666
2024-08-20,175.5104662666666
2024-08-21,175.5104662666666
2024-08-22,175.5104662666666
2024-08-23,175.5104662666666
2024-08-26,175.5104662666666
2024-08-27,175.5104662666666
2024-08-28,175.5104662666666
2024-08-29,175.5104662666666
2024-08-30,175.5104662666666
2024-09-02,188.5052165740741
2024-09-03,188.5052165740741
2024-09-04,188.5052165740741
2024-09-05,188.5052165740741
2024-09-06,188.5052165740741
2024-09-09,188.5052165740741
2024-09-10,188.5052165740741
2024-09-11,188.5052165740741
2024-09-12,188.5052165740741
2024-09-13,188.5052165740741
2024-09-16,188.5052165740741
2024-09-17,188.5052165740741
2024-09-18,188.5052165740741
2024-09-19,188.5052165740741
2024-09-20,188.5052165740741
2024-09-23,188.5052165740741
2024-09-24,188.5052165740741
2024-09-25,188.5052165740741
2024-09-26,188.5052165740741
2024-09-27,188.5052165740741
2024-09-30,188.5052165740741
2024-10-01,197.3719458333333
2024-10-02,197.3719458333333
2024-10-03,197.3719458333333
2024-10-04,197.3719458333333
2024-10-07,197.3719458333333
2024-10-08,197.3719458333333
2024-10-09,197.3719458333333
2024-10-10,197.3719458333333
2024-10-11,197.3719458333333
2024-10-14,197.3719458333333
2024-10-15,197.3719458333333
2024-10-16,197.3719458333333
2024-10-17,197.3719458333333
2024-10-18,197.3719458333333
2024-10-21,197.3719458333333
2024-10-22,197.3719458333333
2024-10-23,197.3719458333333
2024-10-24,197.3719458333333
2024-10-25,197.3719458333333
2024-10-28,197.3719458333333
2024-10-29,197.3719458333333
2024-10-30,197.3719458333333
2024-10-31,197.3719458333333
2024-11-01,185.7347870824562
2024-11-04,185.7347870824562
2024-11-05,185.7347870824562
2024-11-06,185.7347870824562
2024-11-07,185.7347870824562
2024-11-08,185.7347870824562
2024-11-11,185.7347870824562
2024-11-12,185.7347870824562
2024-11-13,185.7347870824562
2024-11-14,185.7347870824562
2024-11-15,185.7347870824562
2024-11-18,185.7347870824562
2024-11-19,185.7347870824562
2024-11-20,185.7347870824562
2024-11-21,185.7347870824562
2024-11-22,185.7347870824562
2024-11-25,185.7347870824562
2024-11-26,185.7347870824562
2024-11-27,185.7347870824562
2024-11-28,185.7347870824562
2024-11-29,185.7347870824562
2024-12-02,185.7943505
2024-12-03,185.7943505
2024-12-04,185.7943505
2024-12-05,185.7943505
2024-12-06,185.7943505
2024-12-09,185.7943505
2024-12-10,185.7943505
2024-12-11,185.7943505
2024-12-12,185.7943505
2024-12-13,185.7943505
2024-12-16,185.7943505
2024-12-17,185.7943505
2024-12-18,185.7943505
2024-12-19,185.7943505
2024-12-20,185.7943505
2024-12-23,185.7943505
2024-12-24,185.7943505
2024-12-25,185.7943505
2024-12-26,185.7943505
2024-12-27,185.7943505
2024-12-30,185.7943505
2024-12-31,185.7943505
2025-01-01,190.6296420634921
2025-01-02,190.6296420634921
2025-01-03,190.6296420634921
2025-01-06,190.6296420634921
2025-01-07,190.6296420634921
2025-01-08,190.6296420634921
2025-01-09,190.6296420634921
2025-01-10,190.6296420634921
2025-01-13,190.6296420634921
2025-01-14,190.6296420634921
2025-01-15,190.6296420634921
2025-01-16,190.6296420634921
2025-01-17,190.6296420634921
2025-01-20,190.6296420634921
2025-01-21,190.6296420634921
2025-01-22,190.6296420634921
2025-01-23,190.6296420634921
2025-01-24,190.6296420634921
2025-01-27,190.6296420634921
2025-01-28,190.6296420634921
2025-01-29,190.6296420634921
2025-01-30,190.6296420634921
2025-01-31,190.6296420634921
2025-02-03,190.1026421105263
2025-02-04,190.1026421105263
2025-02-05,190.1026421105263
2025-02-06,190.1026421105263
2025-02-07,190.1026421105263
2025-02-10,190.1026421105263
2025-02-11,190.1026421105263
2025-02-12,190.1026421105263
2025-02-13,190.1026421105263
2025-02-14,190.1026421105263
2025-02-17,190.1026421105263
2025-02-18,190.1026421105263
2025-02-19,190.1026421105263
2025-02-20,190.1026421105263
2025-02-21,190.1026421105263
2025-02-24,190.1026421105263
2025-02-25,190.1026421105263
2025-02-26,190.1026421105263
2025-02-27,190.1026421105263
2025-02-28,190.1026421105263
2025-03-03,179.6065420634921
2025-03-04,179.6065420634921
2025-03-05,179.6065420634921
2025-03-06,179.6065420634921
2025-03-07,179.6065420634921
2025-03-10,179.6065420634921
2025-03-11,179.6065420634921
2025-03-12,179.6065420634921
2025-03-13,179.6065420634921
2025-03-14,179.6065420634921
2025-03-17,179.6065420634921
2025-03-18,179.6065420634921
2025-03-19,179.6065420634921
2025-03-20,179.6065420634921
2025-03-21,179.6065420634921
2025-03-24,179.6065420634921
2025-03-25,179.6065420634921
2025-03-26,179.6065420634921
2025-03-27,179.6065420634921
2025-03-28,179.6065420634921
2025-03-31,179.6065420634921
2025-04-01,174.8167426587301
2025-04-02,174.8167426587301
2025-04-03,174.8167426587301
2025-04-04,174.8167426587301
2025-04-07,174.8167426587301
2025-04-08,174.8167426587301
2025-04-09,174.8167426587301
2025-04-10,174.8167426587301
2025-04-11,174.8167426587301
2025-04-14,174.8167426587301
2025-04-15,174.8167426587301
2025-04-16,174.8167426587301
2025-04-17,174.8167426587301
2025-04-18,174.8167426587301
2025-04-21,174.8167426587301
2025-04-22,174.8167426587301
2025-04-23,174.8167426587301
2025-04-24,174.8167426587301
2025-04-25,174.8167426587301
2025-04-28,174.8167426587301
2025-04-29,174.8167426587301
2025-04-30,174.8167426587301
2025-05-01,196.8410714285714
2025-05-02,196.8410714285714
2025-05-05,196.8410714285714
2025-05-06,196.8410714285714
2025-05-07,196.8410714285714
2025-05-08,196.8410714285714
2025-05-09,196.8410714285714
2025-05-12,196.8410714285714
2025-05-13,196.8410714285714
2025-05-14,196.8410714285714
2025-05-15,196.8410714285714
2025-05-16,196.8410714285714
2025-05-19,196.8410714285714
2025-05-20,196.8410714285714
2025-05-21,196.8410714285714
2025-05-22,196.8410714285714
2025-05-23,196.8410714285714
2025-05-26,196.8410714285714
2025-05-27,196.8410714285714
2025-05-28,196.8410714285714
2025-05-29,196.8410714285714
2025-05-30,196.8410714285714
2025-06-02,173.1947634816666
2025-06-03,173.1947634816666
2025-06-04,173.1947634816666
2025-06-05,173.1947634816666
2025-06-06,173.1947634816666
2025-06-09,173.1947634816666
2025-06-10,173.1947634816666
2025-06-11,173.1947634816666
2025-06-12,173.1947634816666
2025-06-13,173.1947634816666
2025-06-16,173.1947634816666
2025-06-17,173.1947634816666
2025-06-18,173.1947634816666
2025-06-19,173.1947634816666
2025-06-20,173.1947634816666
2025-06-23,173.1947634816666
2025-06-24,173.1947634816666
2025-06-25,173.1947634816666
2025-06-26,173.1947634816666
2025-06-27,173.1947634816666
2025-06-30,173.1947634816666
2025-07-01,165.2666224637681
2025-07-02,165.2666224637681
2025-07-03,165.2666224637681
2025-07-04,165.2666224637681
2025-07-07,165.2666224637681
2025-07-08,165.2666224637681
2025-07-09,165.2666224637681
2025-07-10,165.2666224637681
2025-07-11,165.2666224637681
2025-07-14,165.2666224637681
2025-07-15,165.2666224637681
2025-07-16,165.2666224637681
2025-07-17,165.2666224637681
2025-07-18,165.2666224637681
2025-07-21,165.2666224637681
2025-07-22,165.2666224637681
2025-07-23,165.2666224637681
2025-07-24,165.2666224637681
2025-07-25,165.2666224637681
2025-07-28,165.2666224637681
2025-07-29,165.2666224637681
2025-07-30,165.2666224637681
2025-07-31,165.2666224637681
2025-08-01,159.3079408380954
2025-08-04,159.3079408380954
2025-08-05,159.3079408380954
2025-08-06,159.3079408380954
2025-08-07,159.3079408380954
2025-08-08,159.3079408380954
2025-08-11,159.3079408380954
2025-08-12,159.3079408380954
2025-08-13,159.3079408380954
2025-08-14,159.3079408380954
2025-08-15,159.3079408380954
2025-08-18,159.3079408380954
2025-08-19,159.3079408380954
2025-08-20,159.3079408380954
2025-08-21,159.3079408380954
2025-08-22,159.3079408380954
2025-08-25,159.3079408380954
2025-08-26,159.3079408380954
2025-08-27,159.3079408380954
2025-08-28,159.3079408380954
2025-08-29,159.3079408380954
2025-09-01,155.1151385317461
2025-09-02,155.1151385317461
2025-09-03,155.1151385317461
2025-09-04,155.1151385317461
2025-09-05,155.1151385317461
2025-09-08,155.1151385317461
2025-09-09,155.1151385317461
2025-09-10,155.1151385317461
2025-09-11,155.1151385317461
2025-09-12,155.1151385317461
2025-09-15,155.1151385317461
2025-09-16,155.1151385317461
2025-09-17,155.1151385317461
2025-09-18,155.1151385317461
2025-09-19,155.1151385317461
2025-09-22,155.1151385317461
2025-09-23,155.1151385317461
2025-09-24,155.1151385317461
2025-09-25,155.1151385317461
2025-09-26,155.1151385317461
2025-09-29,155.1151385317461
2025-09-30,155.1151385317461
2025-10-01,157.39233125
2025-10-02,157.39233125
2025-10-03,157.39233125
2025-10-06,157.39233125
2025-10-07,157.39233125
2025-10-08,157.39233125
2025-10-09,157.39233125
2025-10-10,157.39233125
2025-10-13,157.39233125
2025-10-14,157.39233125
2025-10-15,157.39233125
2025-10-16,157.39233125
2025-10-17,157.39233125
2025-10-20,157.39233125
2025-10-21,157.39233125
2025-10-22,157.39233125
2025-10-23,157.39233125
2025-10-24,157.39233125
2025-10-27,157.39233125
2025-10-28,157.39233125
2025-10-29,157.39233125
2025-10-30,157.39233125
2025-10-31,157.39233125
2025-11-03,169.2032881647058
2025-11-04,169.2032881647058
2025-11-05,169.2032881647058
2025-11-06,169.2032881647058
2025-11-07,169.2032881647058
2025-11-10,169.2032881647058
2025-11-11,169.2032881647058
2025-11-12,169.2032881647058
2025-11-13,169.2032881647058
2025-11-14,169.2032881647058
2025-11-17,169.2032881647058
2025-11-18,169.2032881647058
2025-11-19,169.2032881647058
2025-11-20,169.2032881647058
2025-11-21,169.2032881647058
2025-11-24,169.2032881647058
2025-11-25,169.2032881647058
2025-11-26,169.2032881647058
2025-11-27,169.2032881647058
2025-11-28,169.2032881647058
2025-12-01,165.6266704583334
2025-12-02,165.6266704583334
2025-12-03,165.6266704583334
2025-12-04,165.6266704583334
2025-12-05,165.6266704583334
2025-12-08,165.6266704583334
2025-12-09,165.6266704583334
2025-12-10,165.6266704583334
2025-12-11,165.6266704583334
2025-12-12,165.6266704583334
2025-12-15,165.6266704583334
2025-12-16,165.6266704583334
2025-12-17,165.6266704583334
2025-12-18,165.6266704583334
2025-12-19,165.6266704583334
2025-12-22,165.6266704583334
2025-12-23,165.6266704583334
2025-12-24,165.6266704583334
2025-12-25,165.6266704583334
2025-12-26,165.6266704583334
2025-12-29,165.6266704583334
2025-12-30,165.6266704583334
2025-12-31,165.6266704583334
2026-01-01,169.2505145833334
2026-01-02,169.2505145833334
2026-01-05,169.2505145833334
2026-01-06,169.2505145833334
2026-01-07,169.2505145833334
2026-01-08,169.2505145833334
2026-01-09,169.2505145833334
2026-01-12,169.2505145833334
2026-01-13,169.2505145833334
2026-01-14,169.2505145833334
2026-01-15,169.2505145833334
2026-01-16,169.2505145833334
2026-01-19,169.2505145833334
2026-01-20,169.2505145833334
2026-01-21,169.2505145833334
2026-01-22,169.2505145833334
2026-01-23,169.2505145833334
2026-01-26,169.2505145833334
2026-01-27,169.2505145833334
2026-01-28,169.2505145833334
2026-01-29,169.2505145833334
2026-01-30,169.2505145833334
2026-02-02,174.7524918912281
2026-02-03,174.7524918912281
2026-02-04,174.7524918912281
2026-02-05,174.7524918912281
2026-02-06,174.7524918912281
2026-02-09,174.7524918912281
2026-02-10,174.7524918912281
2026-02-11,174.7524918912281
2026-02-12,174.7524918912281
2026-02-13,174.7524918912281
2026-02-16,174.7524918912281
2026-02-17,174.7524918912281
2026-02-18,174.7524918912281
2026-02-19,174.7524918912281
2026-02-20,174.7524918912281
2026-02-23,174.7524918912281
2026-02-24,174.7524918912281
2026-02-25,174.7524918912281
2026-02-26,174.7524918912281
2026-02-27,174.7524918912281
