commodity,title,date,source,description,url
wheat,US Soybean Oil Futures Price Today,2010-01-21,investing.com,Explore real-time US Soybean Oil Futures price data and key metrics crucial for understanding and navigating the US Soybean Oil Futures market ... Iran war boosts ...,https://www.investing.com/commodities/us-soybean-oil
wheat,American Businesses Hoping to Cash In On Cuba,2010-05-26,cnbc.com,"The Trade Sanctions Reform and Export Enhancement Act of 2000 lifted part of ... Even with those restrictions, U.S. exports to Cuba reached $710 ...",https://www.cnbc.com/2010/05/26/american-businesses-hoping-to-cash-in-on-cuba.html
wheat,"INTERVIEW-Kenya's KenGen eyes nuclear power, ...",2010-10-15,investing.com,"* Says forecast drought won't affect power supply. By James Macharia ... market, meaning prices are indicative and not appropriate for trading purposes.","https://www.investing.com/news/stock-market-news/interview-kenya's-kengen-eyes-nuclear-power,-strategic-investor-166838"
wheat,How To Build A Poor Man's Hedge Fund,2010-10-18,cnbc.com,"... market. But shorting stock is not for the faint of heart. The ... After all, it takes a streetwise investor to play wheat futures or oil price derivatives.",https://www.cnbc.com/2010/10/18/how-to-build-a-poor-mans-hedge-fund.html
wheat,POLL-Gold's dream climb expected to plateau in 2012,2011-01-25,investing.com,"Indices Futures · Major Indices · Indices Real-Time · World Indices · Global ... market, meaning prices are indicative and not appropriate for trading purposes.",https://www.investing.com/news/forex-news/poll-gold%27s-dream-climb-expected-to-plateau-in-2012-189294
wheat,Dow News Today (DOW),2011-02-03,investing.com,"Trump with the tariff war and then supporting Russia against Europe ... market, meaning prices are indicative and not appropriate for trading purposes.",https://www.investing.com/equities/dow-chemical-news/138
wheat,"Langone, Gabelli, Carl Hiaasen, Jimmy Buffett: Palm Beach Scene",2011-02-22,Bloomberg,"I love the Everglades,” Paul Tudor Jones, chairman and chief executive officer of Tudor Investment Corp., said in his Tennessee twang.",https://www.bloomberg.com/news/articles/2011-02-22/ken-langone-mario-gabelli-carl-hiaasen-jimmy-buffett-palm-beach-scene
wheat,Glencore Traders Urged Russia to Ban Grain Exports,2011-04-25,cnbc.com,"Glencore made a speculative bet on rising wheat and corn prices in the early stages of last summer's Russian drought, the world's largest commodity trader ...",https://www.cnbc.com/2011/04/25/glencore-traders-urged-russia-to-ban-grain-exports.html
wheat,THE MARKET WORD - WHEAT,2011-04-29,Investing.com,THE MARKET WORD - WHEAT&nbsp; The weakened US Dollar should help to boost the US exports to other countries looking to purchase grains for their stockpiles. Today's action could have been more from...,https://www.investing.com/technical/analysis/the-market-word---wheat-81118
wheat,EUR/JPY erases gains after S&P Greece rollover warning,2011-07-04,investing.com,"Goldman raises oil forecasts as Gulf supply shock seen lasting longer ... market, meaning prices are indicative and not appropriate for trading purposes.",https://www.investing.com/news/stock-market-news/la-fusion-lsedeutsche-borse-compromise-apres-un-nouveau-coup-de-theatre-218630
wheat,Understanding the Micro and Macro Views,2011-07-12,cnbc.com,"Investors need to take both the micro and macro into account to fully comprehend the market, Cramer said Tuesday. ... futures down,"" Cramer said. ""Just ...",https://www.cnbc.com/2011/07/12/understanding-the-micro-and-macro-views.html
wheat,Baker Hughes (BKR) Earnings Date & Report,2011-08-01,investing.com,"Baker Hughes earnings on deck as Iran War clouds oilfield outlook. Baker ... market, meaning prices are indicative and not appropriate for trading purposes.",https://www.investing.com/equities/baker-hughes-earnings
wheat,Daily Commodities Update: Wheat,2011-08-24,Investing.com,"Tuesday&rsquo;s bullish action in the grain markets set up a possible breakout from an emerging Rising Wedge chart pattern, illustrated here on an hourly time interval. After choppy mid-day trade, the...",https://www.investing.com/technical/analysis/daily-commodities-update%253A-wheat-94981
wheat,Pakistan Terror No Bar as Unilever Converges With Nestle: Retail,2011-10-05,Bloomberg,"Unilever and Nestle SA are defying turmoil in Pakistan, where terror attacks have killed at least 35000 people since 2006, to sell more soap,...",https://www.bloomberg.com/news/articles/2011-10-04/pakistan-terrorists-no-sales-bar-as-unilever-converges-with-nestle-retail
wheat,Wheat Jumps on Demand,2011-10-21,Investing.com,"US wheat futures finish stronger, with KCBT rising the most amid ongoing worries about dryness hurting output in the Plains.Wheat is being planted in the region and attempting to grow. Yet, ""extreme...",https://www.investing.com/analysis/wheat-jumps-on-demand-103018
wheat,The Impact of Seven Billion People,2011-10-28,investing.com,"Silver Supply Deficits Continue to Limit Available Market Liquidity ... market, meaning prices are indicative and not appropriate for trading purposes.",https://www.investing.com/analysis/the-impact-of-seven-billion-people-103914
wheat,United States Challenger Job Cuts YoY,2011-10-28,investing.com,"Indices: Fears of an Oil Shock Rise - U.S. equity index futures are up ... market, meaning prices are indicative and not appropriate for trading purposes.",https://www.investing.com/economic-calendar/challenger-job-cuts-333
wheat,The Dow Panic of 1907 and the 2008 Financial Crisis,2011-10-31,investing.com,"A few years after World War II, the secular bull market that began at ... market, meaning prices are indicative and not appropriate for trading purposes.",https://www.investing.com/analysis/the-dow-panic-of-1907-and-the-2008-financial-crisis-104104
wheat,Cities That Vanished,2011-11-09,cnbc.com,"The 1974 Turkish invasion of Cyprus caused a citywide evacuation, and the ... In 2007, as Australia suffered from a crippling nationwide drought, and ...",https://www.cnbc.com/2011/11/09/Cities-That-Vanished.html
wheat,17 Quotes About The Coming Global Financial Collapse ...,2011-11-22,investing.com,"They are telling us that ""there is definitely going to be another financial crisis"". ... market, meaning prices are indicative and not appropriate for trading ...",https://www.investing.com/analysis/17-quotes-about-the-coming-global-financial-collapse-that-will-make-your-hair-stand-up-106432
wheat,Profit From The Coming Transfer Of Wealth By ...,2011-11-24,investing.com,"... crisis, followed by a recession, and finally preceded by a recovery ... market, meaning prices are indicative and not appropriate for trading purposes.",https://www.investing.com/analysis/profit-from-the-coming-transfer-of-wealth-by-understanding-wealth-cycles-106645
wheat,バフェット氏傘下の穀物倉庫メーカー、米農家の貯蔵能力増強で好調,2011-12-14,Bloomberg,農業所得が今年、過去最高水準 に達するとみられている米国で、スティーブ・リュー氏は収入のうちか なりの額を、中西部の農地でよく見掛けるようになった建物の建設に...,https://www.bloomberg.co.jp/news/articles/2011-12-14/LW7VE80D9L3501
wheat,Victoria’s Secret Revealed in Child Picking Burkina Faso Cotton,2011-12-14,Bloomberg,"Clarisse Kambire's nightmare rarely changes. It's daytime. In a field of cotton plants that burst with purple and white flowers, a man in rags towers over...",https://www.bloomberg.com/news/articles/2011-12-15/victoria-s-secret-revealed-in-child-picking-burkina-faso-cotton
wheat,Short Selling Stock: How It Works And Why We ...,2011-12-19,investing.com,"Indices Futures · Major Indices · Indices Real-Time · World Indices · Global ... market, meaning prices are indicative and not appropriate for trading purposes.",https://www.investing.com/analysis/short-selling-stock:-how-it-works-and-why-we-desperately-need-it-109146
wheat,"Portland, Ore., Then and Now (1890-2012)",2012-01-05,Bloomberg,It's easy to see the results of Oregon's urban growth boundary laws in this side-by-side map comparison.,https://www.bloomberg.com/news/articles/2012-01-05/portland-ore-then-and-now-1890-2012
wheat,Child Labor for Victoria’s Secret Cotton Examined by U.S.,2012-01-13,Bloomberg,US investigators are conducting a preliminary inquiry into forced child labor used in an organic and fair-trade cotton program that supplies the American...,https://www.bloomberg.com/news/articles/2012-01-13/child-labor-for-fair-trade-cotton-probed-by-u-s-investigators
wheat,Are Emerging Markets Set to Recover First?,2012-01-22,investing.com,"Indices Futures · Major Indices · Indices Real-Time · World Indices · Global ... market, meaning prices are indicative and not appropriate for trading purposes.",https://www.investing.com/analysis/are-emerging-markets-set-to-recover-first-111813
wheat,Boar Hunter Sets Sights on China After MF Global: Commodities,2012-03-07,Bloomberg,Pete Nessler has bagged everything from a wild boar to a 280-pound white-tailed deer hunting in Iowa. He's now aiming to tap China's need for raw materials.,https://www.bloomberg.com/news/articles/2012-03-07/boar-hunter-sets-sights-on-china-after-mf-global-unit-rescue-commodities
wheat,"Iran Sanctions Fuel ‘Junk for Oil’ Barter With China, India",2012-03-30,Bloomberg,"Iran and its leading oil buyers, China and India, are finding ways to skirt U.S. and European Union financial sanctions on the Islamic republic by agreeing...",https://www.bloomberg.com/news/articles/2012-03-29/india-and-china-skirt-iran-sanctions-with-junk-for-oil-
wheat,Peak Oil Is Nowhere To Be Found On The WTI Futures Curve,2012-04-22,investing.com,"The market has now priced in declining oil prices at least through 2020. If ""peak oil"" dynamics are still at play, they are nowhere to be found on this futures ...","https://www.investing.com/analysis/peak-oil-is-nowhere-to-be-found-on-the-wti-futures-curve:-april-22,-2012-120890"
wheat,The Invisible Borders That Define American Culture,2012-04-26,Bloomberg,"We can be connected (or disconnected) based on where we move, how we speak, and even what sports teams we root for.",https://www.bloomberg.com/news/articles/2012-04-26/the-invisible-borders-that-define-american-culture
wheat,Sell in May and Walk Away? Not This Year,2012-04-30,investing.com,"... crisis led them to hoard cash to a record $1 trillion by the end of ... market, meaning prices are indicative and not appropriate for trading purposes.",https://www.investing.com/analysis/sell-in-may-and-walk-away-not-this-year-121730
wheat,Micronation Master: Prince Leonard of Hutt River,2012-05-17,Bloomberg,"The sun is setting on the undulating wheat fields of Western Australia, and the prince wouldn't mind getting back to have his supper.",https://www.bloomberg.com/news/articles/2012-05-17/micronation-master-prince-leonard-of-hutt-river
wheat,4 ETFs Staring At The Death Cross,2012-05-30,investing.com,"Goldman raises oil forecasts as Gulf supply shock seen lasting longer ... market, meaning prices are indicative and not appropriate for trading purposes.",https://www.investing.com/analysis/4-etfs-staring-at-the-death-cross-124888
wheat,"Book Review: 'The Fish That Ate the Whale,' by Rich Cohen",2012-06-07,Bloomberg,How a poor banana vendor from Russia changed the face of Latin America.,https://www.bloomberg.com/news/articles/2012-06-07/book-review-the-fish-that-ate-the-whale-by-rich-cohen
wheat,インドの小麦在庫、降雨と害虫の被害受ける恐れ－貯蔵庫不足,2012-06-13,Bloomberg,世界２位の小麦生産国であるインド では、降雨と害虫被害により小麦600万トン以上が失われる恐れがあ る。同国の小麦収穫高は６年連続で過去最高水準に達し、貯蔵庫が...,https://www.bloomberg.co.jp/news/articles/2012-06-14/M5LFN56KLVR401
wheat,"At Peregrine Financial, Signs of Trouble Seemingly Missed ...",2012-07-13,cnbc.com,"Farmers and others use such contracts to protect themselves from large price fluctuations. Speculators also play the futures market and they, too, have been ...",https://www.cnbc.com/2012/07/13/at-peregrine-financial-signs-of-trouble-seemingly-missed-for-years.html
wheat,Poor in India Starve as Politicians Steal $14.5 Billion of Food,2012-08-28,Bloomberg,"Ram Kishen, 52, half-blind and half-starved, holds in his gnarled hands the reason for his hunger: a tattered card entitling him to subsidized rations that...",https://www.bloomberg.com/news/articles/2012-08-28/poor-in-india-starve-as-politicians-steal-14-5-billion-of-food
wheat,Odd Jobs: Deer Urine Farmer,2012-08-31,Bloomberg,"Nobody is talking about how this upcoming election is going to effect small businesses like ours,” says Judi Collora, 61, the co-founder and co-owner of...",https://www.bloomberg.com/news/articles/2012-08-31/odd-jobs-deer-urine-farmer
wheat,India's Poor Starve as Politicians Steal Their Food,2012-09-06,Bloomberg,"A 20-minute drive from the Indian village of Satnapur, past bone-dry fields and groups of malnourished children, there's a government storage facility...",https://www.bloomberg.com/news/articles/2012-09-06/indias-poor-starve-as-politicians-steal-their-food
wheat,Hunger Stalks My Father’s India Long After Starvation End,2012-10-22,Bloomberg,"It was 1958, my father was still a child, and India was running out of food. That year's wheat crop had slumped by 15 percent, the rice harvest by 12...",https://www.bloomberg.com/news/articles/2012-10-22/hunger-stalks-my-father-s-india-long-after-starvation-banished
wheat,Chart Of The Day: Where Do Your Tax Dollars Go,2012-10-24,investing.com,"You can see where defense spending increased during the Vietnam War ... market, meaning prices are indicative and not appropriate for trading purposes.",https://www.investing.com/analysis/chart-of-the-day:-where-do-your-tax-dollars-go-140932
wheat,Best Investing Resources and Tips,2012-10-26,investing.com,"Indices Futures · Major Indices · Indices Real-Time · World Indices · Global ... market, meaning prices are indicative and not appropriate for trading purposes.",https://www.investing.com/analysis/best-investing-resources-and-tips-141217
wheat,On The Brink Of Global Recession,2012-11-01,investing.com,"Certainly, her exports and foreign earnings are taking a hit but she is ... market, meaning prices are indicative and not appropriate for trading purposes.",https://www.investing.com/analysis/on-the-brink-of-global-recession-141931
wheat,Canada's Corn Belt Attracts the Hot Money,2012-11-08,Bloomberg,"U.S. farmers in the Midwest, the center of corn cultivation in North America, have watched helplessly as the worst drought in more than five decades has...",https://www.bloomberg.com/news/articles/2012-11-08/canadas-corn-belt-attracts-the-hot-money
wheat,Why Can't India Feed Its People?,2012-11-21,Bloomberg,"India was running out of food. That year's wheat crop had slumped by 15 percent, the rice harvest by 12 percent, and prices in the markets were soaring.",https://www.bloomberg.com/news/articles/2012-11-21/why-cant-india-feed-its-people
wheat,One Forecast Of Metal Prices This Decade: What Smart ...,2012-12-25,investing.com,"As economies recover from the global crisis, and the US fiscal cliff and European debt crisis ... market, meaning prices are indicative and not appropriate for ...",https://www.investing.com/analysis/one-forecast-of-metal-prices-this-decade:-what-smart-folks-say-148815
wheat,Latest Data Revisions Show Nominal GDP Gap Started To ...,2012-12-30,investing.com,"Investment added almost nothing to growth, largely due to the drag of a massive, drought-related decrease in farm inventories. ... market, meaning prices are ...",https://www.investing.com/analysis/latest-data-revisions-show-nominal-gdp-gap-started-to-close-in-q3-149091
wheat,Commodity Performance: Don't Forget The Roll Yield,2012-12-30,investing.com,"... futures month, thereby ignoring the roll. The DJ-UBS commodity index ... market, meaning prices are indicative and not appropriate for trading purposes.",https://www.investing.com/analysis/commodity-performance:-don't-forget-the-roll-yield-149061
wheat,India’s ITC Declines as Sensex Completes Best Year Since 2009,2012-12-31,Bloomberg,"Shares of Indian consumer-staple companies fell, countering gains among utilities, as the benchmark BSE India Sensitive Index completed its biggest annual...",https://www.bloomberg.com/news/articles/2012-12-31/india-s-stock-futures-fall-as-central-bank-warns-of-rising-risk
wheat,"Buying the N.Y.S.E., in One Shot",2013-01-20,cnbc.com,... market history. The Dow Jones Industrial Average plunged 900 points in a ... It almost failed when a Canadian company threatened to corner its local energy supply ...,https://www.cnbc.com/2013/01/20/buying-the-nyse-in-one-shot.html
wheat,Cow Smuggling ... It's How Bangladesh Gets Its Beef,2013-01-27,cnbc.com,"... crisis there,"" says Mr. ... But Bangladeshis say there is a simple way to end violence along the border. (Read More: India Poised to Triple Wheat Exports This ...",https://www.cnbc.com/2013/01/27/cow-smuggling-its-how-bangladesh-gets-its-beef.html
wheat,Second Crippling Blizzard in Days Blasts Central US,2013-02-26,cnbc.com,"... drought conditions that have plagued farmers and ranchers across the Midwest ... Global Business and Financial News, Stock Quotes, and Market Data and Analysis.",https://www.cnbc.com/2013/02/26/second-crippling-blizzard-in-days-blasts-central-us.html
wheat,Chart Of The Day: Corporate Profits,2013-03-17,investing.com,"Indices Futures · Major Indices · Indices Real-Time · World Indices · Global ... market, meaning prices are indicative and not appropriate for trading purposes.",https://www.investing.com/analysis/chart-of-the-day:-corporate-profits-159232
wheat,Great Depression Hit One Country Hardest of All,2013-03-26,Bloomberg,Canada had suffered a staggering decline of 34.8 percent in per-capita gross domestic product. No other developed nation was ashard-hit.,https://www.bloomberg.com/view/articles/2013-03-26/great-depression-hit-one-country-hardest-of-all
wheat,When The Term Structure Chart Lies To You…,2013-04-05,investing.com,"Goldman raises oil forecasts as Gulf supply shock seen lasting longer ... market, meaning prices are indicative and not appropriate for trading purposes.",https://www.investing.com/analysis/when-the-term-structure-chart-lies-to-you%E2%80%A6-161757
wheat,A Pantone-Style Color Guide for Beers,2013-04-24,Bloomberg,"Just whip out this handy beer-reference guide, match the colors on the swatches with what's in your glass and bingo: It's Dunkelweizen.",https://www.bloomberg.com/news/articles/2013-04-24/a-pantone-style-color-guide-for-beers
wheat,New Secular Bull Or Just A Range-Bound Bear?,2013-05-06,investing.com,"Dalio believes that the United States has undergone a ""beautiful deleveraging"" process in the wake of the financial crisis of 2008. ... market, meaning prices are ...",https://www.investing.com/analysis/new-secular-bull-or-just-a-range-bound-bear-165768
wheat,Why the McWrap Is So Important to McDonald's,2013-07-03,Bloomberg,"The McWrap is a 10-inch, white-flour tortilla wrapped around 3 ounces of chicken (grilled or “crispy”), lettuce, spring greens, sliced cucumbers, tomatoes, and...",https://www.bloomberg.com/news/articles/2013-07-03/why-the-mcwrap-is-so-important-to-mcdonalds
wheat,"A hungry world: Lots of food, in too few places",2013-07-22,cnbc.com,"""The market trading of commodities is overboard and not helping food prices,"" said Muldavin. ""Why does a bushel of wheat have to be traded five times a day?"" ""I ...",https://www.cnbc.com/2013/07/22/a-hungry-world-lots-of-food-in-too-few-places.html
wheat,U.S. Immigration Reform May Bar South African Farmworkers,2013-07-25,Bloomberg,The wheat industry fears Congress will cut its high-skilled labor supply.,https://www.bloomberg.com/news/articles/2013-07-25/u-dot-s-dot-immigration-reform-may-bar-south-african-farmworkers
wheat,This Stop-Motion Film Required 8 Months of Portland Street Art,2013-07-26,Bloomberg,"Hundreds of wheat-pastes tell the weird tale of a man and his magical, pointy stick.",https://www.bloomberg.com/news/articles/2013-07-26/this-stop-motion-film-required-8-months-of-portland-street-art
wheat,Wheat CME: Selling Opportunity?,2013-08-04,Investing.com,Wheat for December failed just below strong Fibonacci resistance at 681/682 and our selling opportunity here this week. We dipped below 665/664 but just held last week&rsquo;s low of 659/658.So we are...,https://www.investing.com/analysis/wheat-cme:-selling-opportunity-178212
wheat,"Starbucks’s Supermarket Invasion, Now With Juice",2013-08-28,Bloomberg,Whole Foods markets across the country are now stocking Starbucks's Evolution Fresh juices and its new line of Evolution Harvest snack bars.,https://www.bloomberg.com/news/articles/2013-08-28/starbucks-s-supermarket-invasion-now-with-juice
wheat,Farmers raisin' hell over the 'Raisin Reserve',2013-09-04,cnbc.com,"Under a World War II era program, raisins can be forcibly set aside under the Raisin Marketing Order to help support prices. ... Market Data Terms of Use and ...",https://www.cnbc.com/2013/09/04/farmers-raisin-hell-over-the-raisin-reserve.html
wheat,The Price Of Long Term Volatility,2013-09-09,investing.com,"VIX Futures follow a similar curve, the graphic below is from VIX ... market, meaning prices are indicative and not appropriate for trading purposes.",https://www.investing.com/analysis/the-price-of-long-term-volatility-182920
wheat,SPX: Market Breadth Sending Warning Signals?,2013-09-22,investing.com,"Indices Futures · Major Indices · Indices Real-Time · World Indices · Global ... market, meaning prices are indicative and not appropriate for trading purposes.",https://www.investing.com/analysis/spx:-market-breadth-sending-warning-signals-184699
wheat,"Stock Market Secular Trends: Investors, Proceed With ...",2013-09-29,investing.com,"Indices Futures · Major Indices · Indices Real-Time · World Indices · Global ... market, meaning prices are indicative and not appropriate for trading purposes.","https://www.investing.com/analysis/stock-market-secular-trends:-investors,-proceed-with-caution-185715"
wheat,Wheat Holds The Downside,2013-10-07,Investing.com,Wheat for December continued lower as expected to our buying opportunity at 685/685. This held the downside as predicted and could hold again today but any longs need stops below 681 for a test of the...,https://www.investing.com/analysis/wheat-holds-the-downside-186762
wheat,Wheat: Weak Outlook,2013-10-09,Investing.com,Wheat for December hit strong Fibonacci resistance at 695/700 in an overbought market for a selling opportunity and as predicted we saw prices turn lower. We exited longs and tried shorts with stops...,https://www.investing.com/analysis/wheat:-weak-outlook-187150
wheat,7 Cheapest Stock Markets In The World,2013-11-05,investing.com,"Global Energy Shock Sends Stock Markets on Divergent Paths · James ... market, meaning prices are indicative and not appropriate for trading purposes.",https://www.investing.com/analysis/7-cheapest-stock-markets-in-the-world-190655
wheat,United States Share Market,2013-11-13,investing.com,"London Wheat Futures. 182.90. +0.90. +0.49%. Nigeria 10Y. 14.953. 0.000. 0.00 ... market, meaning prices are indicative and not appropriate for trading purposes.",https://ng.investing.com/equities/united-states
wheat,"The 70-Proof Cinnabon, Made for 'People Who Like That Kind of Vodka'",2013-11-22,Bloomberg,"Cinnabon had already given so much to the world, even beyond the hundreds of food courts floating in a heavenly aroma as those gooey, frosted rolls bake in...",https://www.bloomberg.com/news/articles/2013-11-22/the-70-proof-cinnabon-made-for-people-who-like-that-kind-of-vodka
wheat,Markets Entering Blow Off Top,2013-12-02,investing.com,"Indices Futures · Major Indices · Indices Real-Time · World Indices · Global ... market, meaning prices are indicative and not appropriate for trading purposes.",https://www.investing.com/analysis/markets-entering-blow-off-top-193964
wheat,ブラジル：トウモロコシ価格急落で大豆二期作を計画－供給過剰拡大か,2013-12-03,Bloomberg,トウモロコシ価格の急落が大豆相場 にも影響を及ぼしている。ブラジルはトウモロコシより価格が高い大豆 の栽培を増やす見通しで、世界の大豆市場の供給過剰が過去最高...,https://www.bloomberg.co.jp/news/articles/2013-12-04/MX9DMP6JIJV501
wheat,Chick-fil-A Changed Its Ingredients and Didn't Tell Anyone,2013-12-10,Bloomberg,"There are, apparently, a number of ways to make breaded chicken sandwiches healthier. To this end, Chick-fil-A has been quietly switching out ingredients...",https://www.bloomberg.com/news/articles/2013-12-10/chick-fil-a-changed-its-ingredients-and-didnt-tell-anyone
wheat,Where Are We In The Business Cycle?,2013-12-27,investing.com,"Indices Futures · Major Indices · Indices Real-Time · World Indices · Global ... market, meaning prices are indicative and not appropriate for trading purposes.",https://www.investing.com/analysis/where-are-we-in-the-business-cycle-197041
wheat,Japan's Micro Farms Face Extinction as Abe's Reforms Advance,2014-01-03,Bloomberg,"Takashi Nakajima makes $100,000 a year growing lettuce on 12 acres in Japan's Nagano prefecture. The 35-year-old third-generation farmer employs Chinese...",https://www.bloomberg.com/news/articles/2014-01-02/japans-micro-farms-face-extinction-as-abes-reforms-advance
wheat,A Guide to All the Food That's Fit to 3D Print (So Far),2014-01-28,Bloomberg,"Such old favorites as chocolate, candy, and pasta will take on groovier, sculptured forms when extruded from food printers.",https://www.bloomberg.com/news/articles/2014-01-28/all-the-food-thats-fit-to-3d-print-from-chocolates-to-pizza
wheat,Subway Chain Will Stop Putting a Chemical Used in Rubber in Its Bread,2014-02-06,Bloomberg,That footlong loaf baking in your local Subway's oven could contain an ingredient called azodicarbonamide. It's an additive the U.S. Food and Drug...,https://www.bloomberg.com/news/articles/2014-02-06/subway-chain-will-stop-putting-a-chemical-used-in-rubber-in-its-bread
wheat,"To Stop the Coffee Apocalypse, Starbucks Buys a Farm",2014-02-13,Bloomberg,Starbucks bought a Costa Rican coffee farm. It's a lab to cultivate disease-resistant beans and head off the end of joe as we know it.,https://www.bloomberg.com/news/articles/2014-02-13/to-stop-the-coffee-apocalypse-starbucks-buys-a-farm
wheat,US Economic Profile,2014-02-21,investing.com,"Hormuz: Why Markets Are Shrugging Off the Oil Shock · Lance Roberts•. US ... market, meaning prices are indicative and not appropriate for trading purposes.",https://www.investing.com/analysis/us-economic-profile-203486
wheat,Are Corporate Profit Margins At A Peak?,2014-02-23,investing.com,"Hormuz: Why Markets Are Shrugging Off the Oil Shock · Lance Roberts•. US ... market, meaning prices are indicative and not appropriate for trading purposes.",https://www.investing.com/analysis/are-corporate-profit-margins-at-a-peak-203614
wheat,NYSE Margin Debt Hits Another All-Time High,2014-03-03,investing.com,"Indices Futures · Major Indices · Indices Real-Time · World Indices · Global ... market, meaning prices are indicative and not appropriate for trading purposes.",https://www.investing.com/analysis/nyse-margin-debt-hits-another-all-time-high-204523
wheat,Friday's Wheat-Cattle Outlook,2014-03-07,Investing.com,"Good afternoon, dear traders. Today we return to the consideration of the PCI Wheat/F-cattle composite instrument created by GeWorko method. The previous analytical forecast was fully confirmed and...",https://www.investing.com/analysis/friday's-wheat-cattle-outlook-205254
wheat,"For US-Russia, Cold War and corn share long history",2014-03-18,cnbc.com,"The crisis has not affected Ukrainian grain exports to date, with corn futures falling steeply earlier this week after data showing that Ukrainian supply had ...",https://www.cnbc.com/2014/03/18/for-us-russia-cold-war-and-corn-share-long-history.html
wheat,WEAT Quote - Teucrium Wheat Fund - Bloomberg,2014-03-20,Bloomberg,"Performance charts for Teucrium Wheat Fund (WEAT - Type ETF) including intraday, historical and comparison charts, technical analysis and trend lines.",https://www.bloomberg.com/quote/WEAT:US
wheat,The best long-term real estate investment: Farmland,2014-03-24,cnbc.com,"The price surge was partly caused by a rising demand for ethanol, along with other factors, including flooding and drought, higher prices for inputs like fuel ...",https://www.cnbc.com/2014/03/19/the-best-long-term-real-estate-investment-farmland.html
wheat,Wheat CME: Outlook Positive,2014-04-09,Investing.com,"
Wheat failure to beat 679 triggered a return to support at 672/671 which held perfectly in the morning session. In the afternoon we continued lower for 665. Failure here today risks a retest of good...",https://www.investing.com/analysis/wheat-cme:-outlook-positive-209033
wheat,"Relative To Gold And The Dow, Wheat Is Cheap",2014-04-25,investing.com,"Market Analysis by covering: Gold Futures, S&P 500 Futures, London Wheat ... market, meaning prices are indicative and not appropriate for trading purposes.","https://www.investing.com/analysis/relative-to-gold-and-the-dow,-wheat-is-cheap-210672"
wheat,Young Needles in a Haystack: Try Finding American Farmers Under 35,2014-05-07,Bloomberg,"Phil Becker is still working on his Texas ranch at the age of 83. “I get tired pretty easy,” he admits. And it's not just him: American farmers and ranchers...",https://www.bloomberg.com/news/articles/2014-05-07/young-needles-in-a-haystack-try-finding-american-farmers-under-35
wheat,Higher Highs/Higher Lows. Meaning?,2014-05-11,investing.com,"The US Dollar's Next Test: Energy Shock and Fed Week · Günay Caymaz• ... market, meaning prices are indicative and not appropriate for trading purposes.",https://www.investing.com/analysis/higher-highs-higher-lows.-meaning-212372
wheat,Where It's At In The Cycle Is What's Important,2014-05-15,investing.com,"Market Analysis by covering: Gold Spot US Dollar, S&P 500 Futures. Read 's Market Analysis on Investing ... market, meaning prices are indicative and not ...",https://www.investing.com/analysis/where-it%E2%80%99s-at-in-the-cycle-is-what%E2%80%99s-important-212964
wheat,New York Big-Soda Ban Rejected by State’s Highest Court,2014-06-26,Bloomberg,"New York lost its bid to ban oversize sodas in a ruling by the state's highest court, ending for now the city's efforts to revive a regulation struck down in...",https://www.bloomberg.com/news/articles/2014-06-26/new-york-big-soda-ban-rejected-by-n-y-top-court-as-overreach
wheat,"Floods, drought war? It must be El Niño again",2014-07-01,cnbc.com,"Floods, drought war? It must be El Niño again. Published Tue, Jul 1 201410:26 ... Food prices there are already spiking as a result. With India home to ...",https://www.cnbc.com/2014/07/01/floods-drought-war-it-must-be-el-nino-again.html
wheat,4 Phases Of The Bull Market: S&P 500 Edition,2014-07-08,investing.com,"Indices Futures · Major Indices · Indices Real-Time · World Indices · Global ... market, meaning prices are indicative and not appropriate for trading purposes.",https://www.investing.com/analysis/4-phases-of-the-bull-market:-s-p-500-edition-218629
wheat,"Rate Hikes, Markets And The Economy",2014-07-15,investing.com,"""The statistical data suggests that the next economic recession will likely begin in 2016 with a negative market shock occurring late that year, or in 2017.","https://www.investing.com/analysis/rate-hikes,-markets-and-the-economy-219510"
wheat,U.S. 2Y Bond Analysis,2014-07-18,investing.com,"Even a war in Iran couldn't move the rate market that much. Economy ... market, meaning prices are indicative and not appropriate for trading purposes.",https://www.investing.com/rates-bonds/u.s.-2-year-bond-yield-opinion/318
wheat,Best Canned Beers for Summer,2014-07-24,Bloomberg,"Nate Adler, beverage director at Manhattan's Huertas, pairs canned beers with conservas—canned Spanish snacks. Cans chill better than bottles and block light...",https://www.bloomberg.com/news/articles/2014-07-24/canned-beer-a-bartenders-top-summer-six-pack
wheat,"Pre-Ground Coffee Can Contain Corn, Soybeans, Twigs, Dirt",2014-08-12,Bloomberg,"No doubt about it: there is trouble in coffee land. Drought and the spread of ""leaf rust,"" a plant disease, has left growers suffering in Brazil,...",https://www.bloomberg.com/news/articles/2014-08-12/pre-ground-coffee-can-contain-corn-soybeans-twigs-dirt
wheat,Wheat: Oversold Market,2014-08-19,Investing.com,"
Wheat has a bullish double bottom in an oversold market and it is looking more likely we will recover in to the autumn. Today we are below 557/55 having reached 552 and could now see 549. A low for...",https://www.investing.com/analysis/wheat:-oversold-market-223152
wheat,Wheat CME: Outlook Unchanged,2014-09-01,Investing.com,"
Wheat held with Thursday's range to leave today's outlook unchanged. Immediate resistance at 572/571 then the 2 day high is 579 and if we continue higher today look for 582/583 then a retest of...",https://www.investing.com/analysis/wheat-cme:-outlook-unchanged-224378
wheat,Wheat: Bear Trend Dominates,2014-09-23,Investing.com,"
Wheat bear trend dominates as we have stated every day for weeks now BUT we have hit our lower target of 474/473. To repeat what we wrote yesterday: **This is crucial for this week as it is 200 month...",https://www.investing.com/analysis/wheat:-bear-trend-dominates-226766
wheat,The Zinger Double Down King and More Incredible Things From KFC Around the World,2014-10-24,Bloomberg,"You may have heard about KFC's Zinger Double Down King burger, a sandwich available at the chain's Korean restaurants that makes the American Double Down...",https://www.bloomberg.com/news/articles/2014-10-24/kfc-offers-daring-sandwiches-in-korea
wheat,The Math Of Loss,2014-10-28,investing.com,"Hormuz: Why Markets Are Shrugging Off the Oil Shock · Lance Roberts•. US ... market, meaning prices are indicative and not appropriate for trading purposes.",https://www.investing.com/analysis/the-math-of-loss-230574
wheat,Wheat Looking More Positive,2014-11-26,Investing.com,"
Wheat now looks more positive and has reached our target and resistance at 552/553. We topped exactly here as predicted but are trying for a break higher overnight to target 558/559 before November...",https://www.investing.com/analysis/wheat-looking-more-positive-233823
wheat,Holiday Spirits: Build the Perfect Home Bar for 2015,2014-11-28,Bloomberg,"It's cocktail season, and now that you're going to be spending some quality time cozied up in your home, hiding from the weather, it's the perfect...",https://www.bloomberg.com/news/articles/2014-11-26/holiday-spirits-build-the-perfect-home-bar-for-2015
wheat,Snack wars: Can beans become the new potatoes?,2014-12-15,cnbc.com,"Read MoreOrganic farming may be more drought-resistant. At the same time ... Still, Doug Foreman admits, ""It's not an easy thing to build a market where ...",https://www.cnbc.com/2014/12/12/beanitos-trying-to-turn-beans-into-the-new-potatoes.html
wheat,Secular Bull And Bear Markets: Understanding Historical ...,2015-01-04,investing.com,"Indices Futures · Major Indices · Indices Real-Time · World Indices · Global ... market, meaning prices are indicative and not appropriate for trading purposes.",https://www.investing.com/analysis/secular-bull-and-bear-markets:-understanding-historical-trends-237305
wheat,United States Core Producer Price Index (PPI) YoY,2015-01-04,investing.com,"London Wheat Futures. 176.15. -2.50. -1.40%. Nigeria 10Y. 14.952. +0.001. + ... market, meaning prices are indicative and not appropriate for trading purposes.",https://ng.investing.com/economic-calendar/core-ppi-735
wheat,Every City Needs Vancouver's Ban on Food Scraps,2015-01-14,Bloomberg,"To kick off 2015, Vancouver has resolved to eliminate food products from its waste stream entirely.",https://www.bloomberg.com/news/articles/2015-01-14/every-city-needs-vancouver-s-ban-on-food-scraps
wheat,Cynthia Hoffman,2015-01-28,Bloomberg,The asset-management giant thrust itself to the forefront of the discussion over sustainable investing and landed in a political minefield. blackrock-esg-1.,https://bloomberg.com/authors/AP4SI6XXmlo/cynthia-hoffman
wheat,Kadhim Ajrash - Former Freelancer:Iraq,2015-01-29,Bloomberg,Recent stories by Kadhim Ajrash on Bloomberg.com.,https://bloomberg.com/authors/APzcjp2Fb7A/kadhim-ajrash
wheat,Kung Pao Potato: Can China Learn to Love the Spud?,2015-01-30,Bloomberg,"The potato doesn't get a lot of respect in China, where rice and noodles made from wheat typically dominate the dinner plate. Ask a Chinese Mainlander to...",https://www.bloomberg.com/news/articles/2015-01-30/kung-pao-potato-can-china-learn-to-love-the-spud-
wheat,JAKKS Pacific News Today (JAKK),2015-01-30,investing.com,"Indices Futures · Major Indices · Indices Real-Time · World Indices · Global ... market, meaning prices are indicative and not appropriate for trading purposes.",https://www.investing.com/equities/jakks-pacific-news/16
wheat,Brendan Coffey,2015-01-30,Bloomberg,The Bloomberg Billionaires Index lowered its net worth calculation for U.S. Commerce Secretary Wilbur Ross to $860 million after determining that figures he...,https://bloomberg.com/authors/AQsv__ngFr0/brendan-coffey
wheat,Bibhudatta Pradhan,2015-02-01,Bloomberg,Recent stories by Bibhudatta Pradhan on Bloomberg.com.,https://bloomberg.com/authors/ACcNlaVovcU/bibhudatta-pradhan
wheat,Lilian Karunungan,2015-02-02,Bloomberg,Recent stories by Lilian Karunungan on Bloomberg.com.,https://bloomberg.com/authors/APKnnmrJ-HI/lilian-karunungan
wheat,Rene Vollgraaff,2015-02-02,Bloomberg,"South Africa Cuts Fuel Taxes as Prices Spike on Iran War · A gas station in Johannesburg. March 23, 2026. March 23, 2026.",https://bloomberg.com/authors/ARZNEXRbGkE/rene-vollgraaff
wheat,Mahmoud Habboush,2015-02-02,Bloomberg,Recent stories by Mahmoud Habboush on Bloomberg.com.,https://bloomberg.com/authors/AR2UaaUo-Rc/mahmoud-habboush
wheat,Alan Bjerga,2015-02-03,Bloomberg,Recent stories by Alan Bjerga on Bloomberg.com.,https://bloomberg.com/authors/AObE1lMGzh8/alan-bjerga
wheat,Broad Markets: An Exponential Explosion,2015-02-03,investing.com,"Market Analysis by covering: S&P 500, Gold Futures, US Coffee C Futures, Silver Futures. Read 's Market Analysis on Investing ... market, meaning prices are ...",https://www.investing.com/analysis/broad-markets:-an-exponential-explosion-240679
wheat,Rebecca Keenan,2015-02-08,Bloomberg,Recent stories by Rebecca Keenan on Bloomberg.com.,https://bloomberg.com/authors/APCOFNrg6Go/rebecca-keenan
wheat,Yoga Rusmana,2015-02-08,Bloomberg,Recent stories by Yoga Rusmana on Bloomberg.com.,https://bloomberg.com/authors/AOm2dK5SHWI/yoga-rusmana
wheat,"Ramen Lab Has Great Noodles, With No Reservations (or Chairs): Review",2015-02-10,Bloomberg,"There's no list of names or phone numbers at Ramen Lab, a tiny counter in Manhattan's Nolita neighborhood that doesn't take reservations.",https://www.bloomberg.com/news/articles/2015-02-10/ramen-lab-has-great-noodles-with-no-reservations-or-chairs-review
wheat,"Baijiu, China’s Potent Liquor, Is Poised to Try to Make a Splash in the U.S.",2015-02-17,Bloomberg,"Can you be won over by baijiu (pronounced “bye-joe”), China's firewater-like liquor? Ask someone who didn't grow up on the the high-proof, fermented spirit...",https://www.bloomberg.com/news/articles/2015-02-17/baijiu-china-s-potent-liquor-is-poised-to-try-to-make-a-splash-in-the-u-s-
wheat,Infiniti QX80 Review: It Looks Like a Brick but Makes You Feel Like a King,2015-02-20,Bloomberg,"This car doesn't have the biggest engine, but it performs well—especially in snow.",https://www.bloomberg.com/news/articles/2015-02-20/infiniti-qx80-review-it-looks-like-a-brick-but-makes-you-feel-like-a-king
wheat,Katerina Petroff,2015-03-18,Bloomberg,"Keurig Dr Pepper to Buy JDE Peet's for $18 Billion in Revamp. August 24, 2025. August 24, 2025. Valneva Shares Plunge After US Halts Chikungunya Vaccine.",https://bloomberg.com/authors/AP34ln5bPOQ/katerina-petroff
wheat,Jose Orozco,2015-03-23,Bloomberg,José Orozco is a breaking news editor for Bloomberg News in Mexico City covering market moves in Latin America.,https://bloomberg.com/authors/APMODK0fTgU/jose-orozco
wheat,Renegades of Junk: The Rise and Fall of the Drexel Empire,2015-04-01,Bloomberg,"In interviews with more than a dozen Drexel alumni—Milken wouldn't speak on the record—they tell the story of invention, conquest, greed, and defeat in their...",https://www.bloomberg.com/graphics/2015-drexel-burnham-oral-history/
wheat,WisdomTree Wheat,2015-05-11,Bloomberg,"Performance charts for WisdomTree Wheat (WEATP - Type ETF) including intraday, historical and comparison charts, technical analysis and trend lines.",https://www.bloomberg.com/quote/WEATP:FP
wheat,Matthew Miller,2015-05-17,Bloomberg,Recent stories by Matthew Miller on Bloomberg.com.,https://bloomberg.com/authors/ADDgDgskUqc/matthew-miller
wheat,How an American With a Knack for Math Saved India From Famine,2015-05-19,Bloomberg,"Lester Brown has spent his career making shrewd projections about the food, water, and energy people need to survive, and pushing governments to respond.",https://www.bloomberg.com/news/articles/2015-05-19/how-an-american-with-a-knack-for-math-saved-india-from-famine
wheat,コメよりパンに軍配、食生活変化で小麦輸入増－インドネシア,2015-05-20,Bloomberg,インドネシアではコメと麺類を最も好むわけ ではないという人が増えている。パンが新たな主食になりつつある。 サンドイッチのほかケーキやペーストリー、ドーナツなど...,https://www.bloomberg.co.jp/news/articles/2015-05-21/--i9xl1lr0
wheat,America's cheapest states to live in 2015,2015-06-24,cnbc.com,"You'd be surprised at the most affordable places to live in the U.S., thanks to low food prices, great home values and low utility costs.",https://www.cnbc.com/2015/06/24/americas-cheapest-states-to-live-in-2015.html
wheat,It's not easy being green: The two sides of healthy turf,2015-06-27,cnbc.com,"So why aren't drought-stricken Californians opting for the less thirsty turf? ... Global Business and Financial News, Stock Quotes, and Market Data and Analysis.",https://www.cnbc.com/2015/06/25/grass-helps-and-hurts-the-environment.html
wheat,The Great Plains’ Looming Water Crisis,2015-07-02,Bloomberg,"Farming in the northeast corner of Colorado used to be simple: plant corn and watch it grow, irrigated by the massive Ogallala aquifer.",https://www.bloomberg.com/news/articles/2015-07-02/great-plains-water-crisis-aquifer-s-depletion-threatens-farmland
wheat,Exclusive: China's payments system scaled back; trade ...,2015-07-13,investing.com,"Goldman raises oil forecasts as Gulf supply shock seen lasting longer ... market, meaning prices are indicative and not appropriate for trading purposes.",https://uk.investing.com/news/economy-news/exclusive:-china%27s-payments-system-scaled-back;-trade-deals-only---sources-58976
wheat,How Cereal Got a Sugar High,2015-07-17,Bloomberg,"When I was a kid, there were two kinds of breakfast cereal: the kind we ate at home, and the kind we only got to eat when we went backpacking and brought...",https://www.bloomberg.com/view/articles/2015-07-17/cereal-makers-mix-health-claims-with-sugar-overload
wheat,There's a Vending Machine for Ramen Now,2015-07-22,Bloomberg,And you thought instant noodles couldn't get any more “instant.” This week a group of inventors in Shanghai unveiled what is believed to be the first ramen...,https://www.bloomberg.com/news/articles/2015-07-22/shanghai-s-new-ramen-vending-machine-dispenses-instant-noodles
wheat,Bidis in India,2015-07-23,Bloomberg,"Bidi cigarettes made in Kannauj, Uttar Pradesh, India. India's government has raised taxes, required graphic warnings on packages, and barred smoking scenes...",https://www.bloomberg.com/distribution/blog/2015-07-23/bidis-india/
wheat,Manisha Jha,2015-07-25,Bloomberg,Recent stories by Manisha Jha on Bloomberg.com.,https://bloomberg.com/authors/ASWZ3L2PC0s/manisha-jha
wheat,Washington state farmland finds out-of-state buyers,2015-07-31,cnbc.com,"Portions of Washington, Oregon, Idaho and Montana are currently in severe or extreme drought conditions, according to the latest U.S. Drought Monitor. ... prices ...",https://www.cnbc.com/2015/07/31/washington-state-farmland-finds-out-of-state-buyers.html
wheat,Fed's Balance Sheet Still Dictating Market Moves,2015-08-04,investing.com,"Indices Futures · Major Indices · Indices Real-Time · World Indices · Global ... market, meaning prices are indicative and not appropriate for trading purposes.",https://www.investing.com/analysis/the-fed's-balance-sheet-still-dictating-market-moves-260411
wheat,Wheat Glut Erodes U.S. Exports as Cheap Russia Grain Wins Buyers,2015-09-04,Bloomberg,Oil isn't the only commodity where the largest producers are fighting for market share in a world awash with supply.,https://www.bloomberg.com/news/articles/2015-09-03/wheat-glut-erodes-u-s-exports-as-cheap-russia-grain-wins-buyers
wheat,Samuel Gebre,2015-09-16,Bloomberg,+ Get Alerts RSS Feed. Latest. Free Deliveries May Answer Africa's Online Commerce Challenge. Copia Is Latest Africa-Focused Startup to Roll Back Expansion.,https://bloomberg.com/authors/ASeCfxMN3XA/samuel-gebre
wheat,"Bitcoin Is Officially a Commodity, According to U.S. Regulator",2015-09-17,Bloomberg,"Virtual money is officially a commodity, just like crude oil or wheat. So says the Commodity Futures Trading Commission (CFTC).",https://www.bloomberg.com/news/articles/2015-09-17/bitcoin-is-officially-a-commodity-according-to-u-s-regulator
wheat,SPX Futures Recap,2015-09-18,investing.com,"Market Analysis by covering: S&P 500, S&P 500 Futures. Read 's Market ... market, meaning prices are indicative and not appropriate for trading purposes.",https://www.investing.com/analysis/index-futures-recap-265465
wheat,How Bad Will It Get for American Express?,2015-10-15,Bloomberg,"Every year, they got together. Sometimes Costco's top executives would fly to New York to meet with Kenneth Chenault, the chairman and chief executive...",https://www.bloomberg.com/features/2015-how-amex-lost-costco/
wheat,"The Global Economy In 9 Charts: Slowing Growth, EM ...",2015-10-20,investing.com,"... Crisis. Current sentiment is also just as pessimistic as it was during ... market, meaning prices are indicative and not appropriate for trading purposes.",https://www.investing.com/analysis/global-economy-in-charts-268606
wheat,Wheat Remains Under Pressure,2015-10-21,Investing.com,"
Wheat has staged a recovery with first resistance at 494/495 today. However, the outlook is more positive in the short term now, so be ready to buy a break above to target 497/498, perhaps as far as...",https://www.investing.com/analysis/wheat-cme-:-daily-forecast---21-october-2015-268766
wheat,2016 Target Weights for the Bloomberg Commodity Index Announced | Press | Bloomberg LP,2015-10-29,Bloomberg,"Brent Crude Oil will have the largest weight increase in 2016, rising from 7.16% to 7.53%, surpassing WTI Crude Oil which will decline from 7.84% to 7.47%.",https://www.bloomberg.com/company/press/2016-target-weights-for-the-bloomberg-commodity-index-announced/
wheat,The Real British Bake-Off: Can Humble Greggs Beat Pret and M&S?,2015-11-03,Bloomberg,London chef Anna Hansen tests the budget British baker against two of the High Street's more refined lunch options.,https://www.bloomberg.com/news/articles/2015-11-03/greggs-vs-pret-vs-marks-spencer-it-s-the-real-british-bake-off
wheat,Weekly Market Update: Fed Sparks Market Higher,2015-11-03,investing.com,"Goldman raises oil forecasts as Gulf supply shock seen lasting longer · Get 50 ... Watch credit spreads, watch commodity prices and watch market breadth as they ...",https://www.investing.com/analysis/361-capital-weekly-research-briefing-270072
wheat,A Few California Farmers Have Lots of Water. Can They Keep It?,2015-11-04,Bloomberg,"Irrigation canals still flow full in the Imperial Valley, and the farmers know California's thirsty cities will someday come to claim that treasure.",https://www.bloomberg.com/features/2015-imperial-valley-water-barons/
wheat,Saudi Wells Running Dry — of Water — Spell End of Desert Wheat,2015-11-04,Bloomberg,Saudi Wells Running Dry — of Water — Spell End of Desert Wheat · Riyadh will import all the wheat needed for 2016 consumption · Aquifers that had irrigated...,https://www.bloomberg.com/news/articles/2015-11-04/saudi-wells-running-dry-of-water-spell-end-of-desert-wheat
wheat,This Cloth-Making Technology Is Turning Trees Into Noodles,2015-11-18,Bloomberg,"Faced with tightening competition for the textiles it's been making for almost 100 years, Omikenshi Co. is trying to get into the health-food business,...",https://www.bloomberg.com/news/articles/2015-11-17/tree-noodles-a-low-cal-fat-free-way-to-beat-chinese-competition
wheat,Mapping Economic Growth or Decline in 381 U.S. Metros,2015-11-20,Bloomberg,"The map represents 2014 GDP growth for US metros as green cones of varying height. The taller and darker green the cone, the more that city's economy grew last...",https://www.bloomberg.com/news/articles/2015-11-20/mapping-gdp-growth-or-decline-in-381-u-s-metros
wheat,Land Rover Defender Ends 70-Year Run Ferrying Farmers and Royals,2015-11-20,Bloomberg,"The Land Rover Defender is boxy, beastly and beloved. Early next year, it'll be history. For seven decades, the Defender off-road vehicle has barely changed...",https://www.bloomberg.com/news/articles/2015-11-20/land-rover-defender-ends-70-year-run-ferrying-farmers-and-royals
wheat,"Toilets, Not Tarps: What People Really Need After a Natural Disaster",2015-12-03,Bloomberg,Emergency earthquake relief is vital but short-lived. The Dzi Foundation brings Nepalis aid that lasts.,https://www.bloomberg.com/features/2015-nepal-dzi-foundation/
wheat,Bloomberg’s Best Photos of 2015,2015-12-07,Bloomberg,"Janet Yellen (right), chair of the U.S. Federal Reserve, looks toward Thomas Perez, U.S. secretary of labor, during a Labor Hall of Honor induction ceremony...",https://www.bloomberg.com/features/2015-bloomberg-best-photos/
wheat,South African Rand US Dollar (ZAR USD) News,2015-12-14,investing.com,"US Dollar Index Futures · Currency Futures · Currency Brokers. ZAR/USD ... market, meaning prices are indicative and not appropriate for trading purposes.",https://www.investing.com/currencies/zar-usd-news/4
wheat,Wheat: Reduced Crop Acres,2015-12-15,Investing.com,"Reduced crop acres
USDA has lowered its outlook for crop acres of all kinds of wheat in the US in 2016/17 and toughened the requirements to GM wheat control. Will the prices continue increasing?Since...",https://www.investing.com/analysis/technical-analysis-c-wheat-:-2015-12-15-375938
wheat,The 18 Best Dishes in New York This Year,2015-12-17,Bloomberg,"Here's what the year tasted like for our restaurant critic, in 18 spectacular dishes, from caviar flatbread to blood sausage to morning-after bagels.",https://www.bloomberg.com/features/2015-best-new-york-restaurant-dishes/
wheat,A Critic’s Last Look at the Four Seasons and Brasserie,2015-12-22,Bloomberg,"At the landmark Seagram Building's restaurants, the Four Seasons and Brasserie, it's not really about the food.",https://www.bloomberg.com/news/articles/2015-12-22/a-critic-s-last-look-at-the-four-seasons-and-brasserie
wheat,Midwest Flooding Disrupts Everything From Oil to Wheat,2015-12-30,Bloomberg,"Deadly flooding across the U.S. Midwest is disrupting everything from oil to agriculture, forcing pipelines, terminals and grain elevators to close.",https://www.bloomberg.com/news/articles/2015-12-30/floods-shutting-midwest-oil-pipeline-seen-worsening-record-glut
wheat,"The S&P 500, Dow And Nasdaq Since Their 2000 Highs",2016-01-04,investing.com,"Indices Futures · Major Indices · Indices Real-Time · World Indices · Global ... market, meaning prices are indicative and not appropriate for trading purposes.","https://www.investing.com/analysis/the-s-p-500,-dow-and-nasdaq-since-their-2000-highs-378646"
wheat,"How Americans Got So Fat, in Charts",2016-01-07,Bloomberg,"Americans should eat more fruits, vegetables, and whole grains, while cutting back on added sugars, sodium, and saturated fat, according to new dietary...",https://www.bloomberg.com/news/articles/2016-01-07/how-americans-got-so-fat-in-charts
wheat,This Seed Is No Longer Just for the Birds,2016-01-11,Bloomberg,"A grain that was cultivated exclusively for feeding birds may soon find its way into bread, cookies and pasta for gluten-free consumers.",https://www.bloomberg.com/news/articles/2016-01-11/this-seed-no-longer-just-for-birds-as-world-embraces-gluten-free
wheat,The Crop Surplus Is Bad News for America’s Farms,2016-01-13,Bloomberg,"Non-GMO corn is harvested with a John Deere & Co. 9670 STS combine harvester in this aerial photograph taken above Malden, Illinois, U.S., on Wednesday,...",https://www.bloomberg.com/news/articles/2016-01-12/farm-boom-fizzles-as-u-s-crop-surplus-expands-financial-strain
wheat,The Woman Shaping Iran’s Oil Future,2016-01-13,Bloomberg,"At Monsoon, a bistro in Tehran that serves sushi, Szechwan beef, and Gouda and calamari on whole wheat toast, the fusion cuisine is an act of defiance.",https://www.bloomberg.com/news/articles/2016-01-13/the-woman-shaping-iran-s-oil-future
wheat,Saudi Arabia buying up farmland in US Southwest,2016-01-15,cnbc.com,... supply of the highest quality alfalfa hay from outside the (Kingdom of Saudi ... drought. Blythe Mayor Joseph DeConinck said between 10 percent to 15 ...,https://www.cnbc.com/2016/01/15/saudi-arabia-buying-up-farmland-in-us-southwest.html
wheat,Skål! Here’s the Best Craft Beer in Scandinavia,2016-01-18,Bloomberg,"It's no secret that craft brew tourism is on the rise in Sweden, Norway, and Denmark, where these breweries should top your quaffing list.",https://www.bloomberg.com/news/articles/2016-01-18/best-craft-beer-in-sweden-denmark-and-norway
wheat,Coffee Harvest in Indonesia to Tumble From Record on El Nino,2016-01-19,Bloomberg,Coffee production in Indonesia will probably drop 20 percent next year from a record as the strongest El Nino in almost two decades hurts crops in the...,https://www.bloomberg.com/news/articles/2016-01-18/coffee-harvest-in-indonesia-seen-tumbling-from-record-on-el-nino
wheat,U.S. Stock Market: 4 Monthly Stock Charts Say It All,2016-01-19,investing.com,"Goldman raises oil forecasts as Gulf supply shock seen lasting longer · Get 50 ... market, meaning prices are indicative and not appropriate for trading purposes.",https://www.investing.com/analysis/u.s.-market:-these-monthly-stock-charts-say-it-all-380608
wheat,Asset Correlation Under Extreme Market Condition,2016-01-20,investing.com,"Market Analysis by covering: S&P 500, Barclays PLC, Brent Oil Futures, Crude Oil WTI Futures. Read 's Market Analysis on Investing ... market, meaning prices are ...",https://www.investing.com/analysis/asset-correlation-under-extreme-market-condition-380755
wheat,Farm to market: Taking stock of the agricultural land grab,2016-01-21,cnbc.com,"And wheat and corn prices, among other crops, have all plummeted. Pittman ... ""It's not too low demand, but it's too much supply while the increase in demand ...",https://www.cnbc.com/2016/01/21/getting-your-plot-of-american-farmland-.html
wheat,Nestle to Buy Out Food Maker Osem for About $840 Million,2016-02-04,Bloomberg,"Nestle SA agreed to buy out minority shareholders of Osem Investments Ltd., Israel's largest publicly-traded foodmaker, for about 3.3 billion shekels ($844...",https://www.bloomberg.com/news/articles/2016-02-04/nestle-to-buy-out-israeli-food-maker-osem-for-about-840-million
wheat,Smallest Indian Wheat Crop in Six Years Set to Spur Imports,2016-02-10,Bloomberg,"India may harvest its smallest wheat crop in six years after two successive years of below-average monsoon rainfall stresses crops, potentially opening its...",https://www.bloomberg.com/news/articles/2016-02-09/smallest-indian-wheat-crop-in-six-years-set-to-spur-more-imports
wheat,China Builds a Faster Beagle in Gene-Editing Race With U.S.,2016-02-23,Bloomberg,U.S. companies racing to develop a promising gene editing technology are up against a formidable competitor -- the Chinese government.,https://www.bloomberg.com/news/articles/2016-02-23/china-bets-big-on-gene-editing-technology-in-race-against-u-s
wheat,Wheat Forms Positive Candle,2016-03-04,Investing.com,"
Wheat resistance at 461/462 the main challenge for bulls today of course. It looks likely we will fail here and head lower to 458/457, perhaps as far as support at 454/453. This should hold the...",https://www.investing.com/analysis/wheat-cme-daily-forecast---04-march-2016-200120404
wheat,Exclusive - Yemen's food crisis deepens as banks cut ...,2016-03-04,reuters.com,"""Prices are already going up because of the war and the rise in the cost of ... Browse an unrivalled portfolio of real-time and historical market data and ...",https://www.reuters.com/article/world/exclusive-yemens-food-crisis-deepens-as-banks-cut-credit-for-shipments-idUSKCN0W61RS/
wheat,Monsanto’s Roundup Could Get Whacked by European Regulators,2016-03-10,Bloomberg,"glyphosate—the key ingredient in Monsanto's Roundup products—was probably carcinogenic to humans. In the months since, multiple lawsuits have been filed blaming...",https://www.bloomberg.com/news/articles/2016-03-10/monsanto-s-roundup-could-get-whacked-by-european-regulators
wheat,"Negative Interest Rates: Impossible, Unnatural Or Just ...",2016-03-11,investing.com,"It could be a temporary shock to the supply or demand side of bonds ... market, meaning prices are indicative and not appropriate for trading purposes.","https://www.investing.com/analysis/negative-interest-rates:-impossible,-unnatural-or-just-unusual-200121306"
wheat,Egypt's dirty wheat problem,2016-03-15,reuters.com,Supplies Minister Khaled Hanafi told Egyptian reporters in late 2014 that roughly 50 percent of the country's flour supply was stolen. ... market. The ...,http://www.reuters.com/investigates/special-report/egypt-wheat-corruption/
wheat,Cancerous Bread Scare Entangles Egypt's Effort to End Wheat Spat,2016-03-15,Bloomberg,The daily staple sold by Egypt's state bakeries may cause anything from kidney failure and miscarriages to cancer.,https://www.bloomberg.com/news/articles/2016-03-15/cancerous-bread-scare-entangles-egypt-s-effort-to-end-wheat-spat-ilsnlbnd
wheat,Wheat: Outlook Remains Negative,2016-03-18,Investing.com,"
Wheat has held strong support at 462/461 but outlook remains quite negative so longs need stops below 460. A break lower however targets only minor support at 457/356. If we continue lower look for...",https://www.investing.com/analysis/wheat-cme-daily-forecast---18-march-2016-200122059
wheat,Momofuku Nishi’s Hot Take on Italian Might Leave You Cold,2016-03-23,Bloomberg,"Nishi is the kind of rule-smashing restaurant that must fuel Flavio Tosi's deepest, darkest nightmares. A couple of weeks ago, Tosi, the mayor of Verona,...",https://www.bloomberg.com/news/articles/2016-03-23/momofuku-nishi-review-david-chang-does-italian-asian-in-chelsea
wheat,India's sugar exports halt as prices surge on lower output ...,2016-04-04,reuters.com,India's sugar exports halt as prices ... prices in four years due to the Iran war. But with grain prices too low to cushion the blow from the deeper supply ...,https://www.reuters.com/article/world/indias-sugar-exports-halt-as-prices-surge-on-lower-output-forecast-idUSKCN0X20CA/
wheat,Wind and Solar Are Crushing Fossil Fuels,2016-04-06,Bloomberg,"Wind and solar have grown seemingly unstoppable. While two years of crashing prices for oil, natural gas, and coal triggered dramatic downsizing in those...",https://www.bloomberg.com/news/articles/2016-04-06/wind-and-solar-are-crushing-fossil-fuels
wheat,ジャパニーズウイスキーの新たな挑戦、地元産大麦で未知の味わい探求,2016-04-19,Bloomberg,秩父山地を望む丘陵地帯に青々とした大麦畑が広がる。栽培されているのは、明治時代に初めて欧米から導入された醸造用大麦を起源とする「ゴールデンメロン埼玉１号」。,https://www.bloomberg.co.jp/news/articles/2016-04-20/O5NYPR6S972801
wheat,Wheat Price Rises Significantly,2016-04-20,Investing.com,"Bad weather threats sowings
The wheat price rose significantly in the recent 2 days. Market participants worry the crops may suffer from the major flooding in the US state of Texas. The additional...",https://www.investing.com/analysis/technical-analysis-c-wheat-:-2016-04-20-200125757
wheat,Cities Have Had It With Their Ugly Flags,2016-04-28,Bloomberg,A graphic designer in Milwaukee takes action after his city's flag is called “one of the biggest train wrecks.”,https://www.bloomberg.com/news/articles/2016-04-28/some-cities-are-hoping-to-redesign-their-ugly-flags
wheat,"For Kansas Wheat Farmers, It's All About That Yield, Not Acres",2016-05-02,Bloomberg,"When farmers in Kansas planted a lot less wheat this year, it was easy to think that production would slump. But Mother Nature had a different future in...",https://www.bloomberg.com/news/articles/2016-05-01/for-kansas-wheat-farmers-it-s-all-about-that-yield-not-acres
wheat,The 12 Best Beers for Summer,2016-05-16,Bloomberg,"This year, in our quest to find the perfect summer beer, we decided to go straight to the source: some of America's most exciting brewers.",https://www.bloomberg.com/news/articles/2016-05-16/best-beers-for-summer-picked-by-america-s-top-craft-brewers
wheat,Why the Original Maker of Heroin Wants to Sell Corn to Farmers,2016-05-19,Bloomberg,"Since it introduced seeds in 2002, Bayer AG has become the world's third-biggest seller of crop products. But in the past year, the German chemical giant...",https://www.bloomberg.com/news/articles/2016-05-20/bayer-if-you-can-t-be-no-1-in-seeds-buy-your-way-to-the-top
wheat,Tatiana Freitas,2016-06-03,Bloomberg,Recent stories by Tatiana Freitas on Bloomberg.com.,https://bloomberg.com/authors/AS2ZMmX3Wmo/tatiana-freitas
wheat,No Room in U.S. Grain Silos Means Dumping Wheat in Parking Lots,2016-06-03,Bloomberg,"Some American wheat farmers are not only going to lose money on every bushel they harvest this month, many won't have a proper place to store it.",https://www.bloomberg.com/news/articles/2016-06-02/no-room-in-u-s-grain-silos-means-dumping-wheat-in-parking-lots
wheat,Putin Is Growing Organic Power One T-34 Tank-Tomato at a Time,2016-06-07,Bloomberg,"Backed by billionaires' cash, Russian food exports are now worth more than Kalashnikovs and all other military hardware combined.",https://www.bloomberg.com/news/features/2016-06-07/putin-is-growing-organic-power-one-t-34-tank-tomato-at-a-time
wheat,Mark Whitehouse,2016-06-20,Bloomberg,"Mark Whitehouse is a member of the editorial board covering global economics and finance. Previously, he reported on economics for the Wall Street Journal...",https://bloomberg.com/authors/AQfK0quNGHo/mark-whitehouse
wheat,Laura Wright,2016-07-07,Bloomberg,Recent stories by Laura Wright on Bloomberg.com.,https://bloomberg.com/authors/AS5AXS8X5Vs/laura-wright
wheat,America Wastes $160 Billion in Food Every Year But Is Too Busy to Stop,2016-07-22,Bloomberg,Americans say they feel bad about the 130 billion pounds of food (PDF) the nation wastes every year. But not badly enough to do anything about it.,https://www.bloomberg.com/news/articles/2016-07-22/america-wastes-160-billion-in-food-every-year-but-is-too-busy-to-stop
wheat,U.S. seek options as farm loan funds run out of cash,2016-07-25,reuters.com,As the rural sector struggles with low commodity prices and mounting trade ... China condemns EU's inclusion of Chinese entities in sanctions package against ...,https://www.reuters.com/article/business/us-seek-options-as-farm-loan-funds-run-out-of-cash-idUSKCN1052C8/
wheat,"Japan, South Korea block certain U.S. wheat varieties over ...",2016-08-01,reuters.com,"South Korea, the fifth largest market for U.S. wheat, had already said it would ... Nations meet to discuss fossil fuel exit as Iran war drives up prices.",https://www.reuters.com/article/business/environment/japan-south-korea-block-certain-us-wheat-varieties-over-gmo-concerns-usda-idUSKCN10C3CG/
wheat,China’s Insatiable Soybean Hunger Eats Into Record U.S. Crop,2016-08-11,Bloomberg,U.S. farmers just can't seem to grow enough soybeans to satisfy China.,https://www.bloomberg.com/news/articles/2016-08-10/china-s-insatiable-soybean-hunger-eating-into-record-u-s-crop
wheat,Egypt's wheat corruption scandal takes down embattled ...,2016-08-26,reuters.com,Egypt's wheat corruption scandal takes down embattled supply minister. By ... crisis squarely on his shoulders. Advertisement · Scroll to continue.,https://www.reuters.com/article/business/finance/egypts-wheat-corruption-scandal-takes-down-embattled-supply-minister-idUSKCN1110GX/
wheat,The Sloppy Battle for the Future of Craft Rye,2016-09-01,Bloomberg,Raj Bhakta finally found success and prestige with his Whistle Pig whiskey. Now his partners want him out.,https://www.bloomberg.com/features/2016-whistlepig-craft-rye/
wheat,Data | Bloomberg Media Distribution,2016-09-02,Bloomberg,"From news feeds and video packages to reprints, data and more, Bloomberg offers premium business content through the Bloomberg Media Distribution.",https://www.bloomberg.com/distribution/products/data/
wheat,How Glencore’s Roller-Coaster Ride Tamed Its Swashbuckling CEO Ivan Glasenberg,2016-09-07,Bloomberg,Chief Executive Ivan Glasenberg and his band of traders ran the commodities behemoth with swagger. 2015's plunging metal prices and company stock forced them...,https://www.bloomberg.com/features/2016-glencore-ivan-glasenberg/?terminal=true
wheat,Buffett’s Marmon Buys Italy’s Dominioni in Pasta-Equipment Wager,2016-09-20,Bloomberg,"Marmon Holdings Inc., a unit at Warren Buffett's Berkshire Hathaway Inc., bought pasta-equipment maker Dominioni Punto & Pasta Srl, extending its expansion in...",https://www.bloomberg.com/news/articles/2016-09-20/berkshire-s-marmon-buys-pasta-equipment-maker-dominioni-in-italy
wheat,"TED Spread, Baltic Dry Index: Don't Dismiss The Data",2016-09-26,investing.com,"... crisis months before Lehman Brothers collapsed in 2008."" ""More recently ... market, meaning prices are indicative and not appropriate for trading purposes.",https://www.investing.com/analysis/the-risk-of-dismissing-the-data:-the-ted-spread-and-baltic-dry-index-200155362
wheat,"IMF chief sees lower U.S. growth, calls trade barriers ' ...",2016-09-28,investing.com,"Goldman raises oil forecasts as Gulf supply shock seen lasting longer ... market, meaning prices are indicative and not appropriate for trading purposes.","https://www.investing.com/news/economy-news/imf-chief-sees-lower-u.s.-growth,-calls-trade-barriers-%27malpractice%27-429035"
wheat,Russia Becomes a Grain Superpower as Wheat Exports Explode,2016-10-07,Bloomberg,Andrey Burdin is helping turn Russia into something the communists never could: a grain-export powerhouse.,https://www.bloomberg.com/news/articles/2016-10-06/russia-upends-world-wheat-market-with-record-harvest-exports
wheat,Is S&P 500 In The Midst Of A Mean Reversion?,2016-10-20,investing.com,"Indices Futures · Major Indices · Indices Real-Time · World Indices · Global ... market, meaning prices are indicative and not appropriate for trading purposes.","https://www.investing.com/analysis/3-things:-the-howard-marks-problem,-reversions---rates-200159712"
wheat,2017 Target Weights for the Bloomberg Commodity Index Announced | Press | Bloomberg LP,2016-10-20,Bloomberg,"BCOM will see weight increases for 2017 in Grains, Industrial Metals, and Livestock, and decreases in Energy, Precious Metals and Softs.",https://www.bloomberg.com/company/press/2017-target-weights-for-the-bloomberg-commodity-index-announced/
wheat,Caviar Nachos? Noodles? American Chefs Are Going Wild With Fish Roe,2016-10-24,Bloomberg,Chefs these days are finding the most ingenious ways to serve fish eggs. Pick up your caviar spoon and dig in.,https://www.bloomberg.com/news/articles/2016-10-24/caviar-nachos-noodles-american-chefs-are-going-wild-with-fish-roe
wheat,GMOs and Engineered Food,2016-10-26,Bloomberg,Glowing plants. Self-destructing mosquitoes. Frankenfish. There's no denying that genetic engineering is a walk on the weird side. Yet genetically modified...,https://www.bloomberg.com/view/quicktake/engineered-food-gmo
wheat,Margin Debt And The Stock Market,2016-10-28,investing.com,"Market Analysis by covering: S&P 500, US Dollar Index Futures. Read 's Market Analysis on Investing ... market, meaning prices are indicative and not appropriate ...",https://www.investing.com/analysis/margin-debt-and-the-stock-market-200161449
wheat,"Falling prices, borrowing binge doom Midwest 'go-go farmers'",2016-10-31,reuters.com,"An extended U.S. drought during the period pushed agricultural commodity prices to record highs, making farmland loans more attractive to banks. Some lenders, ...",http://www.reuters.com/investigates/special-report/usa-farm-debt/
wheat,7 Charts Show The State Of The Markets Right Now,2016-11-14,investing.com,"Many chartists have pointed out that the banks are slowly returning to share prices not seen since the 2008 financial crisis. ... market, meaning prices are ...",https://www.investing.com/analysis/state-of-the-market-in-7-charts-%E2%80%93-november-2016-edition-200164355
wheat,"Soybeans up for 2nd day on strong demand, U.S. crush data",2016-11-16,reuters.com,"Commodity funds were net buyers of CBOT corn, wheat and soybean futures contracts on Tuesday, traders said. Trader estimates of net fund buying in corn ...",https://www.reuters.com/article/world/us/soybeans-up-for-2nd-day-on-strong-demand-us-crush-data-idUSL4N1DH1C3/
wheat,Family Farms Navigate Risk in the New Economy,2016-11-21,Bloomberg,"The fall U.S. crop harvest has finished, and it's a record. That's the problem. Oversupply has pushed wheat prices to decade lows, while corn is at less...",https://www.bloomberg.com/graphics/2016-farm-economy/
wheat,U.S. companies hope Trump will stick to business roots ...,2016-11-28,reuters.com,"Cuba also represents a potential market for U.S. products such as chickens, wheat and rice, though U.S. farm exports ... war and ​also unprecedented attacks ...",https://www.reuters.com/article/world/us-companies-hope-trump-will-stick-to-business-roots-back-cuba-ties-idUSKBN13O007/
wheat,Why November Was a Massive Month for Markets Around the World,2016-12-01,Bloomberg,"It's been a roller coaster. November marked one of the most decisive shifts for global financial markets in recent years, with a bevy of asset classes...",https://www.bloomberg.com/news/articles/2016-12-01/why-november-was-a-massive-month-for-markets-around-the-world
wheat,These Are the Most Disruptive Ideas of the Past 85 Years,2016-12-13,Bloomberg,"Kitty litter, the euro, YouTube and 82 other ideas that changed the world since Businessweek began.",https://www.bloomberg.com/businessweek/85ideas/
wheat,This Gene-Editing Technology Will Change the World. But Who Gets the Credit?,2016-12-17,Bloomberg,"In the very best invention stories, the tinkerer spends years toiling in obscurity before the big breakthrough. Jennifer Doudna's story is like that.",https://www.bloomberg.com/features/2016-how-crispr-will-change-the-world/
wheat,Tracking the Curse of Global Drought,2016-12-17,Bloomberg,"The big dry spell is only getting worse, from inland California to megacity Brazil.",https://www.bloomberg.com/features/2015-global-drought-stories/
wheat,A (Very) Long History Of Real Interest Rates,2016-12-25,investing.com,"Money is historically cheap – again, we knew this – in a way it hasn't been since the War ... market, meaning prices are indicative and not appropriate for ...",https://www.investing.com/analysis/a-(very)-long-history-of-real-interest-rates-200170740
wheat,Pork giant Smithfield skips middlemen in grain supply chain,2016-12-29,reuters.com,"Trading fees for commercial grain handling can run to 20 cents a bushel in tight-supply markets, but drop to just a few pennies when grain prices are low. Juan ...",https://www.reuters.com/article/world/uk/pork-giant-smithfield-skips-middlemen-in-grain-supply-chain-idUSKBN14J0DB/
wheat,China’s Rural Poor Bear the Brunt of the Nation’s Aging Crisis,2017-01-04,Bloomberg,Shangxule is a hardscrabble farming village in the mountains of the northern Chinese province of Hebei. The elevation is too high for cash crops like...,https://www.bloomberg.com/news/articles/2017-01-05/china-s-rural-poor-bear-the-brunt-of-the-nation-s-aging-crisis
wheat,The Good And Bad News About Inflation (And The Markets),2017-01-22,investing.com,"Market Analysis by covering: S&P 500, iShares MSCI Emerging Markets ETF, iShares MSCI EAFE ETF, US Dollar Index Futures. Read 's Market Analysis on Investing ...",https://www.investing.com/analysis/the-good-and-bad-news-about-inflation-200173112
wheat,Stock Market Bubble Now Second Largest Of Past 100 Years,2017-01-23,investing.com,"Indices Futures · Major Indices · Indices Real-Time · World Indices · Global ... market, meaning prices are indicative and not appropriate for trading purposes.",https://www.investing.com/analysis/stock-market-bubble-now-second-largest-of-past-100-years-200173205
wheat,Where in the World to Feast for Chinese New Year,2017-01-24,Bloomberg,The Year of the Rooster will be celebrated by Chinese communities around the world from Jan. 27—and it's not all about noisy spectacles with firecrackers...,https://www.bloomberg.com/news/articles/2017-01-24/where-in-the-world-to-feast-for-chinese-new-year
wheat,The Nine Reservations You Need in Houston,2017-01-24,Bloomberg,"Super Bowl LI will come and go, but the city's real championship game is happening each and every night in its restaurants. Here's where to eat now.",https://www.bloomberg.com/news/articles/2017-01-24/best-restaurants-in-houston-texas-dining-and-travel-guide
wheat,Grocery Shopping in Mexico: Here’s What’s Made in the USA,2017-01-26,Bloomberg,"Of all the food Mexico imports, nearly four-fifths comes from the US. Tyson Foods and Coca-Cola are among the biggest sellers of American products in Mexico.",https://www.bloomberg.com/features/2016-mexican-groceries/
wheat,S. Africa Approves 1.3 Million Tons of U.S. GMO Corn Imports,2017-01-26,Bloomberg,South Africa issued permits to allow total imports of 1.3 million metric tons of genetically modified corn from the U.S. since allowing entry of the grain...,https://www.bloomberg.com/news/articles/2017-01-25/south-africa-approves-1-3-million-tons-of-u-s-gmo-corn-imports
wheat,Watch Weetabix CEO Turrell: We Feel Good About U.K. Market,2017-01-30,Bloomberg,"Giles Turrell, chief executive officer at Weetabix, discusses the reasons behind his company's investment in U.K. manufacturing, the business influence of...",https://www.bloomberg.com/news/videos/2017-01-30/weetabix-ceo-turrell-we-feel-good-about-u-k-market
wheat,Stocks And Bonds: Don't Count On The Great Rotation,2017-01-30,investing.com,"Goldman raises oil forecasts as Gulf supply shock seen lasting longer ... market, meaning prices are indicative and not appropriate for trading purposes.",https://www.investing.com/analysis/stocks-and-bonds:-don%E2%80%99t-count-on-the-great-rotation-200174095
wheat,Commodity Trading Arm in Sleepy Swiss Village Trips Up ADM,2017-02-08,Bloomberg,"Admitting things didn't go your way is painful for any trader. For Archer-Daniels-Midland Co., one of the world's top merchants of agricultural commodities,...",https://www.bloomberg.com/news/articles/2017-02-07/commodity-trading-arm-in-sleepy-swiss-village-trips-up-adm-again
wheat,Yemen's wheat stocks will run out at end of March: U.N.,2017-02-10,reuters.com,"... wheat crisis than previously thought. On Jan. 27, the top U.N. aid official in the country told Reuters that Yemen had roughly three months' supply. ... war ...",https://www.reuters.com/article/world/yemens-wheat-stocks-will-run-out-at-end-of-march-un-idUSKBN15P2A6/
wheat,Should Farmers Fear Trump?,2017-02-15,Bloomberg,"Kirk Liefer is readying his soybeans for shipment down southern Illinois's Kaskaskia River. The Kaskaskia feeds into the Mississippi, which, to a great...",https://www.bloomberg.com/news/articles/2017-02-16/should-farmers-fear-trump
wheat,Here's How China Can Unleash Its Rural Entrepreneurs,2017-02-20,Bloomberg,Here's one way to unleash the economic potential of rural China: implement reforms that encourage farmers to take out mortgages.,https://www.bloomberg.com/news/articles/2017-02-21/china-s-massive-farming-potential-could-be-unlocked-by-mortgages
wheat,"The Market Is Not The Economy, But Earnings Are (Closer)",2017-02-22,investing.com,"That was certainly the market of 2013-14, where prices blew all balance with earnings that had paused in their recovery from the Great “Recession.” The 2012 ...","https://www.investing.com/analysis/the-market-is-not-the-economy,-but-earnings-are-(closer)-200176475"
wheat,Speculative Blow-Offs in Stock Markets: Part 2,2017-03-07,investing.com,... futures market (which at the time sported a margin requirement of 100%). Fear of a supply shortage won the day. Stock market declines end with brokers ...,https://www.investing.com/analysis/speculative-blow-offs-in-stock-markets-%E2%80%93-part-2-200177993
wheat,Venezuelan Bakers in Government Cross-Hairs as Bread Lines Grow,2017-03-16,Bloomberg,Venezuelan bakeries are the latest industry to find themselves in the cross-hairs of President Nicolas Maduro's administration as bread lines grow in the...,https://www.bloomberg.com/news/articles/2017-03-16/venezuelan-bakers-in-government-cross-hairs-as-bread-lines-grow
wheat,"Exclusive - As austerity-hit Egyptians turn to bread, wheat ...",2017-03-16,reuters.com,"Although small, they showed what could happen if imports do not keep pace with demand or prices go up. ""The bread subsidy will not be touched,"" Supply Minister ...",https://www.reuters.com/article/world/exclusive-as-austerity-hit-egyptians-turn-to-bread-wheat-imports-hit-new-high-idUSKBN16N2B1/
wheat,How to Spot Switzerland’s Truly Rich: An Insider's Guide,2017-03-20,Bloomberg,Here's a way to separate the wheat from the chaff: forget the bling and have a look at the license plate. Switzerland doesn't allow vanity plates.,https://www.bloomberg.com/news/articles/2017-03-20/an-insider-s-guide-to-spotting-the-truly-rich-in-switzerland
wheat,Watch No-Knead Bread Master Makes Sourdough a Snap,2017-03-24,Bloomberg,"Sullivan Street Bakery's founder Jim Lahey demonstrates how to bake gourmet whole-wheat sourdough bread at breakneck speed. (video by: Matt Goldman,...",https://www.bloomberg.com/news/videos/2017-03-24/the-ultimate-fast-track-sourdough-bread-recipe-video
wheat,S&P says Republic of Ghana ratings affirmed at 'B-/B',2017-04-07,reuters.com,"Mapping the Market: Euro propped up by a self-fulfilling technical signal ... The euro has struggled against the dollar since the start of the Iran war, but it's ...",https://www.reuters.com/article/brief-sp-says-republic-of-ghana-ratings-idAFFWN1HF0W1/
wheat,Bring Your Production to Life With The Bloomberg Playback Offering,2017-04-20,Bloomberg,"Looking to enrich your film, television or documentary production with unique and compelling content? Bloomberg offers dynamic, visually-appealing content...",https://www.bloomberg.com/distribution/blog/2017-04-20/bring-production-life-bloomberg-playback-offering/
wheat,"Hey, Gringos, You’re Doing Tequila Wrong",2017-04-27,Bloomberg,"Chantal Martineau on agave beverages, from the Aztecs' pulque to the Cuervos “mixto” to the serious mezcals now showing up in bars.",https://www.bloomberg.com/news/articles/2017-04-28/skip-the-salt-and-drink-the-real-stuff-says-the-author-of-how-the-gringos-stole-tequila
wheat,Russia 10-Year Bond Yield,2017-04-27,investing.com,"U.S. Sanctions On Russian Bonds Limited, But Saber Rattling Is Totally Clear ... market, meaning prices are indicative and not appropriate for trading purposes.",https://www.investing.com/rates-bonds/russia-10-year-bond-yield
wheat,"Asia faces tight noodle wheat supply, Australian farmers ...",2017-04-28,reuters.com,Israel and Hamas at War · Japan · Middle East · Ukraine and Russia at War ... The market has since recovered to trade around $200 a tonne but prices are ...,https://www.reuters.com/article/uk-asia-wheat-noodles-idUSKBN17U0H5/
wheat,Olympian Expands Glencore's Empire With Emerging Food Colossus,2017-05-03,Bloomberg,"Dockside in Rotterdam, the European logistics ace for Glencore Agriculture gives up trying to remember all the workers and contractors who made it possible...",https://www.bloomberg.com/news/articles/2017-05-03/olympian-expands-glencore-empire-with-emerging-food-colossus
wheat,How Corn Took Over American Farms,2017-05-11,Bloomberg,Farmers who had long rotated plantings among a diverse group of grains are increasingly turning to a single one. Corn has always been a mainstay of U.S....,https://www.bloomberg.com/graphics/2017-crop-that-ate-america/
wheat,New Strains of Rice May Help Fight China's Diabetes Scourge,2017-05-11,Bloomberg,"With a stack of small, brown envelopes in hand, Li Jianyue trudges through a rice field in southern China to gather grain specimens she hopes might one day...",https://www.bloomberg.com/news/articles/2017-05-11/fighting-diabetes-with-rice-may-help-china-stem-growing-scourge
wheat,Ramen Chain Looks Outside Japan for Noodle-Powered Growth,2017-05-14,Bloomberg,"To bring savory noodles to locales around the world, the operator of ramen chain Ippudo has had to adapt one of Japan's best-known specialties.",https://www.bloomberg.com/news/articles/2017-05-14/japan-ramen-chain-takes-on-u-s-foodie-scene-for-overseas-growth
wheat,China Pushes Public to Accept GMO as Syngenta Takeover Nears,2017-05-21,Bloomberg,"China will carry out a nationwide poll next month to test the public's acceptance of genetically-modified food, a technology the government says would boost...",https://www.bloomberg.com/news/articles/2017-05-22/china-pushes-public-to-accept-gmo-as-syngenta-takeover-nears
wheat,Why Is It So Hard to Build a $3.4 Billion Mega-Mall Near Paris?,2017-05-21,Bloomberg,"The only thing moving in the broad expanse of wheat, colza, corn and beet fields near Paris is a half-empty city bus trundling along a brand-new road.",https://www.bloomberg.com/news/articles/2017-05-22/dalian-wanda-auchan-fight-for-3-4-billion-europacity-paris-mall
wheat,How China Is Hunting for Food Across the Globe,2017-05-22,Bloomberg,"As China's government sets up farms in developing countries, the nation's food companies are scouring the world for premium products.",https://www.bloomberg.com/news/features/2017-05-22/china-spins-a-global-food-web-from-mozambique-to-missouri
wheat,Why China Must Figure Out How to Feed the Whole World,2017-05-22,Bloomberg,China's 1.4 billion people are building up an appetite that is changing the way the world grows and sells food. The Chinese diet is becoming more like that...,https://www.bloomberg.com/graphics/2017-feeding-china/
wheat,The Headwinds To Higher Oil Prices,2017-05-22,investing.com,"Of course, the financial crisis took hold and quickly realigned prices with demand. The oil Supply-Price imbalance 1960- 2017. Of course, the supply-demand ...",https://www.investing.com/analysis/the-headwinds-to-higher-oil-prices-200190513
wheat,How Bad Food Fears Are Changing China's Farms,2017-05-23,Bloomberg,Organic farms and startups transform the rural landscape after decades of urban migrants abandoning the land.,https://www.bloomberg.com/news/features/2017-05-23/tainted-food-fear-spurs-new-breed-of-chinese-farmer
wheat,Russian Wheat Farmers Will Get Relief as Soggy Fields to Dry Out,2017-06-07,Bloomberg,"Russia's wheat fields are expected to see warm, dry weather in the next two weeks, a relief for farmers that have struggled with a cold and soggy planting...",https://www.bloomberg.com/news/articles/2017-06-08/russian-wheat-farmers-will-get-relief-as-soggy-fields-to-dry-out
wheat,Turkey expedites troop deployment to Qatar as Gulf rift ...,2017-06-08,cnbc.com,... crisis. Lawmakers from Erdogan's ruling AK Party and the nationalist ... Grain traders said Qatar appears to have a comfortable immediate supply of wheat.,https://www.cnbc.com/2017/06/08/turkey-expedites-troop-deployment-to-qatar-as-gulf-rift-escalates.html
wheat,Best sector for value investors now-commentary,2017-06-08,cnbc.com,... market. In the 9th year of a bull market they are getting ... The only issue for crop prices and the businesses within the industry is the supply side.,https://www.cnbc.com/2017/06/08/why-value-investors-are-road-kill-in-this-market-commentary.html
wheat,"Beer Brewed With Flowers? It’s Totally Crushable, Bro",2017-06-09,Bloomberg,"The latest seasonal trend is to include a variety of flowers in the fermentation process for saisons, sours, and wheat beers, among others.",https://www.bloomberg.com/news/articles/2017-06-09/beer-brewed-with-flowers-it-s-totally-crushable-bro
wheat,"Russian shares near 1-year low on US sanctions risk, oil ...",2017-06-14,reuters.com,"Russian stocks slipped close to one-year lows on Wednesday, facing the prospect of a fresh round of U.S. sanctions and lower oil prices while Chinese stocks ...",https://www.reuters.com/article/emerging-markets/emerging-markets-russian-shares-near-1-year-low-on-us-sanctions-risk-oil-rouble-idUSL8N1JB1E2/
wheat,Birdseed Turned Superfood May Help Curb India’s Diabetes Scourge,2017-06-21,Bloomberg,"Podiatrist Vinaya A.S. has bumped across southern India in a bus-turned mobile clinic for 17 years, going village to village checking feet for the...",https://www.bloomberg.com/news/articles/2017-06-21/birdseed-turned-superfood-may-help-curb-india-s-diabetes-scourge
wheat,This Is the Best Ramen You Can Find in Tokyo,2017-06-28,Bloomberg,"From the seemingly infinite number of options, we've asked top chefs and ramen fanatics to pick their favorite bowls in Japan's capital.",https://www.bloomberg.com/features/2017-tokyo-best-ramen/
wheat,Paul T Sweeney - Co-host Bloomberg Surveillance/Markets,2017-06-28,Bloomberg,"Paul T. Sweeney covers the media sector, including entertainment, cable and satellite TV, the Internet, radio and television broadcasting, publishing and...",https://bloomberg.com/authors/ABbzX4rk8xQ/paul-t-sweeney
wheat,Blue Apron's Stock Fizzles in Debut After Disappointing IPO,2017-06-28,Bloomberg,It's not the entree into being a public company that Blue Apron Holdings Inc. was hoping for.,https://www.bloomberg.com/news/articles/2017-06-28/blue-apron-said-to-raise-300-million-after-slashing-ipo-price
wheat,"U.S. Beef Debuts in China After 14 Years, May Help Balance Trade",2017-06-30,Bloomberg,The US aims to export more high-quality and safe farm products to China to help balance trade between the two countries as it marks its first shipment of beef...,https://www.bloomberg.com/news/articles/2017-06-30/u-s-beef-debuts-in-china-after-14-years-may-help-balance-trade
wheat,Louisiana Community Convulses as Climate Policy Shifts,2017-07-03,Bloomberg,The biggest impediment to moving the Louisiana village may be the villagers.,https://www.bloomberg.com/news/features/2017-07-03/louisiana-town-convulsed-by-relocation-as-climate-policy-shifts
wheat,Israeli agriculture know-how often first lands in the West ...,2017-07-04,cnbc.com,"... drought is a problem. But the main target is the ""broadacre"" mass market in the central U.S., where huge acreages are planted with corn, soy beans, alfalfa ...",https://www.cnbc.com/2017/07/04/israeli-agriculture-know-how-often-first-lands-in-the-west-not-india.html
wheat,America's 10 cheapest states to live in 2017,2017-07-11,cnbc.com,"You'll be surprised at the most affordable places to live in the U.S., thanks to low food prices, great home values and low gas and utility costs.",https://www.cnbc.com/2017/07/11/americas-10-cheapest-states-to-live-in-2017.html
wheat,The U.S. Drought Is Turning Wheat Into Hay,2017-07-19,Bloomberg,The stunted wheat plants on Robert Ferebee's parched North Dakota farm were in the worst condition he'd seen in almost three decades.,https://www.bloomberg.com/news/articles/2017-07-18/less-flour-more-cow-food-as-drought-turning-u-s-wheat-into-hay
wheat,Sarah Algethami,2017-07-25,Bloomberg,Recent stories by Sarah Algethami on Bloomberg.com.,https://bloomberg.com/authors/ATUlIqtyBaU/sarah-algethami
wheat,What You’re Doing Wrong When You Eat a Bowl of Ramen,2017-07-27,Bloomberg,"For fans, ramen is a thing of beauty, taut noodles in a steaming rich broth, ready for instant consumption. Yet devouring a bowl of ramen can be...",https://www.bloomberg.com/news/articles/2017-07-27/what-you-re-doing-wrong-when-you-eat-a-bowl-of-ramen
wheat,Russia's TPE says Siemens declined to buy back turbines ...,2017-07-28,investing.com,"Goldman raises oil forecasts as Gulf supply shock seen lasting longer ... market, meaning prices are indicative and not appropriate for trading purposes.",https://uk.investing.com/news/stock-market-news/russia%27s-tpe-says-siemens-declined-to-buy-back-turbines-later-sent-to-crimea-504728
wheat,Aine Quinn,2017-08-01,Bloomberg,"Russia Says Assad Left Syria, Decided to Step Down From Office. November 29, 2024. November 29, 2024. Russia to Limit Wheat Export More Than Usual on...",https://bloomberg.com/authors/ATTe049-mPM/aine-quinn
wheat,Moscow’s Makeover Swaps Soviet Grit for Urban Sparkle,2017-08-09,Bloomberg,"Smart city apps, historically accurate trees, a working subway. While Washington obsesses over sanctions and hacks, Russia is rebranding its capital as a model...",https://www.bloomberg.com/news/features/2017-08-10/moscow-s-makeover-swaps-soviet-grit-for-urban-sparkle
wheat,Technical Analysis: WHEAT/CAD,2017-08-09,Investing.com,"Preparing for the publication of the monthly USDA reportIn this review, we suggest considering the personal composite instrument (PCI) ""Wheat vs. Canadian Dollar"". It increases in case of the wheat...",https://www.investing.com/analysis/technical-analysis-wheatcad--20170809-200206219
wheat,The Curse Of Years Ending In Seven,2017-08-13,investing.com,"Market Analysis by covering: S&P 500, Dow Jones Industrial Average, Gold Futures. Read 's Market Analysis on Investing ... market, meaning prices are indicative ...",https://www.investing.com/analysis/the-curse-of-years-ending-inseven-200206919
wheat,Brooklyn’s Ample Hills Wants to Be the Next Ben & Jerry’s,2017-08-15,Bloomberg,"With Disney CEO Bob Iger in its court and Series A fundraising about to commence, the cult favorite is building a new factory to churn out 1 million gallons...",https://www.bloomberg.com/news/articles/2017-08-15/brooklyn-s-ample-hills-positions-itself-to-be-the-next-ben-jerry-s
wheat,Soviet-Era Grain Record Seen Tumbling on Bumper Russian Crop,2017-08-21,Bloomberg,"The harvest will total at least 130.7 million metric tons this year on bumper wheat and corn crops, said Vladimir Petrichenko, director general of Moscow-based...",https://www.bloomberg.com/news/articles/2017-08-21/soviet-era-grain-record-seen-tumbling-on-bumper-russian-harvest
wheat,"Swiss Meat Is Expensive in Dollars, Cheap in Minutes",2017-08-22,Bloomberg,"Swiss meat prices are pretty hard to stomach at first glance. At $49.68, Switzerland tops the ranking for a kilogram of beef leg round.",https://www.bloomberg.com/news/articles/2017-08-22/swiss-meat-is-expensive-in-dollars-cheap-in-minutes
wheat,Harvey Slams Bumper Texas Cotton Crop at `Worst Possible Time',2017-08-27,Bloomberg,"Torrential rain from Hurricane Harvey is wreaking havoc on the largest U.S. cotton producer, hitting Texas at a time when many farmers are storing excess...",https://www.bloomberg.com/news/articles/2017-08-26/texas-farmers-assess-harvey-damage-to-grain-bins-cotton-crops-j6tt8dlo
wheat,Amazon Cuts Whole Foods Prices as Much as 43% on First Day,2017-08-28,Bloomberg,Amazon.com Inc. spent its first day as the owner of a brick-and-mortar grocery chain cutting prices at Whole Foods Market as much as 43 percent.,https://www.bloomberg.com/news/articles/2017-08-28/amazon-cuts-prices-at-whole-foods-as-much-as-50-on-first-day
wheat,Louis Dreyfus Trader Exodus Leaves Hole in Grain Business,2017-08-30,Bloomberg,"A group resignation of Louis Dreyfus Co.'s grain traders, which sparked a crisis forcing top executives to end a trip in Asia and fly back to Geneva,...",https://www.bloomberg.com/news/articles/2017-08-30/trader-exodus-at-louis-dreyfus-leaves-hole-in-key-grain-business
wheat,穀物トレーダー、集団退社－老舗商品取引会社ルイ・ドレフュス揺れる,2017-08-30,Bloomberg,創業166年の商品取引会社ルイ・ドレフュスから、穀物トレーダーが集団で退社した。同社の最も重要な事業の一つに大きな穴があいたことになる。同社幹部はアジア出張を...,https://www.bloomberg.co.jp/news/articles/2017-08-31/OVJANB6S972801
wheat,WEATL Quote - WisdomTree Wheat Fund,2017-08-31,Bloomberg,"Performance charts for WisdomTree Wheat (WEATL - Type ETF) including intraday, historical and comparison charts, technical analysis and trend lines.",https://www.bloomberg.com/quote/WEATL:EB
wheat,France Stands Out as Germans Lag at End of Europe Wheat Harvest,2017-09-03,Bloomberg,The French are on top and the Germans lagging behind as the European Union's wheat crop draws to a close in a season of contrasts for the world's biggest...,https://www.bloomberg.com/news/articles/2017-09-03/france-stands-out-as-germans-lag-at-end-of-europe-wheat-harvest
wheat,Why China's Farms Are Wrapped in Plastic,2017-09-06,Bloomberg,"Covering soil in plastic has been a boon for agriculture around the world, especially in China, where an area half the size of California is under polyethylene...",https://www.bloomberg.com/news/articles/2017-09-06/wrapped-in-plastic-china-s-farmland-is-suffering-quicktake-q-a
wheat,Opium Seeds Spook Wheat Traders as Egypt Holds Back Cargoes,2017-09-11,Bloomberg,Opium Seeds Spook Wheat Traders as Egypt Holds Back Cargoes ... A dock worker watches as barley grain is loaded onto a transport ship in 2013. ... This article is...,https://www.bloomberg.com/news/articles/2017-09-11/egypt-spooks-wheat-trade-as-opium-worry-holds-back-another-cargo
wheat,https://www.cnbc.com/CNBCsitemapAll12.xml,2017-09-14,cnbc.com,... prices-today.html</loc><lastmod>2024-05-16T14:56:19Z</lastmod></url> <url> ... market-thursday.html</loc><lastmod>2024-05-16T09:17:21Z</lastmod></url> ...,https://www.cnbc.com/CNBCsitemapAll12.xml
wheat,Investor Returns vs. Market Returns: The Failure Endures,2017-09-21,investing.com,"Goldman raises oil forecasts as Gulf supply shock seen lasting longer · Get 50 ... market, meaning prices are indicative and not appropriate for trading purposes.",https://www.investing.com/analysis/investor-returns-vs-market-returns-the-failure-endures-200214598
wheat,The Plan to Feed All Russians Hinges On Homemade Seeds,2017-09-29,Bloomberg,"Russia has transformed its agriculture industry since the Soviet era as imports of foreign capital, equipment and technology helped farmers create one of...",https://www.bloomberg.com/news/articles/2017-09-28/russia-farm-boom-fueling-seed-making-shift-to-challenge-monsanto-j852crw7
wheat,Even Dogs Are Eating Quinoa Now,2017-10-04,Bloomberg,"After all that meat, ancient grains and vegetables make a play for top billing in the bowl.",https://www.bloomberg.com/news/articles/2017-10-04/even-dogs-eat-quinoa-now-as-healthy-plants-come-to-pet-food
wheat,"At Gibsons Italia, a Famed Chicago Steakhouse Adds Pasta to the Mix",2017-10-12,Bloomberg,Gibsons Bar & Steakhouse in Chicago has been renowned for the quality of its USDA prime beef and the perfection of its ice-cold martinis since it opened its...,https://www.bloomberg.com/news/articles/2017-10-11/at-gibsons-italia-a-famed-chicago-steakhouse-adds-pasta-to-the-mix
wheat,シカゴの老舗ギブソンズ、新店舗はイタリアンとステーキ両方が目玉,2017-10-15,Bloomberg,「ギブソンズ・バー＆ステーキハウス」は、1989年にシカゴのラッシュ通りにオープンして以来、極上のステーキやよく冷えたマティーニに定評がある店として知られてきた...,https://www.bloomberg.co.jp/news/articles/2017-10-16/OXS8TMSYF01S01
wheat,"Wheat edges up after 3 days of decline, gains capped by ...",2017-10-18,reuters.com,"... exports, is ... wheat prices. ""Buyers have emerged at these levels several times since late August."" Reflecting the loss of market share for U.S. wheat ...",https://www.reuters.com/article/global-grains-idINL4N1MU1JF/
wheat,A Beer Buoyed by Dead Sea Salt Is Taking the Craft World by Storm,2017-10-23,Bloomberg,"Rising stars and beer veterans alike are helping bring Carakale, the first craft brewery in Jordan, to the United States.",https://www.bloomberg.com/news/articles/2017-10-23/a-beer-buoyed-by-dead-sea-salt-is-taking-the-craft-world-by-storm
wheat,Israel's water worries return after four years of drought,2017-10-23,reuters.com,How to cope with the crisis is ... prices in four years due to the Iran war. But with grain prices too low to cushion the blow from the deeper supply ...,https://www.reuters.com/article/world/israels-water-worries-return-after-four-years-of-drought-idUSKBN1CS1OX/
wheat,New Delhi declares emergency as toxic smog thickens by ...,2017-11-09,cnbc.com,"India Gate, a war memorial in the capital Delhi, is seen covered with smog ... Global Business and Financial News, Stock Quotes, and Market Data and Analysis.",https://www.cnbc.com/2017/11/09/new-delhi-declares-emergency-as-toxic-smog-thickens-by-the-hour.html
wheat,How an Oil Giant (Russia) Came to Dominate Wheat,2017-11-13,Bloomberg,"Russia, a leading exporter of crude oil for decades now, is increasingly dominating another critical global commodity. Its output of wheat has surged in...",https://www.bloomberg.com/news/articles/2017-11-13/how-an-oil-giant-russia-came-to-dominate-wheat-quicktake-q-a
wheat,Europe Is Feeling the Power of Russian Wheat as Exports Drop,2017-11-15,Bloomberg,European wheat exports are buckling under the weight of Russia's record harvest. The world's top shipper is proving a fierce competitor as this year's...,https://www.bloomberg.com/news/articles/2017-11-15/europe-is-falling-behind-russia-in-the-global-wheat-market
wheat,These 10 Paintings Just Sold for Almost $1 Billion,2017-11-20,Bloomberg,"Approximately $2.3 billion of Impressionist, modern, postwar, and contemporary art was sold in five days, yes, but the numbers are skewed pretty dramatically.",https://www.bloomberg.com/news/articles/2017-11-20/these-10-paintings-just-sold-for-almost-1-billion
wheat,"Touring FICO Eataly World, a Magical Kingdom of Pasta: Photos",2017-11-20,Bloomberg,Can a new theme park devoted to all things Italian food convince tourists to skip the country's quiet byways and head straight to the superstore?,https://www.bloomberg.com/news/articles/2017-11-21/touring-fico-eataly-world-a-magical-kingdom-of-pasta-photos
wheat,Business Is Booming for America’s Survival Food King,2017-11-22,Bloomberg,"A year of natural disasters and nuclear threats has suburbanites turning to Wise Co.'s Aaron Jackson, just in case.",https://www.bloomberg.com/news/features/2017-11-22/business-is-booming-for-america-s-survival-food-king
wheat,"India's wheat, pulses output seen rising, to curb imports",2017-11-28,reuters.com,India's production of wheat and pulses is expected to jump in 2018 as a hike in the government's assured purchase prices and ample rainfall have prompted ...,https://www.reuters.com/article/world/indias-wheat-pulses-output-seen-rising-to-curb-imports-idUSKBN1DT0FF/
wheat,Would You Pay $500 for a Skillet If It Was ‘Smart’?,2017-12-01,Bloomberg,"When a recipe tells you to set your stove to “medium-high” heat, what exactly does that mean? As someone who has read—and written—hundreds of recipes,...",https://www.bloomberg.com/news/articles/2017-12-01/review-hestan-cue-cooking-system-a-smart-skillet-worth-500
wheat,Farm-to-Table Is a Great Deal for Farmers—If They Can Get It,2017-12-11,Bloomberg,"For an artisanal bread company, the farmer-producer relationship takes more than just separating the wheat from the chaff.",https://www.bloomberg.com/news/articles/2017-12-11/farm-to-table-is-a-great-deal-for-farmers-if-they-can-get-it
wheat,"Bakers, farmers struggle to make any dough on poor wheat ...",2017-12-11,reuters.com,"The limited amount of high-protein wheat available has caused the market to ration demand, maintaining shipments to countries willing to pay a premium, such ...",https://www.reuters.com/article/world/us/bakers-farmers-struggle-to-make-any-dough-on-poor-wheat-crop-idUSKBN1E518W/
wheat,GMOs Might Feed the World If Only Investors Weren’t So Scared,2017-12-14,Bloomberg,Warnings of hidden risks have hurt interest in grains resistant to the flooding and droughts made worse by climate change.,https://www.bloomberg.com/news/articles/2017-12-14/gmos-might-feed-the-world-if-only-investors-weren-t-so-scared
wheat,"Supply, demand worries pull CME hogs from 4-month high",2017-12-18,reuters.com,... prices hoisted December futures above their 40-day moving average of 119.766 cents. ... Oil prices rise as no end to Iran war stand-off seems in sight · Fuel ...,https://www.reuters.com/article/usa-livestock/livestock-supply-demand-worries-pull-cme-hogs-from-4-month-high-idUSL1N1OI1YL/
wheat,South African Drought Slams Everything From Grapes to Lambs,2017-12-20,Bloomberg,"Sheep farmers around Williston, a rural town in South Africa's drought-hit Northern Cape, face a tough choice: either truck in costly feed to keep their...",https://www.bloomberg.com/news/articles/2017-12-20/wine-grapes-to-lambs-squeezed-as-south-africa-drought-drags-on
wheat,ラーメン専用の｢ラー麦｣、ブランド力で世界へ,2017-12-26,Bloomberg,世界一おいしいラーメンの座を競う「ワールドラーメングランプリ」（ＷＲＧＰ実行委員会主催）で今月、大重食堂（福岡市）の「純ラーメン七節」がグランプリに輝いた。,https://www.bloomberg.co.jp/news/articles/2017-12-26/P1JLXT6KLVR401
wheat,Bread Is the Dish of the Year,2017-12-26,Bloomberg,"From $20 loaves to five-volume masterworks, one of the world's most basic foods is hitting new highs at restaurants, bakeries, and home kitchens.",https://www.bloomberg.com/news/articles/2017-12-26/the-best-bread-at-restaurants-shops-and-to-cook-at-home
wheat,End of 47-Year Japan Rice Program Signals Ramen Wheat Boost,2017-12-26,Bloomberg,"Fukuoka, on Japan's southern island of Kyushu, is expanding production of a locally-developed variety of grain known as Ra-Mugi that's designed to be perfect...",https://www.bloomberg.com/news/articles/2017-12-26/end-of-47-year-japan-rice-program-signals-boost-for-ramen-wheat
wheat,Tough times in the heartland as some farmers hit by losses ...,2017-12-27,cnbc.com,Times are tough in the nation's heartland as farmers struggle with low crop prices for another year. ... market just isn't giving them much today — and ...,https://www.cnbc.com/2017/12/27/some-crop-growers-hit-by-losses-are-weighing-exits-from-agriculture.html
wheat,Ukraine’s Ban on Selling Farmland Is Choking the Economy,2018-01-01,Bloomberg,"Kiev keeps putting off land reforms, despite pressure from the IMF and investors.",https://www.bloomberg.com/news/features/2018-01-02/ukraine-s-ban-on-selling-farmland-is-choking-the-economy
wheat,Americans Will Eat a Record Amount of Meat in 2018,2018-01-02,Bloomberg,"The average consumer will eat 222.2 pounds (100.8 kilos) of red meat and poultry this year, according to the US Department of Agriculture, surpassing a record...",https://www.bloomberg.com/news/articles/2018-01-02/have-a-meaty-new-year-americans-will-eat-record-amount-in-2018
wheat,Top Chefs Are Purposely Burning Your Food,2018-01-16,Bloomberg,"Grano arso, translated literally as “burnt grain,” has become prized for the earthy, toasty flavor it gives pastas and breads.",https://www.bloomberg.com/news/articles/2018-01-16/burnt-flour-grano-arso-in-pasta-and-bread-what-is-it-how-to-use
wheat,Russia Taking Wheat Crown Recalls Communist-Era Dominance,2018-01-18,Bloomberg,Black Sea becomes new focus of wheat market as ex-Soviet countries grab biggest share of global crop since 1980.,https://www.bloomberg.com/news/articles/2018-01-18/russia-taking-wheat-crown-recalls-communist-era-dominance
wheat,"Today's Chart: S&P 500, The Pin The Pricks The Bubble",2018-01-22,investing.com,Markets · Indices · Indices Futures · Major Indices · My Watchlist · News. Financial News. Stock Markets · Earnings · Analysis. Analysis. Market Overview ...,https://www.investing.com/analysis/cotd--the-pin-the-pricks-the-bubble-200282236
wheat,ADM-Bunge Deal Would Create Cargill-Sized Agribusiness Giant,2018-01-22,Bloomberg,The world of agricultural-commodity trading could be upended with the merger of two of its biggest names. Archer-Daniels-Midland Co. has sought deal talks...,https://www.bloomberg.com/news/articles/2018-01-22/adm-bunge-deal-would-create-a-cargill-sized-agribusiness-giant
wheat,First Cryptocurrency Freight Deal Takes Russian Wheat to Turkey,2018-01-23,Bloomberg,"First Cryptocurrency Freight Deal Takes Russian Wheat to Turkey · Prime Shipping Foundation piloted blockchain payment system · Vessel carried 3,000 tons from...",https://www.bloomberg.com/news/articles/2018-01-23/first-cryptocurrency-freight-deal-takes-russian-wheat-to-turkey
wheat,Absolut Exposure: Vodka Label’s Workers Bare All in Ad Campaign,2018-02-05,Bloomberg,"Sweden's Absolut, aiming to turn around years of stagnant sales, is launching a global ad campaign that emphasizes the transparency of its vodka while...",https://www.bloomberg.com/news/articles/2018-02-06/absolut-exposure-vodka-label-s-workers-bare-all-in-ad-campaign
wheat,Some Russians Are Loving This Blizzard of the Century,2018-02-07,Bloomberg,Some Russians Are Loving This Blizzard of the Century.,https://www.bloomberg.com/news/articles/2018-02-07/russia-s-blizzard-of-the-century-is-a-blessing-for-wheat-fields
wheat,Peas Fall From Favor as Canada Farmers Swap Acres for Wheat,2018-02-14,Bloomberg,"Just a few years ago it seemed like Canada's farmers couldn't get peas into the ground fast enough, but they're now falling out of favor.",https://www.bloomberg.com/news/articles/2018-02-14/pea-boom-goes-bust-as-canada-farmers-ditch-pulses-for-canola
wheat,"Orban-Linked Tycoon Piles Wealth Into Stock After 1,700% Rally",2018-02-16,Bloomberg,"Lorinc Meszaros, a gas-fitter turned oligarch and the mayor of Hungarian Prime Minister Viktor Orban's home town, is consolidating more of his wealth in a...",https://www.bloomberg.com/news/articles/2018-02-15/orban-ally-tycoon-groups-wealth-in-opus-fueling-stock-rally
wheat,Russia Is Exporting More Wheat Than Any Country in 25 Years,2018-02-16,Bloomberg,"The world's top exporter is now expected to sell 36.6 million metric tons overseas, according to consultants SovEcon and the Institute for Agricultural Market...",https://www.bloomberg.com/news/articles/2018-02-16/russia-is-exporting-more-wheat-than-any-country-in-25-years
wheat,Iran in Talks With Russia to Import Wheat to Ship as Flour,2018-02-18,Bloomberg,"Iran is holding talks to import 1 million tons of wheat from Russia to export as flour to neighbors Iraq and Afghanistan, Iran Food Confederation Secretary...",https://www.bloomberg.com/news/articles/2018-02-17/iran-in-talks-with-russia-to-import-wheat-to-ship-out-as-flour
wheat,General Mills to Buy Blue Buffalo Pet Food for $8 Billion,2018-02-23,Bloomberg,"General Mills Inc. agreed to buy Blue Buffalo Pet Products Inc. for about $8 billion, adding the maker of natural dog and cat food to a portfolio that...",https://www.bloomberg.com/news/articles/2018-02-23/general-mills-to-buy-blue-buffalo-pet-food-in-8-billion-deal
wheat,"From Russia, With Love: Wheat for Half the World",2018-02-25,Bloomberg,Russian food exports are skyrocketing thanks to the world's appetite for the country's wheat. Food shipments from the Black Sea nation jumped 25 percent...,https://www.bloomberg.com/news/articles/2018-02-26/with-bread-loaves-and-fish-russia-is-a-food-export-powerhouse
wheat,This Father-Son Team Is Rewriting the Rules of Commodities Trading,2018-02-27,Bloomberg,"Even in Asia, where business is often a family affair, Singapore-based tech startup SourceSage is unusual.",https://www.bloomberg.com/news/articles/2018-02-27/father-son-startup-shows-how-apps-are-upending-commodity-trading
wheat,Russia Gets Another Market for its Wheat After Deal With Iran,2018-03-07,Bloomberg,"Iran is giving Russia another market to offload its massive wheat harvest. The Persian Gulf nation has agreed to buy the grain from Russia and Kazakhstan,...",https://www.bloomberg.com/news/articles/2018-03-07/russia-gets-another-market-for-its-wheat-after-deal-with-iran
wheat,ウォール街トレーダーが通う昔ながらの店、今や大きなビジネスに,2018-03-14,Bloomberg,1970年代、ニューヨーク証券取引所のトレーダーらが仕事を終え繰り出す店と言えば「ハリーズ」しかなかった。かつてのウォール街を知る人々にとっては思い出深い場所...,https://www.bloomberg.co.jp/news/articles/2018-03-14/P5KJGG6S972901
wheat,Will Rising Interest Rates Push Gold Higher?,2018-03-18,investing.com,"Goldman raises oil forecasts as Gulf supply shock seen lasting longer ... market, meaning prices are indicative and not appropriate for trading purposes.",https://www.investing.com/analysis/will-rising-interest-rates-push-gold-higher-200298951
wheat,Fed Raises Rates 25bp: Where Are We In The Market Cycle?,2018-03-22,investing.com,"Market Analysis by covering: Gold Futures, Silver Futures. Read 's Market ... market, meaning prices are indicative and not appropriate for trading purposes.",https://www.investing.com/analysis/fed-raises-rates-25bp--where-are-we-in-the-market-cycle-200299823
wheat,5 Charts On The Global Trade Boom,2018-03-25,investing.com,I'm not going to weigh-in on the 'trade war' or 'trade skirmish' which ... Emerging Market Exports: Looking at the export picture it's a similar story ...,https://www.investing.com/analysis/5-charts-on-the-global-trade-boom-200300411
wheat,Bosporus Ship Crash Hits Barley Supply to Top Buyer Saudi Arabia,2018-04-09,Bloomberg,A ship that crashed into an historic building at Turkey's Bosporus Strait this weekend was carrying barley sold to top buyer Saudi Arabia.,https://www.bloomberg.com/news/articles/2018-04-09/bosporus-ship-crash-hits-barley-supply-to-top-buyer-saudi-arabia
wheat,How Stock Markets Have Responded To Tariffs In The Past,2018-04-09,investing.com,"Stock markets have been spooked by talk of a trade war between the US and China. ... market, meaning prices are indicative and not appropriate for trading ...",https://www.investing.com/analysis/how-stock-markets-have-responded-to-tariffs-in-the-past-200304057
wheat,"Satellites Are Great, But They Don’t Beat U.S. Crop Forecasters",2018-04-12,Bloomberg,"For decades, government satellites have been taking detailed photographs of crops around the world that are now being tapped by traders like Cargill Inc. to...",https://www.bloomberg.com/news/articles/2018-04-11/what-satellites-can-t-see-u-s-crop-forecasters-walk-and-learn
wheat,Climate Change Is Messing With Your Dinner,2018-04-13,Bloomberg,"The future of food looks like lots of lobsters, Polish chardonnay and California coffee.",https://www.bloomberg.com/graphics/2018-climate-crops/
wheat,Drug Made From Cannabis Plant Gets Backing From FDA Staff,2018-04-17,Bloomberg,An experimental medication that could become the first drug derived from a marijuana plant approved in the U.S. received a boost from Food and Drug...,https://www.bloomberg.com/news/articles/2018-04-17/drug-made-from-cannabis-plant-gets-backing-from-fda-staff
wheat,Commodities At The Crossroads,2018-04-18,investing.com,... Futures. Read 's Market Analysis on Investing ... This ratio recently hit an all-time low as commodity prices fell while the stock market experienced a huge bull ...,https://www.investing.com/analysis/commodities-at-the-crossroads-200306580
wheat,"Weed Dispensary Comes to NYC's Fifth Avenue, Just in Time for 4/20",2018-04-20,Bloomberg,"Weed—legal weed, that is—has come to midtown Manhattan. Cannabis retailer MedMen opened its first dispensary in the city Friday as part of a bold bet on...",https://www.bloomberg.com/news/articles/2018-04-20/weed-dispensary-comes-to-nyc-s-5th-avenue-just-in-time-for-4-20
wheat,Wheat Review $WEAT ,2018-04-23,Investing.com,"Those that view the message of the market on a daily basis are likely confused by trading noise. While trading noise contributes to the long-term trends, it does not define them. Human behavior tries...",https://www.investing.com/analysis/wheat-review-weat-200307684
wheat,Russia's Wheat Crop Under Threat From Miserable Start to Spring,2018-04-24,Bloomberg,Russia's poor start to spring means farmers may struggle to collect a wheat crop that's near to last year's record. Cold weather in central areas and the...,https://www.bloomberg.com/news/articles/2018-04-25/russia-s-wheat-crop-under-threat-from-miserable-start-to-spring
wheat,The Next Threat Stalking American Farmers Is the End of Cheap Money,2018-04-24,Bloomberg,"American farmers have managed to stay afloat despite years of shrinking crop values, the lowest incomes since the recession and a budding trade war with China.",https://www.bloomberg.com/news/articles/2018-04-24/next-threat-stalking-american-farmers-is-the-end-of-cheap-money
wheat,BILLIONAIRE INVESTOR WARREN BUFFETT SPEAKS ...,2018-05-07,cnbc.com,"We have had world wars, 9/11, Cuban Missile Crisis we have had all kinds of things. ... trade war. What do-- you think happens? By the way, here's a tweet from ...",https://www.cnbc.com/2018/05/07/full-transcript-billionaire-investor-warren-buffett-speaks-with-cnbcs-becky-quick-on-squawk-box-today.html
wheat,Facebook Is Right to Think ‘Likes’ Can Lead to Love,2018-05-11,Bloomberg,"Online dating is a tough business, but the social network has some built-in advantages.",https://www.bloomberg.com/opinion/articles/2018-05-11/facebook-dating-app-should-make-tinder-worry-about-its-appeal
wheat,These Are Global Shipping's Biggest Chokepoints,2018-05-18,Bloomberg,The ability of global trade to feed the world is one of the great success stories of the past generation. More than 1 billion people faced hunger on a...,https://www.bloomberg.com/graphics/2018-food-trade-chokepoints/
wheat,"Corn, soybeans sag on renewed U.S.-China trade tension",2018-05-29,reuters.com,"Wheat futures followed corn and soy lower, retreating after the CBOT July ... CBOT settlement prices: Last Net Pct Volume change change CBOT wheat WN8 ...",https://www.reuters.com/article/business/corn-soybeans-sag-on-renewed-us-china-trade-tension-idUSL2N1T01VZ/
wheat,Latin American Land Owners Are Fighting to Keep Power Lines Out,2018-05-30,Bloomberg,Gilson Denardin always hated the towering transmission lines crisscrossing his farm in northeastern Brazil. So when he caught wind of plans to put up two...,https://www.bloomberg.com/news/features/2018-05-30/latin-american-land-owners-are-fighting-to-keep-power-lines-out
wheat,America’s Largest Private Company Reboots a 153-Year-Old Strategy,2018-06-07,Bloomberg,William Wallace Cargill pioneered the modern agricultural trading industry in 1865 when he established a string of grain warehouses across the American...,https://www.bloomberg.com/news/articles/2018-06-07/america-s-largest-private-company-reboots-a-153-year-old-strategy
wheat,There's Good Reason for Russia to Worry About Expected Bad Weather,2018-06-12,Bloomberg,"Russia's wheat crop is looking even bleaker by the day. In the past week, several analysts ratcheted down their estimates for Russia's wheat crop because of...",https://www.bloomberg.com/news/articles/2018-06-12/russia-s-bad-weather-mix-is-sinking-the-country-s-wheat-crop
wheat,"Trade War Hits Trump Heartland, With Mines, Farms as Targets",2018-06-16,Bloomberg,China's response to U.S. tariffs aims to hit the Trump administration right in its natural resources.,https://www.bloomberg.com/news/articles/2018-06-15/u-s-commodities-in-china-s-crosshairs-as-trade-war-escalates
wheat,A Barrel-Aged Japanese Rice Whisky You Can’t Get in Japan,2018-06-18,Bloomberg,The storied Fukano distillery has released a version of its sought-after spirit that's a welcome addition to the category.,https://www.bloomberg.com/news/articles/2018-06-18/a-barrel-aged-japanese-rice-whisky-you-can-t-get-in-japan
wheat,Soybean prices plunge to nine-year low on US-China trade ...,2018-06-19,cnbc.com,Soybean prices plunge to nine-year low on US-China trade war fears. Published ... market analyst at The Price Futures Group. More than half of U.S. ...,https://www.cnbc.com/2018/06/19/soybean-prices-drop-to-two-year-low-on-us-china-trade-war-fears.html
wheat,"Canadian tariffs on US goods began Sunday, targeting ...",2018-07-01,cnbc.com,"... supply chains that run across North America."" American ... ""We'll see how much but they will have a pretty high tariff for getting into that market.",https://www.cnbc.com/2018/06/30/canadas-tit-for-tat-tariffs-begin-sunday-and-include-whiskey-ketchup.html
wheat,US pork producers brace for new pork tariffs from China ...,2018-07-04,cnbc.com,"However, the threat of a trade war is adding uncertainty and driving fear. One in 4 hogs raised in the U.S. is sold overseas, and the Chinese are the ...",https://www.cnbc.com/2018/07/04/us-pork-producers-brace-for-new-pork-tariffs-from-china-mexico.html
wheat,Bugs Are Coming Soon to Your Dinner Table,2018-07-05,Bloomberg,"On their 500-year-old homestead in southern Finland, Kirsi and Jouko Siikonen have turned from raising pigs to farming six-legged creatures that could help...",https://www.bloomberg.com/graphics/2018-insects-as-food/
wheat,Samuel Estreicher,2018-07-10,Bloomberg,Samuel Estreicher is a law professor at New York University and director of its Center for Labor and Employment Law.,https://bloomberg.com/authors/ARhrpJcqcSc/samuel-estreicher
wheat,"Zimbabwe Faces Foot-and-Mouth Disease Outbreak in South, East",2018-07-11,Bloomberg,Zimbabwe's veterinary department has placed two districts under quarantine and stopped the movement of all cattle in or out after foot-and-mouth disease was...,https://www.bloomberg.com/news/articles/2018-07-11/zimbabwe-faces-foot-and-mouth-disease-outbreak-in-south-east
wheat,Hank Tucker,2018-07-12,Bloomberg,Hank Tucker. + Get Alerts RSS Feed. Latest. A Chipotle Mexican Grill Inc. Restaurant Ahead Of Earnings Figures. Chipotle Bull Helps Erase Year's Woes With...,https://bloomberg.com/authors/ATsVcjUsztM/hank-tucker
wheat,“Black Swan” Pattern Sends Crude Oil Plunging,2018-07-16,investing.com,"... trade war and OPEC's willingness to increase output. However, the US-China tariff war is hardly breaking news. ... market, meaning prices are indicative and ...",https://www.investing.com/analysis/black-swan-pattern-sends-crude-oil-plunging-200331074
wheat,Europe's Blistering Heatwave Is Ruining This Year's Harvest,2018-07-16,Bloomberg,"Looking out over his parched fields south of Berlin, dairy and grains farmer Thomas Gaebert is wishing for rains to save his crops after relentless hot...",https://www.bloomberg.com/news/articles/2018-07-16/europe-s-blistering-heatwave-is-ruining-this-year-s-harvest
wheat,CNBC'S MICHELLE CARUSO-CABRERA INTERVIEWS ...,2018-07-18,cnbc.com,"I think the number one thing you're going to see out of the trade war is the reorientation of the complete supply chain of Japan, Western Europe and the United ...",https://www.cnbc.com/2018/07/18/cnbc-exclusive-cnbcs-michelle-caruso-cabrera-interviews-steve-bannon.html
wheat,Trump's $12 billion aid for farmers risks unintended ...,2018-07-24,cnbc.com,"Nonetheless, farmers generally welcomed the announcement but said it is unlikely to make them ""whole"" due to the financial impact of the trade war and tariffs ...",https://www.cnbc.com/2018/07/24/trumps-12-billion-aid-for-farmers-risks-unintended-consequences.html
wheat,Trade spat with Mexico speeds U.S. decline as global ...,2018-07-26,reuters.com,"U.S. wheat exports to all countries, valued at $2.2 billion, dropped 21 percent. ... trade war that Trump started. PAYING A PREMIUM. Global grain merchant Bunge ...",https://www.reuters.com/article/business/trade-spat-with-mexico-speeds-us-decline-as-global-wheat-supplier-idUSKBN1KG1EZ/
wheat,"Eight Logos for Trump’s Space Force, From Milton Glaser and More",2018-07-27,Bloomberg,"Ever since Richard Danne and Bruce Blackburn's classic NASA logo, graphic design has helped blend our sci-fi dreams with the reality of space exploration.",https://www.bloomberg.com/news/features/2018-07-27/eight-logos-for-trump-s-space-force-from-milton-glaser-and-more
wheat,Sweden Unveils Crisis Package to Help Drought-Stricken Farmers,2018-07-30,Bloomberg,Sweden's government unveiled a 1.2 billion-krona ($137 million) package to help farmers amid a record heat wave and dry-spell across the Nordic country.,https://www.bloomberg.com/politics/articles/2018-07-30/sweden-unveils-crisis-package-to-help-drought-stricken-farmers
wheat,Here’s How America Uses Its Land,2018-07-31,Bloomberg,"The 48 contiguous states alone are a 1.9 billion-acre jigsaw puzzle of cities, farms, forests and pastures that Americans use to feed themselves, power their...",https://www.bloomberg.com/graphics/2018-us-land-use/
wheat,Wheat Market Goes Haywire After Ukraine Signals Export Limits,2018-08-02,Bloomberg,"Wheat prices spiked, reaching a three-year high, and then shot back down after Ukraine sowed confusion in the market with conflicting statements on possible...",https://www.bloomberg.com/news/articles/2018-08-02/ukraine-to-limit-milling-wheat-exports-as-drought-wrecks-crops
wheat,Germany Faces Worst Harvest in 24 Years After Extreme Drought,2018-08-08,Bloomberg,"Germany is likely to harvest its smallest crop in 24 years, meaning that local supply will fall short of demand.",https://www.bloomberg.com/news/articles/2018-08-08/germany-faces-worst-harvest-in-24-years-after-extreme-drought
wheat,Michael Jeffers - Former Editor:Oil Trading Americas,2018-08-09,Bloomberg,Recent stories by Michael Jeffers on Bloomberg.com.,https://bloomberg.com/authors/ATAJKuy4Ieo/michael-jeffers
wheat,US Economy Slowing? Not So Fast!,2018-08-12,investing.com,"Market Analysis by covering: US Dollar Index Futures. Read 's Market ... market, meaning prices are indicative and not appropriate for trading purposes.",https://www.investing.com/analysis/us-economy-slowing-not-so-fast-200338103
wheat,The Other Monsanto Chemical Bayer Investors Should Watch,2018-08-17,Bloomberg,Some Bayer AG investors were surprised to learn about the thousands of farmers lining up before U.S. courts to argue that Roundup -- the blockbuster...,https://www.bloomberg.com/news/articles/2018-08-17/the-other-monsanto-chemical-that-bayer-investors-should-watch
wheat,"Danish farmers' drought losses deepen, more bankruptcies ...",2018-08-22,reuters.com,"The drought, combined with low pork prices, is expected to trigger losses in the Danish agricultural sector not seen since the 2008 financial crisis. ... War ...",https://www.reuters.com/article/business/danish-farmers-drought-losses-deepen-more-bankruptcies-seen-idUSKCN1L70TQ/
wheat,Trump farm bailout to provide $6 billion in initial relief,2018-08-27,cnbc.com,Cotton represented another $1 billion in exports to China while pork and dairy products each accounted for $600 million or more in trade. Trade war looms over ...,https://www.cnbc.com/2018/08/27/trump-farm-bailout-to-provide-6-billion-dollars-in-initial-relief.html
wheat,U.S. wheat growers have Trump's ear on old Canada trade ...,2018-08-31,reuters.com,"While U.S. prices for durum are generally higher than prices at elevators in ... market this year that, since June, durum has fetched more in some ...",https://www.reuters.com/article/world/us-wheat-growers-have-trumps-ear-on-old-canada-trade-gripe-idUSKCN1LG0FZ/
wheat,Cronos Partners With Ginkgo to Develop Lab-Grown Cannabis,2018-09-04,Bloomberg,Cannabis producer Cronos Group Inc. is partnering with Ginkgo Bioworks Inc. in a $122 million deal to genetically engineer the active compounds in marijuana.,https://www.bloomberg.com/news/articles/2018-09-04/cronos-partners-with-ginkgo-to-develop-lab-grown-cannabis
wheat,Nigeria Seeks to Cut Wheat Imports by Boosting Local Output,2018-09-04,Bloomberg,Wheat farmers in Nigeria are planting new varieties more suited to the tropics to boost local production and help cut imports costing more than $4 billion a...,https://www.bloomberg.com/news/articles/2018-09-03/nigeria-seeks-to-cut-wheat-imports-by-boosting-local-output
wheat,Global Forces Have Shifted America’s Harvests,2018-09-07,Bloomberg,The desire and need for diverse local production has declined. There's no need for a little wheat here or a few cows there when agriculture has gone industrial...,https://www.bloomberg.com/graphics/2018-crop-shift/
wheat,‘Big Opportunity’ Looms for Canadian Soybeans in U.S.-China Spat,2018-09-25,Bloomberg,"Canada, a relatively modest participant in the global soybean market, is poised to leap into the fray with a chance to boost exports to China.",https://www.bloomberg.com/news/articles/2018-09-25/-big-opportunity-looms-for-canada-s-soybeans-in-u-s-china-spat
wheat,Malaysia in Talks to Become First in Asia to Allow Medical Pot,2018-09-25,Bloomberg,"Public outrage over a death penalty handed to a 29-year-old man is spurring Malaysia to start talks to legalize marijuana for medical use, racing to become...",https://www.bloomberg.com/news/articles/2018-09-25/malaysia-in-talks-to-become-first-in-asia-to-allow-medical-pot
wheat,Boris Johnson Trolls Theresa May by Running Through Wheat Field,2018-10-01,Bloomberg,"Boris Johnson, the publicity-hungry former foreign secretary, was photographed running through what looked like a field of crops outside his countryside home...",https://www.bloomberg.com/news/articles/2018-10-01/boris-johnson-trolls-theresa-may-by-running-through-wheat-field
wheat,Russia’s Newest Billionaire Made a Fortune From Cheap Booze,2018-10-02,Bloomberg,"Russia's very sober president, Vladimir Putin, has spent 18 years erecting barriers to selling alcohol to a population that's still recovering.",https://www.bloomberg.com/news/articles/2018-10-01/ex-bootlegger-makes-billions-navigating-putin-s-booze-barriers
wheat,Russia's Love of Chocolate Is Helping Tighten World Cocoa Market,2018-10-05,Bloomberg,"Russia's fast-growing appetite for chocolate is helping to boost global cocoa demand, according to Barry Callebaut AG.",https://www.bloomberg.com/news/articles/2018-10-05/russia-s-love-of-chocolate-is-helping-tighten-world-cocoa-market
wheat,'Refugee' soybeans in Dakotas look for home after China ...,2018-10-08,cnbc.com,... trade war with China ... futures market since China announced the tariff. But because Midwest states ...,https://www.cnbc.com/2018/10/08/refugee-soybeans-in-dakotas-look-for-home-after-china-stops-buying.html
wheat,How an Erratic Monsoon Wreaks Havoc on India and Beyond,2018-10-11,Bloomberg,"When there's too much rain, floods cause landslides and wash crops away; hundreds of people die each year. When there's too little, families go hungry and...",https://www.bloomberg.com/graphics/2018-india-monsoon/?terminal=true
wheat,KKR's Noodle Snafu Shows Indonesia Is Still Risky Business,2018-10-11,Bloomberg,KKR & Co. has become the latest US financial company to find out that doing business in Indonesia isn't always straightforward.,https://www.bloomberg.com/news/articles/2018-10-10/kkr-s-noodle-snafu-shows-indonesia-can-still-be-risky-business
wheat,Checkout,2018-10-18,Bloomberg,"A future of retail hub from Bloomberg covering tech disruption, mobile payments, traditional retail, the global consumer and the future of food.",https://www.bloomberg.com/checkout
wheat,Market Outlook: Bear Market Starting In 2019?,2018-10-22,investing.com,"Indices Futures · Major Indices · Indices Real-Time · World Indices · Global ... market, meaning prices are indicative and not appropriate for trading purposes.",https://www.investing.com/analysis/market-outlook-bear-market-starting-in-2019-200349600
wheat,PIC Buys Into Africa's Biggest Feedlot in $365 Million Deal,2018-10-23,Bloomberg,South Africa's Public Investment Corp. and black-economic empowerment group Pelo Agricultural Ventures agreed to pay as much as 5.2 billion rand ($365...,https://www.bloomberg.com/news/articles/2018-10-23/south-africa-s-pic-pelo-buy-majority-stake-in-karan-beef
wheat,The Perfect Swedish Cake—and How to Make It,2018-10-23,Bloomberg,"Four grains are generally used in Nordic baking: wheat, rye, barley and oats. But walk into a Swedish supermarket and you may find 150 types of soft bread,...",https://www.bloomberg.com/news/articles/2018-10-24/the-perfect-swedish-cake-and-how-to-make-it
wheat,U.S. wheat extends rally as Egypt sale boosts export ...,2018-10-29,reuters.com,... wheat futures rebounded from a three-month low struck on Thursday. ... prices and upward revisions to Russian supply helped to curb further gains on Monday.,https://www.reuters.com/article/world/us-wheat-extends-rally-as-egypt-sale-boosts-export-sentiment-idUSL3N1X93TC/
wheat,Italy's Pasta Rule Has Wheat Used in Spaghetti Piling Up in Canada,2018-10-31,Bloomberg,"Italy's Pasta Rule Has Wheat Used in Spaghetti Piling Up in Canada ... This article is for subscribers only. On Gerrid Gust's farm in Saskatchewan, favorable...",https://www.bloomberg.com/news/articles/2018-11-01/wheat-used-in-spaghetti-piles-up-in-canada-on-italy-s-pasta-rule
wheat,Trump's trade war looms over divided U.S. farm belt ahead ...,2018-11-01,reuters.com,"... market. Advertisement · Scroll to continue ... U.S. corn and dairy farmers, in particular, had fretted about the prospect of a North American trade war.",https://www.reuters.com/article/world/trumps-trade-war-looms-over-divided-us-farm-belt-ahead-of-vote-idUSKCN1N65TE/
wheat,How a 205-Year-Old Grain Dynasty Won Activist Victory Over Bunge,2018-11-04,Bloomberg,"In the world of agribusiness, the Fribourgs are royalty. Their 205-year-old family business has shaped some of the biggest twists in global food trading,...",https://www.bloomberg.com/news/articles/2018-11-04/how-a-205-year-old-grain-dynasty-won-activist-victory-over-bunge
wheat,David Chang’s Ramen Invades Midtown’s Fine-Dining Mecca,2018-11-13,Bloomberg,"The chef shares an exclusive look at his new spot, along with an updated noodle technique.",https://www.bloomberg.com/news/articles/2018-11-13/david-chang-s-momofuku-ramen-invades-midtown-fine-dining
wheat,Saudi Rulers Rally Support on Home Front as U.S. Pressure Mounts,2018-11-14,Bloomberg,"It's been more than a decade since any Saudi monarch went to Ha'il, once an outpost on the old pilgrimage trail to Mecca. King Salman's arrival last week in...",https://www.bloomberg.com/news/articles/2018-11-15/saudi-rulers-rally-support-on-home-front-as-u-s-pressure-mounts
wheat,"The Best Mail-Order Pies in America, Ranked",2018-11-14,Bloomberg,Thanksgiving is unquestionably America's greatest food holiday. Yet much of the meal invites controversy. Not everyone is a fan of roasted turkey.,https://www.bloomberg.com/news/features/2018-11-14/here-are-the-best-mail-order-pies-in-america-in-order
wheat,Harvesting in a trade war - U.S. crops rot as storage costs ...,2018-11-20,reuters.com,But Beijing slapped a 25 percent tariff on U.S. soybeans in retaliation for duties imposed by Washington on Chinese exports. ... trade war. As of mid ...,https://www.reuters.com/article/business/harvesting-in-a-trade-war-us-crops-rot-as-storage-costs-soar-idUSKCN1NQ0GQ/
wheat,Lab-Meat Growers Wants Help From Industry They Seek to Disrupt,2018-11-26,Bloomberg,Lab-grown meat producers have already turned to big meat companies for funding. Now they could use the industry's help in displacing regular meat on dinner...,https://www.bloomberg.com/news/articles/2018-11-26/lab-meat-growers-seek-help-from-industry-they-seek-to-disrupt
wheat,Column: China trade truce could benefit more U.S. ...,2018-12-04,reuters.com,"... than expected by many agriculture market participants, as it suggested a possible end to the ongoing trade war and a prospective boost to U.S. exports.",https://www.reuters.com/article/world/column-china-trade-truce-could-benefit-more-us-agriculture-than-just-soy-br-idUSKBN1O32TA/
wheat,"Bunge Is Said Open to Talks With Glencore, ADM as CEO to Leave",2018-12-09,Bloomberg,"Bunge Ltd. will announce as soon as Monday the departure of its chief executive officer, removing a hurdle to further talks with would-be buyers,...",https://www.bloomberg.com/news/articles/2018-12-08/bunge-is-said-open-to-talks-with-glencore-adm-as-ceo-to-leave
wheat,Exclusive: China makes first big U.S. soybean purchase ...,2018-12-12,investing.com,"... trade war truce earlier this month, providing some relief to U.S. farmers ... market, meaning prices are indicative and not appropriate for trading purposes.",https://www.investing.com/news/commodities-news/exclusive-china-makes-first-major-buy-of-us-soybeans-since-trumpxi-meet-1719649
wheat,"Fire, Floods and Famine: The Pessimist’s Guide to 2019",2018-12-14,Bloomberg,"As droughts and wildfires of 2018 showed, climate change can yield some serious complications for global economic stability.",https://www.bloomberg.com/graphics/pessimists-guide-to-2019/
wheat,‘Canada’s Warren Buffett’ Drives His Own Pickup Truck,2018-12-21,Bloomberg,"Jim Pattison roars through rural Saskatchewan in his silver pickup truck, barreling down the prairie road that runs arrow-straight to the horizon.",https://www.bloomberg.com/news/features/2018-12-21/-canada-s-warren-buffett-jim-pattison-drives-own-pickup-truck
wheat,Nothing worked for investors this year,2018-12-21,cnbc.com,So much of the bull market in risk assets over the last nine years was linked to Federal Reserve stimulus put in place to save the economy during the financial ...,https://www.cnbc.com/2018/12/20/the-year-nothing-worked-every-asset-class-is-in-the-red-in-2018.html
wheat,Is China buying U.S. soy? Washington shutdown keeps ...,2018-12-28,reuters.com,... exports to obtain clues as to whether China is following through with promises to buy grain and soy amid the ongoing trade war ... market strategist for the ...,https://www.reuters.com/article/business/is-china-buying-us-soy-washington-shutdown-keeps-traders-guessing-idUSKCN1OR1OT/
wheat,"Trade wars cost U.S., China billions of dollars each in 2018",2018-12-31,reuters.com,"... tariff ... The surge in demand pushed Brazilian soy premiums to a record over U.S. soy futures in Chicago, in an example of the trade war reducing sales for U.S. ...",https://www.reuters.com/article/world/trade-wars-cost-us-china-billions-of-dollars-each-in-2018-idUSKCN1OR1JH/
wheat,CPTPP: American farmers set for pain as Pacific trade deal ...,2018-12-31,cnbc.com,"American beef and wheat exports, in particular, are expected to suffer. ... The deal can help ensure ""that a trade war in the Pacific does not hit ...",https://www.cnbc.com/2018/12/31/cptpp-american-farmers-set-for-pain-as-pacific-trade-deal-kicks-in.html
wheat,Shutdown Data Delay Is ‘Bad Deal’ for Farmers Who Need to Make Crop Plans,2019-01-04,Bloomberg,The U.S. government shutdown means the Department of Agriculture will delay the release of several market-moving reports at a time when farmers start to...,https://www.bloomberg.com/news/articles/2019-01-04/usda-data-delay-is-bad-deal-as-farmers-need-to-make-crop-plans
wheat,Ranking The Current US Stock Market Drawdown Vs. History,2019-01-08,investing.com,"Based on futures trading this morning, however, it appears that the ... market, meaning prices are indicative and not appropriate for trading purposes.",https://www.investing.com/analysis/ranking-the-current-us-stock-market-drawdown-vs-history-200373549
wheat,Pacific trade deal spurs Canadian farm sales to Japan as ...,2019-01-10,reuters.com,"Farmers are key Trump supporters, but they have been among the hardest-hit from a trade war with China. ... Wheat Associates, which promotes the country's wheat ...",https://www.reuters.com/article/world/pacific-trade-deal-spurs-canadian-farm-sales-to-japan-as-us-watches-idUSKCN1P4254/
wheat,Understanding Market Cycles,2019-01-14,investing.com,"Market Analysis by covering: S&P 500, US Dollar Index Futures. Read 's Market Analysis on Investing ... market, meaning prices are indicative and not appropriate ...",https://www.investing.com/analysis/understanding-market-cycles-200375119
wheat,Climate and Cyber Risks Top Concerns Facing the World in 2019,2019-01-16,Bloomberg,"The failure to tackle climate change and extreme weather events are the most threatening global risks this year, according to the World Economic Forum.",https://www.bloomberg.com/news/articles/2019-01-16/climate-and-cyber-risks-top-concerns-facing-the-world-in-2019
wheat,Wall Street advances as industrials jump on trade hopes,2019-01-17,investing.com,"""It shows how badly people want the trade war to end."" Earlier, industrial ... market, meaning prices are indicative and not appropriate for trading purposes.",https://www.investing.com/news/stock-market-news/futures-down-after-morgan-stanley-results-trade-worries-1749705
wheat,CEO Josh Hix Steps Down at Albertsons-Owned Meal-Kit Company Plated,2019-01-22,Bloomberg,"The chief executive officer of meal-kit delivery company Plated is stepping down, according to an email from parent company Albertsons Cos.",https://www.bloomberg.com/news/articles/2019-01-22/ceo-hix-steps-down-at-albertsons-owned-meal-kit-company-plated
wheat,Did You Fail at Veganuary? Supermarkets Won't,2019-01-25,Bloomberg,"The UK meat-free food market, which covers both vegetarian and vegan items, may have been worth 740 million pounds ($969 million) in 2018, and could reach 1.1...",https://www.bloomberg.com/view/articles/2019-01-26/uk-supermarkets-fatten-profit-margins-from-vegan-free-from-food
wheat,Atul Prakash,2019-01-31,Bloomberg,"India Allows Some Exports of Wheat Products After Three-Year Ban. January 20, 2026. January 20, 2026. India Allows Some Exports of Wheat Products After...",https://bloomberg.com/authors/ATLML3X5rr0/atul-prakash
wheat,Ashley Robinson,2019-02-19,Bloomberg,Recent stories by Ashley Robinson on Bloomberg.com.,https://bloomberg.com/authors/AT-0gGLwHQI/ashley-robinson
wheat,China to Propose $30 Billion More U.S. Agriculture Purchases,2019-02-21,Bloomberg,"China is proposing that it could buy an additional $30 billion a year of US agricultural products including soybeans, corn and wheat as part of a possible...",https://www.bloomberg.com/news/articles/2019-02-21/china-said-to-propose-30-billion-more-u-s-agriculture-imports
wheat,Where to Find the Best Pasta in Rome,2019-02-21,Bloomberg,"“Cacio e pepe, carbonara, and amatriciana are synonymous with the Italian capital,” says Rome-based writer and cookbook author Katie Parla.",https://www.bloomberg.com/features/2019-rome-best-pasta/?terminal=true
wheat,"Scientists Breed Salt-Loving Crops, But World Is Slow to Bite",2019-02-27,Bloomberg,Scientists in Dubai are developing crops like quinoa that can thrive in the salty soils intruding into the world's croplands.,https://www.bloomberg.com/news/articles/2019-02-27/not-just-for-hipsters-quinoa-emerges-as-climate-change-savior
wheat,"Winter's March Swipe at NYC Promises Icy Temps, Sloppy Walks",2019-02-27,Bloomberg,New York may face an icy reminder Wednesday that winter isn't yet over. While frigid temperatures sweeping the US at the start of March probably won't greatly...,https://www.bloomberg.com/news/articles/2019-02-27/february-takes-a-slushy-swipe-at-new-york-as-chill-freezes-u-s
wheat,Dangote Flour Mills Plc,2019-02-27,Bloomberg,Dangote Flour Mills Plc is involved in the milling of wheat and production of wheat products. The Company is based in Nigeria.,https://www.bloomberg.com/profile/company/DANGFLOU:NL
wheat,JPMorgan Pulls Crop Brokers From Chicago Options Trading Floor,2019-03-01,Bloomberg,JPMorgan Chase & Co. is pulling its agricultural commodity brokers from the options floor in Chicago amid a shift to electronic trading.,https://www.bloomberg.com/news/articles/2019-03-01/jpmorgan-pulls-crop-brokers-from-chicago-options-trading-floor
wheat,Here’s What British People Would Eat in a Worst-Case Brexit,2019-03-03,Bloomberg,"If trade routes really were to shut down, a hypothetical U.K. diet would leave a lot to be desired.",https://www.bloomberg.com/news/features/2019-03-04/here-s-what-british-people-would-eat-in-a-worst-case-brexit
wheat,DFM Foods Ltd - Company Profile and News,2019-03-06,Bloomberg,DFM Foods Ltd. manufactures snack foods and wheat products. More from Bloomberg. Spirit Bailout Talks Said to Have Ended With Closure Looming.,https://www.bloomberg.com/profile/company/DFMF:IN
wheat,ボーイング７３７ＭＡＸ、２つの事故に共通点－離陸後に特異な動き,2019-03-11,Bloomberg,エチオピア航空の墜落事故は、昨年10月29日にインドネシア沖に墜落した航空機事故と明らかな類似点がある。ともにほぼ新品のボーイング７３７ＭＡＸ８型機で離陸後間もなく...,https://www.bloomberg.co.jp/news/articles/2019-03-11/PO7NTE6VDKHU01
wheat,American Farmers Confront a Mental Health Crisis,2019-03-20,Bloomberg,The worst agricultural downturn since the 1980s is taking its toll on the emotional well-being of American farmers.,https://www.bloomberg.com/news/articles/2019-03-20/america-s-farmers-call-for-help-as-debts-climb-to-1980s-levels
wheat,Back to the Marc Rich Days as U.S. Probes Commodity Traders,2019-03-25,Bloomberg,Not since the days of fugitive oil merchant Marc Rich has the commodities trading industry faced so much global scrutiny. The biggest independent oil and...,https://www.bloomberg.com/news/articles/2019-03-25/back-to-the-marc-rich-days-as-u-s-probes-commodity-traders
wheat,Your Next Plate of Pasta Could Be Hydrogen-Powered,2019-03-27,Bloomberg,The Milan-based company started pumping a 5 percent hydrogen blend into the pipeline that fuels a pasta maker and a mineral water bottler near Salerno in...,https://www.bloomberg.com/news/articles/2019-03-28/that-s-italian-gas-distributor-serves-up-hydrogen-powered-pasta
wheat,One of Africa’s Most Fertile Lands Is Struggling to Feed Its Own People,2019-04-02,Bloomberg,"Sudan could be one of the world's great breadbaskets. Instead, land disputes and steep food prices have pushed it to the brink.",https://www.bloomberg.com/features/2019-sudan-nile-land-farming/
wheat,Saudi Government's Agriculture Investor Buys Australian Farmland,2019-04-03,Bloomberg,Saudi Agricultural & Livestock Investment Co. bought 200000 hectares of farmland in Australia as the company explores global deals to expand its business.,https://www.bloomberg.com/news/articles/2019-04-04/saudi-government-s-agriculture-investor-buys-australian-farmland
wheat,Happy State Bank Is the Only Game in Town for These Texas Farmers,2019-04-06,Bloomberg,"Drought, the trade war with China, and rising interest rates are on the minds of many as spring planting gets underway in Silverton, Texas.",https://www.bloomberg.com/news/features/2019-04-06/happy-state-bank-is-the-only-game-in-town-for-these-texas-farmers
wheat,Take Five: Wall Street calling! World market themes for the ...,2019-04-12,investing.com,"... trade war have left markets treading water. But with fewer traders at their ... market, meaning prices are indicative and not appropriate for trading purposes.",https://www.investing.com/news/economy/take-five-wall-street-calling-world-market-themes-for-the-week-ahead-1834688
wheat,"Global GDP Growth Slowing, Serious Crisis Remains ...",2019-04-14,investing.com,"Moreover, this threat of the trade war impacted adjacent Asian economies ... market, meaning prices are indicative and not appropriate for trading purposes.",https://www.investing.com/analysis/global-gdp-growth-is-slowing-but-a-serious-crisis-remains-unlikely-200406556
wheat,Why The Stock Market Rally Doesn't Make Sense,2019-04-29,investing.com,"Market Analysis by covering: S&P 500, Crude Oil WTI Futures, CBOE ... market, meaning prices are indicative and not appropriate for trading purposes.",https://www.investing.com/analysis/the-stock-markets-rally-doesnt-make-any-sense-200412650
wheat,"Voracious pest threatens China's crops, could boost need ...",2019-05-08,cnbc.com,"... supply, according to the U.S. Department of Agriculture ... Before the U.S.-China trade war, China was importing about 60% of all U.S. soybean exports.",https://www.cnbc.com/2019/05/08/voracious-pest-threatens-chinas-crops-could-boost-need-for-imports.html
wheat,McShares Inc,2019-05-10,Bloomberg,"McShares Inc. manufactures products for the flour milling and baking industry. The Company produces flour additives, additive dispensing systems.",https://www.bloomberg.com/profile/company/9663179Z:US
wheat,Tereos Starch & Sweeteners Belgium SA,2019-05-10,Bloomberg,"The Company processes corn, wheat, potato, and cassava to manufacture a range of starches, liquid and dry sweeteners, alcohol, polyols, fibers, feed...",https://www.bloomberg.com/profile/company/3726394Z:BB
wheat,Liven SA,2019-05-10,Bloomberg,"Liven SA manufactures snackfoods. The Company offers private and branded label products including wheat flour tortilla, tex-mex products, popcorns, dry fruits...",https://www.bloomberg.com/profile/company/3778004Z:SM
wheat,Westland Trading LLC,2019-05-10,Bloomberg,"Westland Trading, LLC provides agriculture products. The Company grows, protects, and harvests wheat crops, as well as renders crop protection and planting...",https://www.bloomberg.com/profile/company/1076539D:US
wheat,U.S. plans more aid for farmers amid China trade spat,2019-05-10,reuters.com,"... trade war on agriculture ... categoryEngine maker Horse plans India move to supply growing small car market, CEO says.",https://www.reuters.com/article/business/us-plans-more-aid-for-farmers-amid-china-trade-spat-idUSKCN1SG1JX/
wheat,GWK Ltd,2019-05-10,Bloomberg,"GWK Limited is a sustainable agricultural company. The Company provides a range of products including maize, wheat, oilseeds, cotton, dried beans, olives, wine...",https://www.bloomberg.com/profile/company/192758Z:SJ
wheat,J Macedo S/A,2019-05-10,Bloomberg,"J Macedo S/A manufactures and distributes wheat flour products. The Company produces cake mixes, pasta, desserts, yeasts, donuts, yeast, flour, cookies, baking...",https://www.bloomberg.com/profile/company/284348Z:BZ
wheat,Pioneer Hi-Bred International Inc,2019-05-10,Bloomberg,"Pioneer Hi-Bred International Inc. distributes agricultural products. The Company provides products such as corn, soybeans, sunflowers, canola oil, wheat,...",https://www.bloomberg.com/profile/company/2288005Q:US
wheat,Grain Craft LLC,2019-05-10,Bloomberg,"Grain Craft, LLC manufactures flour and grain-based ingredients for the food industry. The Company supplies bulk and bagged flours, conducts research in...",https://www.bloomberg.com/profile/company/0348094D:US
wheat,Roquette Italia SpA,2019-05-11,Bloomberg,"Roquette Italia SPA provides grain mill products. The Company process plant based raw materials, including maize, wheat, potatoes, peas, and other grain...",https://www.bloomberg.com/profile/company/3899058Z:IM
wheat,Gotw Pty Ltd,2019-05-11,Bloomberg,"Honan Holdings Pty Ltd provides farm services. The Company offers crop harvesting, processed wheat products, and flour milling.",https://www.bloomberg.com/profile/company/9674411Z:AU
wheat,Erisler Gida Sanayi Ve Ticaret AS,2019-05-11,Bloomberg,"Erisler Gida Sanayi Ve Ticaret AS manufactures and distributes flours. The Company mills grain into bakery, noodle, pasta, pastry, wheat flour, and wheat bran.",https://www.bloomberg.com/profile/company/6108463Z:TI
wheat,Nibulon SA,2019-05-11,Bloomberg,"Nibulon SA produces agriculture products. The Company produces and exports wheat, barley, corn, sunflower, sorghum, rye, and soya seeds.",https://www.bloomberg.com/profile/company/0313128D:SW
wheat,Henan Tianguan Group Co Ltd,2019-05-11,Bloomberg,"Henan Tianguan Group Co., Ltd. manufactures and markets biofuels. The Company produces denatured fuel ethanol, ethanol based products, and other products.",https://www.bloomberg.com/profile/company/HTGRZ:CH
wheat,Holsum de Puerto Rico Inc,2019-05-11,Bloomberg,"Holsum de Puerto Rico, Inc. produces bread and pastry products. The Company offers whole wheat, light breads, toasts, pies, coffee cakes, pound cakes,...",https://www.bloomberg.com/profile/company/0106825D:US
wheat,Harbar LLC - Company Profile and News,2019-05-11,Bloomberg,Harbar LLC manufactures and markets mexican tortillas products. The Company offers products which includes grocery line of flour and corn tortillas.,https://www.bloomberg.com/profile/company/6717212Z:US
wheat,Cosmos International Ltd,2019-05-11,Bloomberg,"Cosmos International Limited provides machinery and equipment. The Company offers harvester, tractor, rice huller, wheat grinding machine, biscuit making.",https://www.bloomberg.com/profile/company/0991017D:IN
wheat,Hoogwegt US Inc,2019-05-11,Bloomberg,"Hoogwegt US, Inc. markets and distributes dairy products. The Company offers milk and whey powders, cheese, vital wheat gluten, cocoa, wheat, soluable wheat...",https://www.bloomberg.com/profile/company/0133489D:US
wheat,Horizon Milling LP,2019-05-11,Bloomberg,Horizon Milling LLC produces wheat flours. The Company mills flour and meal from grain as well as manufacturers bakery flours and products.,https://www.bloomberg.com/profile/company/768469Z:US
wheat,Top Food Industry Corp,2019-05-12,Bloomberg,"Top Food Industry Corporation manufactures and distributes flour products. The Company produces high-gluten flours, whole wheat flours, low-gluten flours, and...",https://www.bloomberg.com/profile/company/1220014D:TT
wheat,Tallgrass Commodities LLC,2019-05-12,Bloomberg,"Tallgrass Commodities LLC buys and sells physical agricultural commodity products. The Company offers feed ingredients, such as wet and dry distillers, corn...",https://www.bloomberg.com/profile/company/0882841D:US
wheat,Bogasari Flour Mills PT - Company Profile and News,2019-05-12,Bloomberg,Bogasari Flour Mills PT operates as a flour milling company. The Company offers wheat flour and other related products. Bogasari Flour Mills serves customers...,https://www.bloomberg.com/profile/company/1360444D:IJ
wheat,Star of the West Milling Co,2019-05-12,Bloomberg,"Star of the West Milling Company owns and operates flour mills. The Company offers soft, cracked, and crushed wheat, cardinal, heavy bran flakes, cranberry,...",https://www.bloomberg.com/profile/company/STOW:US
wheat,Pita Pal Industries Inc,2019-05-12,Bloomberg,"Pita Pal Industries, Inc. Manufactures and distributes prepared foods and miscellaneous food specialties. The Company offers corn, flour, red, wheat,...",https://www.bloomberg.com/profile/company/0440858D:US
wheat,Horizon Milling GP,2019-05-12,Bloomberg,"Horizon Milling GP operates as a flour mill. The Company supplies durum wheat, oats, rye, and whole grain flour.",https://www.bloomberg.com/profile/company/6886573Z:CN
wheat,South African Bulk Terminals Pty Ltd,2019-05-12,Bloomberg,"South African Bulk Terminals Ltd. (SABT) provides freight management services. The Company offers services such as handling, storing, and transporting bulk...",https://www.bloomberg.com/profile/company/9150491Z:SJ
wheat,Esteve SAntiago SA,2019-05-12,Bloomberg,"Esteve Santiago SA produces animal feed. The Company provides cereals, oilseeds, and legumes such as corn, rice, oatmeal, barley, wheat, and soybeans.",https://www.bloomberg.com/profile/company/8962542Z:SM
wheat,Meenakshi Agro & Flour Mill Pvt Ltd,2019-05-12,Bloomberg,"Meenakshi Agro and Flour Mill Private Limited manufactures and supplies food products. The Company offers wheat and refined wheat flour, semolina, and barn.",https://www.bloomberg.com/profile/company/1634340D:IN
wheat,Hebei Sihai Development Co Ltd,2019-05-12,Bloomberg,"Hebei Sihai Development Co. Ltd. grows, manufactures, and distributes malt products. The Company produces beer malts, wheat germ oils, wheat roots,...",https://www.bloomberg.com/profile/company/AABVHZ:CH
wheat,Satake Corp,2019-05-12,Bloomberg,"Satake Corporation is an industrial machines manufacturer. The Company mainly produces and markets processing machines of rice, wheat and corn.",https://www.bloomberg.com/profile/company/2146396Z:JP
wheat,Shweta Agro Farms Pvt Ltd,2019-05-12,Bloomberg,"Shweta Agro Farms Pvt Ltd produces food crops. The Company offers mango, sapota, fig, papaya, banana, pomegranate, grapes, mulberry, guava, coconut, aloevera,...",https://www.bloomberg.com/profile/company/1634196D:IN
wheat,Grain Craft Milling Southwest LLC,2019-05-12,Bloomberg,"Grain Craft Milling (Southwest), LLC provides flour milling services. The Company offers soft wheat, hard wheat, and spring wheat blends, as well as organic...",https://www.bloomberg.com/profile/company/7641595Z:US
wheat,Parakh Foods & Oils Ltd - Company Profile and News,2019-05-12,Bloomberg,"Parakh Foods and Oils Limited provides food products. The Company offers FMCG commodities that produce chakki atta, wheat and gram flours, edible oils, and...",https://www.bloomberg.com/profile/company/1589986D:IN
wheat,Gill & Co Pvt Ltd - Company Profile and News,2019-05-12,Bloomberg,"Gill and Company Private Limited wholesales and markets farm products. The Company imports and exports raw cotton, yarn, pulses, sugar, coffee, soyabeans,...",https://www.bloomberg.com/profile/company/7175821Z:IN
wheat,Prince Roller Flour Mills Pvt Ltd,2019-05-12,Bloomberg,"Prince Roller Flour Mills Pvt Ltd manufactures food products. The Company produces and distributes plain flour, semolina, whole wheat atta, and ancillary...",https://www.bloomberg.com/profile/company/1488723D:IN
wheat,Here is a list of US goods China is targeting with a 25% tariff,2019-05-13,cnbc.com,WASHINGTON — China upped the ante Monday in the ongoing tit-for-tat trade war between the world's top economies. Beijing said it will raise tariffs on $60 ...,https://www.cnbc.com/2019/05/13/here-is-a-list-of-us-goods-china-is-targeting-with-a-25percent-tariff.html
wheat,Shakti Bhog Foods Ltd,2019-05-14,Bloomberg,"Shakti Bhog Foods Limited provides food products. The Company manufactures, exports, and supplies wheat flour, rice, poha, daliya, biscuits, and semoline food...",https://www.bloomberg.com/profile/company/6592292Z:IN
wheat,"Indigo Ag: improving yields with microbes, satellite imaging",2019-05-15,cnbc.com,"Using satellite imaging and geospatial intelligence, it's created a living map of the world's food supply. ... drought or when a disease or pest infestation is ...",https://www.cnbc.com/2019/05/15/indigo-ag-improving-yields-with-microbes-satellite-imaging.html
wheat,Wheat Vs. Russian Ruble,2019-05-15,Investing.com,"Technical Analsys
Technical Analysis &amp; WHEAT/RUB: 2019-05-15
Sowing wheat in the US is behind schedule
In this review we suggest to consider the RUB Personal Composite Instrument(PCI). It reflects...",https://www.investing.com/analysis/wheat-vs-russian-ruble-200421688
wheat,Shri Shyam Agro Biotech Pvt Ltd,2019-05-18,Bloomberg,"Shri Shyam Agro Biotech Private Limited manufactures flour milling products. The Company offers wheat, maida, suji, rice, and bajra atta,...",https://www.bloomberg.com/profile/company/1599102D:IN
wheat,Farmers eagerly await trade aid plan but some worry it may ...,2019-05-22,cnbc.com,"... market impact from the trade war cost farmers over 40 cents per bushel. He ... Before the trade war, China bought roughly half of the U.S. soybean exports.",https://www.cnbc.com/2019/05/22/farmers-eagerly-await-trade-aid-plan-but-some-worry-it-may-disappoint.html
wheat,Trump to give $16 billion to farmers hurt by trade war,2019-05-23,cnbc.com,"U.S. tariff revenue collected by the Treasury would be used to support the ... Before the trade war, China bought roughly half of the U.S. soybean exports.",https://www.cnbc.com/2019/05/23/trump-to-give-16-billion-to-farmers-hurt-by-trade-war-sonny-perdue.html
wheat,Columbia Grain Inc,2019-05-25,Bloomberg,"Columbia Grain, Inc. offers agricultural products. The Company provides grains, pulses, and oilseeds, wheat, corn, soybeans, feed and malting barley, flax,...",https://www.bloomberg.com/profile/company/2940470Z:US
wheat,United States Dallas Fed Services Revenues,2019-05-29,investing.com,"Stocks - U.S. Futures Slump as China Warns on Rare Earth Exports ... market, meaning prices are indicative and not appropriate for trading purposes.",https://uk.investing.com/economic-calendar/dallas-fed-services-revenues-1444
wheat,Bunge Alimentos SA,2019-06-01,Bloomberg,"Bunge Alimentos SA operates as an agribusiness company. The Company processes soybeans and wheat, provides fertilizers, and manufactures food products.",https://www.bloomberg.com/profile/company/CEVA4:BZ
wheat,Your Bowl of Rice Is Hurting the Climate Too,2019-06-02,Bloomberg,"Rice cultivation could be as bad for global warming as 1200 coal plants, so why aren't consumers more bothered?",https://www.bloomberg.com/news/articles/2019-06-03/your-bowl-of-rice-is-hurting-the-climate-too
wheat,The ‘Pocket-Sized Monster’ Terrifying Farmers the World Over,2019-06-02,Bloomberg,"The fall armyworm is hungry, on the move and scaring farmers the world over. The crop-devouring pest has spread from the Americas to Africa and Asia,...",https://www.bloomberg.com/news/articles/2019-06-02/the-pocket-sized-monster-that-s-ravaging-crops-quicktake
wheat,"Wheat rallies as U.S. rain, Black Sea dry spell fuel crop ...",2019-06-03,reuters.com,"U.S. wheat futures rallied on Monday on ... Kansas hard red winter wheat led overnight gains in U.S. futures, with spot prices trading up 2.3% at $4.84.",https://www.reuters.com/article/world/wheat-rallies-as-us-rain-black-sea-dry-spell-fuel-crop-concerns-idUSL4N23A2MH/
wheat,Will ‘Gray’ or ‘Green’ Flood Infrastructure Protect Houston?,2019-06-04,Bloomberg,"As greater Houston seeks protection from the next Hurricane Harvey, using natural features like prairies and sand dunes to control water is gaining...",https://www.bloomberg.com/news/articles/2019-06-04/houston-mixes-gray-and-green-flood-defenses
wheat,Genetically Engineered Wheat Found in Unplanted Washington Field,2019-06-08,Bloomberg,"The Animal and Plant Health Inspection Service said the discovery was made in an unplanted field, but didn't identify where in the state it was found, USDA said...",https://www.bloomberg.com/news/articles/2019-06-08/genetically-engineered-wheat-found-in-unplanted-washington-field
wheat,Wheat Review: Consolidation ,2019-06-10,Investing.com,Unseasonably cool and wet spring will result in millions of acres of unplanted dollar is rallying. So unless you listening to the talking heads telling us the dollar ready to collapse despite a solid...,https://www.investing.com/analysis/wheat-review-weat-200429980
wheat,"Tariffs to Talks: The U.S.-China Trade War, Explained",2019-06-12,Bloomberg,"What started in 2018 with US levies on imported washing machines and solar panels to protect domestic producers escalated into a cycle of tariffs, talks,...",https://www.bloomberg.com/news/articles/2019-06-12/how-the-u-s-china-trade-war-got-to-this-point-quicktake
wheat,"It’s Not Just Corn, U.S. Farmers May Forgo Near-Record Soy Acres",2019-06-15,Bloomberg,"American farmers, already set to leave a record number of acres without corn, now face the prospect of also failing to plant soybeans because of rampant...",https://www.bloomberg.com/news/articles/2019-06-14/it-s-not-just-corn-u-s-farmers-may-forgo-near-record-soy-acres
wheat,Don’t Buy the Wrong Electricity,2019-06-17,Bloomberg,"You don't just have to pick the right thing—oil or copper or wheat or electricity—but you also have to pick the right date, and location, and often other...",https://www.bloomberg.com/opinion/articles/2019-06-17/don-t-buy-the-wrong-electricity
wheat,Millions of Locusts From Iran Have Invaded Pakistan,2019-06-19,Bloomberg,"A massive swarm of locusts has migrated from Iran to Pakistan, raising fears that an attack on the country's prized cotton crop could be imminent.",https://www.bloomberg.com/news/articles/2019-06-19/a-locust-plague-is-raising-fears-over-pakistan-s-cotton-output
wheat,Corn Farmers Use Fox Ads to Appeal to Trump in Biofuel Fight,2019-06-20,Bloomberg,The National Corn Growers Association launched an advertising campaign on President Donald Trump's favorite television news source to step up pressure on the...,https://www.bloomberg.com/news/articles/2019-06-20/farmers-appeal-to-trump-with-fox-ads-to-fight-ethanol-waivers
wheat,Bangladesh to import 100000 T of wheat from Russia,2019-06-20,reuters.com,The Reuters Iran Briefing newsletter keeps you informed with the latest developments and analysis of the Iran war. ... market data and insights from worldwide ...,https://www.reuters.com/article/world/us/bangladesh-to-import-100000-t-of-wheat-from-russia-idUSL4N23R2I2/
wheat,Miller Milling Co LLC - Company Profile and News,2019-07-01,Bloomberg,"Miller Milling Company, LLC operates in the food industry. The Company provides milling services for grains and flour as well as offers semolina flour,...",https://www.bloomberg.com/profile/company/0352611Z:US
wheat,Bloomberg Mercury,2019-07-01,Bloomberg,Quick Find. Go. Saved Search. Name. Cancel Save. Sign InRegister. Filters. Collections Add to Collection. grid list. Filters. Media. News Photos (0) Video.,https://mercury.bloomberg.com/search
wheat,Gruma Corp,2019-07-02,Bloomberg,"Gruma Corporation manufactures and distributes food products. The Company offers corn and wheat tortillas, wraps, sauces, naan, pita bread, chapattis,...",https://www.bloomberg.com/profile/company/20906Z:US
wheat,Beyond Meat Fever Turns the Tiny Pea Into America’s Hot New Crop,2019-07-03,Bloomberg,"There is, it would seem, nothing but bleak news in U.S. farm country. Soybean prices are down. Corn is also still way below its highs, as is wheat.",https://www.bloomberg.com/news/articles/2019-07-03/beyond-meat-fever-turns-the-tiny-pea-into-america-s-hot-new-crop
wheat,Azteca Milling LP - Company Profile and News,2019-07-11,Bloomberg,"Azteca Milling, LP produces, distributes, and markets corn masa flours. The Company offers wheat flour and tortilla mix products.",https://www.bloomberg.com/profile/company/0084392D:US
wheat,Workers of the World on Getting By in an Era of Wrenching Change,2019-07-11,Bloomberg,A yearlong project to capture the voices of workers facing unprecedented global change. By Vauhini Vara,https://www.bloomberg.com/features/2019-workers-of-the-world/
wheat,Feeding 10 Billion People Will Require Genetically Modified Food,2019-07-16,Bloomberg,"The climate is changing, the population is growing, and unless food production practices evolve dramatically, it's a hungry future ahead.",https://www.bloomberg.com/news/articles/2019-07-17/feeding-10-billion-people-will-require-genetically-modified-food
wheat,Inflation rampant in Tehran as Iran struggles to stem rising ...,2019-07-17,cnbc.com,"The price of food is rising in Iran amid sanctions, economic mismanagement and the threat of war ... market which still push prices higher."" Batmanghelidj said he ...",https://www.cnbc.com/2019/07/17/inflation-rampant-in-tehran-as-iran-struggles-to-stem-rising-food-prices.html
wheat,Financial Crisis Bear Market Approaches,2019-07-17,investing.com,"... market is scary close to the next crisis/bear market. Trans (IYT) + ... market, meaning prices are indicative and not appropriate for trading purposes.",https://www.investing.com/analysis/financial-crisis-bear-market-is-scary-close-200440539
wheat,Russian Wheat Optimism Is Fading as Heat Shrinks Bumper Crop,2019-07-24,Bloomberg,"Wheat farmers in Russia, the world's top shipper, have started the new season a lot less optimistic than they were just a few months ago.",https://www.bloomberg.com/news/articles/2019-07-24/russian-wheat-optimism-is-fading-as-heat-shrinks-bumper-crop
wheat,Trump Lashes Out at China ‘Rip Off’ as Trade Talks Resume,2019-07-30,Bloomberg,President Donald Trump lashed out at China for what he said is its unwillingness to buy American agricultural products and said it continues to “rip off” the...,https://www.bloomberg.com/news/articles/2019-07-30/trump-cites-problem-with-china-on-trade-sending-futures-lower
wheat,The 12 Best Fast-Casual Lunches in New York Are Gems of World Cuisine,2019-08-01,Bloomberg,"For under $20 and just a few minutes of your time, you can go on a global flavor adventure.",https://www.bloomberg.com/news/articles/2019-08-01/12-best-fast-casual-lunches-in-new-york-from-top-world-cuisines
wheat,U.S. farmers suffer 'body blow' as China slams door on ...,2019-08-05,reuters.com,"... exports slashed by the more than year-old trade war ... Benchmark Chicago soy prices fell last week more than 3% as the trade war escalated, and on Monday ...",https://www.reuters.com/article/business/us-farmers-suffer-body-blow-as-china-slams-door-on-farm-purchases-idUSKCN1UV0XJ/
wheat,'Trump is ruining our markets': Farmers lose a huge ...,2019-08-10,cnbc.com,Analysts estimate that soybean prices have dropped 9% since the beginning of the trade war. Soybean exports to China have dropped by 75% from September 2018 to ...,https://www.cnbc.com/2019/08/10/trump-is-ruining-our-markets-farmers-lose-a-huge-customer-to-trade-war----china.html
wheat,"Finally, a Nonalcoholic Beer That Tastes Like, Well, Beer",2019-08-14,Bloomberg,"Although it looks and tastes like a craft ale, it contains barely any alcohol. The beer is one of four brews created in this building by the upstart WellBeing...",https://www.bloomberg.com/news/articles/2019-08-14/wellbeing-non-alcoholic-na-craft-beers-taste-test
wheat,Airbus Jetliner Crash-Lands in Cornfield Near Moscow,2019-08-15,Bloomberg,"A Russian airline pilot averted disaster Thursday, safely landing an Airbus A321 jet with over 230 passengers and crew on board in a cornfield near Moscow.",https://www.bloomberg.com/news/articles/2019-08-15/airliner-crash-lands-on-cornfield-near-moscow-at-least-10-hurt
wheat,トランプ氏、日本の小麦購入は米国の「気分良くするため」－農家反発,2019-08-15,Bloomberg,トランプ米大統領が不快にさせた集団のリストに、米小麦農家が加わった。,https://www.bloomberg.co.jp/news/articles/2019-08-15/PW9TN3SYF01S01
wheat,Ukraine’s Economy Enjoys a Hopeful Moment,2019-08-15,Bloomberg,"Nobody expected Ukraine's economy to grow as fast as it did in the second quarter. Though the growth was driven, in large part, by a bumper wheat harvest,...",https://www.bloomberg.com/view/articles/2019-08-15/ukraine-s-economy-enjoys-a-hopeful-moment
wheat,On the front lines: Trade war sinks North Dakota soybean ...,2019-08-22,reuters.com,"... trade war across the United States. ... The drop in demand has soybean prices in North Dakota trading at an historic discount to U.S. futures prices, and farmers ...",https://www.reuters.com/article/business/on-the-front-lines-trade-war-sinks-north-dakota-soybean-farmers-idUSKCN1VC0ZW/
wheat,Soybeans Sink as China Hikes Tariffs on American Farm Products,2019-08-23,Bloomberg,The news just turned gloomier for U.S. farmers.,https://www.bloomberg.com/news/articles/2019-08-23/soybeans-sink-to-two-week-low-as-china-hikes-u-s-tariffs
wheat,"China Hits Back at Trump With Higher Tariffs on Soy, Autos",2019-08-23,Bloomberg,"China threatened to impose additional tariffs on $75 billion of American goods including soybeans, automobiles and oil, in retaliation for President Donald...",https://www.bloomberg.com/news/articles/2019-08-23/china-to-soon-unveil-tariffs-on-u-s-says-global-times-hu
wheat,Soybean futures rise as U.S.-China trade tensions ease,2019-08-26,reuters.com,"The trade war between the world's two largest economies heated up on Friday as both sides levelled more tariffs on each other's exports. China, the world's ...",https://www.reuters.com/article/markets/commodities/soybean-futures-rise-as-us-china-trade-tensions-ease-idUSL2N25M0RR/
wheat,The Biggest Fall Restaurant Openings in New York City,2019-08-30,Bloomberg,"The city welcomes a Japanese soba master, a new pizza from Italian pros, and even gold medalists from the Wagyu Olympics.",https://www.bloomberg.com/news/articles/2019-08-30/the-biggest-fall-restaurant-openings-in-new-york-city
wheat,Bloomberg Commodity Index (BCOM) 2018 Target Weights Announced | Press | Bloomberg LP,2019-08-30,Bloomberg,"The 2018 target weights will be effective January 2018. Energy will remain the largest group in BCOM in 2018, despite reaching its lowest weight in 17 years at...",https://www.bloomberg.com/company/press/bcom-2018-target-weights-announced/
wheat,Panic Sweeps Argentine Pampas as Farmers’ Old Nemesis Returns,2019-09-03,Bloomberg,"Mauricio Macri, the man who championed the cause of the Argentine farmer, is almost certain to lose his re-election bid in October and will hand back the...",https://www.bloomberg.com/news/articles/2019-09-03/panic-sweeps-argentine-pampas-as-farmers-old-nemesis-returns
wheat,Here’s Who Owns the Most Land in America,2019-09-06,Bloomberg,"Jeff Bezos spent summers on his grandparents' ranch in Texas as a kid, learning how to, among other things, castrate cattle. Today he has his own spread in...",https://www.bloomberg.com/graphics/2019-largest-landowners-in-us/
wheat,How a Manhattan Scion Built a Rural Empire,2019-09-09,Bloomberg,"Stefan Soloviev, heir to a $4.7 billion fortune, will remember “anyone who screwed me over.”",https://www.bloomberg.com/news/features/2019-09-09/stefan-soloviev-is-one-of-america-s-largest-landowners
wheat,Bread Prices in Zimbabwe Rise by 39%,2019-09-10,Bloomberg,"Zimbabwean baking companies increased the price of bread by 39%, a day after the government hiked the cost of wheat by a similar margin.",https://www.bloomberg.com/news/articles/2019-09-10/zimbabwe-bakers-raise-bread-price-by-39-on-higher-wheat-costs
wheat,Here Come the Wheat Whiskies,2019-09-11,Bloomberg,Heavyweight Woodford Reserve and upstarts such as Australia's Starward are taking a page from the Pappy playbook.,https://www.bloomberg.com/news/articles/2019-09-11/here-comes-the-wheat-whiskey-woodford-starward-bernheim
wheat,Japanese Milk Bread Is Coming for Your Lunch,2019-09-18,Bloomberg,"Known as shokupan, Japan's standard alabaster loaf resembles its US counterpart in generally being long and cut into square slices.",https://www.bloomberg.com/news/articles/2019-09-18/what-is-japanese-milk-bread-shokupan-sando-coming-for-your-lunch
wheat,Behold the Urban Hype Machine of the 1850s,2019-09-19,Bloomberg,"Before economic-development agencies existed in America, some journalists amassed reams of data and published thousands of pages to promote their home...",https://www.bloomberg.com/news/articles/2019-09-19/the-forgotten-urbanists-of-19th-century-boomtowns
wheat,Europe’s Last Land Frontier is About to Open Up in Ukraine,2019-09-20,Bloomberg,Ukraine has almost as much agricultural land as France and Germany combined and will finally start allowing it to be bought and sold next year.,https://www.bloomberg.com/view/articles/2019-09-20/europe-s-last-land-frontier-is-about-to-open-up-in-ukraine
wheat,Chicago Sees Restaurant Greatness in One Key Neighborhood,2019-09-26,Bloomberg,"There's still just one three-star restaurant in Chicago, but there's a lot of movement in the West Loop.",https://www.bloomberg.com/news/articles/2019-09-26/chicago-michelin-guide-2020-stars-west-loop-has-the-winners
wheat,Where the US-Japan trade deal falls short of TPP ...,2019-10-07,cnbc.com,"The deal aims to help restore Japanese market share lost by U.S. ... tariff schedule. ""There are some specific parts of the ag sector that really ...",https://www.cnbc.com/2019/10/08/where-the-us-japan-trade-deal-falls-short-of-tpp-abandoned-by-trump.html
wheat,"A Foot of Snow Is Forecast to Bury Crops in Great Plains, Canada",2019-10-08,Bloomberg,"A large snowfall is set to sweep out of the Rocky Mountains later this week, bringing snow by the foot across the Dakotas, slowing wheat harvests.",https://www.bloomberg.com/news/articles/2019-10-08/heavy-snow-targeting-corn-wheat-in-dakotas-canola-in-canada
wheat,5 Stocks In Focus On U.S.-China Partial Trade Truce,2019-10-14,investing.com,"A solution to the U.S.-China trade war is likely to restore Chinese and ... market, meaning prices are indicative and not appropriate for trading purposes.",https://www.investing.com/analysis/article-200473066
wheat,China Beats U.S. 8-1 When It Comes to Charging Electric Cars,2019-10-16,Bloomberg,"China, the world's biggest market for EVs, has about eight public chargers for each one in the US, according to the latest counts.",https://www.bloomberg.com/news/features/2019-10-15/china-electric-car-chargers-fleet-outpaces-u-s-ev-stations
wheat,官主導の中国、８対１で米国に圧勝－全国のＥＶ充電ステーション数,2019-10-17,Bloomberg,世界最大の電気自動車（ＥＶ）市場である中国では、北京市だけで米国全土と同じ数ほどのＥＶ充電ステーションがある。,https://www.bloomberg.co.jp/news/articles/2019-10-17/PZI4A5DWLU6K01
wheat,Journey Through South Korea,2019-10-17,Bloomberg,"For over two decades, Wongi Lee has been making and selling milmyeon - a type of cold noodles representing Busan cuisine. Now Lee is passing on his secret...",https://www.bloomberg.com/south-korea-travel
wheat,Deloitte Dragged Into South African State Corruption Scandals,2019-10-22,Bloomberg,Deloitte LLP has become the latest international company dragged into South Africa's government-linked corruption scandals.,https://www.bloomberg.com/news/articles/2019-10-21/deloitte-dragged-into-south-african-state-corruption-scandals
wheat,The Canal of Death Is Now an Economic Gateway for Eastern Europe,2019-10-26,Bloomberg,"Romania and Bulgaria are becoming agricultural heavyweights again, 30 years after the end of communism.",https://www.bloomberg.com/news/features/2019-10-27/the-canal-of-death-is-now-an-economic-gateway-for-eastern-europe
wheat,U.S. Farm Bankruptcies Surge 24% on Strain From Trump Trade War,2019-10-30,Bloomberg,U.S. farm bankruptcies in September surged 24% to the highest since 2011 amid strains from President Donald Trump's trade war with China and a year of wild...,https://www.bloomberg.com/news/articles/2019-10-30/u-s-farm-bankruptcies-surge-24-on-strain-from-trump-trade-war
wheat,Al Gore Is Opening a New Front In the War On Climate Change,2019-10-30,Bloomberg,"Al Gore's 400-acre farm is located in Carthage, a small Tennessee town where the former vice president and senator traditionally kicked off his political...",https://www.bloomberg.com/news/articles/2019-10-30/al-gore-says-regenerative-farming-can-help-slow-climate-change
wheat,Dirty Indian Politics Has No Answer for the World’s Most Toxic Air,2019-11-07,Bloomberg,The politics of pollution in India's capital New Delhi are as noxious as the city's air.,https://www.bloomberg.com/news/articles/2019-11-07/dirty-indian-politics-have-no-answer-for-world-s-most-toxic-air
wheat,Toxic Air in Delhi Fueled By Rice Fields That India Doesn’t Need,2019-11-11,Bloomberg,"Each year India's rice farmers burn the stubble of the harvested crop, contributing to an annual haze that damages the health of those in and around the...",https://www.bloomberg.com/news/articles/2019-11-12/toxic-air-in-delhi-fueled-by-rice-fields-that-india-doesn-t-need
wheat,Crop Giant Bunge Reorganizes Trading in Latest Restructure,2019-11-14,Bloomberg,"Bunge Ltd. has reorganized its trading business as one of the world's top agricultural commodity merchants presses ahead with its restructuring plan,...",https://www.bloomberg.com/news/articles/2019-11-13/crop-giant-bunge-reorganizes-trading-in-latest-restructure-move
wheat,2019 Bloomberg Pursuits Holiday Gift Guide,2019-11-14,Bloomberg,"From a few drops of fabulous fragrance to a dessert that takes 14 hours to make, these exotic gift ideas will shock even the most worldly recipient.",https://www.bloomberg.com/features/2019-pursuits-holiday-gift-guide/
wheat,Commodities Market Headlines | Breaking Stock ...,2019-11-25,reuters.com,"Miner Vale posts 36% rise in Q1 profit on more sales, higher prices. 1 hour ... Chile's central bank holds benchmark rate as risks rise from Middle East war.",https://www.reuters.com/markets/commodities/
wheat,Beef Processor Kilcoy Said to Prepare $400 Million Hong Kong IPO,2019-11-28,Bloomberg,"Kilcoy Global Foods, an Australian beef processor owned by Chinese buyout firm Beijing Hosen Investment Management, is preparing a Hong Kong initial public...",https://www.bloomberg.com/news/articles/2019-11-28/beef-processor-kilcoy-said-to-prepare-400-million-hong-kong-ipo
wheat,Italian Pasta Increasingly Is Made of Wheat From the U.S. and Canada,2019-12-02,Bloomberg,"Italian Pasta Increasingly Is Made of Wheat From the U.S. and Canada · Adverse EU weather foils plan to limit Canada, U.S. supplies · 'The big question' is will...",https://www.bloomberg.com/news/articles/2019-12-02/italy-s-pasta-lovers-can-t-quit-excellent-north-american-wheat
wheat,Jolt of Espresso May Cost More as Drought Wilts Indonesia’s Coffee,2019-12-02,Bloomberg,"Coffee production in Indonesia will probably shrink to the smallest in almost a decade after a drought withered flowering, damping prospects for next year's...",https://www.bloomberg.com/news/articles/2019-12-02/espresso-jolt-may-cost-more-as-drought-wilts-indonesia-s-coffee
wheat,Commodities,2019-12-10,Bloomberg,"Get the Markets Daily newsletter ... What's happening in stocks, bonds, currencies and commodities right now — and what will move them next...",https://www.bloomberg.com/commodities
wheat,These Bugs Are Eating Into Pakistan’s Already Fragile Economy,2019-12-10,Bloomberg,Pakistan's efforts to turn around its economy after winning bailout funds from the International Monetary Fund face a new threat -- from crop-eating pests.,https://www.bloomberg.com/news/articles/2019-12-10/these-bugs-are-eating-into-pakistan-s-already-fragile-economy
wheat,The 19 Dishes You Should Have Eaten in 2019,2019-12-13,Bloomberg,"Bloomberg's food editor found a lot to love in 2019, whether it was hand-pulled noodles in Vegas, an epic burger in Brooklyn, or the grandest of chickens in...",https://www.bloomberg.com/news/features/2019-12-13/best-restaurant-dishes-of-2019-new-york-paris-chicago-omaha
wheat,"U.S. agriculture wary of Trump's China sales pledge, more ...",2019-12-13,reuters.com,"... exports and lower commodity prices because of a 17-month-old trade war between the world's two largest economies. ... Futures International. ""The private ...",https://www.reuters.com/article/world/us-agriculture-wary-of-trumps-china-sales-pledge-more-meat-a-must-idUSKBN1YH2I5/
wheat,U.S.-China trade deal cuts tariffs for Beijing promise of big ...,2019-12-14,reuters.com,"GRAPHIC: U.S. farm exports to China dry up in trade war - here. Asked about ... market-distorting practices,"" when it started the trade war with China.",https://www.reuters.com/article/world/us-china-trade-deal-cuts-tariffs-for-beijing-promise-of-big-farm-purchases-idUSKBN1YH1S9/
wheat,IFF Wins DuPont Nutrition Unit Over Kerry in $26.2 Billion Deal,2019-12-15,Bloomberg,"International Flavors & Fragrances Inc. declined after the company reached a $26.2 billion agreement to acquire DuPont Inc.'s nutrition division,...",https://www.bloomberg.com/news/articles/2019-12-15/iff-is-said-to-near-26-billion-deal-for-dupont-nutrition-unit
wheat,Watch How Perfect Korean Cold Noodles Are Made,2019-12-18,Bloomberg,"For over two decades, Wongi Lee has been making and selling milmyeon - a type of cold noodles representing Busan cuisine. Now Lee is passing on his secret...",https://www.bloomberg.com/news/videos/2019-12-18/how-perfect-korean-cold-noodles-are-made-video
wheat,Swarms of Locusts Are Wreaking Havoc on Key Indian Crops,2020-01-07,Bloomberg,The biggest locust swarm to hit India's Gujarat in more than a quarter of a century has resulted in mass damage to key crops in the western state.,https://www.bloomberg.com/news/articles/2020-01-08/swarms-of-locusts-are-wreaking-havoc-on-key-indian-crops
wheat,最高の韓国冷麺の作り方,2020-01-08,Bloomberg,釜山を代表する冷麺であるミルミョンを20年以上にわたり提供してきたイ・ウォンギ氏。現在は、韓国の一流店の仲間入りを目指す息子に秘伝のレシピを伝えているところだ...,https://www.bloomberg.com/jp/news/videos/2020-01-08/Q3RUY8DWRGG101
wheat,U.S. Corn Crop Is Now 92% Genetically Modified,2020-01-11,Bloomberg,"American corn and soy plants proved resilient thanks largely to advances in genetically-modified seeds, precision tools and inputs such as fertilizers and...",https://www.bloomberg.com/news/articles/2020-01-10/u-s-farms-power-through-crazy-weather-showing-genetics-matter
wheat,Baixiang Food Co Ltd,2020-01-11,Bloomberg,"Baixiang Food Co. Ltd. manufactures flour products. The Company mainly develops, produces, and sells instant noodles, vermicelli, wheat flour, and other...",https://www.bloomberg.com/profile/company/1732606D:CH
wheat,"The U.S.-China War Over Trade and Tariffs, Explained: QuickTake",2020-01-14,Bloomberg,"What started in 2018 with US levies on imported washing machines and solar panels to protect domestic producers escalated into a cycle of tariffs, talks,...",https://www.bloomberg.com/news/articles/2020-01-15/the-u-s-china-war-over-trade-and-tariffs-explained-quicktake
wheat,"How China tariffs on U.S. commodities, energy stand after ...",2020-01-15,reuters.com,"China imposed a 5% tariff on U.S. crude oil shipments from Sept. 1, 2019, the first time U.S. oil had been targeted since the trade war between started more ...",https://www.reuters.com/article/business/factbox-how-china-tariffs-on-us-commodities-energy-stand-after-phase-1-trade-idUSKBN1ZF0C9/
wheat,Pakistan to import 300000 tonnes of wheat to meet flour ...,2020-01-20,reuters.com,... wheat to relieve a shortage of flour supplies that has created a crisis for the government of Prime Minister Imran Khan. Prices of flour and bread shot up ...,https://www.reuters.com/article/business/pakistan-to-import-300000-tonnes-of-wheat-to-meet-flour-crises-idUSKBN1ZJ0X4/
wheat,Australia in Landmark $1.3 Billion Project to Turn Farm Waste to Energy,2020-01-29,Bloomberg,Melbourne-based company AgBioEn will start construction next week on a A$2 billion ($1.35 billion) project to turn agricultural waste into energy for use in...,https://www.bloomberg.com/news/articles/2020-01-30/australia-in-landmark-a-2b-project-to-turn-farm-waste-to-energy
wheat,La agricultura global tiene un problema de siembra,2020-01-30,Bloomberg,"Annual seeding cycles have a host of negative side effects, from over fertilization to soil runoff. Perennial crops could help fix all that.",https://www.bloomberg.com/news/articles/2020-01-30/la-agricultura-global-tiene-un-problema-de-siembra
wheat,Climate Change Is Coming for Your Oreos,2020-02-07,Bloomberg,"The latest victims of climate change could be Oreos, as drenched fields across the US make the wheat that's a key ingredient a scarcer commodity.",https://www.bloomberg.com/news/articles/2020-02-07/climate-change-is-coming-for-your-oreos
wheat,Locust Swarms Ravaging East Africa Are the Size of Cities,2020-02-17,Bloomberg,"It's a scene that's playing out across East Africa as swarms of desert locusts spread through the region, destroying crops and pastures at a voracious pace.",https://www.bloomberg.com/features/2020-africa-locusts/
wheat,The EU Taxonomy for sustainable finance: FAQs for financial market participants,2020-03-09,Bloomberg,The Taxonomy will help market participants ensure they invest in truly green opportunities that align with the Paris Agreement on greenhouse-gas emissions.,https://www.bloomberg.com/professional/insights/trading/the-eu-taxonomy-for-sustainable-finance-faqs-for-financial-market-participants/
wheat,North Africa Braces for Smaller Harvests After Another Drought,2020-03-09,Bloomberg,"It's deja vu for Morocco's grain farmers, who are bracing for another dismal harvest as one of the worst droughts in decades withers crops.",https://www.bloomberg.com/news/articles/2020-03-10/north-africa-braces-for-smaller-harvests-after-another-drought
wheat,Rockstar Mother and Son Score $3 Billion Windfall on Pepsi Deal,2020-03-11,Bloomberg,"Kombucha and wheat-grass shots might be all the rage but the sugary, caffeinated world of energy-drinks is still a money-spinner.",https://www.bloomberg.com/news/articles/2020-03-11/rockstar-mother-and-son-score-3-billion-windfall-on-pepsi-deal
wheat,‘Our Children Will Starve’ Say Pakistan Farmers as Locusts Breed,2020-03-17,Bloomberg,Three swarms of locusts this year have all but wiped out Saadullah Zehri's wheat crop on his small farm in the mountains of Pakistan's vast and arid...,https://www.bloomberg.com/news/features/2020-03-17/-our-children-will-starve-say-pakistan-farmers-as-locusts-breed
wheat,India announces $22.5 billion stimulus package to help ...,2020-03-26,cnbc.com,"Data from the health ministry showed India has 593 active cases of COVID-19, the respiratory disease caused by the coronavirus. ... market economist.",https://www.cnbc.com/2020/03/26/coronavirus-india-needs-a-support-package-larger-than-20-billion-dollars.html
wheat,Russia Wants to Limit Grain Exports to Protect Food Supplies,2020-03-27,Bloomberg,"Russia, the world's biggest wheat exporter, proposed limiting grain shipments to protect its own food security in the face of the spreading coronavirus...",https://www.bloomberg.com/news/articles/2020-03-27/wheat-futures-rise-as-russia-considers-grain-export-quota
wheat,"Coronavirus: Food crisis looms as farms idle, countries ...",2020-03-30,cnbc.com,"The coronavirus outbreak could affect food security as the global pandemic disrupts labor availability and the supply chain. ""We risk a looming food crisis ...",https://www.cnbc.com/2020/03/30/coronavirus-food-crisis-looms-as-farms-idle-countries-hoard-supplies.html
wheat,Stock Market Has Entered 25-35-Year Crisis Cycle Re- ...,2020-04-03,investing.com,"Stock Market Has Entered 25-35-Year Crisis Cycle Re-evaluation Event. By ... market, meaning prices are indicative and not appropriate for trading purposes.",https://www.investing.com/analysis/stock-market-has-entered-2535year-crisis-cycle-reevaluation-event-200520615
wheat,How the coronavirus crisis is affecting food supply,2020-04-03,reuters.com,"How the coronavirus crisis is affecting food supply. By Reuters. April 3, 2020 ... Wheat futures surged in March to two-month highs, partly due to the ...",https://www.reuters.com/article/business/how-the-coronavirus-crisis-is-affecting-food-supply-idUSKBN21L0D1/
wheat,Technically Speaking: The 4-Phases Of A Full-Market Cycle,2020-04-07,investing.com,"“Where are we now?” Let's take a look at the past two full-market cycles, using Wyckoff's methodology, as compared to the current post-financial-crisis half- ...",https://www.investing.com/analysis/technically-speaking-the-4phases-of-a-fullmarket-cycle-200520898
wheat,Rice prices surge to 7-year high as coronavirus sparks ...,2020-04-07,cnbc.com,"Rice and wheat prices will remain supported in the coming weeks, said Fitch Solutions in a note. ""Supply is currently tightening due to the impact of the Covid ...",https://www.cnbc.com/2020/04/08/rice-prices-surge-to-7-year-high-as-coronavirus-sparks-stockpiling.html
wheat,"Desert Locust Outbreak at Crisis Point, Industry Body Says",2020-04-08,Bloomberg,"A desert-locust plague in the Horn of Africa has reached critical proportions, according to Gro Intelligence, a privately funded commodity data and analysis...",https://www.bloomberg.com/news/articles/2020-04-08/desert-locust-outbreak-at-crisis-point-industry-body-says
wheat,"U.S., EU Are Far Apart on Reshoring Making of Medical Gear",2020-04-13,Bloomberg,"Want to receive this post in your inbox every day? Sign up for the Supply Lines newsletter, and follow Bloomberg Economics on Twitter for more.",https://www.bloomberg.com/news/articles/2020-04-13/supply-chains-latest-eu-u-s-divided-on-domestic-medical-gear-k8yd87dn
wheat,"Distress Deepens in Indian Villages, Worsening Economic Pain",2020-04-22,Bloomberg,"Binod Prahiya, a migrant laborer in Mumbai, lost his livelihood when Prime Minister Narendra Modi locked India down in March to contain the coronavirus...",https://www.bloomberg.com/news/articles/2020-04-22/distress-deepens-in-indian-villages-worsening-economic-pain
wheat,"U.S. corn, soy futures retreat after three days of gains",2020-04-24,reuters.com,"... market due to demand uncertainty stemming from the global coronavirus pandemic, traders said. Wheat futures also were lower. Get a daily digest of breaking ...",https://www.reuters.com/article/business/us-corn-soy-futures-retreat-after-three-days-of-gains-wheat-also-weak-idUSL5N2CC5SZ/
wheat,World’s Biggest Wheat Supply Dries Up When Some Want It Most,2020-04-26,Bloomberg,"For the first time in a decade, the world risks being cut off from Russian wheat at a time when some key buyers are rushing to import it.",https://www.bloomberg.com/news/articles/2020-04-26/world-is-running-out-of-russian-wheat-when-some-want-it-most
wheat,Commodity Prices Can Fall Below Zero. Why That ...,2020-04-27,investing.com,"First, supply capacity is the critical factor for any market participant holding a long position in a nearby futures contract. Without the ability to take ...",https://www.investing.com/analysis/commodity-prices-can-fall-below-zero-why-that-happens-how-to-hedge-200522714
wheat,From Pork Roast to Lime Cookies: Six Chefs Create a Leftovers Chain,2020-04-30,Bloomberg,What to do with the food that remains after a meal? It's a key part of the dining equation for home cooks these days.,https://www.bloomberg.com/news/features/2020-04-30/pork-roast-to-lime-cookies-a-top-chef-leftovers-recipe-chain
wheat,Instacart’s Frantic Dash From Grocery App to Essential Service,2020-05-06,Bloomberg,"The grocery delivery startup added 300000 workers in eight weeks, but Covid-19 is still overtaking it in more ways than one.",https://www.bloomberg.com/news/features/2020-05-06/instacart-was-overwhelmed-by-coronavirus-overnight
wheat,Your Evening Briefing: Larry Fink’s Dire Warning for America,2020-05-06,Bloomberg,"Larry Fink had a stark message for a private audience this week: As bad as things have been for corporate America, they're likely to get worse.",https://www.bloomberg.com/news/newsletters/2020-05-06/your-evening-briefing-larry-fink-s-dire-warning-for-america
wheat,‘Unhinged’ Cattle Ranchers Look for Answers in U.S. Price Probe,2020-05-08,Bloomberg,US ranchers are looking forward to the results of an investigation into market manipulation as low livestock prices threaten their survival.,https://www.bloomberg.com/news/articles/2020-05-08/senators-urge-efforts-to-close-meat-price-gap-as-farmers-suffer
wheat,Economically Speaking: The Stock Market Is Not The ...,2020-05-12,investing.com,"Trump is on the verge of restarting the “Trade War” with China. Conclusion ... market, meaning prices are indicative and not appropriate for trading purposes.",https://www.investing.com/analysis/economically-speaking-the-stock-market-is-not-the-economy-200524370
wheat,Collapse in consumption dragging down global economic ...,2020-05-13,investing.com,"Goldman raises oil forecasts as Gulf supply shock seen lasting longer ... market, meaning prices are indicative and not appropriate for trading purposes.",https://www.investing.com/news/economy/collapse-in-consumption-dragging-down-global-economic-outlook-imf-2171245
wheat,Gilead’s Remdesivir Is a Rare Example of Foresight in This Pandemic,2020-05-14,Bloomberg,Emergency approval of the antiviral drug remdesivir is the first good news of this pandemic. This is how Gilead Sciences prepared for the moment.,https://www.bloomberg.com/features/2020-gilead-remdesivir-coronavirus-treatment/
wheat,Amanda Little,2020-05-15,Bloomberg,Amanda Little is former Bloomberg Opinion columnist covering agriculture and climate. She is a professor at Vanderbilt University and author of “The Fate of...,https://bloomberg.com/authors/AUtuX25_imQ/amanda-little
wheat,"Smashing Eggs, Dumping Milk: Farmers Waste More Food Than Ever",2020-05-18,Bloomberg,Food waste is taking on a new meaning in the pandemic era. Dumped milk in Wisconsin. Smashed eggs in Nigeria. Rotting grapes in India.,https://www.bloomberg.com/news/articles/2020-05-18/smashing-eggs-dumping-milk-farmers-waste-more-food-than-ever
wheat,"Imperfect Foods sells JetBlue snacks, movie popcorn ...",2020-05-20,cnbc.com,"... market: It's a 'mental war' · Startups. JetBlue cheese plates and movie popcorn ... Before the Covid-19 crisis even became a pandemic, food waste start-up ...",https://www.cnbc.com/2020/05/20/imperfect-foods-sells-jetblue-snacks-movie-popcorn-unused-in-pandemic.html
wheat,Trading house Gemcorp plans to export more Russian ...,2020-05-21,reuters.com,"... supply 200,000 tonnes of wheat to drought- and locust-hit Ethiopia this week. The Reuters Iran Briefing newsletter keeps you informed with the latest ...",https://www.reuters.com/article/world/africa/trading-house-gemcorp-plans-to-export-more-russian-wheat-in-202021-idUSL8N2892UK/
wheat,US Declaration Of (Cold) War,2020-05-28,investing.com,"Goldman raises oil forecasts as Gulf supply shock seen lasting longer ... market, meaning prices are indicative and not appropriate for trading purposes.",https://www.investing.com/analysis/us-declaration-of-cold-war-200526083
wheat,Australia’s Water Is Vanishing,2020-06-01,Bloomberg,"Scorched by climate change and drained by industrial farms, the country's most important river system is nearing collapse.",https://www.bloomberg.com/features/2020-australia-drought-water-crisis/
wheat,What It Will Take to Avoid a Global Food Shortage,2020-06-09,Bloomberg,Covid-19 exposed weak points in the world's food supply chain. Here's how we can avoid a food catastrophe.,https://www.bloomberg.com/graphics/2020-solving-the-global-food-problem/
wheat,Food security is a global problem. Here's how urban ...,2020-06-12,cnbc.com,"""However, in light of the current Covid-19 pandemic, there is a clear need to understand how we shorten supply chains and improve national resilience in our ...",https://www.cnbc.com/2020/06/12/food-security-is-a-global-problem-heres-how-urban-farming-could-help.html
wheat,"When Bakers Demanded More Flour, King Arthur Went to the Mills",2020-06-16,Bloomberg,"On March 18, Bob Morando, the chief executive officer of a flour mill located in the pancake-flat wheat fields of central Kansas, received a short,...",https://www.bloomberg.com/news/features/2020-06-16/how-king-arthur-dealt-with-a-flour-shortage-during-the-pandemic
wheat,John Bolton book: Trump asked China for help with 2020 ...,2020-06-17,cnbc.com,"""A disgruntled boring fool who only wanted to go to war. Never had a ... Global Business and Financial News, Stock Quotes, and Market Data and Analysis.",https://www.cnbc.com/2020/06/17/john-bolton-book-trump-asked-china-for-help-with-2020-election.html
wheat,Liquor Giant Moutai Poised to Become China’s Biggest Stock,2020-06-19,Bloomberg,Chinese liquor giant Kweichow Moutai Co. briefly overtook Industrial & Commercial Bank of China Ltd. as the nation's biggest stock by market value.,https://www.bloomberg.com/news/articles/2020-06-19/liquor-maker-moutai-poised-to-become-china-s-biggest-stock
wheat,Americans Are Actually Drinking Less During the Pandemic,2020-06-23,Bloomberg,"During the coronavirus pandemic, people are drinking less. (Yes, you read that correctly.) While the masses are buying more booze from grocers and liquor...",https://www.bloomberg.com/news/articles/2020-06-23/are-people-drinking-more-booze-during-coronavirus-apparently-not
wheat,Deadliest Mass Shootings Are Often Preceded by Violence at Home,2020-06-30,Bloomberg,An analysis of 749 mass shootings over the past six years found that about 60% were either domestic violence attacks or committed by men with histories of...,https://www.bloomberg.com/graphics/2020-mass-shootings-domestic-violence-connection/
wheat,Gold During COVID-19 Pandemic And Beyond,2020-07-02,investing.com,"Market Analysis by covering: US Dollar Index Futures, Gold Futures. Read ' ... market, meaning prices are indicative and not appropriate for trading purposes.",https://www.investing.com/analysis/gold-during-covid19-pandemic-and-beyond-200529552
wheat,U.S. farmers scramble for help as COVID-19 scuttles ...,2020-07-02,reuters.com,"The United States is the world's No. 3 exporter of wheat, a crop in high demand during the pandemic. A sustained labor shortage could impact the soy and corn ...",https://www.reuters.com/article/business/us-farmers-scramble-for-help-as-covid-19-scuttles-immigrant-workforce-idUSKBN2431BP/
wheat,ICML 2020: Bloomberg Ph.D. Fellow combines Datalog and neural networks to model dynamic databases,2020-07-15,Bloomberg,"At ICML 2020, Bloomberg's AI researchers & ML quants look to improve neural networks, ML model serving, and the learning of probability distributions.",https://www.bloomberg.com/company/stories/icml-2020-bloomberg-ph-d-fellow-combines-datalog-and-neural-networks-to-model-dynamic-databases/
wheat,Asset Classes Remain Highly Correlated. Will It Last?,2020-07-29,investing.com,"This change has been brewing for a decade, ever since central banks and governments responded to the 2008-2009 financial crisis. ... market, meaning prices are ...",https://www.investing.com/analysis/asset-classes-remain-highly-correlated-will-it-last-200532283
wheat,"Sunny Verghese, Co-Founder and Group CEO, Olam ...",2020-08-02,cnbc.com,"The final shock is really the financial market shock, with credit to ... Covid crisis at the beginning of the crisis. Many of them are now unwounded ...",https://www.cnbc.com/2020/08/03/sunny-verghese-co-founder-and-group-ceo-olam-international.html
wheat,France Records Driest July in Six Decades,2020-08-03,Bloomberg,"First, poor weather left France with a paltry wheat harvest. Now the nation's driest July in six decades is threatening its corn fields.",https://www.bloomberg.com/news/articles/2020-08-03/france-s-driest-july-in-six-decades-risks-frying-corn-fields
wheat,Switzerland Has a Golden Reason for Its Widening U.S. Trade Gap,2020-08-05,Bloomberg,"Switzerland sits at No. 3 globally, up from 10th at the end of 2019, with only China and Mexico posting larger surpluses in the value of goods traded with the...",https://www.bloomberg.com/news/newsletters/2020-08-05/supply-chains-latest-swiss-gold-exports-to-the-u-s-are-surging
wheat,Lebanon Builds Wheat Stocks as Blast Sparks Food Shortage Fears,2020-08-11,Bloomberg,The United Nations is sending grain to Lebanon to avert a food crisis following last week's explosion in Beirut that killed 160 people and destroyed grain...,https://www.bloomberg.com/news/articles/2020-08-11/un-sends-50-000-tons-of-wheat-to-lebanon-to-avert-food-crisis
wheat,Battered Shipping Lines Hope Worst of the Storm Is Over,2020-08-19,Bloomberg,The companies that move goods around the world are sounding cautiously optimistic that the worst of the global economic downturn is behind them.,https://www.bloomberg.com/news/newsletters/2020-08-19/supply-chains-latest-battered-shippers-see-worst-of-storm-behind-them
wheat,Xi’s Crusade on Food Waste Triggers Rare Anxiety Over Supplies,2020-08-20,Bloomberg,A new national campaign against food waste in China has sparked a rare bout of speculation over the government's ability to safely feed its 1.4 billion...,https://www.bloomberg.com/news/articles/2020-08-20/xi-s-crusade-on-food-waste-triggers-rare-anxiety-over-supplies
wheat,Ugly Harvest Is Test for Farmer Patience in Trump Country,2020-08-20,Bloomberg,Rolling along Iowa's gentle hills in mid-August is usually like surfing a green tidal wave. Corn fields are so lush that plants often tower several feet...,https://www.bloomberg.com/news/articles/2020-08-20/storms-trade-wars-and-covid-farmers-hit-again-in-trump-country
wheat,Biscuits Emerge as The Summer’s Key to a Better Sandwich,2020-08-28,Bloomberg,The Southern favorite is hitting peak popularity in home kitchens and on delivery apps. A new book shows how to make them perfect.,https://www.bloomberg.com/news/articles/2020-08-28/the-key-to-a-ham-and-pimento-cheese-sandwich-recipe-is-biscuits
wheat,Chinese Hog Breeder Cooperates With Authorities Over Land Probe,2020-08-31,Bloomberg,"Muyuan Foodstuff Co., China's second-biggest hog breeder, said the company is co-operating with local authorities on an investigation into acquisition of...",https://www.bloomberg.com/news/articles/2020-08-31/chinese-hog-breeder-co-operates-with-authorities-over-land-probe
wheat,Satellite Data Fill the Void of Dwindling Crop Tours,2020-09-11,Bloomberg,The pandemic is helping to usher in a new era of food-production forecasts that rely more on satellite data and artificial intelligence and less on...,https://www.bloomberg.com/news/newsletters/2020-09-11/supply-chains-latest-satellite-data-fill-void-of-dwindling-crop-tours
wheat,Adding this one simple food to your diet may help you live ...,2020-09-15,cnbc.com,"One conclusion leaped out like a flashing neon sign (and might come as a shock ... supply the fiber our microbiomes require, boosting our immune systems.",https://www.cnbc.com/2020/09/15/adding-this-simple-food-to-your-diet-may-help-you-live-to-100-says-longevity-health-researcher.html
wheat,ＷＴＯ、米の対中関税をルール違反と判断－「勝者不在」の声も,2020-09-15,Bloomberg,世界貿易機関（ＷＴＯ）は15日、米国が中国製品に課している関税は国際ルール違反との裁定を下し、トランプ政権が対中貿易戦争のよりどころとしてきた主張を退けた。,https://www.bloomberg.co.jp/news/articles/2020-09-15/QGPE3CDWX2PU01
wheat,"Stock picking has a terrible track record, and it's getting worse",2020-09-18,cnbc.com,"The evidence is that the market is highly, though not perfectly, efficient — available information is digested rapidly and reflected in market prices. ... supply ...",https://www.cnbc.com/2020/09/18/stock-picking-has-a-terrible-track-record-and-its-getting-worse.html
wheat,India’s Farmers Give Mahindra (and Maybe Modi) a Sliver of Hope,2020-09-22,Bloomberg,Indian conglomerate Mahindra Group said sales of farm equipment are much better than expected as the country's vast hinterland bounces back from lockdown.,https://www.bloomberg.com/news/articles/2020-09-22/india-s-farmers-give-mahindra-and-maybe-modi-a-sliver-of-hope
wheat,Russia’s Dominance of the Wheat World Keeps Growing,2020-09-22,Bloomberg,"In 20 years, Russia has gone from being reliant on wheat imports to accounting for a fifth of global sales, as its fertile soils generate bigger harvests at...",https://www.bloomberg.com/news/articles/2020-09-22/russia-s-dominance-of-the-wheat-world-keeps-growing
wheat,Supply Chains Latest: America Still Has Too Many Pigs as Herd Stays Huge,2020-09-25,Bloomberg,"The pig and hog herd stands at about 79.1 million animals, the USDA said Thursday. That's down about 0.7% from June 1, but it's still record large for this...",https://www.bloomberg.com/news/newsletters/2020-09-25/supply-chains-latest-america-still-has-too-many-pigs-as-herd-stays-huge
wheat,South Africa Offers State Land for Lease to Dispossessed,2020-10-01,Bloomberg,South Africa will offer as much as 700000 hectares (1.73 million acres) of state land for lease as the government steps up its drive to compensate citizens...,https://www.bloomberg.com/news/articles/2020-10-01/south-africa-offers-state-land-for-lease-to-dispossessed
wheat,Famed Chef’s Take on Cacio e Pepe Pasta Improves a ‘Perfect’ Dish,2020-10-09,Bloomberg,"In Flavor , the notable cookbook author Yotam Ottolenghi enhances cacio e pepe pasta with a dose of Middle Eastern za'atar spice.",https://www.bloomberg.com/news/articles/2020-10-09/ottolenghi-cacio-e-pepe-recipe-adds-zaatar-for-easy-flavor-upgrade
wheat,The Data Show a Bleak Outlook for Global Economic Growth,2020-10-09,Bloomberg,Developing countries show signs of emerging from the pandemic more quickly than advanced economies.,https://www.bloomberg.com/news/articles/2020-10-09/global-economic-data-paint-a-bleak-picture-for-the-future
wheat,The World Is Bracing for More Pressure on Food Needs,2020-10-16,Bloomberg,"Across the globe, nations are racing to bulk up their food supplies with hunger on the rise and supply chains vulnerable to more coronavirus lockdowns.",https://www.bloomberg.com/news/newsletters/2020-10-16/supply-chains-latest-nations-stockpile-food-to-avoid-shortages
wheat,The Pandemic Tears a Hole in a Vital Child Nutrition Safety Net,2020-10-21,Bloomberg,"Luz Desiderio has long counted on free school breakfasts and lunches to help feed her four children. Today the cafeteria line is only a memory,...",https://www.bloomberg.com/news/articles/2020-10-21/covid-pandemic-online-teaching-means-fewer-students-get-free-school-meals
wheat,Exclusive: China eyes more corn imports as shipments ...,2020-10-23,reuters.com,"""(The government) will review the market supply-demand situation, and ... trade war between the two countries. It is short of the $36.5 billion target ...",https://www.reuters.com/world/china/china-eyes-more-corn-imports-shipments-surge-set-become-top-buyer-2020-10-23/
wheat,Tokyo’s Tiny Noodle Bars Shut Down Rather Than Put Up Prices,2020-11-11,Bloomberg,Covid-19 and social-distancing measures are forcing some owners of Japan's tiny noodle shops to consider either pushing up their prices or pulling down...,https://www.bloomberg.com/news/articles/2020-11-11/tokyo-s-tiny-noodle-bars-close-up-shop-rather-than-raise-prices
wheat,Saudi Arabia to Scrap Public State-Run Barley Tenders for Private Deals,2020-11-12,Bloomberg,"Saudi Arabia, the world's biggest barley buyer, is poised to stop running government tenders for the grain as the kingdom shifts toward private deals for...",https://www.bloomberg.com/news/articles/2020-11-12/saudi-arabia-to-scrap-state-run-barley-tenders-for-private-deals
wheat,Thailand Bets on a New Rice Grain to Feed the World,2020-11-12,Bloomberg,A long—but soft—strain suits the globe's changing appetite and might save the country's declining export business. But experts miss the signature fragrance...,https://www.bloomberg.com/news/articles/2020-11-12/thailand-bets-on-new-soft-rice-grain-rd79-to-reclaim-export-market
wheat,Grain grab: China's global hunt for feed grains roils world ...,2020-11-12,reuters.com,"Chicago corn and wheat futures have climbed 25% and 17.5% respectively in the past three months. ""In China, corn prices and the currency are both at multi-year ...",https://www.reuters.com/world/asia-pacific/grain-grab-chinas-global-hunt-feed-grains-roils-world-market-2020-11-13/
wheat,Barley trade routes redrawn as China tariff hits Australian ...,2020-11-16,reuters.com,Barley trade routes redrawn as China tariff hits Australian farmers · China usually takes over half Australia's barley exports · Barley latest export facing trade ...,https://www.reuters.com/business/energy/barley-trade-routes-redrawn-china-tariff-hits-australian-farmers-2020-11-17/
wheat,Why Wheat Is The Most Political Commodity,2020-11-17,investing.com,"Market Analysis by covering: US Dollar Index Futures, US Wheat Futures. Read ... Rising food prices and supply deficits have fomented uprisings and led ...",https://uk.investing.com/analysis/why-wheat-is-the-most-political-commodity-200449856
wheat,The future of prediction: Building a smart consensus of forecasters,2020-11-17,Bloomberg,"Bloomberg's Quant Research team has developed a method for scoring forecasters, evaluating not only for accuracy, but also for the timing, direction,...",https://www.bloomberg.com/professional/insights/data/the-future-of-prediction-building-a-smart-consensus-of-forecasters/
wheat,Don't Blame The Pandemic For The $277 Trillion Global ...,2020-11-24,investing.com,"Market Analysis by covering: S&P 500, Gold Futures, Germany 10-Year ... market, meaning prices are indicative and not appropriate for trading purposes.",https://www.investing.com/analysis/dont-blame-the-pandemic-for-the-277-trillion-global-debt-pile-200545560
wheat,S&P Global’s $39 Billion Deal Shows Market Data’s Dominance,2020-11-30,Bloomberg,The second-biggest acquisition of 2020 will combine the two into a data Goliath that tracks everything from the price of wheat to the movements of hundreds of...,https://www.bloomberg.com/news/articles/2020-11-30/s-p-global-s-39-billion-deal-marks-data-s-dominance-in-markets
wheat,"DoorDash, Jimmy John’s Say New Service Will Lower Commissions",2020-12-02,Bloomberg,Jimmy John's is teaming up with DoorDash Inc. on a system that would let the sandwich chain's own drivers distribute food via the delivery specialist's app.,https://www.bloomberg.com/news/articles/2020-12-02/doordash-jimmy-john-s-say-new-service-will-lower-delivery-fees
wheat,India's government to meet farmers as thousands protest ...,2020-12-03,cnbc.com,"""Anecdotal evidence shows that free market prices are generally lower than the designated MSPs. Farmers fear that corporatizing procurement would lead to lower ...",https://www.cnbc.com/2020/12/03/why-india-farmers-are-protesting-three-farm-reform-bills.html
wheat,Egypt Buys ‘Huge’ Oil Hedge to Lock In Gains from Price Rout,2020-12-09,Bloomberg,"Egypt has bought more derivative contracts to protect itself against a rise in oil costs, as some importers seek to take advantage of this year's price...",https://www.bloomberg.com/news/articles/2020-12-09/egypt-buys-huge-oil-hedge-to-lock-in-gains-from-price-rout
wheat,The Six Pests Coming to Eat Your Crops,2020-12-15,Bloomberg,"As the environment changes, new and resurgent bugs are threatening our food supply.",https://www.bloomberg.com/news/features/2020-12-16/climate-change-is-opening-up-new-regions-to-agricultural-pests
wheat,Monsanto Co - Company Profile and News,2020-12-29,Bloomberg,"Monsanto Company provides agricultural products. The Company offers corn, soybean, cotton, wheat, sorghum, and vegetable seeds.",https://www.bloomberg.com/profile/company/1856613D:US
wheat,COMMODITIES Volatile markets end 2020 strong with ...,2020-12-31,reuters.com,"... prices after a roller coaster ride caused by the global coronavirus pandemic ... In agriculture, Dalian corn futures were the top performing market in 2020, ...",https://www.reuters.com/business/commodities-volatile-markets-end-2020-strong-with-vaccines-stimulus-sight-2020-12-31/
wheat,The Great Copper Boom Is Running on Scrap,2021-01-05,Bloomberg,Traders around the world are betting on a post-lockdown economic rebound. You can see that in stock prices and oil futures—but also in the copper scrap...,https://www.bloomberg.com/news/articles/2021-01-05/copper-prices-rally-could-fizzle-out-as-scrap-remains-plentiful
wheat,"Amazon Shutters Prime Pantry, an Early Online Grocery Initiative",2021-01-07,Bloomberg,"Amazon.com Inc. has shuttered Prime Pantry, a grocery and household essentials delivery service that was one of the retailer's early forays into selling...",https://www.bloomberg.com/news/articles/2021-01-07/amazon-shutters-prime-pantry-an-early-online-grocery-initiative
wheat,Global Food Prices at Six-Year High Are Set to Keep On Climbing,2021-01-07,Bloomberg,"Global food prices reached a six-year high in December and are likely to keep rising into 2021, adding to pressure on household budgets while hunger surges...",https://www.bloomberg.com/news/articles/2021-01-07/global-food-prices-at-six-year-high-are-set-to-keep-on-climbing
wheat,French Grocer Deal Rouses Food Sovereignty Impulse in Virus Era,2021-01-15,Bloomberg,"Canadian convenience-store giant Alimentation Couche-Tard made a $20 billion offer for France's flagship grocer, Carrefour.",https://www.bloomberg.com/news/newsletters/2021-01-15/supply-chains-latest-bid-for-carrefour-stirs-food-protectionism-debate
wheat,This One-Hour Bolognese Sauce Breaks All the Rules,2021-01-15,Bloomberg,YouTube's Matty Matheson amps up the ingredients and turns up the heat to make his quick and easy pasta sauce a delight.,https://www.bloomberg.com/news/articles/2021-01-15/matty-matheson-s-quick-easy-bolognese-recipe-breaks-the-sauce-rules
wheat,"Russia Jails Putin Critic Navalny for 30 Days, Defying West",2021-01-17,Bloomberg,"A Russian court ordered opposition leader Alexey Navalny, detained Sunday on arrival from Germany where he'd been recovering from a poisoning attack, jailed...",https://www.bloomberg.com/news/articles/2021-01-17/kremlin-critic-navalny-braves-arrest-with-return-from-germany
wheat,Putin Thrusts Global Food Markets Into Russian Politics,2021-01-25,Bloomberg,Russia's government is squeezing wheat exports to push down prices in a country with a long history of public anger over food costs.,https://www.bloomberg.com/news/articles/2021-01-25/putin-thrusts-global-food-markets-into-russian-politics
wheat,Farmers Down Under Face ‘Watershed Year’ as China Risks Stack Up,2021-01-28,Bloomberg,2021 will probably mark a “watershed year” where Australia starts to reduce its reliance on China for agricultural exports as diplomatic tensions look set...,https://www.bloomberg.com/news/articles/2021-01-29/farmers-down-under-face-watershed-year-as-china-risks-stack-up
wheat,Land O’Lakes Set for $2 Million Carbon Credit Sale to Microsoft,2021-02-04,Bloomberg,"Land O'Lakes Inc., one of the biggest U.S. farm cooperatives, has found a way for its farmers to cash in on carbon dioxide trapped in soil.",https://www.bloomberg.com/news/articles/2021-02-04/land-o-lakes-set-for-2-million-carbon-credit-sale-to-microsoft
wheat,The Shadow of England in India’s Farm Protests,2021-02-10,Bloomberg,"Faster urbanization and quicker economic growth await. But, first, New Delhi has to make agricultural reforms palatable to farmers.",https://www.bloomberg.com/opinion/articles/2021-02-10/india-s-farm-protests-have-parallels-in-18th-century-england-for-better-or-worse
wheat,JPMorgan Says Commodities May Have Just Begun a New Supercycle,2021-02-10,Bloomberg,"With agricultural prices soaring, metal prices hitting the highest in years and oil well above $50 a barrel, JPMorgan Chase & Co. is calling it: Commodities...",https://www.bloomberg.com/news/articles/2021-02-10/j-p-morgan-sees-commodity-supercycle-already-kicking-off
wheat,The Perfect Date-Night Pasta Is Spaghetti You Unwrap Like a Gift,2021-02-12,Bloomberg,Cooking in parchment brings festivity and fun to Valentine's Day—or any meal you want to make into an event.,https://www.bloomberg.com/news/articles/2021-02-12/best-pasta-recipe-for-romantic-dinner-mushroom-spaghetti-in-parchment
wheat,Markets May Be Starting To Worry About Rates,2021-02-21,investing.com,"As is often stated, 'a crisis happens slowly, then all at once.' So ... market, meaning prices are indicative and not appropriate for trading purposes.",https://www.investing.com/analysis/markets-may-be-starting-to-worry-about-rates-200562156
wheat,Colorado JBS Meat-Plant Workers Get Access to Covid Vaccine,2021-02-24,Bloomberg,A Colorado beef plant that was the site of a deadly coronavirus outbreak will soon distribute thousands of vaccine doses.,https://www.bloomberg.com/news/articles/2021-02-24/top-meat-company-jbs-to-distribute-vaccine-at-colorado-plant
wheat,Sneakerheads Have Turned Jordans and Yeezys Into a Bona Fide Asset Class,2021-02-25,Bloomberg,"When the pandemic presented a buy-low opportunity, one college dropout hit the road and filled his truck with $200,000 worth of kicks. By Joshua Hunt.",https://www.bloomberg.com/features/2021-sneaker-investment/
wheat,"The Can’t-Fail Cookie Recipe, From One of the World’s Best Chefs",2021-02-26,Bloomberg,"Jam-filled shortbread from Magnus Nilsson evokes his shuttered destination restaurant, Faviken. Shortbread cookies that were integral to the experience at...",https://www.bloomberg.com/news/articles/2021-02-26/chef-magnus-nilsson-jam-shortbread-cookie-recipe-from-faviken-breakfast
wheat,Pursuits Weekly: C$2 Million Reduction for Schitt’s Creek Mansion,2021-02-28,Bloomberg,One Canadian real estate developer is hoping some of that magic can rub off on his Toronto megamansion.,https://www.bloomberg.com/news/newsletters/2021-02-28/pursuits-weekly-c-2-million-reduction-for-schitts-creek-mansion
wheat,Kenya Grain Handler Denies Port Delays Amid Competition Push,2021-03-03,Bloomberg,The sole grain handler at East Africa's busiest port denied that it's responsible for delays in moving cargo as a Kenyan parliamentary committee seeks to end...,https://www.bloomberg.com/news/articles/2021-03-02/kenyan-grain-handler-denies-causing-delays-amid-competition-push
wheat,Watch RCMA Group's King on the Commodity Challenges for a Global Recovery,2021-03-09,Bloomberg,RCMA Group Chairman Doug King speaks with Bloomberg's Alix Steel and Guy Johnson about the massive increase in global food prices and the reduced stock of...,https://www.bloomberg.com/news/videos/2021-03-09/rcma-group-s-king-on-the-commodity-challenges-for-a-global-recovery-video
wheat,Forget Avocado Toast. Have You Tried Avocado Pesto?,2021-03-12,Bloomberg,David Kinch calls it a California take on “the greatest of all Italian sauces.”,https://www.bloomberg.com/news/articles/2021-03-12/chef-david-kinch-s-trick-for-improving-classic-pesto-pasta-add-avocado
wheat,Here’s the Simple Secret to Becoming a Truly Adventurous Eater,2021-03-16,Bloomberg,Property developer David Rich-Jones has tips he's learned from a life abroad—and from his teenage son.,https://www.bloomberg.com/news/articles/2021-03-16/how-to-watch-favorite-netflix-shows-when-traveling-outside-your-country
wheat,Zara Owner’s Lesson for Others Is Keep Supplies Close to Home,2021-03-16,Bloomberg,"The Spanish owner of the Zara clothing brand saw its inventories drop by an impressive 9%. Other fashion retailers, such as H&M and Gap, have seen increases in...",https://www.bloomberg.com/news/newsletters/2021-03-16/supply-chain-latest-zara-owner-succeeds-with-regional-networks
wheat,What Interest Rate Triggers The Next Crisis?,2021-03-17,investing.com,"What Interest Rate Triggers The Next Crisis? ByMichael Lebowitz · Market ... market, meaning prices are indicative and not appropriate for trading purposes.",https://www.investing.com/analysis/what-interest-rate-triggers-the-next-crisis-200567813
wheat,Rising Margins Push U.S. Beef Packers to Add Slaughter Capacity,2021-03-19,Bloomberg,"It's a lucrative time for U.S. meat packers, with rising tastes for beef and ample cattle driving up profitability so much that it's prompting one industry...",https://www.bloomberg.com/news/articles/2021-03-18/juicy-margins-push-u-s-beef-packers-to-boost-slaughter-capacity
wheat,Drought Is the U.S. West’s Next Big Climate Disaster,2021-03-20,Bloomberg,Water scarcity is baking cropland and ramping up wildfire risk from California to Texas.,https://www.bloomberg.com/news/features/2021-03-20/drought-is-the-u-s-west-s-next-big-climate-disaster
wheat,United States 7-Year Note Auction,2021-03-30,investing.com,"London Wheat Futures. 182.90. +0.90. +0.49%. U.K. 10Y. 5.02. +0.0470. +0.95 ... market, meaning prices are indicative and not appropriate for trading purposes.",https://uk.investing.com/economic-calendar/7-year-note-auction-682
wheat,Tyson Opens First New Poultry Plant in 25 Years in Retail Push,2021-04-08,Bloomberg,America's biggest meat company opened its first new poultry plant in 25 years after the pandemic gave grocery-store sales of chicken a boost.,https://www.bloomberg.com/news/articles/2021-04-08/tyson-opens-first-new-poultry-plant-in-25-years-in-retail-push
wheat,REFILE-UPDATE 1-Too early to call frost damage on ...,2021-04-14,reuters.com,"In supply and demand estimates, FranceAgriMer raised its forecast of French soft wheat exports ... Indian shares set to open lower as rising oil prices ...",https://www.reuters.com/article/business/refile-update-1-too-early-to-call-frost-damage-on-grains-but-concern-grows-fran-idUSL8N2M72X3/
wheat,"Russia Rebuffs Allegations of Czech Blast, Plans Retaliation",2021-04-17,Bloomberg,"Russia rejected the Czech government's allegations that it was involved in a deadly blast at a munitions site in 2014, signaling possible retaliation.",https://www.bloomberg.com/news/articles/2021-04-17/czechs-to-expel-18-russian-embassy-employees-over-2014-explosion
wheat,Reshaping grain trade? China moves to change animal ...,2021-04-21,reuters.com,"... Futures, citing a rough estimate. Analysts and industry sources said, however ... prices due ​to ​the ⁠Iran war. Worldcategory · US seeks to accelerate ...",https://www.reuters.com/world/china/reshaping-grain-trade-china-moves-change-animal-feed-recipes-2021-04-21/
wheat,Vladimir Putin's Strategy Is All About Himself,2021-04-22,Bloomberg,The president's annual speech was a pre-election pitch with few concrete new ideas and plenty of old tropes. Stagnation and belligerence mix poorly.,https://www.bloomberg.com/opinion/articles/2021-04-22/state-of-the-nation-putin-s-strategy-for-russia-is-all-about-himself
wheat,High-Tech Tools Join the Hunt for Forgotten Mines,2021-04-22,Bloomberg,"In Afghanistan, Angola and Libya, digging out the deadly remnants of war takes nerves of steel and increasingly sophisticated mapping technology.",https://www.bloomberg.com/news/articles/2021-04-23/the-delicate-art-and-science-of-mine-removal
wheat,"Russia Orders Army Back From Ukraine Border, Easing Tensions",2021-04-22,Bloomberg,"Russia said it will begin pulling thousands of troops back from areas near the Ukrainian border starting Friday, in a step that could calm strains with the...",https://www.bloomberg.com/news/articles/2021-04-22/russia-to-begin-pulling-troops-back-from-ukraine-border-friday
wheat,This Pasta Salad Revolutionizes the Beloved TikTok Recipe,2021-04-24,Bloomberg,"British chef Nigel Slater tells how to make “the best pasta salad I've ever had,” and it could serve as a follow-up to the viral hit.",https://www.bloomberg.com/news/articles/2021-04-24/nigel-slater-s-recipe-for-the-best-pasta-salad-he-s-ever-eaten
wheat,Corn jumps to 8-year high on tightening world supplies ...,2021-04-25,reuters.com,"Corn up 1.5% as supply worries drive prices to 8-year high; Wheat gains 2.4% to seven-year high, soybeans at 2013 peak. (Adds quote in paragraph 3, French ...",https://www.reuters.com/article/global-grains/grains-corn-jumps-to-8-year-high-on-tightening-world-supplies-wheat-up-2-4-idINL1N2MJ042/?edition-redirect=in
wheat,Corn futures jump to a 7-year high on supply concerns,2021-04-26,cnbc.com,Corn futures jump to a 7-year high on supply concerns · Corn futures were up nearly 4% on Monday afternoon. · Rising commodity prices are also likely to stoke ...,https://www.cnbc.com/2021/04/26/corn-futures-jump-to-a-7-year-high-on-supply-concerns.html
wheat,"Bringing Home the Bacon Will Cost You, For Now",2021-04-27,Bloomberg,"After a run of lean years, the farm sector is facing a bumper harvest. The Bloomberg Commodities Agriculture sub-index is up 22% this year to its highest...",https://www.bloomberg.com/opinion/articles/2021-04-27/prices-for-agricultural-commodities-are-surging-it-won-t-last
wheat,Subscription Models Are Keeping Flower Delivery Services Afloat,2021-04-29,Bloomberg,"Flower services were especially hard hit during the pandemic, losing revenue when weddings and large events disappeared and hotels were forced to shut down.",https://www.bloomberg.com/news/articles/2021-04-29/subscription-models-are-keeping-flower-delivery-services-afloat
wheat,One Grain Is Keeping World’s Food Crisis From Getting Worse,2021-05-06,Bloomberg,"As skyrocketing crop prices fuel fears about soaring food costs and hunger around the globe, one of the world's most consumed staples is bucking the trend...",https://www.bloomberg.com/news/articles/2021-05-06/one-grain-is-keeping-the-world-s-food-crisis-from-getting-worse
wheat,"High Package Costs Hit Food Makers as Recycled Paper, Corn Soar",2021-05-07,Bloomberg,"In a year of food supply-chain disruptions hitting from all angles, here are two more things for producers and consumers to worry about: recycled paper and...",https://www.bloomberg.com/news/newsletters/2021-05-07/supply-chains-latest-packaging-costs-hit-food-as-recycled-paper-price-soars
wheat,Copper Jumps to Record as Growth Bets Supercharge Commodities,2021-05-07,Bloomberg,Copper soared to a fresh all-time high as optimism about a global rebound from the pandemic boosts commodities markets.,https://www.bloomberg.com/news/articles/2021-05-07/copper-surges-to-all-time-high-as-global-growth-fuels-rally
wheat,U.S. Says Russia Has Postponed Restrictions on Embassy in Moscow,2021-05-14,Bloomberg,"Russia formally designated the U.S. “unfriendly,” but put off imposing new restrictions on its embassy in Moscow, as the two former Cold War rivals prepare...",https://www.bloomberg.com/news/articles/2021-05-14/u-s-says-russia-postpones-restrictions-on-embassy-in-moscow
wheat,United States TIC Net Long-Term Transactions,2021-05-18,investing.com,"Indices Futures · Major Indices · Indices Real-Time · World Indices · Global ... market, meaning prices are indicative and not appropriate for trading purposes.",https://www.investing.com/economic-calendar/tic-net-long-term-transactions-283
wheat,India to Spend $2 Billion More to Cap Nutrient Price for Farmers,2021-05-19,Bloomberg,"India increased its subsidy for di-ammonium phosphate to shield farmers in the country, where about of 60% people depend on agriculture for their livelihood...",https://www.bloomberg.com/news/articles/2021-05-20/india-to-spend-2-billion-more-to-cap-nutrient-price-for-farmers
wheat,Possible Bumper Wheat Crop Raises Quality Concerns in Kansas,2021-05-20,Bloomberg,"Heavy rain has primed America's bread basket for a record wheat yield, even as it raises concerns about crop quality.",https://www.bloomberg.com/news/articles/2021-05-20/possible-bumper-wheat-crop-raises-quality-concerns-in-kansas
wheat,Argentina’s Beef-Export Ban to Stoke Steak Prices Worldwide,2021-05-21,Bloomberg,Argentina's unorthodox beef-export ban is the latest disruption to supply chains that is forcing consumers to pay higher prices for meat.,https://www.bloomberg.com/news/newsletters/2021-05-21/supply-chains-latest-argentina-s-beef-export-ban-to-stoke-steak-prices
wheat,China Mourns Death of Man Who Saved Millions From Hunger,2021-05-22,Bloomberg,"The death of Yuan Longping, the Chinese agronomist known for using hybrid varieties to boost rice harvests during the Cultural Revolution era, has triggered...",https://www.bloomberg.com/news/articles/2021-05-22/scientist-symbolizing-chinese-food-security-dies-at-91
wheat,Indigo Ag: 2021 CNBC Disruptor 50,2021-05-25,cnbc.com,Indigo Ag also moved into the crop sales market a few years ago through Indigo ... The pandemic has increased interest in new food and farming solutions.,https://www.cnbc.com/2021/05/25/indigo-ag-disruptor-50.html
wheat,The World's Food Supply Has Never Been More Vulnerable,2021-06-09,Bloomberg,"After a cyberattack crippled the world's largest meat producer last week, JBS SA meat plants have begun to reopen across the globe.",https://www.bloomberg.com/opinion/articles/2021-06-09/jbs-cyberattack-shows-vulnerability-of-world-food-supplies
wheat,Inflation Is Coming for Tofu Next as Americans Pay Up for Protein,2021-06-10,Bloomberg,The curd is getting more expensive as animals gobble up beans normally meant for humans.,https://www.bloomberg.com/news/articles/2021-06-10/inflation-is-coming-for-tofu-next-as-americans-pay-up-for-protein
wheat,United States Weekly Crude Oil Imports,2021-06-10,investing.com,"Negative imports?, does that mean net positive exports for crude, Help me out guys. ... market, meaning prices are indicative and not appropriate for trading ...",https://www.investing.com/economic-calendar/%D0%98%D0%BC%D0%BF%D0%BE%D1%80%D1%82-%D0%BD%D0%B5%D1%84%D1%82%D0%B8-1658
wheat,United Nations Warns of Worsening Famine in Ethiopia’s Tigray,2021-06-10,Bloomberg,"More than 350000 people are facing “catastrophic conditions” in the Tigray region of Ethiopia, according to United Nations agencies.",https://www.bloomberg.com/news/articles/2021-06-10/united-nations-warns-of-worsening-famine-in-ethiopia-s-tigray
wheat,Palm Beach Billionaires' Fix for Sinking Megamansions: Build Them Bigger,2021-06-11,Bloomberg,The super wealthy driving up prices for waterfront real estate in Florida's Palm Beach are also funding a boom in climate defenses.,https://www.bloomberg.com/features/2021-palm-beach-mansions-sea-level/
wheat,The Commodities Boom Is Luring Criminals to Make Bigger and Bolder Scores,2021-06-16,Bloomberg,"The pandemic, soaring prices, and economic pain have combined to create perfect conditions for thieves and fraudsters.",https://www.bloomberg.com/news/features/2021-06-17/prices-of-lumber-metal-and-food-are-booming-and-criminals-are-cashing-in
wheat,Vincent Lee - Editor:Weekends Americas,2021-06-17,Bloomberg,Recent stories by Vincent Lee on Bloomberg.com.,https://bloomberg.com/authors/AVSkFDWwaLs/vincent-lee
wheat,One of the Most Fertile Nations Wants to Feed the World,2021-06-19,Bloomberg,"It was nicknamed the bread basket of the Soviet Union, and now Ukraine might finally be able to start living up to its agricultural potential.",https://www.bloomberg.com/news/articles/2021-06-20/global-food-supply-ukraine-soviet-union-s-breadbasket-plan-to-feed-the-world
wheat,NASA is learning how to farm on Mars and the moon,2021-06-20,cnbc.com,"But the lab's system can spot salt stress in just fifteen minutes, and drought ... Global Business and Financial News, Stock Quotes, and Market Data and Analysis.",https://www.cnbc.com/2021/06/20/space-agencies-are-learning-how-to-farm-on-mars-and-the-moon.html
wheat,"The value-added tax brings in billions for other countries, ...",2021-06-21,cnbc.com,"... supply chain. ""The U.S. is the only major country that does not have a value ... The pandemic, of course, may have been the exception. ""But even in a ...",https://www.cnbc.com/2021/06/21/this-tax-brings-in-billions-worldwide-why-theres-no-vat-in-the-us.html
wheat,"6 Hardwood Floor Alternatives That Are Cheaper, More Eco-Friendly",2021-06-24,Bloomberg,"Better for the environment and easier on the wallet, too.",https://www.bloomberg.com/news/articles/2021-06-24/hardwood-flooring-alternatives-that-are-eco-friendly-and-cheaper-too
wheat,There’s a Trick to Making the Summer’s Perfect Tomato Sandwich,2021-06-25,Bloomberg,"If you're adding cheese, or even pepper, you've gone too far, says a new cookbook.",https://www.bloomberg.com/news/articles/2021-06-25/there-s-a-trick-to-making-the-summer-s-perfect-tomato-sandwich
wheat,High Oil Prices Send U.S. Refiners Scouring for Alternatives,2021-07-02,Bloomberg,Skyrocketing crude oil prices have prompted cash-strapped U.S. refiners to look for alternative ways to maximize gasoline production during the peak of the...,https://www.bloomberg.com/news/articles/2021-07-02/surging-oil-prices-sends-u-s-refiners-scouring-for-alternatives
wheat,Gluten-Free Is Mainstream Now. Just Look at Siete’s $1 Billion Ambition,2021-07-07,Bloomberg,"Siete, a Mexican food brand, is in 16000 locations and sees sales hitting $200 million this year. Now it wants to go global.",https://www.bloomberg.com/news/articles/2021-07-07/gluten-free-mexican-food-siete-aims-to-be-1-billion-brand
wheat,Your Brand Has Never Been Easier to Destroy,2021-07-13,Bloomberg,"Welcome to the wild world of product displacement, in which no brand is safe from ""hatejacking"" and other threats.",https://www.bloomberg.com/opinion/articles/2021-07-13/your-brand-has-never-been-easier-to-destroy
wheat,These are America's 10 cheapest states to live in for 2021,2021-07-15,cnbc.com,Rising prices for everything from meat to used cars are giving our wallets a ... pandemic. Global supply chains were so badly disrupted that it's ...,https://www.cnbc.com/2021/07/15/these-are-americas-cheapest-states-to-live-in.html
wheat,The Thai Chemicals Giant at the Forefront of Change,2021-07-26,Bloomberg,"The chemicals industry is in a state of change. Shifting supply chains, digitalization and a drive to sustainability are creating new challenges and...",https://sponsored.bloomberg.com/campaign/ptt-global-chemical/the-thai-chemicals-giant-at-the-forefront-of-change
wheat,"Floods in Europe and China disrupt global shipping, ...",2021-07-26,cnbc.com,"As parts of the world rebounded from the pandemic, increased spending led to a shortfall of containers, creating delays and driving up prices. Then in April, ...",https://www.cnbc.com/2021/07/27/floods-in-europe-and-china-disrupt-global-shipping-supply-chains.html
wheat,Rao’s Bets Home Cooks Will Go High End with $130 Balsamic Drizzle,2021-08-02,Bloomberg,"As the pasta sauce wars heat up, the renowned producer of marinaras and arrabbiatas gets fancy.",https://www.bloomberg.com/news/articles/2021-08-02/rao-s-bets-goes-high-end-with-truffled-pasta-sauce-130-balsamic
wheat,Egypt’s Leader Urges Hike to Bread Prices Amid Rising Costs,2021-08-03,Bloomberg,Egypt's president called for an increase in subsidized bread prices as the world's biggest wheat buyer looks to curb spending and cut the budget deficit at...,https://www.bloomberg.com/news/articles/2021-08-03/egypt-s-president-says-bread-prices-should-be-reviewed-krvw702x
wheat,South Africa President Replaces Finance Chief in New Cabinet,2021-08-05,Bloomberg,"South African President Cyril Ramaphosa appointed the ruling party's head of economic policy Enoch Godongwana as finance minister, after Tito Mboweni resigned.",https://www.bloomberg.com/news/articles/2021-08-05/south-africa-s-tito-mboweni-steps-down-as-finance-minister
wheat,S&P 500 Historical Data,2021-08-10,investing.com,"London Wheat Futures. 182.90. +0.90. +0.49%. Nigeria 10Y. 14.953. 0.000. 0.00 ... market, meaning prices are indicative and not appropriate for trading purposes.",https://ng.investing.com/indices/us-spx-500-historical-data
wheat,"Column: Trade biases for U.S. corn, soy yields suggest ...",2021-08-12,reuters.com,"... prices, and any reductions on those fronts could offset a possible supply loss if the U.S. harvest comes in smaller. Market participants believe some global ...",https://www.reuters.com/article/us-usa-grains-braun/column-trade-biases-for-us-corn-soy-yields-suggest-possible-surprise-in-store-idUSKBN2FD0QX/
wheat,Tractors Finally Get the Tesla Treatment,2021-08-18,Bloomberg,"Electric vehicle technology has finally arrived in heavy machinery, thanks to battery breakthroughs, a small crop of startups like Monarch and investors.",https://www.bloomberg.com/features/2021-monarch-electric-tractors-self-driving/
wheat,Russian Domestic Wheat Price at Season Record Fuels Concerns,2021-08-23,Bloomberg,"Russian domestic wheat prices jumped in August to levels typically not seen this time of year, raising concerns about food price inflation and possible...",https://www.bloomberg.com/news/articles/2021-08-23/russian-domestic-wheat-price-at-season-record-fuels-concerns
wheat,Ethiopia Risks U.S. Trade Access on Tigray Rights Violations,2021-08-25,Bloomberg,The humanitarian crisis in Ethiopia's northern region could affect Ethiopia's eligibility to export goods to the U.S. under the African Growth and...,https://www.bloomberg.com/news/articles/2021-08-26/ethiopia-risks-u-s-trade-access-on-tigray-rights-violations
wheat,Canada Sees Supply of Main Crops Dropping 26% on Drought Impact,2021-08-26,Bloomberg,"Canada, the world's biggest canola grower and a major wheat producer, forecasts a 26% drop in supplies of its main crops as drought ravages output and...",https://www.bloomberg.com/news/articles/2021-08-26/canada-sees-supply-of-main-crops-dropping-26-on-drought-impact
wheat,Global Crop Rally Spurs Farmers to Scramble for Fertilizer,2021-08-27,Bloomberg,"Global inflation has come for fertilizer, a crop nutrient that most farmers can't live without. As crops such as corn and wheat have become more valuable.",https://www.bloomberg.com/news/newsletters/2021-08-27/supply-lines-latest-global-inflation-is-coming-for-fertilizer
wheat,Asia wheat crunch to persist as farmers hold off for better ...,2021-09-02,reuters.com,World wheat production and ... High prices earlier this year along with COVID-19 outbreaks slowed ...,https://www.reuters.com/world/asia-pacific/asia-wheat-crunch-persist-farmers-hold-off-better-prices-2021-09-02/
wheat,Drought leaves Afghans hungry as economic collapse looms,2021-09-02,reuters.com,"Prices spike after 40% of wheat crop lost to drought -WFP; 'Tapestry of one crisis on top of the other"" -WFP official; Conflict, drought, war damage drive ...",https://www.reuters.com/world/asia-pacific/drought-leaves-afghans-hungry-economic-collapse-looms-un-2021-09-02/
wheat,Industrial Metals Charge to Fresh Highs as Inflation Runs Hot,2021-09-09,Bloomberg,"A broad rally in base metals markets is gathering pace, with tight supply, logistical logjams and booming demand creating an inflationary storm that's...",https://www.bloomberg.com/news/articles/2021-09-09/nickel-storms-to-seven-year-high-as-demand-booms-supply-ebbs
wheat,Italy Braces for Pasta Inflation Amid Soaring Durum Wheat Prices,2021-09-10,Bloomberg,Italians may soon reckon with higher pasta prices amid a fall in durum wheat production.,https://www.bloomberg.com/news/articles/2021-09-10/italy-braces-for-pasta-inflation-amid-soaring-durum-wheat-prices
wheat,Priciest Food Since 1970s Is a Big Challenge for Governments,2021-09-14,Bloomberg,"Global food prices were up 33% in August from a year earlier with vegetable oil, grains and meat on the rise, data from the United Nations Food and Agriculture...",https://www.bloomberg.com/news/articles/2021-09-15/priciest-food-since-1970s-is-a-big-challenge-for-governments
wheat,Starvation Is as Much a Threat to Afghan Women as the Taliban,2021-09-16,Bloomberg,Forcing wage earners into their homes puts entire families at risk. The country's political chaos could soon turn into a health crisis.,https://www.bloomberg.com/opinion/articles/2021-09-16/the-taliban-aren-t-the-only-threat-to-afghan-women-starvation-is-looming
wheat,A YouTube Star Makes an Adult Upgrade to a Classic Childhood Treat,2021-09-17,Bloomberg,"Editor's Note: As we leave our home kitchens to dine out more, the weekly Lunch Break column has evolved to highlight dishes from a variety of sources: a...",https://www.bloomberg.com/news/articles/2021-09-17/classic-cinnamon-toast-recipe-upgraded-by-youtube-star-joshua-weissman
wheat,A Tiny Piece of Plastic Is Helping Farmers Use Far Less Water,2021-09-22,Bloomberg,"An Israeli company's modest innovation in drip irrigation could forever change agriculture, especially in resource-starved environments.",https://www.bloomberg.com/news/features/2021-09-23/how-microdrip-irrigation-systems-use-less-water-and-could-change-farming-forever
wheat,Argentina’s Vineyards Can’t Bottle Wines Due to Glass Shortage,2021-10-08,Bloomberg,"Argentina's famed vineyards are struggling to find wine bottles amid a global shortage of glass, in the latest example of supply backlogs hitting local...",https://www.bloomberg.com/news/newsletters/2021-10-08/supply-chain-latest-argentina-doesn-t-have-enough-bottles-for-famed-red-wines
wheat,Fertilizer Spike Hits European Farmers at Heart of Planting,2021-10-13,Bloomberg,Surging fertilizer prices have European farmers questioning whether to curb their planting plans. Crops of winter wheat and barley are being sown just as...,https://www.bloomberg.com/news/articles/2021-10-13/fertilizer-spike-hits-european-farmers-during-heart-of-planting
wheat,Egypt Launches New Trade Technology,2021-10-13,Bloomberg,The government of Egypt has introduced a fully automated customs process aimed at significantly improving processing time and reducing costs for companies...,https://sponsored.bloomberg.com/article/nafeza/Egypt-Launches-New-Trade-Technology
wheat,Why Chamath Palihapitiya is welcoming the SPAC market ...,2021-10-14,cnbc.com,Futures & Commodities · Bonds · Funds & ETFs · Business · Economy · Finance ... Global hedge funds suffer worst losses since 'liberation day' on Iran war turmoil.,https://www.cnbc.com/2021/10/14/why-chamath-palihapitiya-is-welcoming-the-spac-market-correction.html
wheat,Fertilizer Crisis Piles More Pressure on World’s Future Food Supply,2021-10-15,Bloomberg,"Warnings about the fertilizer crisis's threat to global food security are coming thick and fast. In Europe, the high nutrient prices have farmers...",https://www.bloomberg.com/news/newsletters/2021-10-15/supply-chain-latest-warnings-mount-over-fertilizer-crisis
wheat,Making Fuel From Straw Is About to Become a Thing in Europe,2021-10-15,Bloomberg,"Turning bales of straw into ethanol is about to become a highly profitable venture in Europe, according to a firm that just opened a production site in the...",https://www.bloomberg.com/news/articles/2021-10-15/making-fuel-from-straw-is-about-to-become-a-thing-in-europe
wheat,What the Economics of Sawdust Can Tell Us About Supply Shortages,2021-10-21,Bloomberg,"Supply chain problems have catapulted themselves into the realms of White House politics, with President Joe Biden last week unveiling a suite of measures...",https://www.bloomberg.com/news/articles/2021-10-22/what-the-economics-of-sawdust-can-tell-us-about-supply-shortages
wheat,Wheat Hits New Highs as World Appetite Grows and Supply Shrinks,2021-10-22,Bloomberg,Spring wheat surged to $10 a bushel for the first time since 2012 as hot and dry crop conditions from North America's prairies to Russia's Urals leaves the...,https://www.bloomberg.com/news/articles/2021-10-22/spring-wheat-hits-10-a-bushel-for-first-time-since-2012
wheat,Your Bowl of Pasta Is Getting More Expensive as Drought Zaps Wheat Fields,2021-10-23,Bloomberg,"Pasta is poised to become the latest staple consumers are forced to pay more for after drought scorched North American production of durum wheat, the high-...",https://www.bloomberg.com/news/articles/2021-10-22/even-your-bowl-of-pasta-is-getting-pricier-as-drought-zaps-wheat
wheat,Another Iraq Drought Highlights Climate Change’s Threat to Food,2021-10-25,Bloomberg,"A third straight year of drought is forcing Iraq to cut its crop area in half, another example of how extreme weather caused by climate change is threatening...",https://www.bloomberg.com/news/articles/2021-10-25/another-iraq-drought-highlights-climate-change-s-threat-to-food
wheat,Xi Takes Veiled Swipe at U.S. as China Marks 50 Years at UN,2021-10-25,Bloomberg,"Chinese President Xi Jinping took a veiled swipe at U.S. leadership in a speech marking Beijing's 50th anniversary as a member of the United Nations,...",https://www.bloomberg.com/news/articles/2021-10-25/xi-takes-veiled-swipe-at-u-s-as-china-marks-50-years-at-un
wheat,Sudan's military has seized power in a coup. Here's what ...,2021-10-26,cnbc.com,"After a number of coups and a protracted civil war, the south of the country voted for independence and became the separate state of South Sudan in 2011.",https://www.cnbc.com/2021/10/26/sudans-military-has-seized-power-in-a-coup-heres-why-it-matters.html
wheat,French Fear Rising Baguette Prices on Hike in Wheat Costs,2021-10-27,Bloomberg,"Paris (AP) -- A hike in the cost of wheat is alarming French households who fear a possible rise in the price of the prized baguette, seen by many as a...",https://www.bloomberg.com/news/articles/2021-10-27/possible-rise-in-baguette-prices-poses-crunch-for-the-french
wheat,Protesters and Sharma Say It’s Time to Shift Gears: COP26 Daily,2021-11-05,Bloomberg,"Welcome to Bloomberg Green's special newsletter on the latest from COP26 in Glasgow, Scotland.",https://www.bloomberg.com/news/newsletters/2021-11-05/cop26-daily-news-greta-thunberg-joins-protests-alok-sharma-warning
wheat,"Charting The Stock Market “Melt Up,” And The Fed's Naivety",2021-11-08,investing.com,"Indices Futures · Major Indices · Indices Real-Time · World Indices · Global ... When charting stock market prices or returns, cherry-picked start dates can ...",https://www.investing.com/analysis/charting-the-stock-market-melt-up-and-the-feds-naivety-200607624
wheat,Money Supply Growth Trend: Setting The Stage For The ...,2021-11-08,investing.com,"... market event/crisis during the second half of 2022. The US money-supply ... market, meaning prices are indicative and not appropriate for trading purposes.",https://www.investing.com/analysis/money-supply-growth-trend-setting-the-stage-for-the-2022-bust-200607714
wheat,Wheat hits over 1-week high on hopes of higher U.S. exports,2021-11-10,reuters.com,"SINGAPORE, Nov 11 (Reuters) - Chicago wheat futures climbed on ... Engine maker Horse plans India move to supply growing small car market, CEO says.",https://www.reuters.com/article/markets/commodities/wheat-hits-over-1-week-high-on-hopes-of-higher-us-exports-idUSL1N2S204W/
wheat,Worst to come: pasta makers fret over durum wheat supply ...,2021-11-10,reuters.com,"Italian pasta makers are fearful of a substantial supply squeeze in the coming months after this summer's durum wheat price shock, as the market runs out of ...",https://www.reuters.com/business/worst-come-pasta-makers-fret-over-durum-wheat-supply-crunch-2021-11-10/
wheat,Belarus Threatens EU Gas as Merkel Pushes Putin in Migrant Spat,2021-11-11,Bloomberg,"Belarusian President Alexander Lukashenko threatened to shut down a key pipeline carrying Russia gas to the European Union, escalating a dispute flaring...",https://www.bloomberg.com/news/articles/2021-11-11/belarus-leader-threatens-to-shut-eu-gas-transit-in-border-spat
wheat,U.S. Warns Europe That Russia May Be Planning Ukraine Invasion,2021-11-11,Bloomberg,The US is raising the alarm with European Union allies that Russia may be weighing a potential invasion of Ukraine as tensions flare between Moscow and the...,https://www.bloomberg.com/news/articles/2021-11-11/u-s-warns-europe-that-russian-troops-may-plan-ukraine-invasion
wheat,Genetically Modified Wheat Gets a Boost With Brazil Approval,2021-11-11,Bloomberg,"Brazil approved the sale of a drought-tolerant wheat strain developed by Bioceres Crop Solutions Corp., a key step in widening the acceptance of genetically...",https://www.bloomberg.com/news/articles/2021-11-11/brazil-clears-genetically-modified-wheat-developed-by-bioceres
wheat,"In the Crosshairs of Climate Change, Farmers Seek to Adapt",2021-11-12,Bloomberg,The world is facing a new era of rapidly increasing food prices that could push almost 2 billion more people into hunger in a worst-case climate crisis.,https://www.bloomberg.com/news/newsletters/2021-11-12/supply-chain-latest-climate-change-farmers-food-security-agriculture
wheat,Fertilizer Prices Rocket to All-Time High on Tightening Supplies,2021-11-12,Bloomberg,"Fertilizer prices keep soaring to unprecedented heights, signaling escalating costs for farmers and consumers around the world.",https://www.bloomberg.com/news/articles/2021-11-12/fertilizer-prices-rocket-to-new-record-for-second-week
wheat,What Market Trends Will Drive Through To 2022?,2021-11-16,investing.com,"COVID Shifts Global Market Cycles Into Faster And Broader Trends. Now that ... market, meaning prices are indicative and not appropriate for trading purposes.",https://www.investing.com/analysis/what-market-trends-will-drive-through-to-2022-200608575
wheat,U.S. Intel Shows Russia Plans for Potential Ukraine Invasion,2021-11-21,Bloomberg,"The US has shared intelligence including maps with European allies that shows a buildup of Russian troops and artillery to prepare for a rapid, large-scale...",https://www.bloomberg.com/news/articles/2021-11-21/u-s-intel-shows-russian-plans-for-potential-ukraine-invasion
wheat,Modi’s Farm Misadventure Will Hurt Urbanization and Agriculture Reform,2021-11-21,Bloomberg,India's prime minister has wasted a chance to reform agriculture and create conditions for self-fueling growth of cities.,https://www.bloomberg.com/opinion/articles/2021-11-21/modi-s-farm-misadventure-will-hurt-urbanization-and-agriculture-reform
wheat,How To Manage Risk/Reward When You Invest,2021-11-21,cnbc.com,"However, I was able to use context to deal with the crisis at hand. I worked ... pandemic. It was scary! Each time I spoke with a client, I immediately ...",https://www.cnbc.com/select/how-to-manage-risk-reward-when-you-invest/
wheat,U.S. Says Escalating Ethiopia Crisis Risks Talks’ Progress,2021-11-23,Bloomberg,The US special envoy to the Horn of Africa said the escalating conflict in Ethiopia is jeopardizing progress that has been made on bringing the two sides...,https://www.bloomberg.com/news/articles/2021-11-23/u-s-says-escalating-ethiopia-crisis-puts-talks-progress-at-risk
wheat,Russia Says U.S. Forcing Its Diplomats Out as Tensions Escalate,2021-11-29,Bloomberg,"Russia's ambassador to Washington said more than 50 diplomats and their family members will have to leave the US by mid-2022, in the latest sign of tensions.",https://www.bloomberg.com/news/articles/2021-11-28/russia-says-54-diplomats-with-families-to-leave-u-s-by-mid-2022
wheat,A New Commodity Squeeze Could Soon Rival Lumber’s Recent Historic Shortage,2021-12-01,Bloomberg,"Tin is in the grips of one of the longest-running squeezes ever seen in commodities markets, and there's little sign of it letting up.",https://www.bloomberg.com/news/articles/2021-12-01/tin-s-year-long-squeeze-ranks-among-longest-in-commodity-history
wheat,Armed Raids in Northwest Ethiopia Fill Camps With Displaced,2021-12-03,Bloomberg,"A conflict between two of Ethiopia's northern states has intensified, with thousands of people in the western Tigray region forced to flee their homes or...",https://www.bloomberg.com/news/articles/2021-12-03/armed-raids-in-ethiopia-s-northwest-fill-camps-with-displaced
wheat,‘China Shock’ Still Shakes World Grappling With Trade’s Future,2021-12-04,Bloomberg,"Twenty years after China's ascent into the World Trade Organization, governments around the world are grappling with how to handle the exporting juggernaut.",https://www.bloomberg.com/news/articles/2021-12-04/-china-shock-still-shakes-world-grappling-with-trade-s-future
wheat,"Global farmers facing fertiliser sticker shock may cut use, ...",2021-12-09,reuters.com,"Global farmers facing fertiliser sticker shock may cut use, raising food security risks · Fertiliser prices hit highs this year on tight supplies and soaring ...",https://www.reuters.com/markets/commodities/global-farmers-facing-fertiliser-sticker-shock-may-cut-use-raising-food-security-2021-12-09/
wheat,Russia Demands NATO Pullback in Security Talks With U.S.,2021-12-17,Bloomberg,Russia demanded that the North Atlantic Treaty Organization roll back almost a quarter-century of expansion by withdrawing forces from eastern Europe and halt...,https://www.bloomberg.com/news/articles/2021-12-17/russia-demands-nato-return-to-1997-in-security-treaty-proposals
wheat,Bank Pullback From Commodity Trade Finance Presents Opportunity,2021-12-20,Bloomberg,A banking pullback is giving specialist funds the chance to plug part of the widening hole in commodity trade finance.,https://www.bloomberg.com/news/articles/2021-12-21/bank-flight-from-commodity-trade-finance-gives-funds-opportunity
wheat,Freight Rates on Every Mode of Transport Are Boosting Inflation,2021-12-20,Bloomberg,"From the high seas and U.S. rail yards to the nation's highways and airports, inflation pressures from shipping costs continue to mount.",https://www.bloomberg.com/news/newsletters/2021-12-20/supply-chain-latest-how-freight-rates-are-adding-to-inflation
wheat,"Changing Climate Parches Afghanistan, Exacerbating Poverty",2021-12-22,Bloomberg,"Sang-E-Atash, Afghanistan (AP) -- Fed by rain and snowmelt from mountains, this valley nestled among northwestern Afghanistan's jagged peaks was once...",https://www.bloomberg.com/news/articles/2021-12-23/changing-climate-parches-afghanistan-exacerbating-poverty
wheat,From Trading Desk to Noodle Stall: A Singapore Success Story,2021-12-22,Bloomberg,"When his dad was diagnosed with cancer, equities broker Watson Lim took over the family business—and hasn't looked back.",https://www.bloomberg.com/news/articles/2021-12-22/singapore-trader-gave-up-finance-career-for-his-family-street-food-noodle-stall
wheat,Squid Game and BTS Are Driving a Boom in Korean-Made Goods,2021-12-23,Bloomberg,"The booming global popularity of South Korean entertainment is luring consumers to embrace the country's culture and cuisine, fueling sales around the world...",https://www.bloomberg.com/news/articles/2021-12-23/squid-game-and-bts-are-driving-a-boom-in-korean-made-goods
wheat,Next Africa: Ethiopian Thoughts Turn to Aftermath of Civil War,2021-12-24,Bloomberg,"Welcome to Next Africa, a weekly newsletter of where the continent stands now — and where it's going next.",https://www.bloomberg.com/news/newsletters/2021-12-24/next-africa-ethiopian-thoughts-turn-to-aftermath-of-civil-war
wheat,Bunge's losses show heightened risks in U.S. grains,2021-12-24,reuters.com,"Instead, soybean futures prices rallied to their highest level in over two years, led by the soaring corn futures market and by investment funds who bought ...",https://www.reuters.com/article/world/bunges-losses-show-heightened-risks-in-us-grains-idUSN27286824/
wheat,US Midwest Domestic Hot-Rolled Coil Steel Futures News,2021-12-31,investing.com,"The latest news and headlines regarding US Midwest Domestic Hot-Rolled Coil Steel Futures - prices, market changes and more ... Trump sets new tariff structure ...",https://www.investing.com/commodities/us-steel-coil-futures-news
wheat,One Reason for Rising Food Prices? Chinese Hoarding.,2022-01-04,Bloomberg,"Keen to avoid shortages and reduce dependence on imports, the government is stockpiling goods on a massive scale.",https://www.bloomberg.com/opinion/articles/2022-01-05/one-reason-for-rising-food-prices-chinese-hoarding
wheat,The 10 Best Performing Commodities Of 2021,2022-01-05,investing.com,"Market Analysis by covering: Copper Futures, Crude Oil WTI Futures, US Corn Futures, Tesla Inc ... pandemic, supply chain constraints, and rising raw ...",https://www.investing.com/analysis/the-10-best-performing-commodities-of-2021-200613680
wheat,Europe Fears Economic Hit If Russia Is Sanctioned Heavily,2022-01-10,Bloomberg,Concern among some big European nations about economic fallout raises the risk of a split with the U.S. on how strongly to hit Russia with fresh sanctions...,https://www.bloomberg.com/news/articles/2022-01-09/europe-frets-about-economic-hit-if-russia-is-sanctioned-heavily
wheat,U.S. and Russia Vow to Keep Talking as Differences Remain,2022-01-10,Bloomberg,Top US and Russian diplomats agreed to keep talking even as they acknowledged a first round of security discussions did little to resolve their differences.,https://www.bloomberg.com/news/articles/2022-01-10/first-round-of-u-s-russia-security-talks-ends-amid-war-fears
wheat,"Middle East, North Africa Risk Unrest on High Food Prices: Map",2022-01-10,Bloomberg,"Countries in the Middle East and North Africa such as Sudan, Yemen, Lebanon, Tunisia and Egypt are the most exposed given their imports of wheat and sugar.",https://www.bloomberg.com/news/articles/2022-01-11/middle-east-north-africa-risk-unrest-on-high-food-prices-map
wheat,It’s Getting More Expensive for Italians to Make a Bowl of Pasta,2022-01-14,Bloomberg,"Making a pasta dish at home is set to become more expensive in Italy, as prices paid by retailers and supermarkets are projected to rise by 38% by the end of...",https://www.bloomberg.com/news/newsletters/2022-01-14/supply-chain-latest-expensive-italian-pasta
wheat,Soaring Food Prices Can Pay for a More Secure Future,2022-01-16,Bloomberg,"Cheap groceries aren't the goal — that could do more harm than good. Instead, the industry must be pushed to use its cash to fix its problems.",https://www.bloomberg.com/opinion/articles/2022-01-16/soaring-food-prices-can-pay-for-a-more-secure-future
wheat,彭博單一商品指數- 彭博專業服務,2022-01-21,Bloomberg,彭博單一商品指數為一系列的金融基準，旨在追蹤單一商品期貨合約的績效表現，同時提供全新保護功能：指數水準下限為零。 該系列包括超額報酬及總報酬指數，後者包括三個月...,https://www.bloomberg.com/tc/product/bloomberg-single-commodity-indices/
wheat,Canada Faces Empty Shelves as Trucking Snarls Hit Food Supplies,2022-01-21,Bloomberg,A push to encourage truckers in Canada and the U.S. to get vaccinated is stopping a lot more than just Covid-19 at the border.,https://www.bloomberg.com/news/newsletters/2022-01-21/supply-chain-latest-trucking-snarls-threaten-canadian-food-supplies
wheat,The Fertilizer Crisis Is Getting Real for Europe Food Prices,2022-01-21,Bloomberg,"As Europe's farmers prepare to spread fertilizers on fields after winter, sky-high nutrient prices are leaving them little choice but to use less.",https://www.bloomberg.com/news/articles/2022-01-21/crunch-time-for-pricey-fertilizers-squeezing-european-farmers
wheat,Biden to Send American Forces to Eastern Europe: Ukraine Update,2022-01-28,Bloomberg,President Joe Biden said he would be sending American troops to Eastern Europe as the threat of a Russian invasion of Ukraine continues to weigh on the US and...,https://www.bloomberg.com/news/articles/2022-01-28/eu-says-russia-sanctions-could-target-energy-ukraine-update
wheat,Worst Drought in Decades Grips Swathe of North Africa,2022-02-08,Bloomberg,"Wheat is wilting, and cities are planning to ration water, as stretches of North Africa's grain belt suffer the worst drought in 30 years.",https://www.bloomberg.com/news/articles/2022-02-09/wheat-wilts-cities-ration-water-as-drought-grips-north-africa
wheat,Soaring Edible Oil Prices Deal Blow to India’s Inflation Fight,2022-02-08,Bloomberg,The soaring cost of vegetable oils is an ever-growing threat to India's efforts to bring inflation under control.,https://www.bloomberg.com/news/articles/2022-02-08/soaring-edible-oil-prices-deal-blow-to-india-s-inflation-fight
wheat,Familia de índices de productos básicos de Bloomberg | Índices de Bloomberg | Servicio Bloomberg Professional,2022-02-11,Bloomberg,Los índices de Commodities de Bloomberg (BCOM) son puntos de referencia financieros diseñados para proporcionar una exposición líquida y diversificada a las...,https://www.bloomberg.com/latam/producto/indices/bloomberg-commodity-index-family/
wheat,Three factors underpinning 2022 grain volatility,2022-02-15,reuters.com,"... Wheat futures settlement prices on trade dates March 4-8, 2022. During that ... COVID-19 Pandemic. The Federal Reserve's target inflation rate is meant ...",https://www.reuters.com/plus/three-factors-underpinning-2022-grain-volatility
wheat,Bird Flu Is Latest Threat to America’s Embattled Chicken Farms,2022-02-18,Bloomberg,U.S. poultry farms have yet another production headache to deal with: bird flu.,https://www.bloomberg.com/news/newsletters/2022-02-18/supply-chains-latest-bird-flu-threat-to-u-s-chicken-farms
wheat,"Impact of Russia-Ukraine on supply chains: food, metals, ...",2022-02-23,cnbc.com,"How a Russian invasion of Ukraine, the 'breadbasket of Europe,' could hit supply chains ... Global prices for some grains have spiked since the Russia-Ukraine war ...",https://www.cnbc.com/2022/02/23/impact-of-russia-ukraine-on-supply-chains-food-metals-commodities.html
wheat,"Wheat, soybeans hit nine-year highs as Russia invades ...",2022-02-24,cnbc.com,"Earlier this month, commodity strategists at Rabobank assessed the impact of a Russian invasion on food prices. ... war, effective sanctions and secondary ...",https://www.cnbc.com/2022/02/24/wheat-soybeans-hit-nine-year-highs-as-russia-invades-ukraine.html
wheat,Russia’s Credit Rating Cut to Junk by S&P as Tension Rises,2022-02-25,Bloomberg,"Russia's credit rating was cut to junk by S&P Global Ratings, which joined Fitch Ratings in downgrading Ukraine amid an escalation of conflict in the region.",https://www.bloomberg.com/news/articles/2022-02-25/moody-s-puts-russia-and-ukraine-ratings-on-review-for-downgrade
wheat,Beyond Oil and Gas: Who’ll Lose From Russia-Ukraine Trade Fallout,2022-02-25,Bloomberg,Wheat and metals are among other key exports to watch.,https://www.bloomberg.com/news/articles/2022-02-25/beyond-oil-and-gas-who-ll-lose-from-russia-ukraine-trade-fallout
wheat,Putin’s War Makes the World More Dangerous: Weekend Reads,2022-02-26,Bloomberg,Russian President Vladimir Putin's decision to invade neighboring Ukraine sent political and economic shockwaves across the globe and sparked one of the...,https://www.bloomberg.com/news/newsletters/2022-02-26/putin-s-war-makes-the-world-more-dangerous-weekend-reads
wheat,"Charting the Global Economy: War Driving Inflation, Growth Risks",2022-02-26,Bloomberg,"Russia's invasion of Ukraine is contributing to some of the highest prices ever for commodities like oil, wheat and fertilizer, plaguing a global economy...",https://www.bloomberg.com/news/articles/2022-02-26/charting-the-global-economy-war-driving-inflation-growth-risks
wheat,Raiffeisen Leads Europe Bank Slump as Russia Sanctions Hit,2022-02-28,Bloomberg,"Shares of European banks with links to Russia suffered the sharpest declines on the region's exchanges Monday, as Western nations intensified financial...",https://www.bloomberg.com/news/articles/2022-02-28/european-banks-with-russia-links-get-pummeled-as-sanctions-hit
wheat,Clean-Energy Stocks Surge as War Spurs Push Away From Russia,2022-02-28,Bloomberg,European and U.S. green energy stocks surged as Russia's invasion of Ukraine increases pressure on governments to build more wind and solar power to reduce...,https://www.bloomberg.com/news/articles/2022-02-28/wind-energy-stocks-surge-as-war-spurs-push-away-from-russia
wheat,Russian Invasion Smothers Supplies From World’s Breadbasket,2022-03-01,Bloomberg,"After years of growing increasingly reliant on cheap and abundant wheat supplies from Russia and Ukraine, the world's grains buyers are being forced to hunt...",https://www.bloomberg.com/news/articles/2022-02-28/vital-food-supply-choked-off-with-russia-ukraine-crops-in-limbo
wheat,Wheat prices soar to highest since 2008 on potential ...,2022-03-01,cnbc.com,"Wheat prices soar to highest since 2008 on potential Russia supply hit ... Wheat futures closed at 984 cents per bushel, the high of the session. The ...",https://www.cnbc.com/2022/03/01/wheat-futures-reach-highest-levels-since-2008-as-russia-invasion-advances.html
wheat,Stocks Stage Rally After Powell’s Policy Signals: Markets Wrap,2022-03-01,Bloomberg,Stocks climbed after Federal Reserve Chair Jerome Powell said the U.S. economy is expanding with enough force to withstand rate hikes while pledging to be...,https://www.bloomberg.com/news/articles/2022-03-01/stocks-to-drop-bonds-up-as-oil-surge-dims-outlook-markets-wrap
wheat,Russia-Ukraine conflict has a limited impact on China's ...,2022-03-02,cnbc.com,"""The US-China trade disputes, the African swine fever outbreak, and the food price shock of the Covid-19 pandemic have propelled China to further improve self- ...",https://www.cnbc.com/2022/03/03/russia-ukraine-conflict-has-a-limited-impact-on-chinas-food-supply-analysts-say.html
wheat,Wheat Sustains Highest Price Since 2008 on Fears of Grain Flows,2022-03-03,Bloomberg,"Wheat futures extended their meteoric rally, soaring past $11 a bushel to the highest level in 14 years, as Russia's invasion of Ukraine brings shipments.",https://www.bloomberg.com/news/articles/2022-03-03/wheat-rockets-past-11-a-bushel-for-the-first-time-since-2008
wheat,United States Durables Excluding Defense MoM,2022-03-03,investing.com,"China reopening, OPEC+ rollover, Foxconn revenue shock - what's moving markets ... market, meaning prices are indicative and not appropriate for trading purposes.",https://www.investing.com/economic-calendar/durables-excluding-defense-1446
wheat,How the Ukraine-Russia conflict may push up prices for ...,2022-03-03,cnbc.com,"The war is pushing up prices for gasoline, and may lead to higher ... market,"" Friedlander said of Russia's palladium exports. ""It'll take a while ...",https://www.cnbc.com/2022/03/03/how-the-ukraine-russia-conflict-may-hit-your-wallet.html
wheat,Wartime Markets: History Offers A Surprising Lesson,2022-03-06,investing.com,"The war between Russia and Ukraine has raised nerves around the world ... market, meaning prices are indicative and not appropriate for trading purposes.",https://www.investing.com/analysis/wartime-markets-history-offers-a-surprising-lesson-200619388
wheat,"Commodity ETFs Pull In $4.5 Billion, Topping Equity Fund Flows",2022-03-07,Bloomberg,"Investors are flooding commodity exchange-traded funds with cash on signs that shortages for energy, metals and grains will spark hefty returns.",https://www.bloomberg.com/news/articles/2022-03-07/commodity-etfs-pull-in-4-5-billion-topping-equity-fund-flows
wheat,"Oil, wheat, nickel storm higher on fears of supply chaos",2022-03-07,reuters.com,"Oil, wheat, nickel storm higher on fears of supply chaos · Nickel prices surge 76% to $51,000 a tonne · Gold breaks above $2,000/oz on Russia-Ukraine war · Oil ...",https://www.reuters.com/markets/europe/commodities-gold-above-2000-safe-haven-appeal-nickel-up-over-20-2022-03-07/
wheat,The World’s Next Food Emergency Is Here as War Compounds Hunger Crisis,2022-03-08,Bloomberg,Russia's invasion of Ukraine means the food inflation that's been plaguing global consumers is now tipping into a full-blown crisis.,https://www.bloomberg.com/news/articles/2022-03-08/war-in-ukraine-compounds-global-food-inflation-hunger-crisis
wheat,Egypt to Ban Exports of Staple Foods to Safeguard Reserves,2022-03-10,Bloomberg,"Egypt will ban the export of key staples, including flour, lentils and wheat, as the most-populous Arab nation moves to safeguard its food reserves amid the...",https://www.bloomberg.com/news/articles/2022-03-10/egypt-to-ban-exports-of-staple-foods-to-safeguard-reserves
wheat,A Wheat ETF Teaches the Meme Crowd a Lesson the Hard Way,2022-03-10,Bloomberg,"A Wheat ETF Teaches the Meme Crowd a Lesson the Hard Way. There isn't a lot of dumb money in the commodity markets, but there is in the stock market. ... Jared...",https://www.bloomberg.com/opinion/articles/2022-03-10/that-time-the-meme-crowd-came-for-the-wheat-etf
wheat,"Plains drought to curb U.S. wheat harvest, adding to global ...",2022-03-14,reuters.com,"Plains drought to curb U.S. wheat harvest, adding to global supply worries ... futures prices due to concerns they might not be able to fulfill such contracts.",https://www.reuters.com/world/us/plains-drought-curb-us-wheat-harvest-adding-global-supply-worries-2022-03-14/
wheat,"Fed's Quantitive Easing Is Over, Until It Comes Back",2022-03-14,investing.com,"Market Analysis by covering: Crude Oil WTI Futures, US Wheat Futures. Read ... market, meaning prices are indicative and not appropriate for trading purposes.",https://www.investing.com/analysis/feds-quantitive-easing-is-over-until-it-comes-back-200619934
wheat,EXCLUSIVE India acts to seize gap in wheat export market ...,2022-03-16,reuters.com,"EXCLUSIVE India acts to seize gap in wheat export market left by Ukraine war ... wheat exports, the sources said. Get the latest news from India and how it ...",https://www.reuters.com/world/india/exclusive-india-acts-seize-gap-wheat-export-market-left-by-ukraine-war-2022-03-15/
wheat,Five African Central Banks Set to Hike Rates to Subdue Inflation,2022-03-18,Bloomberg,Central banks in five African nations will likely raise interest rates in the coming weeks to tame inflation pressures that threaten to become entrenched.,https://www.bloomberg.com/news/articles/2022-03-18/five-african-central-banks-set-to-hike-rates-to-subdue-inflation
wheat,Putin’s War in Ukraine Is Choking the Flow of Russia’s Exports,2022-03-18,Bloomberg,"Its invasion of Ukraine is constraining those crucial supplies—or threatening to—as it becomes increasingly isolated from the global economy, driving up prices...",https://www.bloomberg.com/graphics/2022-russia-commodities-shortage/
wheat,"Insight: Wheat prices soar on Ukraine fears, but U.S. ...",2022-03-21,reuters.com,"After Russia's invasion of Ukraine sent global wheat futures soaring, US farmer Vance Ehmke was eager to sell his grain. Local prices shot up roughly 30%.",https://www.reuters.com/world/europe/wheat-prices-soar-ukraine-fears-us-growers-cant-cash-2022-03-21/
wheat,"Russia's Ukraine war boosts food prices in U.S., vexing ...",2022-03-24,cnbc.com,"Russia's Ukraine war boosts food prices in U.S., vexing farmers about planting more ... Wheat and corn prices surge amid Russian invasion of Ukraine. The News ...",https://www.cnbc.com/2022/03/24/russias-ukraine-war-boosts-food-prices-in-us-vexing-farmers-about-planting-more.html
wheat,"As Wheat Prices Rally, We May See Food Shortages And ...",2022-03-25,investing.com,"Market Analysis by covering: Crude Oil WTI Futures, Natural Gas Futures, US Wheat Futures ... The war is not only impacting Russian and Ukrainian exports ...",https://www.investing.com/analysis/as-wheat-prices-rally-we-may-see-food-shortages-and-even-civil-unrest-200620686
wheat,Egypt Wheat Imports May Fall to 9-Year Low as War Disrupts Trade,2022-03-29,Bloomberg,"Egypt, the world's biggest wheat buyer, is cutting back on purchases as two of its largest suppliers are embroiled in a war that has driven prices to record...",https://www.bloomberg.com/news/articles/2022-03-29/egypt-wheat-imports-may-fall-to-9-year-low-as-war-disrupts-trade
wheat,Russia Is Shipping Wheat at at ‘Rapid’ Clip in the Midst of War,2022-04-01,Bloomberg,"Russia boosted wheat shipments by about 60% in March, despite that being the first month of its invasion of Ukraine.",https://www.bloomberg.com/news/articles/2022-04-01/russia-is-shipping-wheat-at-rapid-clip-in-midst-of-war
wheat,Ukraine Is Sitting on 15 Million Tons of Grain it Can't Move,2022-04-04,Bloomberg,"Deliveries from Ukraine and Russia, which account for about a quarter of the world's grains trade, are becoming complicated, spurring food-security worries.",https://www.bloomberg.com/news/features/2022-04-05/will-russia-s-war-in-ukraine-cause-wheat-shortages-raise-food-prices-more
wheat,Wheat Soars on U.S. Crop Worries and Ukraine Export Obstacles,2022-04-05,Bloomberg,Wheat in Chicago surged as U.S. drought and trade route obstacles in Ukraine threaten to tighten global grain supplies.,https://www.bloomberg.com/news/articles/2022-04-05/wheat-extends-surge-on-potential-for-further-sanctions-on-russia
wheat,Climate Change Is Making Afghanistan’s Hunger Crisis Worse,2022-04-05,Bloomberg,"The worst drought in two decades, punishing sanctions and soaring wheat prices due to the war in Ukraine are making food insecurity more severe.",https://www.bloomberg.com/news/features/2022-04-06/afghanistan-food-insecurity-fueled-by-climate-change
wheat,"A fertilizer shortage, worsened by war in Ukraine, is driving ...",2022-04-06,cnbc.com,"Disruptions of those shipments due to sanctions and war has sent fertilizer prices skyrocketing. ... ""The war adds uncertainties related to Ukrainian corn/wheat ...",https://www.cnbc.com/2022/04/06/a-fertilizer-shortage-worsened-by-war-in-ukraine-is-driving-up-global-food-prices-and-scarcity.html
wheat,Scouring Half of Ukraine for Mines Highlights Crop-Planting Pain,2022-04-11,Bloomberg,"About half of Ukraine's land area needs to be checked for explosives left by Russian forces, highlighting the challenges farmers in the agriculture powerhouse...",https://www.bloomberg.com/news/articles/2022-04-11/scouring-half-of-ukraine-for-mines-highlights-crop-planting-pain
wheat,The Fertilizer Shock Might Change Agriculture—for the Better,2022-04-12,Bloomberg,"James Cox counts himself lucky. The owner of a 687-acre farm in Gloucestershire, a bucolic county in the southwest of England known for its quaint villages...",https://www.bloomberg.com/news/articles/2022-04-13/fertilizer-shortage-could-bring-farming-emissions-change
wheat,Why Ukraine’s Wheat Fields Sow Dictators’ Megalomania,2022-04-16,Bloomberg,"For centuries, Ukraine has been one of the most productive places on the planet when it comes to growing wheat. Russia has long coveted the country for...",https://www.bloomberg.com/opinion/articles/2022-04-16/ukraine-s-wheat-fields-sow-putin-s-megalomania
wheat,Chicago corn hits decade-high as supply worries simmer,2022-04-18,reuters.com,"* Ukraine says Russia has launched second phase of war (Updates prices, adds comment) ... exports due to the Ukraine crisis intensified worries over tightening ...",https://www.reuters.com/article/idAFL2N2WH074/
wheat,"Corn Nears Record High, Wheat Surges on Crop Supply Concerns",2022-04-18,Bloomberg,The most-active July contract rose 3% to $8.07 a bushel in Chicago with the conflict in Ukraine showing no signs of easing as Russian forces attacked Mariupol...,https://www.bloomberg.com/news/articles/2022-04-18/corn-hits-8-a-bushel-for-first-time-since-2012-on-supply-woes
wheat,"From food to inflation, the Russia-Ukraine war has a global ...",2022-04-21,cnbc.com,Global prices for some grains have spiked since the Russia-Ukraine war ... supply for some of those commodities such as wheat. Vincent Mundy | Bloomberg ...,https://www.cnbc.com/2022/04/21/from-food-to-inflation-the-russia-ukraine-war-has-a-global-impact.html
wheat,Ukraine’s Farmers Fight on the Front Line of Global Food Crisis,2022-04-24,Bloomberg,"The country is a key producer of sunflower oil, wheat, corn and even honey, and the effects are being felt everywhere.",https://www.bloomberg.com/news/articles/2022-04-24/replacing-ukraine-sunflower-oil-is-one-thing-food-crisis-is-a-bigger-issue-now
wheat,Russia-Ukraine war threatens the Middle East's food security,2022-04-28,cnbc.com,"... supply. Wheat futures are up 30% since the invasion began in late February. Before the war, more than 95% of Ukraine's total grain, wheat and corn exports ...",https://www.cnbc.com/2022/04/28/russia-ukraine-war-threatens-the-middle-easts-food-security.html
wheat,A Restaurant That Serves Gourmet Meals From Scraps,2022-04-28,Bloomberg,Almost every dish chef Douglas McMaster concocts contains the remnants of another. The fish sauce he drizzles over leeks for a starter on his current...,https://www.bloomberg.com/news/articles/2022-04-29/food-waste-minded-restaurant-thrives-in-east-london
wheat,Climate Change Turned Up India’s Heat. But by How Much?,2022-05-03,Bloomberg,"Punishing temperatures in India and Pakistan climbed over two months, and scientists are now puzzling over a region whose climate dynamics are hard to...",https://www.bloomberg.com/news/articles/2022-05-03/india-and-pakistan-heat-wave-scientists-examine-link-to-climate-change
wheat,India Mulls Wheat Export Curbs in Latest Food Supply Squeeze (1),2022-05-04,Bloomberg,"India is considering restricting wheat exports as severe heat waves have damaged crops, exacerbating tight global supplies after the war in Ukraine sent...",https://www.bloomberg.com/news/articles/2022-05-04/india-considers-restricting-wheat-exports-as-heat-destroys-crops
wheat,Wheat Jumps Most in Three Weeks as India Weighs Export Limits,2022-05-04,Bloomberg,"Wheat gained the most in more than three weeks as India considers restricting shipments of the crucial grain, a move that would further pressure supplies at...",https://www.bloomberg.com/news/articles/2022-05-04/soybeans-near-4-week-low-as-traders-eye-weather-china-lockdowns
wheat,"As Wheat Prices Soar, Africa Pivots to Cheaper Alternatives",2022-05-07,Bloomberg,"As Wheat Prices Soar, Africa Pivots to Cheaper Alternatives ... Global wheat prices are so high that African consumers are starting to ditch the grain from their...",https://www.bloomberg.com/news/features/2022-05-08/as-wheat-prices-soar-africa-turns-to-cheaper-grains
wheat,Videos of Ruined Wheat Fields in China Boost Food Security Fears,2022-05-10,Bloomberg,"Videos showing acres of wheat in China being destroyed or cut down before they mature are going viral on social media, throwing doubts on the quality of the...",https://www.bloomberg.com/news/articles/2022-05-11/videos-of-ruined-wheat-fields-in-china-boost-food-security-fears
wheat,Soggy Fields Spur Manitoba Farmers to Swap Corn Acres for Wheat,2022-05-10,Bloomberg,"Farmers struggling in waterlogged parts of Canada's Prairies are simply ditching acres of corn and soybeans for crops that are likely to fare better,...",https://www.bloomberg.com/news/articles/2022-05-10/soggy-fields-spur-manitoba-farmers-to-swap-corn-acres-for-wheat
wheat,World’s Appetite for Russian Wheat Remains Strong,2022-05-12,Bloomberg,"Despite the pressures from war, wheat traders continue to ship out large amounts of Russian grain that's in high demand.",https://www.bloomberg.com/news/articles/2022-05-13/traders-keep-exporting-russian-wheat-despite-war-pressure
wheat,Why are food prices going up? Key questions answered,2022-05-13,reuters.com,"Global food prices started to rise in mid-2020 when businesses shut down due to the COVID-19 pandemic, straining supply chains. Farmers dumped out milk and ...",https://www.reuters.com/business/retail-consumer/why-are-food-prices-going-up-key-questions-answered-2022-05-10/
wheat,India Bans Wheat Exports as Food Security Comes Under Threat,2022-05-14,Bloomberg,"Exports will still be allowed to countries that require wheat for food security needs and based on the requests of their governments, India's Directorate...",https://www.bloomberg.com/news/articles/2022-05-14/india-says-wheat-exports-prohibited-with-immediate-effect
wheat,"India bans wheat exports as heat wave hurts crop, ...",2022-05-15,reuters.com,"India bans wheat exports as heat wave hurts crop, domestic prices soar. By ... 24 invasion of Ukraine. Before the ban, India had aimed to ship a record ...",https://www.reuters.com/markets/commodities/india-prohibits-wheat-exports-with-immediate-effect-2022-05-14/
wheat,"Countries banning food exports amid rising prices, inflation",2022-05-17,cnbc.com,"Many countries have banned wheat, as well as other food exports as a result of the Ukraine crisis. ... ""With food prices already high due to COVID-related supply ...",https://www.cnbc.com/2022/05/18/countries-banning-food-exports-amid-rising-prices-inflation.html
wheat,Dutch May Join Naval Escorts for Ukraine Wheat If Russia Commits,2022-05-25,Bloomberg,The Netherlands would consider joining an alliance to send warships to escort grain supplies stuck in Ukrainian ports but would need assurances from Russia.,https://www.bloomberg.com/news/articles/2022-05-25/dutch-may-join-naval-escorts-for-ukraine-wheat-if-russia-commits
wheat,Feed the World? India Has a Chapati Crisis Brewing at Home,2022-05-25,Bloomberg,"People don't eat wheat. They buy flour to make their daily bread. But a heat wave has stunted grain formation. May 25, 2022 at...",https://www.bloomberg.com/opinion/articles/2022-05-25/india-s-ambition-to-export-wheat-falls-victim-to-climate-change
wheat,The war in Ukraine is fuelling a global food crisis,2022-05-30,reuters.com,"With food prices rocketing, a growing list of key producing countries are limiting exports to stabilise prices and protect local markets. ... COVID-19 pandemic.",https://www.reuters.com/graphics/UKRAINE-CRISIS/FOOD/zjvqkgomjvx/
wheat,Sanctions Deal Russian Consumer Economy Worst Hit Since Pandemic,2022-06-01,Bloomberg,"The damage inflicted on Russia by sanctions was on full display in April as the economy swung into a contraction, with industrial production dropping and...",https://www.bloomberg.com/news/articles/2022-06-01/sanctions-deal-russian-consumer-economy-worst-hit-since-pandemic
wheat,Commodities Gauge Soars to Fresh Record Amid Supply Crunch,2022-06-06,Bloomberg,"Spot commodity prices surged to a fresh record high as energy and food supplies continue to be roiled by the war in Ukraine, while China rolls back...",https://www.bloomberg.com/news/articles/2022-06-06/raw-material-gauge-soars-to-fresh-record-amid-supply-crunch
wheat,"In the Oil Market, the Strong Dollar Is the World’s Problem",2022-06-07,Bloomberg,Crude is trading at a record in many local currencies. That will eventually lead to demand destruction.,https://www.bloomberg.com/opinion/articles/2022-06-08/record-oil-prices-in-europe-asia-strong-dollar-is-becoming-the-world-s-problem
wheat,Chronic Food Shortages From Lettuce to Sriracha and the Rise of Chicken,2022-06-10,Bloomberg,"From the meteoric rise of chicken to shortages of consumer favorites, here are some of the latest key food stories from around the world:",https://www.bloomberg.com/news/newsletters/2022-06-10/supply-chain-latest-chicken-popularity-and-shortages-of-lettuce-and-sriracha
wheat,US Quietly Urges Russia Fertilizer Deals to Unlock Grain Trade,2022-06-13,Bloomberg,"The US government is quietly encouraging agricultural and shipping companies to buy and carry more Russian fertilizer, according to people familiar with the...",https://www.bloomberg.com/news/articles/2022-06-13/us-quietly-urges-russia-fertilizer-deals-to-unlock-grain-trade
wheat,Zara’s Parent Breaks Low-Stock Mold to Cushion Against Supply Shocks,2022-06-14,Bloomberg,"Betting that there will be further supply-chain pain ahead, Inditex, the fashion giant behind Zara, has been ramping up inventory in an attempt to dodge...",https://www.bloomberg.com/news/newsletters/2022-06-14/supply-chain-latest-zara-parent-inditex-raises-inventory-levels
wheat,Ukraine Latest: Borrell Accuses Russia of ‘War Crime’ Over Grain,2022-06-20,Bloomberg,"Russian President Vladimir Putin's spokesman said two US veterans captured in Ukraine could face the death penalty, adding that the Geneva Conventions...",https://www.bloomberg.com/news/articles/2022-06-20/ukraine-latest-zelenskiy-awaits-eu-vote-china-buys-russian-oil
wheat,Next China: A Jumbo Mystery,2022-06-23,Bloomberg,Hong Kong's Jumbo Floating Restaurant — a once-popular tourist attraction that counted Queen Elizabeth II and Tom Cruise among its most famous patrons — may...,https://www.bloomberg.com/news/newsletters/2022-06-24/next-china-a-jumbo-mystery
wheat,World Faces More Food Shortages and Ukraine’s Crop Headaches Persist,2022-06-24,Bloomberg,"From more food shortages to Ukraine's crop-storage predicament, here's a snapshot of the latest key food stories from around the world:",https://www.bloomberg.com/news/newsletters/2022-06-24/supply-chain-latest-food-shortages-and-ukraine-harvest-problems
wheat,"Ukraine Latest: Russia Now Controls Sievierodonetsk, Mayor Says",2022-06-25,Bloomberg,"Russia started the fifth month of its invasion with what Ukraine's army called a “massive bombardment,” including in far western areas some 800 miles from the...",https://www.bloomberg.com/news/articles/2022-06-25/ukraine-latest-russia-steps-up-bombing-in-west-and-north
wheat,War-Strained Wheat Market Faces Moment of Truth,2022-07-01,Bloomberg,The strained global wheat market is entering crunch time. July is a crucial part of the year because it's when harvests start in much of the Northern...,https://www.bloomberg.com/news/articles/2022-07-01/war-hit-wheat-market-faces-moment-of-truth-as-harvests-arrive
wheat,Transcript: Admiral Stavridis on a Plan to Get Ukrainian Wheat Out of a Warzone,2022-07-05,Bloomberg,"Inflation was running hot even before Russia invaded Ukraine, but disruption in Europe's bread basket certainly hasn't helped matters and there are now...",https://www.bloomberg.com/news/articles/2022-07-05/transcript-admiral-stavridis-on-a-plan-to-get-ukrainian-wheat-out-of-a-warzone
wheat,Falling Food Prices Give Hope for Peak Inflation Bets,2022-07-08,Bloomberg,"Hello. Today we look at signs of relief in crisis-level agricultural prices, who's next in the sovereign debt default club, and warning signs of a Chinese...",https://www.bloomberg.com/news/newsletters/2022-07-08/what-s-happening-in-the-world-economy-another-sign-of-peak-inflation
wheat,Food Commodity Prices Are Tumbling as Harvests Replenish Supplies,2022-07-08,Bloomberg,"From tumbling palm oil prices to 100-degree Fahrenheit heat bearing down on the US Plains, here's a snapshot of the latest key food supply stories from...",https://www.bloomberg.com/news/newsletters/2022-07-08/supply-chain-latest-food-price-crash-and-scorching-us-heat
wheat,"Ukraine Latest: All Eyes on G-20 as US, Russia, China Face Off",2022-07-08,Bloomberg,The US announced a new military aid package of about $400 million that includes high-precision artillery to improving targeting of Russian forces and equipment.,https://www.bloomberg.com/news/articles/2022-07-08/ukraine-latest-all-eyes-on-g-20-as-us-russia-china-face-off
wheat,We Must Learn to Love Genetically Modified Crops,2022-07-12,Bloomberg,A new strain of drought-resistant wheat is helping to set the record straight on GMOs — a plant breeding technology that has long been considered at odds...,https://www.bloomberg.com/opinion/articles/2022-07-12/gmo-crops-are-becoming-the-superheroes-of-agriculture
wheat,"Europe Is Frying in Devastating Heat, Yet Is Burning More Coal",2022-07-14,Bloomberg,"As gas-hungry Europe revives coal plants, complicating its climate ambitions, the blistering heat this summer shows just what's at stake.",https://www.bloomberg.com/news/features/2022-07-14/heat-waves-in-europe-show-danger-of-turning-from-climate-goals-to-coal-power
wheat,Ukraine Latest: Russia Continues to Strike Far From Front Lines,2022-07-16,Bloomberg,Russia's defense minister instructed military units in Ukraine to “further intensify” combat activity at a time the arrival of advanced Western weapons is...,https://www.bloomberg.com/news/articles/2022-07-16/ukraine-latest-russia-continues-to-strike-far-from-front-lines
wheat,Celia Bergin,2022-07-23,Bloomberg,Recent stories by Celia Bergin on Bloomberg.com.,https://bloomberg.com/authors/AV0wmAyRiQo/celia-bergin
wheat,United States Richmond Services Index,2022-07-26,investing.com,"Dow futures trade flat, China's COVID spike in focus. By Oliver Gray ... market, meaning prices are indicative and not appropriate for trading purposes.",https://www.investing.com/economic-calendar/richmond-services-index-1511
wheat,Craft Beer Is Going Gluten-Free—and Some of It Is Even Delicious,2022-07-27,Bloomberg,Advances in brewing processes mean you don't have to sacrifice goodness to spare your gut.,https://www.bloomberg.com/news/articles/2022-07-27/five-best-most-delicious-gluten-free-craft-beers-to-spare-your-gut
wheat,New Research Shows Why Humans Developed the Ability to Drink Milk,2022-07-29,Bloomberg,"Hi, it's Naomi in Berlin. When I was a suburban American kid in the 1980s, my mom used to buy milk five gallons at a time. New research this week had some...",https://www.bloomberg.com/news/newsletters/2022-07-29/got-milk
wheat,"As wheat prices soar, the world's consumers vote with their ...",2022-08-03,reuters.com,"""It is not in Russia's interest to allow large volumes of grain exports from Ukraine with the ongoing war. ... Engine maker Horse plans India move to supply ...",https://www.reuters.com/markets/commodities/wheat-prices-soar-worlds-consumers-vote-with-their-feet-2022-08-03/
wheat,"Putin, Erdogan Are Rivals With Much in Common",2022-08-05,Bloomberg,Erdogan and Russian President Vladimir Putin are meeting for a second time in less than a month in Russia's Sochi today to discuss the war in Ukraine.,https://www.bloomberg.com/news/newsletters/2022-08-05/putin-erdogan-are-rivals-with-much-in-common
wheat,"Turkey Boasts of Russia Trade Boom, Defying Push for Sanctions",2022-08-12,Bloomberg,Sanctions over Russia's invasion of Ukraine have forced it to divert oil sales and triggered an exodus of multinationals.,https://www.bloomberg.com/news/articles/2022-08-12/turkey-boasts-of-russia-trade-boom-defying-push-for-sanctions
wheat,India Rice Crop Suffers Setback as Patchy Rains Reduce Plantings,2022-08-13,Bloomberg,"Rice output in India may suffer this year as poor rains in key growing areas shrink plantings, raising concerns that the top exporter could curb shipments.",https://www.bloomberg.com/news/articles/2022-08-13/india-rice-crop-suffers-setback-as-patchy-rains-reduce-plantings
wheat,The Tough Math Behind a Chef’s 71% Price Hike on Pasta Bolognese,2022-08-17,Bloomberg,Chef Angela Hartnett on the increased costs of making her popular dish in the UK.,https://www.bloomberg.com/news/articles/2022-08-17/a-top-uk-chef-deals-with-the-rising-price-of-pasta-bolognese
wheat,Singapore’s Hawker Food Stores Ramp Up Prices by Record,2022-08-23,Bloomberg,"Prices at the family-friendly food stalls, which serve local favorites like Hainanese chicken rice, fish ball soup and prawn mee, jumped by a record 7.4% from...",https://www.bloomberg.com/news/articles/2022-08-24/singapore-s-hawker-food-stores-ramp-up-prices-by-record-chart
wheat,Drought and Worsening Fertilizer Crisis Risk More Food Inflation,2022-08-26,Bloomberg,"From prospects for prolonged food inflation to nations' quest to safeguard supplies, and once again a worsening fertilizer crisis, here's a snapshot of recent...",https://www.bloomberg.com/news/newsletters/2022-08-26/supply-chain-latest-drought-and-fertilizer-crisis-point-to-more-food-inflation
wheat,Europe’s Deepening Fertilizer Crunch Threatens Food Crisis,2022-08-26,Bloomberg,"Europe's fertilizer crunch is deepening with more than two-thirds of production capacity halted by soaring gas costs, threatening farmers and consumers.",https://www.bloomberg.com/news/articles/2022-08-26/europe-s-fertilizer-crisis-deepens-with-70-of-capacity-hit
wheat,Wheat Harvest Rebounds in Canada to Bolster Shaky World Supplies,2022-08-29,Bloomberg,"Wheat Harvest Rebounds in Canada to Bolster Shaky World Supplies ... A farmer harvests winter wheat near Brunkild, Manitoba in August 2020. ... This article is for...",https://www.bloomberg.com/news/articles/2022-08-29/wheat-harvest-rebounds-in-canada-to-bolster-shaky-world-supplies
wheat,"Deadly Floods Inundate Farms in Pakistan, Flushing Away Crops",2022-08-31,Bloomberg,"Rains and deadly floods have damaged rice and cotton crops, along with vegetables like onions and tomatoes. They also threaten wheat planting in the coming...",https://www.bloomberg.com/news/articles/2022-08-31/deadly-floods-inundate-farms-in-pakistan-flushing-away-crops
wheat,Gorbachev’s Russia is Long Gone,2022-08-31,Bloomberg,"Mikhail Gorbachev left a complex legacy as the last leader of the Soviet Union. His death last night, aged 91, prompted no declaration of national mourning...",https://www.bloomberg.com/news/newsletters/2022-08-31/gorbachev-s-russia-is-long-gone
wheat,Sugar and Salt Shortage Worsens Philippines’ Food Supply Woes,2022-09-07,Bloomberg,"A top soft-drinks maker with no sugar, a burger joint out of onions and kitchens short of salt underscore the dependence of the Philippines on food imports...",https://www.bloomberg.com/news/articles/2022-09-07/sugar-and-salt-shortage-worsens-philippines-food-supply-woes
wheat,Wheat Prices Surge as Putin Assails Ukraine Grain Deal,2022-09-07,Bloomberg,"Wheat futures climbed as much as 6.9% after Russian President Vladimir Putin criticized a recent grain deal with Ukraine, heightening attention on the sales...",https://www.bloomberg.com/news/articles/2022-09-07/corn-futures-retreat-after-us-report-shows-steady-crop-rating
wheat,Ukraine Latest: Zelenskiy Warns of Winter as Russians Pull Back,2022-09-10,Bloomberg,Thousands of Russian troops retreated in the face of a lightning Ukrainian offensive in the Kharkiv region that threatens to derail the Kremlin's bid to cement...,https://www.bloomberg.com/news/articles/2022-09-10/ukraine-latest-kharkiv-area-offensive-retakes-more-territory
wheat,Flour Inflation in US Is Worst Ever as Bakers Squeezed by War,2022-09-13,Bloomberg,"Six months after Russia's invasion of Ukraine sent wheat prices to a record, the cost for flour and prepared flour mixes is surging by the most ever,...",https://www.bloomberg.com/news/articles/2022-09-13/flour-inflation-in-us-is-worst-ever-as-bakers-squeezed-by-war
wheat,Russian Invasion Knocked Out 14% of Ukraine’s Grain Storage,2022-09-15,Bloomberg,"Russia has destroyed, damaged or seized control of 14% of Ukraine's crop storage capacity since invading in February, jeopardizing the global food supply.",https://www.bloomberg.com/news/articles/2022-09-15/russian-invasion-knocked-out-14-of-ukraine-s-grain-storage
wheat,Fate of World’s Biggest Free Food Program Rests in Modi’s Hands,2022-09-20,Bloomberg,"Prime Minister Narendra Modi will soon decide whether to extend a food dole out that has cost India $44 billion since the pandemic, or ease the strain on...",https://www.bloomberg.com/news/articles/2022-09-19/fate-of-world-s-biggest-free-food-program-rests-in-modi-s-hands
wheat,Corn Prices: Has Correction Run Its Course?,2022-09-21,investing.com,"Market Analysis by covering: Natural Gas Futures, US Wheat Futures, US Corn Futures ... market, meaning prices are indicative and not appropriate for ...",https://www.investing.com/analysis/corn-prices-has-correction-run-its-course-200630137
wheat,India’s Potash Demand Languishes as World Reels From High Prices,2022-09-27,Bloomberg,"India, one of the world's biggest potash importers, is facing demand destruction due to high prices and the loss of critical supplies from Belarus and...",https://www.bloomberg.com/news/articles/2022-09-28/india-s-potash-demand-languishes-as-world-reels-from-high-prices
wheat,Paris Fashion Week Is Showcasing 107 Houses Over 9 Days,2022-09-27,Bloomberg,Paris (AP) -- Paris is the center of the global luxury industry this week with Tuesday marking the first major day of ready-to-wear shows.,https://www.bloomberg.com/news/articles/2022-09-27/paris-fashion-week-is-showcasing-107-houses-over-9-days
wheat,India Will Likely Extend Free Food Grains Program Until December,2022-09-27,Bloomberg,India will likely extend by three months its free food grains program that covers the majority of the nation's population and costs more than $18 billion...,https://www.bloomberg.com/news/articles/2022-09-27/india-will-likely-extend-free-food-grains-program-until-december
wheat,"Taliban Sign Deal With Russia to Buy Cheap Oil, Gas and Wheat",2022-09-28,Bloomberg,Taliban have signed an agreement with Russia to import fuel and wheat at a discount as the country struggles to feed its population and seeks to boost regional...,https://www.bloomberg.com/news/articles/2022-09-28/taliban-sign-deal-with-russia-to-buy-cheap-oil-gas-and-wheat
wheat,"As the Fertilizer Crisis Bites, Farmers Take Drastic Steps",2022-10-01,Bloomberg,"Want the lowdown on European markets? In your inbox before the open, every day. Sign up here. Ditching oilseed crops for peas, preparing to cut herds and...",https://www.bloomberg.com/news/articles/2022-10-02/as-the-fertilizer-crisis-bites-farmers-take-drastic-steps
wheat,Much-Needed Grain Piles Up in Canada Due to Overwhelmed Railways,2022-10-05,Bloomberg,The world sorely needs more grains and Canada has a bin-busting harvest this year -- but shippers fear there aren't enough rail cars to transport it all.,https://www.bloomberg.com/news/articles/2022-10-04/much-needed-grain-piles-up-in-canada-due-to-overwhelmed-railways
wheat,French Writer Annie Ernaux Awarded Nobel Prize in Literature,2022-10-06,Bloomberg,Paris (AP) -- French author Annie Ernaux won this year's Nobel Prize in literature Thursday for blending fiction and autobiography in books that fearlessly...,https://www.bloomberg.com/news/articles/2022-10-06/nobel-panel-to-announce-winner-of-literature-prize
wheat,"Nobel Peace Prize Jointly Awarded to Belarus Rights Activist, Russian and Ukrainian Groups",2022-10-07,Bloomberg,"Human rights advocates in the former Soviet neighbors of Belarus, Ukraine and Russia won the Nobel Peace Prize for their efforts to fight authoritarian regimes.",https://www.bloomberg.com/news/articles/2022-10-07/bialiatski-memorial-center-for-civil-liberties-win-peace-prize
wheat,Wheat Soars as Kyiv Blasts Boost Risks to Ukraine Grain Exports,2022-10-10,Bloomberg,Wheat closed at the highest price since June as traders considered a worsening Russia-Ukraine war against lackluster US grain demand.,https://www.bloomberg.com/news/articles/2022-10-10/grains-rise-in-chicago-as-mississippi-logjam-eases-ukraine-eyed
wheat,Russia Hits Ukrainian Capital Kyiv With Kamikaze Drones,2022-10-17,Bloomberg,"Four drone strikes hit central Kyiv on Monday morning as Russia used Iranian kamikaze drones to attack critical infrastructure, the second attack on the...",https://www.bloomberg.com/news/articles/2022-10-17/russia-hits-ukrainian-capital-kyiv-with-kamikaze-drones
wheat,How Russian Ships Are Laundering Grain Stolen From Occupied Ukraine,2022-10-17,Bloomberg,"The exporters are mixing grain from multiple ports and vessels, obscuring the origin of commodities like wheat and barley, and allowing large volumes to be...",https://www.bloomberg.com/graphics/2022-russian-stolen-grains/
wheat,"Xi Tightens His Grip in China, Chaos Rocks the UK: Weekend Reads",2022-10-22,Bloomberg,Xi Jinping closed in on a precedent-breaking third term as China's president and will be surrounded by allies in the nation's top leadership body as the...,https://www.bloomberg.com/news/newsletters/2022-10-22/xi-tightens-his-grip-in-china-chaos-rocks-the-uk-weekend-reads
wheat,About Teucrium Wheat ETF (WEAT),2022-10-22,investing.com,The fund employs a market neutral investment strategy. It seeks to track the daily weighted average of the closing settlement prices for three futures contracts ...,https://www.investing.com/etfs/teucrium-wheat-profile
wheat,Teucrium Wheat ETF Technical Analysis,2022-10-22,investing.com,"Drought in the midwest is going to cause another explosion in the wheat prices. ... market, meaning prices are indicative and not appropriate for trading ...",https://www.investing.com/etfs/teucrium-wheat-technical
wheat,Musk May Be Even Harder for Leaders to Ignore,2022-10-26,Bloomberg,"By Friday night, Elon Musk — the world's richest man with corporate interests across the globe, a hand deep into US defense procurement and a penchant for...",https://www.bloomberg.com/news/newsletters/2022-10-26/musk-may-be-even-harder-for-leaders-to-ignore
wheat,Drought in US: Some Farms Are So Dry the Dirt Is Repelling Fertilizer,2022-10-28,Bloomberg,"Drought is rapidly expanding across America's crop belt, making it so dry that in some grain fields fertilizer is evaporating from the soil and plants are...",https://www.bloomberg.com/news/articles/2022-10-27/some-us-farms-are-so-dry-the-dirt-is-repelling-fertilizer
wheat,Watch Futures International's Davis on Soft Commodities,2022-11-01,Bloomberg,"Joe Davis, Director of Commodity Sales at Futures International, discusses his outlook for soft commodities as Russia suspended a deal guaranteeing safe...",https://www.bloomberg.com/news/videos/2022-11-01/futures-international-s-davis-on-soft-commodities-video
wheat,UN Halts Flow of Ukraine Grain Export Ships on Wednesday,2022-11-01,Bloomberg,The United Nations said vessels loaded with grains are expected to move through Ukraine's crop-export corridor on Thursday.,https://www.bloomberg.com/news/articles/2022-11-01/un-halts-flow-of-ukraine-grain-export-ships-on-wednesday
wheat,Trains Full of Grain Stuck in Canada as Rain Snarls Ports,2022-11-04,Bloomberg,Thousands of tons of wheat and canola is stranded in Canada after rain has hampered deliveries at the country's largest port during peak shipping season.,https://www.bloomberg.com/news/articles/2022-11-04/trains-full-of-grain-stuck-in-canada-as-rain-snarls-deliveries-to-ports
wheat,Shrunken Mississippi River Slows US Food Exports When World Needs Them Most,2022-11-09,Bloomberg,"The Mississippi River — the immense, quiet highway that courses down the middle of America, moving critical food, wood, coal and steel supplies to global...",https://www.bloomberg.com/graphics/2022-mississippi-river-drought-global-impact/
wheat,Wheat Grown Indoors Offers Potential for Global Food Security,2022-11-10,Bloomberg,Wheat Grown Indoors Offers Promise for Global Food Security.,https://www.bloomberg.com/news/articles/2022-11-09/wheat-grown-indoors-offers-potential-for-global-food-security
wheat,Ukraine Cautious Over Russia’s Kherson Exit as Army Advances,2022-11-10,Bloomberg,"Kyiv expressed caution about Russia's announcement its troops are abandoning the Ukrainian city of Kherson, the first major regional center seized in its...",https://www.bloomberg.com/news/articles/2022-11-10/ukraine-cautious-over-russia-s-kherson-exit-as-fighting-goes-on
wheat,Russian Grain Exports Boom While Deal Risk Hobbles Ukraine Flows,2022-11-14,Bloomberg,"Russia's grain-export pace is accelerating, just as Ukraine shipments are hit by uncertainty over whether the landmark Black Sea deal will be extended later...",https://www.bloomberg.com/news/articles/2022-11-14/russian-grain-exports-boom-while-deal-risk-hobbles-ukraine-flows
wheat,Nickel Takes Off as China's COVID Crisis Affects Each ...,2022-11-15,investing.com,"“Improving market sentiment lifted LME nickel futures over the past week as the world's largest metal consumer, China, eased its COVID policy,” said Capital.com ...",https://www.investing.com/analysis/nickel-takes-off-as-chinas-covid-crisis-affects-each-commodity-differently-200632368
wheat,Turkish Tanker Move Adds Teeth to EU Sanctions on Russia Oil,2022-11-17,Bloomberg,"Turkey warned the world's oil shippers they will need to prove they're insured to cross the country's vital straits, a move that could restrict flows of...",https://www.bloomberg.com/news/articles/2022-11-17/turkey-to-demand-insurance-details-for-tankers-passing-bosphorus
wheat,"The Robot Tractors Are Coming, Just as Soon as We Crush a Few Bugs",2022-11-23,Bloomberg,A plucky team from a small English agricultural college tackles one of the hardest challenges in tech.,https://www.bloomberg.com/news/features/2022-11-24/automated-farms-are-coming-after-we-eliminate-some-bugs
wheat,US Is Weighing a Terrorism Label for Russia’s Wagner Group Mercenaries,2022-11-29,Bloomberg,"The Biden administration is weighing whether to label Russia's Wagner Group as a foreign terrorist organization, two people familiar with the matter said,...",https://www.bloomberg.com/news/articles/2022-11-29/russia-s-wagner-group-mercenaries-may-be-labeled-terrorists-by-the-us
wheat,Vitol Returns to Grain Trading as Ukraine War Stokes Volatility,2022-12-01,Bloomberg,"Energy giant Vitol Group is returning to agriculture trading, hiring a former Olam Group executive to lead the effort just six years after scaling down that...",https://www.bloomberg.com/news/articles/2022-11-30/energy-giant-vitol-takes-step-back-into-grain-trading
wheat,Global Food Prices Decline for Eighth Month Easing Inflation Pressures,2022-12-02,Bloomberg,"Global food prices fell for an eighth month in November, in a sign that inflationary pressures may be easing.",https://www.bloomberg.com/news/articles/2022-12-02/food-prices-decline-for-eighth-month-easing-inflation-pressures
wheat,"Russia Reaped $1 Billion of Wheat in Occupied Ukraine, NASA Says",2022-12-03,Bloomberg,"Russia Reaped $1 Billion of Wheat in Occupied Ukraine, NASA Says ... This article is for subscribers only. Ukraine has lost at least $1 billion of wheat that was...",https://www.bloomberg.com/news/articles/2022-12-03/russia-reaped-1-billion-of-wheat-in-occupied-ukraine-nasa-says
wheat,Pursuits Weekly: What It’s Really Like to Visit Japan Now,2022-12-03,Bloomberg,"Travel writer Brandon Presser gives us the low-down on visiting Japan now, as well as his best trips of the year.",https://www.bloomberg.com/news/newsletters/2022-12-03/what-it-s-really-like-to-visit-japan-now
wheat,Next Africa: Rising Debt Costs Set Continent on Road to Crisis,2022-12-09,Bloomberg,"As interest rates rise and currencies weaken, sub-Saharan Africa will likely see 2026 external debt-servicing costs almost 50% higher than in 2019.",https://www.bloomberg.com/news/newsletters/2022-12-09/next-africa-rising-debt-costs-set-continent-on-road-to-crisis
wheat,Winter ‘Bomb Cyclone’ Bears Down on Chicago Ahead of Holiday Travel Rush,2022-12-21,Bloomberg,"Chicago is in the cross-hairs of a powerful winter storm that could become a “bomb cyclone” — with deep snow, searing winds and an Arctic chill...",https://www.bloomberg.com/news/articles/2022-12-21/winter-bomb-bears-down-on-chicago-ahead-of-holiday-travel-rush
wheat,"How Changing Diets Leave Us Exposed to War, Extreme Weather and Market Turbulence",2022-12-21,Bloomberg,"As well as becoming more homogeneous, the new global diet is higher in fats and carbohydrates and lower in nutrients.",https://www.bloomberg.com/graphics/2022-global-diet-homogeneous-food-security-risk/
wheat,Three Crops Dominate Global Diets. It's a Problem for World Hunger,2022-12-22,Bloomberg,"Read the story. Of the 6,000 plant species humans have eaten over time, the world now mostly eats nine, of which just three – rice, wheat and maize...",https://www.bloomberg.com/news/newsletters/2022-12-22/big-take-food-security-risks-grow-as-the-world-eats-more-of-the-same-crops
wheat,India to Spend $24 Billion on Free Grains for 800 Million People,2022-12-23,Bloomberg,"India will provide free grains to about 800 million people for one year, a move that could help the ruling party reap political benefits.",https://www.bloomberg.com/news/articles/2022-12-23/india-to-spend-24-billion-on-free-grains-for-800-million-people
wheat,US Weighs Sending Bradley Fighting Vehicles to Bolster Ukraine Military,2022-12-29,Bloomberg,"The US government is considering sending Bradley Fighting Vehicles to Ukraine as part of a further package of military support, according to people familiar...",https://www.bloomberg.com/news/articles/2022-12-29/us-weighs-sending-bradley-fighting-vehicles-to-bolster-ukraine
wheat,The Warren Buffett Way to Profit From the Energy Crisis,2023-01-08,Bloomberg,"When the Deepwater Horizon rig exploded in the Gulf of Mexico in 2010, triggering the largest-ever oil spill in the US, all eyes turned to BP Plc,...",https://www.bloomberg.com/opinion/articles/2023-01-09/the-warren-buffett-way-to-profit-from-the-energy-crisis
wheat,India Considers Lifting Rice Export Curbs as Supply Improves,2023-01-09,Bloomberg,"India, the world's biggest rice exporter, is likely to lift restrictions on grain shipments in a move that would mark a further easing of a global wave of...",https://www.bloomberg.com/news/articles/2023-01-09/india-considers-lifting-rice-export-curbs-as-supply-improves
wheat,Ukraine Latest: US to Give Patriot System Training in Oklahoma,2023-01-10,Bloomberg,The Pentagon said 90 to 100 Ukrainian soldiers will come to a US Army base in Oklahoma for training starting next week on operating and maintaining the...,https://www.bloomberg.com/news/articles/2023-01-10/ukraine-latest-eu-and-nato-to-sign-new-cooperation-agreement
wheat,"USA, former wheat giant, posts a 40-year export low as ...",2023-01-10,reuters.com,Winter wheat drought coverage was 65% at the start of 2022 and 32% the same week in 2021. Karen Braun is a market analyst for Reuters. Views expressed above are ...,https://www.reuters.com/markets/commodities/usa-former-wheat-giant-posts-40-year-export-low-demand-sags-2023-01-10/
wheat,Ukraine’s Battlefields Are Freezing. Here’s What That Means for the War,2023-01-11,Bloomberg,"Temperatures in eastern Ukraine have been well below freezing in recent days, hardening the ground and opening a window for potential winter offensives by both...",https://www.bloomberg.com/news/articles/2023-01-11/as-ukraine-s-battlefields-freeze-solid-don-t-expect-the-big-offensive-yet
wheat,McKinsey Explores Hurdles Nations Face to Reach Trade Self-Reliance,2023-01-12,Bloomberg,"While there's been much talk of “friend-shoring” supply chains for critical goods, the world's largest economies are still too dependent on certain markets...",https://www.bloomberg.com/news/newsletters/2023-01-12/supply-chain-latest-trade-self-sufficiency-is-hard-mckinsey-says
wheat,Why inflation hit these 10 items hardest in 2022,2023-01-13,cnbc.com,"Russia's invasion of Ukraine created an energy supply shock ... war's impact on supply, according to the U.S. Energy Information Administration.",https://www.cnbc.com/2023/01/13/why-inflation-hit-these-10-items-hardest-in-2022.html
wheat,Davos Latest: Le Maire Sees France Avoiding Recession This Year,2023-01-20,Bloomberg,"Carlyle Group Inc. Co-founder David Rubenstein predicted that the pace of deals will pick up this year after a slow 2022, while Fidelity International CEO...",https://www.bloomberg.com/news/articles/2023-01-20/davos-latest-le-maire-doesn-t-see-france-sliding-into-recession
wheat,Wind Turbines Taller Than the Statue of Liberty Are Falling Over,2023-01-23,Bloomberg,Breakdowns of towers and blades have bedeviled manufacturers in the US and Europe.,https://www.bloomberg.com/news/articles/2023-01-23/wind-turbine-collapses-punctuate-green-power-growing-pains
wheat,Africa Needs Up to $65 Billion in Loans Every Year to Curb Food Imports,2023-01-24,Bloomberg,Farmers in Africa will need as much as $65 billion in loans annually to produce enough food to curb imports and cushion their economies from external shocks.,https://www.bloomberg.com/news/articles/2023-01-24/africa-needs-up-to-65-billion-loans-yearly-to-curb-food-imports
wheat,Soaring Rice Price Shows Food Inflation Still Stalking the World,2023-01-26,Bloomberg,"Rice prices are climbing, a sign that the food inflation shock that threw millions into poverty is still reverberating, even as the cost of wheat and other...",https://www.bloomberg.com/news/articles/2023-01-27/soaring-rice-price-shows-food-inflation-still-stalking-the-world
wheat,"Rising Incidence of Celiac Disease Spurs Interest in Research, Treatments",2023-01-31,Bloomberg,"Hi! It's Madison in New York. I've got some news for people, who, like me, are allergic to a protein that's found in everything from bread to beer.",https://www.bloomberg.com/news/newsletters/2023-01-31/rising-incidence-of-celiac-disease-spurs-interest-in-research-treatments
wheat,Drought threatens U.S. wheat production despite acreage ...,2023-02-02,reuters.com,"As a result, U.S. wheat exports, projected at a 51-year low in the marketing ... Unusually high wheat prices this fall inspired farmers to expand acres ...",https://www.reuters.com/markets/commodities/drought-threatens-us-wheat-production-despite-acreage-bump-2023-02-02/
wheat,Ukraine Latest: Kyiv’s Military Shakeup as It Braces for Attack,2023-02-06,Bloomberg,Ukrainian President Volodymyr Zelenskiy may postpone a government shakeup replacing the defense chief as the government braces for a Russian offensive.,https://www.bloomberg.com/news/articles/2023-02-06/ukraine-latest-zelenskiy-sanctions-russia-s-nuclear-sector
wheat,Ukraine Latest: Scholz Urges Speedy Delivery of Leopard 2 Tanks,2023-02-09,Bloomberg,"German Chancellor Olaf Scholz has asked European leaders to deliver the Leopard 2 tanks, which will be needed to send two battalions to Ukraine by the end...",https://www.bloomberg.com/news/articles/2023-02-09/ukraine-latest-zelenskiy-tours-europe-with-calls-for-more-aid
wheat,Japan: Where Food Security Meets Innovation,2023-02-12,Bloomberg,"Around the world, farming and food systems are feeling the heat. As food and fertilizer prices remain volatile, extreme weather batters crops and the war in...",https://sponsored.bloomberg.com/article/jco/japan-where-food-security-meets-innovation
wheat,India’s Modi Likely to Retain Wheat Export Curbs as Polls Loom,2023-02-15,Bloomberg,"The government will likely extend export curbs for wheat, which is an essential part of the diet and key to food security for many of the country's 1.4 billion...",https://www.bloomberg.com/news/articles/2023-02-16/india-s-modi-set-to-keep-curbs-on-wheat-w-a-comdty-exports-before-elections
wheat,"Worst Is Over in Russia’s War on Ukrainian Energy System, Operator Says",2023-02-16,Bloomberg,The worst damage wrought by Russia's campaign to destroy the Ukrainian energy grid is probably over because of improved air defense and Moscow's deteriorating...,https://www.bloomberg.com/news/articles/2023-02-16/worst-is-over-in-russia-s-war-on-ukrainian-energy-operator-says
wheat,Ukraine Latest: Biden to Meet East European Leaders Backing Kyiv,2023-02-22,Bloomberg,Joe Biden said Vladimir Putin had made a “big mistake” in suspending a landmark nuclear treaty as the US president met in Warsaw with eastern European...,https://www.bloomberg.com/news/articles/2023-02-22/ukraine-latest-biden-to-meet-east-european-leaders-backing-kyiv
wheat,Shortage of Onions Threatens a New Chapter in Global Food Crisis,2023-02-23,Bloomberg,Soaring prices at the vegetable market are threatening nutrition and forcing governments from Morocco to the Philippines to protect supplies.,https://www.bloomberg.com/news/articles/2023-02-24/vegetable-shortage-onion-prices-soar-fueling-global-food-inflation
wheat,The Growing Cash Pile in Moscow Foreign Investors Can’t Touch,2023-02-23,Bloomberg,"Billions of dollars are accumulating in Moscow beyond the reach of its foreign owners. Stock dividends, interest payments on bonds and anything else that...",https://www.bloomberg.com/news/articles/2023-02-23/the-growing-cash-pile-in-moscow-foreign-investors-can-t-touch
wheat,Heineken Faces Boycott Calls as It Warns Russia Could Nationalize Its Business,2023-02-24,Bloomberg,Heineken NV said it is dealing with the “very real risk” that the Russia would nationalize its local business if it were to stop operations or become...,https://www.bloomberg.com/news/articles/2023-02-24/heineken-faces-real-risk-of-russia-business-being-nationalized
wheat,Next Africa: Gabon Forest Fight is Key to Slowing Global Warming,2023-03-03,Bloomberg,"Gabon, where nine-tenths of the landmass is covered by trees, is seen as a test case for whether there's money to be made in forest preservation.",https://www.bloomberg.com/news/newsletters/2023-03-03/next-africa-gabon-forest-fight-is-key-to-slowing-global-warming
wheat,Hallie Gu,2023-03-05,Bloomberg,Recent stories by Hallie Gu on Bloomberg.com.,https://bloomberg.com/authors/AVfpuo_aA7w/hallie-gu
wheat,Ukraine Latest: Russian Missile Strike Rattles Cities Nationwide,2023-03-09,Bloomberg,President Volodymyr Zelenskiy urged a rapid repair of energy infrastructure in areas hit by a fresh barrage of Russian missile attacks that cut power to...,https://www.bloomberg.com/news/articles/2023-03-09/ukraine-latest-cities-across-country-face-new-missile-attacks
wheat,Argentina's 'unprecedented' drought pummels farmers and ...,2023-03-09,reuters.com,A historic drought ravaging Argentina's crops is deepening the grain exporting giant's economic crisis ... Global Market Data · Rates & Bonds · Stocks · U.S. ...,https://www.reuters.com/business/environment/argentinas-unprecedented-drought-pummels-farmers-economy-2023-03-09/
wheat,Patchwork fixes to Ukraine grain shortfall leave world ...,2023-03-13,reuters.com,... wheat futures more than 20% lower than the days before the invasion. ... Global wheat stocks are projected to thin to just over a three-month supply by the ...,https://www.reuters.com/world/europe/patchwork-fixes-ukraine-grain-shortfall-leave-world-vulnerable-year-into-war-2023-03-13/
wheat,Explained: Why Banks Are Both Oil's Best Friend and Worst ...,2023-03-18,investing.com,"Open interest — which measures the flow of money in a futures or options market — is highest in oil. ... market, meaning prices are indicative and not appropriate ...",https://www.investing.com/analysis/explained-why-banks-are-both-oils-best-friend-and-worst-enemy-200636353
wheat,What War in Europe Means for Egypt,2023-03-22,Bloomberg,"From trade to tourism, Egypt is being hit hard by Russia's invasion of Ukraine. What can be done to bring about a just peace?",https://sponsored.bloomberg.com/article/what-war-in-europe-means-for-egypt
wheat,Russia Wields New Regulatory Tool to Banish Enemy Currencies,2023-03-22,Bloomberg,Russia's central bank is making it more costly for commercial lenders to have liabilities in what it calls “unfriendly” currencies by raising mandatory reserve...,https://www.bloomberg.com/news/articles/2023-03-22/russia-targets-dollars-euros-anew-by-varying-bank-reserve-ratio
wheat,Covid Links to Gastrointestinal Troubles,2023-03-23,Bloomberg,"Morning! It's Madison in New York. Lately, I've been looking into Covid's effect on gut health, but before we get to that...",https://www.bloomberg.com/news/newsletters/2023-03-23/prognosis-covid-and-your-gut
wheat,China Takes Its Climate Fight to the Rooftops,2023-03-27,Bloomberg,"One in five solar panels installed worldwide last year were mounted on a Chinese roof, putting households at the forefront of efforts to decarbonize a top...",https://www.bloomberg.com/news/features/2023-03-27/why-china-rooftop-solar-power-leads-world-on-clean-energy-capacity
wheat,Glencore-Backed Viterra Plans to Exit Russian Grain Trade,2023-03-29,Bloomberg,"The two biggest western shippers of Russian grain, Cargill Inc. and Viterra, will halt purchases for export in a shift that will give local firms more...",https://www.bloomberg.com/news/articles/2023-03-29/glencore-backed-viterra-plans-to-exit-russian-grain-trade
wheat,Don't Stop Believin': Stock Market (and Sentiment Results),2023-03-30,investing.com,"At levels seen at/near market lows: Investors more bearish than: Pandemic Low (2020), Euro Debt Crisis Lows (2011), and GFC lows (2009) ...",https://www.investing.com/analysis/dont-stop-believin-stock-market-and-sentiment-results-200636784
wheat,Crop Trader ADM Weighs Options to Exit Main Russian Business,2023-03-30,Bloomberg,"Archer-Daniels-Midland Co. is weighing options to exit its main Russian operations, potentially adding to the list of Western agriculture traders pulling...",https://www.bloomberg.com/news/articles/2023-03-30/crop-trader-adm-weighs-options-to-exit-main-russian-business
wheat,Putin’s War May Be Reaching a Pivotal Moment,2023-04-03,Bloomberg,A bomb explosion that killed a pro-Kremlin military blogger who'd cheered on Russia's invasion of Ukraine represents another twist in the war that may be...,https://www.bloomberg.com/news/newsletters/2023-04-03/putin-s-invasion-of-ukraine-may-be-reaching-a-pivotal-moment
wheat,Ukraine Latest: Credit Rating Pushed Further Into Junk by S&P,2023-04-07,Bloomberg,"Russia has formally charged detained Wall Street Journal correspondent Evan Gershkovich with espionage, an accusation the White House and newspaper denied...",https://www.bloomberg.com/news/articles/2023-04-07/russia-ukraine-latest-news-april-7-2023
wheat,Argentina’s Epic Drought Is Pushing Economic Crisis to New Extremes,2023-04-12,Bloomberg,"Argentina's record drought is worsening inflation and sending the peso to new lows, undermining the ruling party ahead of October presidential elections...",https://www.bloomberg.com/news/articles/2023-04-12/argentina-s-drought-is-pushing-inflation-to-new-extremes
wheat,Bud Light’s Politics Have People Hopping to New Beer Brands,2023-04-17,Bloomberg,Anheuser-Busch's abandonment of influencer Dylan Mulvaney is bad for both the brand and the company's reputation.,https://www.bloomberg.com/opinion/articles/2023-04-17/bud-light-boycott-has-customers-rethinking-anheuser-busch-beer-brands
wheat,Swedish Vodka Brand Absolut Stops Exporting to Russia,2023-04-18,Bloomberg,"The Absolut Company, the Swedish maker of Absolut Vodka, has stopped all exports of its branded liquor to Russia with immediate effect following a consumer...",https://www.bloomberg.com/news/articles/2023-04-18/swedish-vodka-brand-absolut-stops-exporting-to-russia
wheat,ITC: The One Indian Conglomerate That’s in No Hurry to Win,2023-04-20,Bloomberg,Tobacco giant ITC is transforming itself into a long-term sustainability platform involving hundreds of millions of farmers and consumers.,https://www.bloomberg.com/opinion/articles/2023-04-20/itc-the-one-indian-conglomerate-that-s-in-no-hurry-to-win
wheat,A War in Europe Haunts West African Leaders,2023-04-21,Bloomberg,"Welcome to Next Africa, a twice-weekly newsletter on where the continent stands now — and where it's headed.",https://www.bloomberg.com/news/newsletters/2023-04-21/russia-s-war-in-ukraine-haunts-governments-in-liberia-sierra-leone
wheat,Germany Fights to Green Production of Most Important Commodity,2023-04-21,Bloomberg,"In Germany's industrial heartland, a slender spire of tubes rises amid a cluster of smoke-belching foundries. Owned by Salzgitter AG,...",https://www.bloomberg.com/news/articles/2023-04-22/germany-fights-to-green-production-of-most-important-commodity
wheat,"Russia Seizes Fortum, Uniper Plants in Response to Asset Freezes",2023-04-26,Bloomberg,"Russia took control of utilities owned by Finland's Fortum Oyj and Germany's Uniper SE, the first such move from the Kremlin in retaliation for asset...",https://www.bloomberg.com/news/articles/2023-04-26/russia-seizes-fortum-uniper-plants-in-response-to-asset-freezes
wheat,Weight Loss Brand Jenny Craig Considers Bankruptcy,2023-04-28,Bloomberg,"Jenny Craig Inc., the weight-loss services provider backed by H.I.G. Capital, is considering a bankruptcy filing if efforts to find a buyer for its assets...",https://www.bloomberg.com/news/articles/2023-04-27/weight-loss-brand-jenny-craig-mulls-bankruptcy-if-no-buyer-found
wheat,Iraq to Reap Up to 4.5 Million Tons of Local Wheat This Year,2023-05-06,Bloomberg,Iraq expects to harvest from 4 million to 4.5 millions tons of domestically-grown wheat to help the nation achieve self-sufficiency this year in its supply...,https://www.bloomberg.com/news/articles/2023-05-06/iraq-to-reap-up-to-4-5-million-tons-of-local-wheat-this-year
wheat,Why the EU is restricting grain imports from Ukraine,2023-05-09,reuters.com,HOW IMPORTANT ARE THESE EXPORTS TO THE GLOBAL MARKET? Ukraine was the ... Prices for wheat and corn surged after the war in Ukraine started on fears ...,https://www.reuters.com/markets/commodities/why-eu-is-restricting-grain-imports-ukraine-2023-05-09/
wheat,Geopolitical grains: Agricultural ETFs in a time of oversupply,2023-05-10,cnbc.com,He forecast that global agriculture prices should contract toward cost of production over the next year pending any disruptions stemming from climate or war- ...,https://www.cnbc.com/2023/05/10/geopolitical-grains-agricultural-etfs-in-a-time-of-oversupply.html
wheat,"Russia-Ukraine war updates on May 10, 2023",2023-05-10,cnbc.com,"Ukrainian grain is cheaper than local, which has a strong impact on prices on the market. ... The Covid-19 pandemic and now the ongoing war with Ukraine have ...",https://www.cnbc.com/2023/05/10/ukraine-war-live-updates-latest-news-on-russia-and-the-war-in-ukraine.html
wheat,Explainer: Have Western sanctions on Russia impacted its ...,2023-05-11,reuters.com,Explainer: Have Western sanctions on Russia impacted its wheat exports? By ... wheat and other crops to secure domestic supply and curb domestic food inflation.,https://www.reuters.com/markets/commodities/have-western-sanctions-russia-impacted-its-wheat-exports-2023-05-11/
wheat,Farmers Set to Abandon US Wheat Crops at Highest Rate Since 1917,2023-05-12,Bloomberg,Farmers are now poised to abandon crops at the highest rate in more than a century. Producers are expected to harvest about 67% of their planted acres.,https://www.bloomberg.com/news/articles/2023-05-12/wheat-futures-jump-in-chicago-as-drought-shrinks-us-crops
wheat,US Makes Rare Wheat Imports From Europe After Drought Ravages Crops,2023-05-18,Bloomberg,"Crop handler Andersons Inc. supplied the wheat to Ardent Mills's flour factory in Tampa, the people said. More From Bloomberg. TRANSPORT-VOLKSWAGEN-ECONOMY...",https://www.bloomberg.com/news/articles/2023-05-17/drought-ravaged-crops-force-us-to-resort-to-rare-wheat-imports
wheat,Stunted Wheat Crops Are Turning Blue in Drought-Ravaged Kansas,2023-05-18,Bloomberg,"It's so dry in Kansas that wheat plants are turning blue. At this time of year, crops are typically a verdant green and reach about knee height.",https://www.bloomberg.com/news/articles/2023-05-18/stunted-wheat-crops-are-turning-blue-in-drought-ravaged-kansas
wheat,Who Moves Up at Morgan Stanley When Gorman Steps Back?,2023-05-19,Bloomberg,"Welcome to Bw Daily, the Bloomberg Businessweek newsletter, where we'll bring you interesting voices, great reporting and the magazine's usual charm every...",https://www.bloomberg.com/news/newsletters/2023-05-19/morgan-stanley-ceo-could-be-ted-pick-andy-saperstein-dan-simkowitz
wheat,Cash-Strapped Argentina Needs Rain Now to Save Crops From Drought,2023-05-22,Bloomberg,Argentina's farmers need precipitation to arrive within the next three weeks to stand any chance of emerging from a disastrous drought.,https://www.bloomberg.com/news/articles/2023-05-22/argentina-s-crisis-wracked-economy-needs-rains-now-to-save-crops
wheat,Bright Spot for Drought-Plagued US Wheat Crop Emerges in Illinois,2023-05-25,Bloomberg,Lush fields in Illinois are proving to be a rare bright spot for the US wheat crop after a severe drought forced growers in top producer Kansas to abandon...,https://www.bloomberg.com/news/articles/2023-05-25/bright-spot-for-drought-plagued-us-wheat-crop-emerges-in-illinois
wheat,"Bunge (BG)-Viterra Merger Could Hurt Canadian Farmers, Wheat Group Says",2023-05-26,Bloomberg,"A merger between agricultural trader Viterra Inc. and US rival Bunge Ltd. could hurt farmers and consumers, according to the head of a Canadian wheat...",https://www.bloomberg.com/news/articles/2023-05-26/bunge-viterra-merger-could-hurt-canadian-farmers-wheat-group-says
wheat,Lush Wheat Fields Across Europe Are Keeping Food Costs in Check,2023-05-27,Bloomberg,"As extreme weather wreaks havoc on crops in the Americas and North Africa, Europe's breadbasket is thriving, with ample wheat harvests keeping global food...",https://www.bloomberg.com/news/articles/2023-05-27/lush-wheat-fields-across-europe-are-keeping-food-costs-in-check
wheat,Commodity Crash Signals Disinflation Is Taking Hold for Now,2023-05-31,Bloomberg,"From copper to wheat to natural gas, the cost of some of the world's most important products is crashing, bringing long-awaited relief for consumers that...",https://www.bloomberg.com/news/articles/2023-05-31/commodity-crash-signals-disinflation-is-taking-hold-for-now
wheat,Bw Reads Goes to Camp,2023-06-04,Bloomberg,"Welcome to Bw Reads, our weekend newsletter that brings a delightful magazine story from Bloomberg Businessweek right to your inbox, in its entirety—and for...",https://www.bloomberg.com/news/newsletters/2023-06-04/bw-reads-goes-to-camp
wheat,China’s Waste Oil Industry Wants to Come Clean,2023-06-07,Bloomberg,"Welcome to Energy Daily, our guide to the energy and commodities markets powering the global economy. Today, Senior Reporter Alfred Cang unpacks the pledge...",https://www.bloomberg.com/news/newsletters/2023-06-07/china-s-waste-oil-industry-wants-to-come-clean
wheat,First El Niño in Four Years Threatens New Economic Destruction,2023-06-12,Bloomberg,"The world's most potent climate phenomenon risks sparking a chain reaction of dangerous weather, food shortages and blackouts that can disrupt supply chains.",https://www.bloomberg.com/graphics/2023-el-nino-climate-change-extreme-weather/
wheat,Lab-Grown Meat Approved for Sale in US,2023-06-21,Bloomberg,"Eat Just Inc. and Upside Foods Inc. have received approvals from the US Department of Agriculture to sell cell-based chicken commercially, the companies...",https://www.bloomberg.com/news/articles/2023-06-21/eat-just-upside-receive-usda-approval-to-sell-cell-based-meat
wheat,Ukraine Recap: Russian Missile Attack Thwarted at Airfield Southwest of Kyiv,2023-06-23,Bloomberg,Russia's invasion of Ukraine is about to hit the 16-month mark. Kyiv's ground counteroffensive in the south and east presses on while meeting strong...,https://www.bloomberg.com/news/articles/2023-06-23/russia-ukraine-latest-news-june-23-2023
wheat,Russia’s Descent Into Chaos Marks a ‘Good Day’ for Ukraine,2023-06-24,Bloomberg,"No matter how Saturday's struggle for power in Russia unfolds, officials in Kyiv say they're sure of one thing: it benefits Ukraine.",https://www.bloomberg.com/news/articles/2023-06-24/russia-news-wagner-group-mutiny-good-day-for-ukraine-zelenskiy
wheat,Wagner’s Mutiny Creates New Questions About its Business Empire Abroad,2023-06-27,Bloomberg,"Wagner's African and Middle Eastern business empire, from gold to timber, spans half a dozen countries. What happens to it after the mercenary group's...",https://www.bloomberg.com/graphics/2023-wagner-presence-in-central-african-republic/
wheat,Wheat: Overspent at the Top or More to Go?,2023-06-27,investing.com,"Market Analysis by covering: Gold Futures, US Soybeans Futures, US Wheat Futures, US Corn Futures ... market, meaning prices are indicative and not ...",https://in.investing.com/analysis/wheat-overspent-at-the-top-or-more-to-go-200590332
wheat,Putin Claims He’s Back in Control. Russia’s Elite Isn’t Sure,2023-06-28,Bloomberg,Vladimir Putin tried this week to show he was firmly in control after the dramatic attempted mutiny by mercenary commander Yevgeny Prigozhin.,https://www.bloomberg.com/news/articles/2023-06-28/russia-elite-doubt-putin-fully-back-in-control-after-wagner-mutiny
wheat,"What Happens Now to Russian Group, Wagner’s Sprawling African Empire",2023-06-30,Bloomberg,"Welcome to Next Africa, a twice-weekly newsletter on where the continent stands now — and where it's headed.",https://www.bloomberg.com/news/newsletters/2023-06-30/what-happens-now-to-russian-group-wagner-s-sprawling-african-empire
wheat,"In Climate Fight, Curbing Oil Use Safer Bet Than Slashing Supply",2023-06-30,Bloomberg,Oil Strategist Julian Lee examines the different approaches to fossil fuels in the push to stop global warming.,https://www.bloomberg.com/news/newsletters/2023-06-30/in-climate-fight-curbing-oil-use-safer-bet-than-slashing-supply
wheat,Why China Looks Increasingly on the Back Foot,2023-07-01,Bloomberg,"Xi Jinping, seen here during the unveiling of the Chinese Communist Party's new Politburo Standing Committee in Beijing on Oct. 23, faces a growing storm of...",https://www.bloomberg.com/news/newsletters/2023-07-01/why-china-is-increasingly-on-the-back-foot-new-economy-saturday
wheat,A global commodities rout is fueling fears of a bleak ...,2023-07-05,cnbc.com,"Commodity prices ... China has been posting a slew of economic data that has been weaker than market expectations, pointing to a faltering Covid reopening after ...",https://www.cnbc.com/2023/07/06/a-global-commodities-rout-is-fueling-fears-of-a-bleak-economic-future.html
wheat,Canada Posts Largest Trade Deficit Since 2020 on Falling Prices,2023-07-06,Bloomberg,"Canada's merchandise trade balance unexpectedly recorded its largest deficit since October 2020, in large part due to lower energy prices.",https://www.bloomberg.com/news/articles/2023-07-06/canada-posts-largest-trade-deficit-since-2020-on-falling-prices
wheat,"Russia-Ukraine war updates for July 14, 2023",2023-07-14,cnbc.com,"... prices down after they spiked following Russia's invasion. Akos Stiller ... exports. ""Russia's war of aggression on Ukraine continues to harm not only ...",https://www.cnbc.com/2023/07/14/russia-ukraine-live-updates.html
wheat,Market Cycles and Why the Bull Isn't Dead,2023-07-14,investing.com,"Goldman raises oil forecasts as Gulf supply shock seen lasting longer · Get 50 ... market, meaning prices are indicative and not appropriate for trading purposes.",https://www.investing.com/analysis/market-cycles-and-why-the-bull-isnt-dead-200640005
wheat,Wheat prices surge after Russia ends grain deal. And it's ...,2023-07-17,cnbc.com,"... prices, such as drought in Europe and the onset of El Nino. The markets most ... wheat — a country that represents more than 20% of global wheat exports.",https://www.cnbc.com/2023/07/17/russia-ukraine-grain-deal-what-does-it-mean-for-global-food-prices.html
wheat,Russia axes landmark Ukraine grain deal just hours before ...,2023-07-17,cnbc.com,The Black Sea Grain Initiative was set up to abate a global food crisis after Moscow launched a full-scale invasion of fellow key grain exporter and neighbor ...,https://www.cnbc.com/2023/07/17/russia-says-it-will-not-extend-the-landmark-ukraine-grain-deal.html
wheat,"Poland, Slovakia, Hungary Push to Extend Ukraine Grain Ban",2023-07-18,Bloomberg,"Poland, Slovakia and Hungary justified their intention to extend local sales bans on Ukraine grain until the end of the year, even amid concerns that...",https://www.bloomberg.com/news/articles/2023-07-18/poland-and-slovakia-push-to-further-extend-ban-on-ukraine-grains
wheat,What End of Ukraine Grain Export Deal Means for the World,2023-07-19,Bloomberg,"Russia's efforts to obstruct Ukraine's food exports are working. First, Moscow quit a pact that had allowed safe passage of crops from Black Sea ports.",https://www.bloomberg.com/news/articles/2023-07-19/what-end-of-ukraine-grain-export-deal-means-for-the-world
wheat,Egypt in Talks for $400 Million UAE Funding to Help It Buy Wheat,2023-07-20,Bloomberg,Egypt criticized Russia's exit from the Black Sea grain-export initiative and said it will continue to import Ukrainian wheat even after the collapse of the...,https://www.bloomberg.com/news/articles/2023-07-20/egypt-in-talks-for-400-million-uae-funding-to-help-it-buy-wheat
wheat,Ukraine Invasion: Russia Weaponizing Wheat Won’t Hurt the World,2023-07-20,Bloomberg,"It's Vladimir Putin who's dragging wheat into war, imposing an embargo on Ukrainian grain exports that could cost the nation as much as $800 million a month.",https://www.bloomberg.com/opinion/articles/2023-07-21/ukraine-invasion-russia-weaponizing-wheat-won-t-hurt-the-world
wheat,Black Sea Threats Escalate as Ukraine Warns on Russian Ships,2023-07-20,Bloomberg,"Ukraine said any ships heading to Russian ports may be military targets, a tit-for-tat response to a threat from Moscow that escalates the war's risk to...",https://www.bloomberg.com/news/articles/2023-07-20/ukraine-warns-ships-headed-to-russian-ports-from-july-21
wheat,India's rice export ban could send decade-high prices higher,2023-07-20,cnbc.com,"... prices in the domestic market."" India is the world's leading rice exporter ... prices of other major grains surged following Russia's invasion of Ukraine in ...",https://www.cnbc.com/2023/07/21/indias-rice-export-ban-could-send-decade-high-prices-higher.html
wheat,18 Charts That Say Long-term Opportunity in Stock Market,2023-07-21,investing.com,"In recent weeks, the multi-sector index found buying support near the AVWAP lines tied to the COVID high and COVID low. ... market, meaning prices are indicative ...",https://www.investing.com/analysis/18-charts-that-say-longterm-opportunity-in-stock-market-200640262
wheat,"Watch Natural Gas Prices Could Rise 15%, Roemer Says",2023-07-21,Bloomberg,"Jim Roemer, Best Weather President, talks about how higher wheat prices are impacting farmers and he says natural gas prices could rise 15% if August is...",https://www.bloomberg.com/news/videos/2023-07-21/natural-gas-prices-could-rise-15-roemer-says-video
wheat,Xi Goes Into Overdrive to Talk Up the Economy,2023-07-25,Bloomberg,Xi Jinping appears to be on a mission to single handedly jawbone the Chinese economy and markets higher.,https://www.bloomberg.com/news/newsletters/2023-07-25/president-xi-jinping-is-on-a-mission-to-talk-up-china-s-economy
wheat,Thirsty Data Centers Are Making Hot Summers Even Scarier,2023-07-26,Bloomberg,"With drought spreading around the globe, battles over water are erupting between AI companies seeking more computing power and communities where their...",https://www.bloomberg.com/news/articles/2023-07-26/extreme-heat-drought-drive-opposition-to-ai-data-centers
wheat,"Weather woes, Russia upend outlook for global wheat ...",2023-08-02,reuters.com,"... exports, the wheat market gets very spicy, very quickly."" Advertisement · Scroll to continue. Already, supply worries sparked volatile moves in wheat prices ...",https://www.reuters.com/markets/commodities/weather-woes-russia-upend-outlook-global-wheat-suppliers-2023-08-02/
wheat,Russian Drones Hit Danube Port Key to Ukraine Grain Exports,2023-08-02,Bloomberg,"Russian drones struck a Ukrainian port on the Danube River, driving global wheat and corn prices higher as Moscow continues its campaign to cripple Kyiv's...",https://www.bloomberg.com/news/articles/2023-08-02/ukraine-s-izmail-port-hit-in-russian-drone-attack-reports-say
wheat,U.S. Stock Market at Odds With Real Economy: Mean ...,2023-08-04,investing.com,"Of course, one must also consider the drag on future returns from the excessive debt accumulated since the financial crisis. ... market, meaning prices are ...",https://www.investing.com/analysis/us-stock-market-at-odds-with-real-economy-mean-reversion-ahead-200640664
wheat,インド、40％の小麦輸入税撤廃を検討－関係者,2023-08-04,Bloomberg,世界第２位の小麦生産国であるインドが、海外から小麦を購入する誘因を高めようと、輸入税の廃止を検討している。事情に詳しい関係者が明らかにした。,https://www.bloomberg.co.jp/news/articles/2023-08-04/RYV91BDWX2PS01
wheat,India’s Grain Stockpiles Are Key to Modi’s Pre-Election Strategy,2023-08-09,Bloomberg,"Last year, Prime Minister Narendra Modi said India could feed the world. This year, the world's top rice exporter is instead curbing grain sales,...",https://www.bloomberg.com/news/articles/2023-08-09/india-s-grain-stockpiles-are-key-to-modi-s-pre-election-strategy
wheat,Stuffed Russian Grain Ports Show Risk of Black Sea Escalation,2023-08-09,Bloomberg,Russian grain ports are overflowing after two big harvests. That means any military escalation in the crucial Black Sea risks depriving the world of huge...,https://www.bloomberg.com/news/articles/2023-08-09/stuffed-russian-grain-ports-show-risk-of-black-sea-escalation
wheat,Turkey Seeks ‘Expanded’ Grain Deal as Step to Peace in Ukraine,2023-08-09,Bloomberg,"Turkish President Recep Tayyip Erdogan said he aims to revive the Black Sea grain deal with an “expanded scope,” calling on western countries to help turn the...",https://www.bloomberg.com/news/articles/2023-08-09/turkey-seeks-expanded-grain-deal-as-step-to-peace-in-ukraine
wheat,Black Sea wheat war is sideshow for grain deal,2023-08-09,reuters.com,A fast-escalating wheat war in the Black Sea may have a silver lining. Russia's and Ukraine's bombing of each other's ports could prevent crucial grain exports ...,https://www.reuters.com/breakingviews/black-sea-wheat-war-is-sideshow-grain-deal-2023-08-09/
wheat,War and Soggy Fields Leave World Short of Top-Quality Wheat,2023-08-10,Bloomberg,Wheat harvests rolling in across the Northern Hemisphere are bolstering global supply. But bad weather and the war in Ukraine are leaving top-quality crops...,https://www.bloomberg.com/news/articles/2023-08-11/war-and-soggy-fields-leave-world-short-of-top-quality-wheat
wheat,Rising Temperatures Are Wreaking Havoc Year-Round,2023-08-13,Bloomberg,Greenhouse gas emissions are driving up global temperature averages. An increase of just 1.2C is causing environmental and economic consequences.,https://www.bloomberg.com/graphics/2023-global-warming-impacts-data/
wheat,Modi Seeks to Free Up $12 Billion to Quell Inflation Before Vote,2023-08-17,Bloomberg,Indian officials are considering a plan to reallocate as much as 1 trillion rupees ($12 billion) from the budgets of various ministries to contain a surge...,https://www.bloomberg.com/news/articles/2023-08-17/modi-seeks-to-free-up-12-billion-to-quell-inflation-before-vote
wheat,"Rice prices soar, fanning fears of food inflation spike in Asia",2023-08-21,cnbc.com,"... supply shock in the rice market."" Nations are realizing that whether it's ... What the fertilizer crisis means for food prices. Markets and Politics ...",https://www.cnbc.com/2023/08/22/asia-food-inflation-fears-rise-as-rice-prices-surge.html
wheat,Ukraine News: Russia Attacks Grain Facilities Near the Danube River Again,2023-08-23,Bloomberg,"Russian drones struck Ukrainian grain infrastructure near the Danube River, the latest in a raft of attacks on the waterway that's vital for getting Ukraine's...",https://www.bloomberg.com/news/articles/2023-08-23/russia-attacks-ukraine-s-danube-facilities-again-and-wheat-gains
wheat,WEAT ETF Stock Price History,2023-08-25,investing.com,"Drought in the midwest is going to cause another explosion in the wheat prices. ... market, meaning prices are indicative and not appropriate for trading ...",https://www.investing.com/etfs/teucrium-wheat-historical-data
wheat,China’s Fast and Cheap Nuclear Gives Its Climate Ambitions a Boost,2023-08-28,Bloomberg,"There's an atomic price chasm between Beijing and Washington, giving China a green advantage and leaving the US trailing in its efforts to clean up the...",https://www.bloomberg.com/news/newsletters/2023-08-28/china-s-fast-and-cheap-nuclear-gives-its-climate-ambitions-a-boost
wheat,Avoiding Market's Worst Days Beats Chasing the Best,2023-08-29,investing.com,"We addressed the same in March last year as the market stumbled following the Russian invasion of Ukraine. ... market, meaning prices are indicative and not ...",https://www.investing.com/analysis/avoiding-markets-worst-days-beats-chasing-the-best-200641384
wheat,"Poland, Hungary, Slovakia Push for Ukraine Grain Ban Extension",2023-09-07,Bloomberg,"Poland, Hungary and Slovakia are continuing to push for extending a ban on grain imports from Ukraine until the end of the year, warning of disruptions to...",https://www.bloomberg.com/news/articles/2023-09-07/poland-hungary-slovakia-push-for-ukraine-grain-ban-extension
wheat,World food price index back at two-year low despite rice ...,2023-09-08,reuters.com,"Vegetable oil prices were down 3.1% in August, while dairy prices slipped 4%, an eighth straight monthly drop that reflected ample supply in Oceania and slower ...",https://www.reuters.com/world/world-food-price-index-falls-back-two-year-low-fao-2023-09-08/
wheat,Ethiopia is Producing Surplus Wheat for Export After Drive to Boost Output,2023-09-08,Bloomberg,Economic reforms by Prime Minister Abiy Ahmed's government include a planting campaign to wean the country off imports. The efforts have borne fruit and...,https://www.bloomberg.com/news/articles/2023-09-08/ethiopia-producing-surplus-wheat-for-export-after-drive-to-boost-output
wheat,Ukraine Recap: EU Grain Import Ban Ends; Kim Meets With Shoigu,2023-09-16,Bloomberg,Ukraine is defying Russia's effective blockade of its Black Sea ports by sending empty ships to collect grain for the first time since the collapse of a...,https://www.bloomberg.com/news/articles/2023-09-16/russia-ukraine-latest-news-september-16-2023
wheat,Egypt Swaps Out Russian Wheat After Moscow Objects to Pricing,2023-09-20,Bloomberg,"Egypt will switch to sourcing almost half a million tons of wheat from France and Bulgaria, after Moscow blocked the supply of Russian grain, according to...",https://www.bloomberg.com/news/articles/2023-09-20/egypt-swaps-out-russian-wheat-after-moscow-objects-to-pricing
wheat,The Problem With the World’s Best Hotels,2023-09-23,Bloomberg,"Bonjour! It's Nikki Ekstein, Pursuits travel editor, still reeling from a dizzying, delicious trip to Paris, where I had the enviable pleasure of staying at...",https://www.bloomberg.com/news/newsletters/2023-09-23/world-s-50-best-hotels-2023-how-the-list-could-be-improved
wheat,"Some soft commodity prices are surging, adding to ...",2023-09-25,cnbc.com,"The juice futures market reached a record $3.50 per pound this month. Live cattle futures similarly hit a record, reaching $1.9205 per pound. Meat prices ...",https://www.cnbc.com/2023/09/25/some-soft-commodity-prices-are-surging-adding-to-consumer-woes.html
wheat,Climate Change Blamed for South Africa’s Floods,2023-09-26,Bloomberg,"Climate change intensified the torrential rain and flooding that's swept South Africa's Western Cape over the past two days, claiming at least 11 lives.",https://www.bloomberg.com/news/articles/2023-09-26/climate-change-blamed-for-south-africa-s-floods
wheat,WAR ETF Stock Price History,2023-09-26,investing.com,"Indices Futures · Major Indices · Indices Real-Time · World Indices · Global ... market, meaning prices are indicative and not appropriate for trading purposes.",https://www.investing.com/etfs/war-historical-data
wheat,AI’s Role in Boosting Crop Productivity,2023-09-28,Bloomberg,"The climate crisis is challenging farmers, but AI-enabled agriculture could be a promising tool in the pursuit of global food security.",https://sponsored.bloomberg.com/article/google-sustainability/ai-s-role-in-boosting-crop-productivity
wheat,Wheat Set for Worst Quarterly Run in 14 Years on Ample Supply,2023-09-28,Bloomberg,Wheat headed for the worst run of quarterly losses in 14 years as bumper harvests in parts of the Northern Hemisphere offset ongoing tension in the Black Sea.,https://www.bloomberg.com/news/articles/2023-09-29/wheat-set-for-worst-quarterly-run-in-14-years-on-ample-supply
wheat,Feeding the World Once Brought the US Untold Influence—No More,2023-09-28,Bloomberg,"Wheat, corn and soy surpluses were once a powerful tool of American statecraft. Now other agricultural superpowers are filling the void left by the...",https://www.bloomberg.com/news/articles/2023-09-28/falling-us-crop-exports-mean-america-losing-original-superpower
wheat,Fake Meat Looks for Revival After Boom Fizzles Out,2023-09-29,Bloomberg,"Fewer and healthier ingredients, lower prices and better taste. They're some of the solutions the ailing alternative proteins industry is looking for to revive...",https://www.bloomberg.com/news/newsletters/2023-09-29/global-food-roundup-fake-meat-needs-revival-to-lure-back-consumers
wheat,(RUB USD) Ruble Sinks Back to 100 Versus Dollar in New Headache for Russia,2023-10-02,Bloomberg,"The ruble depreciated near 100 per dollar again, briefly crossing an important psychological mark for Russian consumers and the government.",https://www.bloomberg.com/news/articles/2023-10-03/ruble-sinks-back-to-100-versus-dollar-in-new-headache-for-russia
wheat,New Van Gogh show in Paris focuses on artist's extraordinarily productive and tragic final months,2023-10-02,Bloomberg,"PARIS (AP) — Planted in a field, Vincent van Gogh painted furiously, bending the thick oils, riotous yellows and sumptuous blues to his will.",https://www.bloomberg.com/en/news/thp/2023-10-02/new-van-gogh-show-in-paris-focuses-on-artist-s-extraordinarily-productive-and-tragic-final-months
wheat,EV Policies Twist and Turn as Sunak and Trump Play Politics,2023-10-06,Bloomberg,"The last two weeks in the UK have been dramatic for those watching the electric vehicle market. First, Prime Minster Rishi Sunak seemed to push back the...",https://www.bloomberg.com/news/newsletters/2023-10-06/ev-policies-twist-and-turn-as-sunak-and-trump-play-politics
wheat,Record Prices Take Toll on Europe’s Love of Olive Oil,2023-10-13,Bloomberg,Soaring prices are curbing Europeans' love for olive oil. The region is home to two-thirds of the world's olive-oil production and is a huge consumer.,https://www.bloomberg.com/news/newsletters/2023-10-13/global-food-roundup-record-olive-oil-prices-hurt-demand
wheat,Malaika Kanaaneh Tapper,2023-10-13,Bloomberg,Recent stories by Malaika Kanaaneh Tapper on Bloomberg.com.,https://bloomberg.com/authors/AWiNa6Ev80U/malaika-kanaaneh-tapper
wheat,How Climate Change Affects Water Markets Globally,2023-10-17,Bloomberg,"As the Earth's climate changes, the lack of water, or its sudden abundance, is reshaping the global economy and international trade.",https://www.bloomberg.com/graphics/2023-water-data-trade-climate-change/
wheat,"Global Food Roundup: Export Curbs, GM Crops and Ozempic Threat",2023-10-20,Bloomberg,"From more protectionist trade to farming on skyscrapers and how snack giants are responding to the boom in weight-loss drugs, here's a snapshot of key food...",https://www.bloomberg.com/news/newsletters/2023-10-20/rice-and-sugar-exports-gm-crops-and-weight-loss-drugs-food-roundup
wheat,Bunge Ltd,2023-11-01,Bloomberg,"Bunge Limited operates as a global agribusiness and food company. The Company buys, sells, stores, transports, and processes oilseeds and grains.",https://www.bloomberg.com/profile/company/6369743D:US
wheat,Exportación de trigo en EE.UU. en mínimo de 20 años por sequedad de ríos,2023-11-06,Bloomberg,Las exportaciones de trigo de Estados Unidos cayeron a su nivel más bajo en dos décadas debido a una brusca disminución del flujo de agua en el río Misisipi...,https://www.bloomberg.com/news/articles/2023-11-06/exportacion-trigo-eeuu-en-minimo-de-20-anos-por-sequedad-de-rios
wheat,Tarso Veloso,2023-11-07,Bloomberg,Recent stories by Tarso Veloso on Bloomberg.com.,https://bloomberg.com/authors/AVfqn479OVk/tarso-veloso
wheat,Megan Durisin Albery,2023-11-07,Bloomberg,Recent stories by Megan Durisin Albery on Bloomberg.com.,https://bloomberg.com/authors/AROex3pWjCE/megan-durisin-albery
wheat,Russia to Keep Grain Export Quota High After Another Bumper Crop,2023-11-08,Bloomberg,"Russia is looking to keep its seasonal grain export quota at an elevated level that's unlikely to curb shipments, following another bumper wheat harvest.",https://www.bloomberg.com/news/articles/2023-11-08/russia-to-keep-grain-export-quota-high-after-another-bumper-crop
wheat,China Is Hungry for Crops as Bad Weather Heightens Food Fears,2023-11-10,Bloomberg,"China is gobbling up staple crops from around the world. Just this week, national stockpiler Sinograin booked more than 1 million tons of US soybeans for...",https://www.bloomberg.com/news/newsletters/2023-11-10/china-hungry-for-crops-amid-bad-weather-and-food-security-push
wheat,Argentina Election: Farmers on the Pampas Are All In on Libertarian Javier Milei,2023-11-10,Bloomberg,Daniel Calaon is like most farmers on Argentina's fertile plains — a fan of the libertarian maverick Javier Milei and his pledge to unleash the free market...,https://www.bloomberg.com/news/articles/2023-11-10/on-argentina-s-pampas-farmers-are-all-in-on-libertarian-milei
wheat,"India’s Food System Is Under Strain, and Farmers Are Paying the Price",2023-11-15,Bloomberg,"The world's most populous nation has made huge strides in agriculture, but it still depends on tens of millions of ill-equipped producers.",https://www.bloomberg.com/features/2023-feeding-india-farmer-financing/
wheat,India’s Strained Farmlands Are a Threat to Global Food Supply,2023-11-17,Bloomberg,The world's most populous nation still leans heavily on tens of millions of ill-equipped smallholders.,https://www.bloomberg.com/news/newsletters/2023-11-17/india-s-strained-farmlands-are-a-global-food-supply-headache
wheat,India Allots $142 Billion for Free Grains to 800 Million People,2023-11-29,Bloomberg,India's cabinet on Wednesday approved a proposal to spend 11.8 trillion rupees ($142 billion) to extend a free food program for about 800 million beneficiaries...,https://www.bloomberg.com/news/articles/2023-11-29/india-allots-142-billion-for-free-grains-to-800-million-people
wheat,Understanding Emotions During the Four Market Stages,2023-11-29,investing.com,"London Wheat Futures. 182.90. +0.90. +0.49%. U.K. 10Y. 5.014. +0.0410. +0.82 ... market, meaning prices are indicative and not appropriate for trading purposes.",https://uk.investing.com/analysis/understanding-emotions-during-the-four-market-stages-200594851
wheat,"First It Was Wheat, Then Rice. Now, Onions Are on India’s Restricted List",2023-12-07,Bloomberg,"India added onions to the nation's expanding list of food staples slapped with sweeping export restrictions, as the government seeks to contain domestic...",https://www.bloomberg.com/news/articles/2023-12-08/first-it-was-wheat-then-rice-now-onions-are-on-india-s-restricted-list
wheat,The Money Food Badly Needs for Climate Fight Is Rolling In,2023-12-10,Bloomberg,Supercharging crop seeds to better withstand drought. Breeding cows that burp out less methane. And tracking cattle to prevent deforestation.,https://www.bloomberg.com/news/articles/2023-12-10/food-gets-funding-for-climate-change-fight-during-cop28
wheat,Milei’s Rise Seen Boosting Argentina Wheat Crop by 60% Next Year,2023-12-12,Bloomberg,"The rise of Javier Milei, Argentina's newly minted president, is setting up the prospect of rapidly expanding wheat production in the largest South American...",https://www.bloomberg.com/news/articles/2023-12-12/milei-s-rise-seen-boosting-argentina-wheat-crop-by-60-next-year
wheat,Hermès Heir Art Auction Raises at Least €23 Million in Paris,2023-12-14,Bloomberg,An auction of art and furniture pieces belonging to a late member of the Hermès family has raised at least €23 million ($25.3 million) in Paris.,https://www.bloomberg.com/news/articles/2023-12-14/hermes-heir-art-auction-raises-at-least-23-million-in-paris
wheat,US Medical Schools Grapple With First Admissions Since End of Affirmative Action,2023-12-14,Bloomberg,American medical schools are confronting their first major challenge since the US Supreme Court's June decision to outlaw race-based college admissions.,https://www.bloomberg.com/news/articles/2023-12-14/affirmative-action-end-shows-issues-for-black-doctors-hbcu-medical-schools
wheat,"GM, Ford and Tesla Contribute to Setback in EV Sales Growth",2023-12-15,Bloomberg,"The outlook for electric vehicles isn't quite as bright as it was six months ago, and the US is largely to blame.",https://www.bloomberg.com/news/newsletters/2023-12-15/electric-vehicle-sales-outlook-2024-less-bright-due-to-gm-ford-tesla
wheat,EU Fails to Back Ukraine Aid After Agreeing on Membership Talks,2023-12-15,Bloomberg,"Hungarian Prime Minister Viktor Orban blocked the European Union's planned financial aid package for Ukraine, sending the debate into early next year as the...",https://www.bloomberg.com/news/articles/2023-12-14/eu-leaders-agree-to-membership-talks-with-kyiv-in-historic-win
wheat,India’s Flooded Farmlands Mask a Water Crisis Deep Underground,2023-12-18,Bloomberg,"It was shortly after dawn when Zila Singh tended to his wheat crop in northern India late last month, the winter sun slowly creeping above the horizon.",https://www.bloomberg.com/features/2023-feeding-india-water-crisis/
wheat,Global 2024 staple food supplies to be strained by dry ...,2023-12-26,reuters.com,"... market by buying larger volumes of wheat and corn form the international market. ... ""The (wheat) supply situation in the current 2023/24 crop year is ...",https://www.reuters.com/world/global-2024-staple-food-supplies-be-strained-by-dry-weather-export-curbs-2023-12-26/
wheat,Investors Are Getting Rich Off a Trade That’s Sucking a Continent Dry,2023-12-27,Bloomberg,"On the world's driest inhabited continent, the market's influence over water means investors profit even as flows for farms and communities vanish.",https://www.bloomberg.com/graphics/2023-australia-water-trade-drought/
wheat,Russian Says Ukraine Makes Deadly Hit on Belgorod City Center,2023-12-30,Bloomberg,"Russia's defense ministry vowed revenge for a deadly strike on Belgorod, claiming that Ukraine's military had used so-called cluster bombs in the attack.",https://www.bloomberg.com/news/articles/2023-12-30/russian-says-ukraine-makes-deadly-hit-on-belgorod-city-center
wheat,King Arthur Flour Brings Climate-Friendly Farming to the Kitchen,2024-01-05,Bloomberg,King Arthur Flour Brings Climate-Friendly Farming to the Kitchen. Regenerative agriculture is a term usually found at farmers markets. But a new “climate blend”...,https://www.bloomberg.com/news/articles/2024-01-05/king-arthur-flour-turns-to-farm-in-montana-for-climate-friendly-wheat
wheat,"Floods Strand Cows, Damage Crops as Wild Weather Hits Australia",2024-01-09,Bloomberg,Heavy rains and flooding across Australia's southern state of Victoria has damaged crops and stranded cattle as a months-long run of wild weather on the nation...,https://www.bloomberg.com/news/articles/2024-01-09/floods-strand-cows-damage-crops-as-wild-weather-hits-australia
wheat,Drug Lords’ Jail Escape Unleashes Violent Mayhem in Ecuador,2024-01-10,Bloomberg,"Ecuador's war with narco gangs has dramatically spilled into the open, paralyzing the Andean nation and sending images of prison riots, police taken hostage...",https://www.bloomberg.com/news/articles/2024-01-10/drug-lords-prison-escape-unleashes-violent-mayhem-in-ecuador
wheat,Russia Prepares Legal Battle to Stall Seizure of Frozen Reserves,2024-01-12,Bloomberg,Russia is devising a legal challenge to snarl any efforts by the US or Europe to confiscate some of its $300 billion in frozen central bank assets in favor...,https://www.bloomberg.com/news/articles/2024-01-12/russia-prepares-legal-battle-to-stall-seizure-of-frozen-reserves
wheat,"Kazatomprom, World’s Biggest Uranium Miner, Warns of Production Shortfall",2024-01-12,Bloomberg,"Kazatomprom, the world's biggest uranium miner, warned that it's likely to fall short of its production targets over the next two years, adding another risk...",https://www.bloomberg.com/news/articles/2024-01-12/world-s-biggest-uranium-miner-warns-of-production-shortfall
wheat,Cattle Prices in Australia Rebound as Rains Revitalize Pastures,2024-01-16,Bloomberg,The cost of Australian cattle has rebounded after widespread rainfall across farming regions in the eastern states revitalized pastures.,https://www.bloomberg.com/news/articles/2024-01-17/cattle-prices-in-australia-rebound-as-rains-revitalize-pastures
wheat,Elon Musk’s Tesla Ultimatum Makes No Sense,2024-01-17,Bloomberg,"Even skeptics assume the CEO will get the massive stock award he seeks, which undermines his argument for it.",https://www.bloomberg.com/news/newsletters/2024-01-17/elon-musk-worth-should-tesla-give-in-to-stock-demand
wheat,Biggest Cocoa Rally in Decades Is Leaving Top Producers Behind,2024-01-18,Bloomberg,"A rally that sent cocoa prices to a 46-year high should normally benefit the world's largest producers. Instead, smaller growers are the ones reaping the...",https://www.bloomberg.com/news/articles/2024-01-18/biggest-cocoa-rally-in-decades-is-leaving-top-producers-behind
wheat,The 3 Notable Commodity Pairs in 2023,2024-01-19,investing.com,"Silver Supply Deficits Continue to Limit Available Market Liquidity ... market, meaning prices are indicative and not appropriate for trading purposes.",https://www.investing.com/analysis/the-3-notable-commodity-pairs-in-2023-200645325
wheat,French Government Pledges Quick Measures to Calm Farmer Protests,2024-01-22,Bloomberg,French farmers said they will gradually extend protests across the country until the government responds to their concerns over rising costs and bureaucracy.,https://www.bloomberg.com/news/articles/2024-01-22/france-s-attal-seeks-to-calm-farmer-protests-over-rising-costs
wheat,Attacks on ships in the Red Sea are disrupting global trade. ...,2024-01-28,cnbc.com,"Attacks on ships in the Red Sea are delivering another shock to global trade, coming on top of pandemic-related logjams at ports and Russia's invasion of ...",https://www.cnbc.com/2024/01/28/attacks-in-the-red-sea-are-hurting-trade-how-it-can-affect-buying.html
wheat,BRICS Gets Boost as Saudi Arabia Joins Group of Emerging Nations,2024-01-31,Bloomberg,South Africa's foreign minister said Saudi Arabia and four other countries have accepted the invitation to join the BRICS club of nations that was extended...,https://www.bloomberg.com/news/articles/2024-01-31/brics-gets-boost-as-saudi-arabia-joins-group-of-emerging-nations
wheat,Paris Set to Triple Parking Fees for SUV Drivers After Vote,2024-02-04,Bloomberg,"Heading into Paris in the comfort of a big car appears set to become an expensive endeavor after voters approved a referendum on Sunday, with on-street...",https://www.bloomberg.com/news/articles/2024-02-04/paris-set-to-triple-parking-fees-for-suv-drivers-after-vote
wheat,Old Farm Tractors Go High Tech as AGCO Tries to Compete With Deere,2024-02-05,Bloomberg,Illinois farmer Leon Adams' corn planter sits at the center of a strategy by AGCO Corp. to expand in the world of agricultural machinery dominated by Deere &...,https://www.bloomberg.com/news/articles/2024-02-05/making-old-farm-tractors-more-high-tech-helps-agco-compete-with-deere
wheat,Argentina Crop-Science Firm Eyes Agriculture Boom Under Milei,2024-02-09,Bloomberg,Argentina's Bioceres Crop Solutions Corp. is eyeing an agricultural boom in its home nation as President Javier Milei seeks to deregulate the economy and...,https://www.bloomberg.com/news/articles/2024-02-09/argentina-crop-science-firm-bioceres-eyes-agriculture-boom-under-milei
wheat,Cocoa’s Record Price Surge Comes With a Climate Warning,2024-02-13,Bloomberg,Volatility in agricultural prices is becoming more common as frequent droughts or heavy rains hit harvests.,https://www.bloomberg.com/news/newsletters/2024-02-13/valentine-s-day-chocolate-comes-with-a-climate-warning-as-cocoa-surges
wheat,Russia Faces Banana Shortage Amid Spat with Ecuador Over US Weapons Trading,2024-02-15,Bloomberg,Russia faces a potential banana shortage and higher prices due to a partial ban on imports from Ecuador this month. The move follows a political spat over...,https://www.bloomberg.com/news/articles/2024-02-15/russia-faces-banana-shortage-on-ecuadorian-import-limits-chart
wheat,Deere Cuts Profit Outlook as Crop Slump Hurts Tractor Demand,2024-02-15,Bloomberg,Deere & Co. fell the most in nearly three months after trimming its annual profit outlook as tumbling crop prices give farmers less money for equipment...,https://www.bloomberg.com/news/articles/2024-02-15/deere-cuts-2024-profit-outlook-with-farmer-demand-easing
wheat,Latvia Becomes First in EU to Ban Russian Agriculture Imports,2024-02-22,Bloomberg,"Latvia's parliament banned the import of agricultural products from Russia and Belarus, making it the first European Union country to introduce such a...",https://www.bloomberg.com/news/articles/2024-02-22/latvia-becomes-first-in-eu-to-ban-russian-agriculture-imports
wheat,Putin's Free Grain for Africa Comes With a Political Price,2024-02-23,Bloomberg,"The black-and-red bulk carrier AT 27 arrived in Guinea on Africa's west coast last month. On it was a typical cargo: 25,000 tons of wheat destined for Mali,...",https://www.bloomberg.com/news/articles/2024-02-23/russia-in-africa-putin-seeks-to-counter-western-influence-with-free-grain
wheat,"Inside the enduring movie homes of Jack Fisk, production design legend",2024-02-23,Bloomberg,"NEW YORK (AP) — Jack Fisk, the legendary production designer, has been down a lot of roads in his life. He goes looking down back roads for movie locations...",https://www.bloomberg.com/en/news/thp/2024-02-23/inside-the-enduring-movie-homes-of-jack-fisk-production-design-legend
wheat,An Old Asthma Drug Prevents Deadly Food Allergy Reactions,2024-02-27,Bloomberg,"Hi, it's Jemima and Bob in New York. We're intrigued by a new drug approval to treat what can be life-threatening food allergies. More on that in a second.",https://www.bloomberg.com/news/newsletters/2024-02-27/xolair-for-food-allergies-asthma-drug-prevents-severe-reactions-fda-finds
wheat,Ukraine Drafts Crucial Farm Workers in Desperate Rush to Bolster Military,2024-03-01,Bloomberg,"After two years of violent fighting, Ukraine is once again in need of fresh troops to fend off Russia's latest push. Farmers are now being called up to...",https://www.bloomberg.com/graphics/2024-ukraine-war-effort-farm-workers/
wheat,Australia’s Wheat Production Poised to Climb on Better Weather,2024-03-04,Bloomberg,"Wheat production is set to climb to 28.4 million tons in 2024-25, a 9% increase on the previous year, Emily Dahl, an economist from the Australian Bureau of...",https://www.bloomberg.com/news/articles/2024-03-04/australia-s-wheat-production-slightly-higher-but-quality-mixed
wheat,Erratic Weather Lowers India’s Chance to Reap Record Wheat Crop,2024-03-06,Bloomberg,"Erratic Weather Lowers India's Chance to Reap Record Wheat Crop · Unseasonal rains, hailstorms damage crops in some key states · Wheat crops may also face...",https://www.bloomberg.com/news/articles/2024-03-07/erratic-weather-lowers-india-s-chance-to-reap-record-wheat-crop
wheat,China Has Never Canceled This Many Shipments of US Wheat,2024-03-11,Bloomberg,"The US Department of Agriculture in a Monday statement said private exporters exited purchases of 264,000 metric tons of US soft red winter wheat to China. It...",https://www.bloomberg.com/news/articles/2024-03-11/china-has-never-canceled-this-many-shipments-of-us-wheat
wheat,Australia’s Canola Crop Seen Boosted by Deluge in Western State,2024-03-13,Bloomberg,"Heavy rains in Western Australia, the country's top grain producing state, should allow farmers to plant more canola, although the increase could come at...",https://www.bloomberg.com/news/articles/2024-03-14/australia-s-canola-crop-seen-boosted-by-deluge-in-western-state
wheat,Agriculture Groups Seek $900 Million in US Aid to Recoup Markets,2024-03-19,Bloomberg,The US is seeing fervent industry support for its program to help the nation's farmers win back overseas markets from rivals including Brazil and Russia.,https://www.bloomberg.com/news/articles/2024-03-19/agriculture-groups-seek-900-million-in-us-aid-to-recoup-markets
wheat,Russia’s New Car Tycoons Look to China for a Lifeline,2024-03-21,Bloomberg,"When international companies began fleeing Russia following Vladimir Putin's invasion of Ukraine, Andrey Pavlovich and Andrey Olkhovsky joined a wave of...",https://www.bloomberg.com/news/articles/2024-03-22/russia-s-new-car-tycoons-look-to-china-for-a-lifeline
wheat,Top Russia Grain Trader Says Exports Blocked by Agricultural Watchdog,2024-03-22,Bloomberg,A top Russian grain trader said that its wheat exports have been disrupted after the country's agricultural watchdog faulted its cargoes for not meeting safety...,https://www.bloomberg.com/news/articles/2024-03-22/top-russia-grain-trader-says-exports-blocked-by-agri-watchdog
wheat,Chocolate Panic Escalates as Cocoa Crunch Sparks Scramble to Buy,2024-03-22,Bloomberg,"Chocolate is hot right now, but not just because Easter is coming. It's down to shortages and soaring prices of main ingredient cocoa, and “everybody is...",https://www.bloomberg.com/news/newsletters/2024-03-22/global-food-roundup-chocolate-at-risk-from-record-cocoa-prices
wheat,Bloomberg Commodities Indices | Bloomberg Professional Services,2024-03-25,Bloomberg,Bloomberg Commodity Indices (BCOM) are financial benchmarks designed to provide liquid and diversified exposure to commodities via futures contracts.,https://www.bloomberg.com/professional/products/indices/commodities/
wheat,Ghana Considers Hiking Cocoa Farmgate Price to Curb Smuggling,2024-04-03,Bloomberg,Ghana is considering paying cocoa farmers up to twice as much for their beans in order to stop them from selling to neighboring countries for higher prices.,https://www.bloomberg.com/news/articles/2024-04-03/ghana-considers-hiking-cocoa-farmgate-price-to-curb-smuggling
wheat,Ukrainian Brewers Fight to Establish Identity With New Style of Beer,2024-04-05,Bloomberg,"Although efforts to codify Ukrainian golden ale started before Russia's invasion, the ongoing war has lent potent symbolism to official recognition.",https://www.bloomberg.com/news/articles/2024-04-06/ukrainian-brewers-fight-to-establish-identity-with-golden-ale-style-of-beer
wheat,Northern Europe’s Wet Spring Causes Further Pain for Farmers,2024-04-12,Bloomberg,"A soggy spring is delaying the development of key crops in northern Europe, driving concerns over yields and lifting crop prices from a lengthy downturn.",https://www.bloomberg.com/news/articles/2024-04-12/northern-europe-s-wet-spring-causes-further-pain-for-farmers
wheat,Russia Is Trying to Force Ukrainians to Abandon Their Second-Biggest City,2024-04-16,Bloomberg,"Ukrainian and Western officials see Russia's escalated bombardment of Ukraine's No. 2 city as a way to force the evacuation of civilians, they said.",https://www.bloomberg.com/news/articles/2024-04-16/russia-is-trying-to-force-ukrainians-to-abandon-their-second-biggest-city
wheat,US wheat farmers face bleak crop economics as grain ...,2024-04-17,reuters.com,The current state of the U.S. wheat market will hit winter wheat farmers in the Great Plains hard. ... futures prices . Winter wheat is harvested in June and July ...,https://www.reuters.com/markets/commodities/us-wheat-farmers-face-bleak-crop-economics-grain-oversupply-hits-2024-04-17/
wheat,Seed Firm Moolec Gets US Clearance for Its Pig-Infused Soybeans,2024-04-19,Bloomberg,"Moolec Science SA, a seed producer trying to break into the alternative-meat market, received clearance from the US Department of Agriculture for its...",https://www.bloomberg.com/news/articles/2024-04-19/seed-firm-moolec-gets-us-clearance-for-its-pig-infused-soybeans
wheat,Global food prices may finally see a bottom in 2024: Oxford ...,2024-04-22,cnbc.com,Farmers ramped up production of both wheat and corn grains following higher prices after Russia began its invasion of Ukraine in 2022. ... market could drive a ...,https://www.cnbc.com/2024/04/23/global-food-prices-may-finally-see-a-bottom-in-2024-oxford-economics.html
wheat,Tractor Maker CNH (CNHI) Shares Fall After Surprising CEO Change,2024-04-22,Bloomberg,CNH Industrial NV's shares fell by the most since November after Bank of America downgraded the farm machinery maker following an unexpected announcement.,https://www.bloomberg.com/news/articles/2024-04-22/shares-of-tractor-maker-cnh-fall-after-surprising-ceo-change
wheat,"Pricey Coffee Is Here to Stay as Hoarding, Heat Hit Vietnam Supply",2024-04-25,Bloomberg,"Coffee prices are expected to extend their meteoric surge with the hoarding of beans and poor weather set to exacerbate a supply crunch in Vietnam,...",https://www.bloomberg.com/news/articles/2024-04-25/pricey-coffee-here-to-stay-as-hoarding-heat-hit-vietnam-supply
wheat,Eggs That Won’t Hatch? Pilgrim’s Warns About US Chicken Supply,2024-05-02,Bloomberg,"A strange phenomenon is holding back US supplies of chicken, threatening to send meat prices higher at a time of stubbornly high overall inflation.",https://www.bloomberg.com/news/articles/2024-05-02/eggs-that-won-t-hatch-pilgrim-s-warns-about-us-chicken-supply
wheat,Bad Weather and War Are Straining the World’s Wheat Supply,2024-05-09,Bloomberg,Bad weather and war are threatening to keep the world's wheat supplies under strain and reviving the specter of rising food costs.,https://www.bloomberg.com/news/articles/2024-05-09/weather-and-war-strain-wheat-supply-and-risk-higher-food-prices
wheat,"World’s Top Coffee, Soy and Sugar Supplier Wants to Rule Cocoa, Too",2024-05-12,Bloomberg,"As West Africa's cocoa production withers due to bad weather, aging trees and crop disease, enterprising farmers in an arid swath of Brazilian grasslands see...",https://www.bloomberg.com/news/articles/2024-05-12/brazil-s-bahian-farmers-plant-cocoa-trees-as-ivory-coast-ghana-production-falls
wheat,Bloomberg Wheat Index Today (BCOMWH),2024-05-13,investing.com,"Market:Global Indices. Underlying:US Wheat Futures. How do you feel today ... market, meaning prices are indicative and not appropriate for trading purposes.",https://www.investing.com/indices/bloomberg-wheat
wheat,US Wheat Comes to Rescue Market Plagued by Russian Shortfall,2024-05-20,Bloomberg,US Wheat Comes to Rescue Market Plagued by Russian Shortfall · Annual crop tour see Kansas wheat harvest topping USDA outlook · Benchmark prices have jumped...,https://www.bloomberg.com/news/articles/2024-05-20/kansas-wheat-tour-shows-crop-set-to-rescue-market-plagued-by-russia-shortfall
wheat,Russian wheat shortfall a boon to US exporters of ... corn?,2024-05-22,reuters.com,"... wheat prices ... Most-active Chicago wheat futures have climbed almost 24% in the last five weeks, the largest five-week climb since Russia invaded ...",https://www.reuters.com/markets/commodities/russian-wheat-shortfall-boon-us-exporters-corn-2024-05-22/
wheat,"Stock market news for May 22, 2024",2024-05-22,cnbc.com,"Chicago wheat futures hit a high of 716.75 cents, as concerns mounted over harvests in Russia and Vietnam. Prices eased a bit after peaking and were last up 0.8 ...",https://www.cnbc.com/2024/05/21/stock-market-today-live-updates.html
wheat,WisdomTree Wheat ETF - WEAT Stock Price,2024-05-22,investing.com,"CHICAGO - In the latest commodity market movements, corn futures remained steady while wheat prices experienced a slight uptick,... Investing.com. Jan 17, 2024.",https://ca.investing.com/etfs/etfs-wheat
wheat,Bad News for Coffee Addicts: Cheaper Beans Are Getting Pricier,2024-05-24,Bloomberg,"Prices of robusta coffee beans, the variety most often used in instant beverages, have been on a tear. Futures surged about 50% over the past year.",https://www.bloomberg.com/news/newsletters/2024-05-24/global-food-roundup-coffee-prices-are-rising-on-shortages
wheat,"Crop Index Erases 2024 Loss, Rekindling Food Inflation Worries",2024-05-24,Bloomberg,"An index of major crops wiped out its 2024 loss as bad weather stokes worries about harvests from wheat to coffee, reviving concerns about rising food...",https://www.bloomberg.com/news/articles/2024-05-24/crop-index-erases-2024-loss-rekindling-food-inflation-worries
wheat,Russia Clinches More Grain Control Just as Wheat Prices Spike,2024-05-26,Bloomberg,Russia Clinches More Grain Control Just as Wheat Prices Spike · Fewer Russian companies control more of Russia's grain exports · Exit of Western traders curbs...,https://www.bloomberg.com/news/articles/2024-05-26/russia-clinches-more-grain-control-just-as-wheat-prices-spike
wheat,小麦先物、一時９カ月ぶり高値－主要生産国の乾燥した天候で供給懸念,2024-05-27,Bloomberg,シカゴの小麦先物はアジア時間28日の取引で一時９カ月強ぶりの高値を付けた。主要生産国の乾燥した天候とウクライナでの戦争で供給懸念が強まった。,https://www.bloomberg.co.jp/news/articles/2024-05-28/SE6HEXT1UM0W00
wheat,Wheat Hits 10-Month High on Worries Over Black Sea Crops,2024-05-28,Bloomberg,"Wheat briefly touched the highest in 10 months, as cold and dry weather in major producers and the ongoing war in Ukraine deepen supply concerns.",https://www.bloomberg.com/news/articles/2024-05-28/wheat-jumps-to-nine-month-high-on-fears-of-shrinking-stockpile
wheat,Wheat Prices Jump Most Since War in Ukraine Due to Weather Swings,2024-05-31,Bloomberg,"Wheat Jumps Most Since War in Ukraine Due to Weather Swings · Dryness, unseasonal frosts have hurt wheat in Russia, Ukraine · Analysts cut Russia's wheat...",https://www.bloomberg.com/news/articles/2024-05-31/wheat-jumps-most-since-war-in-ukraine-due-to-weather-swings
wheat,"Russia, India set to spark major swing in global wheat ...",2024-05-31,reuters.com,... wheat prices were high. Indian wheat exports and imports. SUPPLY CONTRACTION. USDA's initial 2024-25 outlooks published ...,https://www.reuters.com/markets/commodities/russia-india-set-spark-major-swing-global-wheat-balance-2024-05-31/
wheat,France May See Worst Wheat Damage in Years Due to Non-Stop Rain,2024-06-06,Bloomberg,"France May See Worst Wheat Damage in Years Due to Non-Stop Rain · Farmers could see damage to 12 to 20% of wheat areas · Excess rain, lack of sunshine have also...",https://www.bloomberg.com/news/articles/2024-06-06/france-may-see-worst-wheat-damage-in-years-due-to-non-stop-rain
wheat,"China’s Waning Appetite for Wheat, Corn Spells Danger for World Grain Market",2024-06-11,Bloomberg,China's Waning Hunger for Grain Spells Trouble for World Market ... This article is for subscribers only. China's appetite for overseas wheat and corn is...,https://www.bloomberg.com/news/articles/2024-06-12/china-s-waning-appetite-for-grain-spells-danger-for-world-market
wheat,Farm Startups Bent on Shaking Up Cargill and ADM Are Floundering,2024-06-12,Bloomberg,Bold startups that once threatened to shake up the $1.5 trillion agriculture sector and disrupt the likes of crop trading giants such as...,https://www.bloomberg.com/news/articles/2024-06-12/farm-startups-bent-on-shaking-up-cargill-and-adm-are-floundering
wheat,Ghana Sees Cocoa Crop Recovering Next Season on Good Weather,2024-06-13,Bloomberg,Ghana expects its cocoa crop to recover next season as favorable weather and timely supplies of pesticide and fertilizer help farmers claw back from a...,https://www.bloomberg.com/news/articles/2024-06-13/ghana-sees-cocoa-crop-recovering-next-season-on-good-weather
wheat,The UK’s Muddy Fields Are Latest Climate Threat to Food Security,2024-06-15,Bloomberg,Britain's usually plentiful grain crops are struggling — and politicians and consumers may feel the fallout with farmers.,https://www.bloomberg.com/news/features/2024-06-16/uk-s-muddy-fields-are-latest-climate-threat-to-food-security
wheat,The CEO Diet: We Asked Six Executives What They Eat for Breakfast,2024-06-17,Bloomberg,"Juice, coffee, yogurt—but hold the eggs.",https://www.bloomberg.com/news/articles/2024-06-17/the-ceo-diet-we-asked-six-executives-what-they-eat-for-breakfast
wheat,EU Black Sea Wheat Cheaper Than Rivals’ Due to Bumper Harvests,2024-06-18,Bloomberg,EU Black Sea Wheat Cheaper Than Rivals' Due to Bumper Harvests.,https://www.bloomberg.com/news/articles/2024-06-18/eu-black-sea-wheat-cheaper-than-rivals-due-to-bumper-harvests
wheat,London Wheat Futures Live Candlestick Chart (Free),2024-06-22,investing.com,"... prices may not be accurate and may differ from the actual price at any given market, meaning prices are indicative and not appropriate for trading purposes.",https://uk.investing.com/commodities/london-wheat-candlestick
wheat,Drought Gripping Morocco Is Bad Omen for Global Food Supplies,2024-06-26,Bloomberg,The nation's unrelenting dry spell is ushering in record wheat imports and risking fruit and vegetable sales abroad.,https://www.bloomberg.com/news/articles/2024-06-27/impact-of-climate-change-on-morocco-farmers-bad-omen-for-global-food-supplies
wheat,"Robots, Drones and Driverless Tractors Usher In New Age of Farming",2024-06-27,Bloomberg,"Tractors plow the farm fields without drivers, guided by satellites and iPhones. Solar-powered robots tend to plants on the ground like giant outdoor Roombas.",https://www.bloomberg.com/news/articles/2024-06-27/farming-goes-high-tech-with-driverless-tractors-drones-robots-de-agco-cnh
wheat,"Stock market news for June 27, 2024",2024-06-27,cnbc.com,"... Covid-19 pandemic, according to JPMorgan retail analyst Matthew Boss. ""It's ... Wheat futures are down 11% so far in 2024. Stock chart icon. hide ...",https://www.cnbc.com/2024/06/26/stock-market-today-live-updates.html
wheat,India's worsening water crisis will hurt credit strength,2024-06-27,cnbc.com,"Droughts in August tightened sugar supply, pushing prices in Maharashtra and Karnataka up to six-year highs, Moody's said. Get a weekly roundup of news from ...",https://www.cnbc.com/2024/06/27/indias-worsening-water-crisis-will-hurt-credit-strength-moodys.html
wheat,CNBC's Inside India newsletter: Onion could be holding ...,2024-06-27,cnbc.com,"The drought last year and the ongoing heatwave, which CNBC has previously reported on, have disrupted the supply of staple foods such as grains and vegetables.",https://www.cnbc.com/2024/06/27/cnbcs-inside-india-newsletter-onion-could-be-holding-indias-economy-hostage.html
wheat,Jeff Bezos Is Backing a Quest to Replace Meat,2024-06-28,Bloomberg,Jeff Bezos is pumping money into revamping alternative proteins. His Bezos Earth Fund will spend $100 million to open Bezos Centers for Sustainable Protein...,https://www.bloomberg.com/news/newsletters/2024-06-28/global-food-roundup-jeff-bezos-quest-for-alternative-meat
wheat,China’s Weather Extremes Threaten Crops With Flooding and Heat,2024-07-01,Bloomberg,"China's farmers are continuing to grapple with extreme weather from flooding to drought, threatening crops including rice and placing pressure on the nation's...",https://www.bloomberg.com/news/articles/2024-07-02/china-s-weather-extremes-threaten-crops-with-flooding-and-heat
wheat,Emergency Grain Stockpiling Highlights World’s Food Worries,2024-07-05,Bloomberg,Norway is building a grain stockpile to prepare for a potential crisis. To help shield the country from any trade disruptions or harvest failures.,https://www.bloomberg.com/news/newsletters/2024-07-05/global-food-roundup-crisis-grain-stockpile-highlights-food-worries
wheat,"Algeria, Italian Firm Sign $455 Million Deal for Farming Project",2024-07-07,Bloomberg,"Algeria and Italian firm Bonifiche Ferraresi SpA made a €420 million ($455 million) deal to develop an agricultural project, as the North African nation...",https://www.bloomberg.com/news/articles/2024-07-07/algeria-italian-firm-sign-455-million-deal-for-farming-project
wheat,Corn Slumps to Lowest Since 2020 on Midwest Rain Forecast,2024-07-08,Bloomberg,"Grain prices have slumped to the lowest level since the pandemic as Tropical Storm Beryl is expected to bring rains to the Midwest, potentially aiding...",https://www.bloomberg.com/news/articles/2024-07-08/corn-slumps-to-lowest-since-2020-on-midwest-rain-forecast
wheat,France Sees Wheat Harvest Plunging to 4-Year Low on Heavy Rains,2024-07-09,Bloomberg,"Wheat production is set to drop 15.4% this year to 29.7 million tons, according to data from the Agriculture Ministry. That remains 14.2% below the 5-year...",https://www.bloomberg.com/news/articles/2024-07-09/france-sees-wheat-harvest-plunging-to-4-year-low-on-heavy-rains
wheat,Xi’s Campaign to Feed China Is Turning Wasteland Into Farms,2024-07-11,Bloomberg,"Efforts to raise the amount of arable land are the building blocks of China's intensifying campaign to feed itself, as concerns over reliance on imports mount.",https://www.bloomberg.com/news/features/2024-07-11/china-s-third-plenum-xi-s-food-security-campaign-turns-wasteland-into-farms
wheat,Paris Hedge Fund Staffer Suspected of Giving Brother Insider Stock Tips,2024-07-17,Bloomberg,A staffer at Paris hedge fund Syquant Capital is suspected of funneling insider tips to his brother to make a spate of winning trades on stocks such as...,https://www.bloomberg.com/news/articles/2024-07-17/paris-hedge-fund-staffer-suspected-of-giving-brother-insider-stock-tips
wheat,Islamic Insurance Helps Cover Muslim Farmers Battling Climate Change,2024-07-17,Bloomberg,"Takaful insurance, which complies with Islamic principles, is among several niche financial products that are helping to protect against extreme weather...",https://www.bloomberg.com/news/articles/2024-07-18/islamic-insurance-offers-solution-for-pakistani-farmers-after-2022-floods
wheat,"Farming Is Hip in Brazil, Where a New Generation Is Outpacing the US",2024-07-25,Bloomberg,Young entrepreneurs are stepping into agricultural leadership roles in the latest threat to US farming's dwindling influence.,https://www.bloomberg.com/features/2024-Brazil-farmers-next-gen/
wheat,Sour Beers Are Everywhere This Summer. Here’s a Guide,2024-07-25,Bloomberg,"It's brewmaster Tony Rehagen here to tell you that, while I have great respect for my Top Shelf Society colleagues—and profound affection for the spirituous...",https://www.bloomberg.com/news/newsletters/2024-07-25/what-is-a-sour-beer-a-guide-to-the-summer-s-tastiest-craft-brew-style
wheat,Warner Bros. Says Subscriber Gains From Paris Already Top Tokyo,2024-08-02,Bloomberg,Warner Bros. Discovery Inc. said it signed up more streaming customers during four days of the Paris Olympics than the entire Tokyo Games.,https://www.bloomberg.com/news/articles/2024-08-02/warner-bros-says-subscriber-gains-from-paris-already-top-tokyo
wheat,Cattle Plunges as Stock Market Slump Raises Beef Demand Concerns,2024-08-02,Bloomberg,Cattle futures are dropping as a falling stock market prompts worries that consumers will pull back from high-priced beef.,https://www.bloomberg.com/news/articles/2024-08-02/cattle-plunges-as-stock-market-slump-raises-beef-demand-concerns
wheat,"Good Monsoon Rains Help Indian Farmers Plant More Rice, Pulses",2024-08-04,Bloomberg,"India's farmers expanded planted areas for rice and pulses, helped by higher-than-average rains during the first half of the four-month monsoon season.",https://www.bloomberg.com/news/articles/2024-08-05/good-monsoon-rains-help-indian-farmers-plant-more-rice-pulses
wheat,"France Set for Worst Wheat Harvest Since 1983, Argus Says",2024-08-06,Bloomberg,"Production may drop to 25.2 million tons of wheat in the 2024-25 season, down 27% on the five year average, according to Argus. Ceaseless rains along with a...",https://www.bloomberg.com/news/articles/2024-08-06/france-set-for-worst-wheat-harvest-since-1983-argus-says
wheat,Simone Biles’ Leotards Ignite Sales of Made-in-America Brand,2024-08-08,Bloomberg,"Simone Biles won four more medals during the Paris Olympics, making her the most decorated American gymnast ever. All that attention has also helped push a...",https://www.bloomberg.com/news/articles/2024-08-08/simone-biles-team-usa-gymnastics-leotards-boost-sales-of-gk-elite
wheat,"Iraq Wheat Production Up 21%, Official Says, Amid Ample Rainfall",2024-08-11,Bloomberg,"Iraq Wheat Production Up 21%, Official Says, Amid Ample Rainfall. A harvester in a&nbsp;wheat field in the Karbala Agricultural City mega project of Iraq&nbsp.",https://www.bloomberg.com/news/articles/2024-08-11/iraq-wheat-production-up-21-official-says-amid-ample-rainfall
wheat,Egypt Looks to Lock in Wheat Supplies as Regional Tensions Spike,2024-08-12,Bloomberg,"Egypt's state buyer bought less than a tenth of the wheat it had targeted in a bumper tender, highlighting the challenges of securing big supplies months in...",https://www.bloomberg.com/news/articles/2024-08-12/egypt-looks-to-lock-in-wheat-supplies-as-regional-tensions-spike
wheat,Global Food Roundup: Black Sea Grain Exports and Egypt’s Wheat Appetite,2024-08-16,Bloomberg,"Seeking wheat | Egypt's state buyer bought less than a 10th of the wheat it had targeted in a bumper tender, highlighting the challenges of securing big...",https://www.bloomberg.com/news/newsletters/2024-08-16/supply-chain-latest-ukraine-grain-exports-and-egypt-s-wheat-purchases
wheat,Bad Harvests for Swiss Farmers Mean Cheaper Tomatoes for Shoppers,2024-08-17,Bloomberg,Bad news for Swiss farmers is good for consumers who pay the highest food prices in Europe.,https://www.bloomberg.com/news/articles/2024-08-18/swiss-economy-bad-harvests-for-farmers-mean-cheaper-tomatoes-for-shoppers
wheat,Baltic Dry Index Index Today (BADI),2024-08-19,investing.com,"Futures Spec. Fed Rate Monitor Tool · Stocks Picked by AI · Undervalued ... market, meaning prices are indicative and not appropriate for trading purposes.",https://www.investing.com/indices/baltic-dry
wheat,Global commodities' biggest winners and losers this year,2024-08-19,cnbc.com,"The global commodities market has been volatile this year, with prices remaining largely elevated. Orange juice and cocoa futures surged to record highs ...",https://www.cnbc.com/2024/08/20/global-commodities-biggest-winners-and-losers-this-year.html
wheat,Most households can weather a $400 financial shock ...,2024-08-19,cnbc.com,"Most households can weather a $400 financial shock, research finds — but some have to get creative ... Higher prices have made it more difficult for Americans to ...",https://www.cnbc.com/2024/08/19/most-households-can-weather-moderate-expense-shocks-research-finds.html
wheat,Vibrant Green Fields Signal a Big US Corn Crop and Weak Prices,2024-08-22,Bloomberg,"Between hail, strong winds, floods and plant disease, US corn crops were put through some tough times this summer. But somehow, the fields of green...",https://www.bloomberg.com/news/articles/2024-08-22/vibrant-green-fields-signal-a-big-us-corn-crop-and-weak-prices
wheat,Exclusive: Egypt's Sisi ordered huge wheat purchase ...,2024-08-29,reuters.com,"Exclusive: Egypt's Sisi ordered huge wheat purchase fearing new supply crisis, sources say ... market for more when prices are low. Reporting by Sarah El ...",https://www.reuters.com/world/africa/egypts-sisi-ordered-huge-wheat-purchase-fearing-new-supply-crisis-sources-say-2024-08-29/
wheat,Putin Is Spending Big to Shape Russia’s Youth in His Own Image,2024-09-02,Bloomberg,Nobody under 25 in Russia has known any other ruler than Vladimir Putin. The Kremlin is determined to ensure the new generation continues to be formed in...,https://www.bloomberg.com/news/articles/2024-09-03/putin-is-spending-big-to-shape-russia-s-youth-in-his-own-image
wheat,"Cargill, America’s Largest Private Company, Faces Leaner Times",2024-09-04,Bloomberg,"The commodity trading giant has basked in seven years of fat profit thanks to the impact of pandemic, war, inflation and geopolitical chaos on food prices.",https://www.bloomberg.com/opinion/articles/2024-09-04/cargill-america-s-largest-private-company-faces-leaner-times
wheat,The Backyard Pool for Nature Lovers,2024-09-06,Bloomberg,"Today's newsletter looks at natural pools, which are growing in popularity thanks to wild swimming and environmental concerns about open water.",https://www.bloomberg.com/news/newsletters/2024-09-06/the-backyard-pool-for-nature-lovers
wheat,French Wheat Heads to New York as US Flour Mills Keep Importing,2024-09-09,Bloomberg,"French Wheat Heads to New York as US Flour Mills Keep Importing · Ship Patagonia is taking almost 27,000 tons of wheat to Albany · It's cheaper to buy from...",https://www.bloomberg.com/news/articles/2024-09-09/french-wheat-heads-to-new-york-as-us-flour-mills-keep-importing
wheat,Five Things You Need to Know to Start Your Day: Asia,2024-09-09,Bloomberg,Good morning. US stocks rise as bonds see small moves. Apple introduces its new iPhone. HSBC weighs merging two divisions. Here's what's moving markets.,https://www.bloomberg.com/news/newsletters/2024-09-09/five-things-you-need-to-know-to-start-your-day-asia
wheat,World’s First GMO Wheat Gets ‘More Real’ After Bioceres Crop Wins US Approval,2024-09-10,Bloomberg,"Rosario-based Bioceres fell nearly 16% in New York trading, the most intraday since July 2022, after it posted earnings that missed estimates for the quarter...",https://www.bloomberg.com/news/articles/2024-09-10/world-s-first-gmo-wheat-gets-more-real-after-us-approval
wheat,Ghana Raises Cocoa Farmers’ Pay by 45% as Bank Loan Stalls,2024-09-11,Bloomberg,"Ghana will raise the amount it pays cocoa farmers by 45%, falling short of the level sought by the industry regulator, as the world's second-largest...",https://www.bloomberg.com/news/articles/2024-09-11/ghana-raises-cocoa-farmers-pay-by-45-as-bank-loan-stalls
wheat,China’s Fading Hunger for Grain Spells Trouble for World Farmers,2024-09-15,Bloomberg,"Warehouses across China are bulging with grain as a deepening economic crisis takes hold, leaving the world's farmers to grapple with the prospect of a...",https://www.bloomberg.com/news/articles/2024-09-16/china-s-fading-hunger-for-grain-spells-trouble-for-world-farmers
wheat,India Records Best Rainy Season in Four Years in Boost to Crops,2024-09-30,Bloomberg,"India recorded its best monsoon season since 2020, setting the stage for a bumper harvest of crops such as rice, soybeans and pulses.",https://www.bloomberg.com/news/articles/2024-09-30/india-records-best-rainy-season-in-four-years-in-boost-to-crops
wheat,Extreme Weather Around the World Risks Boosting Food Bills,2024-09-30,Bloomberg,"Droughts, downpours and fires from Asia to the Americas are stoking worries about crop harvests, pushing up prices for food staples.",https://www.bloomberg.com/news/articles/2024-09-30/wheat-coffee-sugar-other-food-prices-are-rising-due-to-bad-weather
wheat,Hurricane Helene Devastates Southern Cotton Crops Just Before Harvest,2024-10-01,Bloomberg,"Cotton growers are facing devastating losses and delays from Hurricane Helene just as harvest was beginning, marking the latest blow to profits in an...",https://www.bloomberg.com/news/articles/2024-10-01/hurricane-devastates-southern-cotton-crops-just-before-harvest
wheat,Here's How to War-Proof Your Portfolio Amid Mounting ...,2024-10-02,investing.com,"Energy prices, particularly in oil and gas, frequently surge amid conflicts due to supply disruptions. The Yom Kippur War in 1973 triggered a 400% spike in oil ...",https://www.investing.com/analysis/heres-how-to-warproof-your-portfolio-amid-mounting-geopolitical-tensions-200652481
wheat,The Coming Global Fight to Secure Water,2024-10-04,Bloomberg,"With half of the world's population facing water scarcity, The Future with Hannah Fry explores how technology may be used to reverse an increasingly dire...",https://www.bloomberg.com/news/articles/2024-10-04/video-the-future-with-hannah-fry-and-the-global-fight-to-secure-water
wheat,Turkey to Keep Some Curbs on Wheat Imports Even When Ban Lifts,2024-10-04,Bloomberg,"Turkey plans to continue limiting some wheat imports when its four-month ban on purchases ends this month, according to a document seen by Bloomberg.",https://www.bloomberg.com/news/articles/2024-10-04/turkey-to-keep-some-curbs-on-wheat-imports-even-when-ban-lifts
wheat,Zimbabwe Gives Tenure to Farmers Who Benefitted From Land Grabs,2024-10-08,Bloomberg,"Zimbabwean black farmers who benefitted from land seizures more than two decades ago will have their 99-year leases converted to tenure, allowing them to...",https://www.bloomberg.com/news/articles/2024-10-08/zimbabwe-gives-tenure-to-farmers-who-benefitted-from-land-grabs
wheat,Here's the inflation breakdown for September 2024,2024-10-10,cnbc.com,"Individual food items have their own unique supply-and-demand dynamics that can affect pricing. For example, egg prices rose by more than 8% from August to ...",https://www.cnbc.com/2024/10/10/inflation-cpi-september-2024-in-one-chart.html
wheat,Exclusive: Russia sets price floor for wheat at international ...,2024-10-11,reuters.com,"""The Russian government appears to be taking a serious course to reduce wheat exports; it seems they want to keep Russian bread prices down,"" another trader ...",https://www.reuters.com/markets/commodities/russia-sets-price-floor-wheat-international-tenders-sources-say-2024-10-11/
wheat,Russia Jails French Citizen Laurent Vinatier for Breaking ‘Foreign Agent’ Law,2024-10-14,Bloomberg,"A Moscow court sentenced a French citizen, Laurent Vinatier, to three years in jail for violating a law on so-called foreign agents, Russia's Investigative...",https://www.bloomberg.com/news/articles/2024-10-14/russia-jails-french-citizen-for-breaking-foreign-agent-law
wheat,Ukraine’s GDP Warrant Holders Pick PJT as Financial Adviser,2024-10-14,Bloomberg,"A group of investors in Ukraine's GDP warrants has hired PJT Partners Inc. as their financial adviser ahead of a potential restructuring, according to...",https://www.bloomberg.com/news/articles/2024-10-14/ukraine-s-gdp-warrant-holders-pick-pjt-as-financial-adviser
wheat,McDonald’s Supplier Recalls Onions as Chain Fights E. Coli Cases,2024-10-24,Bloomberg,McDonald's Corp. supplier Taylor Farms is recalling some yellow onion batches produced in a Colorado facility in response to a deadly E. coli outbreak at...,https://www.bloomberg.com/news/articles/2024-10-24/mcdonald-s-supplier-recalls-onions-as-chain-fights-e-coli-cases
wheat,Europe Braces for More Crop Loss and Damage as Rains Lash Down,2024-10-25,Bloomberg,"Europe's farmers, faced with rotting and diseased crops still sitting in some fields, see more pain ahead as ever more rain delays winter planting.",https://www.bloomberg.com/news/articles/2024-10-25/europe-braces-for-more-crop-loss-and-damage-as-rains-lash-down
wheat,The Tech World Has a Radical Plan to Cool the Planet,2024-10-25,Bloomberg,"Today's newsletter looks at an idea taking hold in Silicon Valley: dimming the sun to turn down the heat, and the sci-fi inspiration behind it.",https://www.bloomberg.com/news/newsletters/2024-10-25/the-tech-world-has-a-radical-plan-to-cool-the-planet
wheat,Arctic Doomsday Vault Stashes More Seeds for Future Food,2024-10-25,Bloomberg,In the Arctic wilderness sits a vault built to help withstand potential apocalyptic impacts of climate change. It just received one of the biggest deposits...,https://www.bloomberg.com/news/newsletters/2024-10-25/global-food-roundup-doomsday-seed-vault-safeguards-future-crops
wheat,China pivot from US farm imports bolsters it against trade ...,2024-11-01,reuters.com,China pivot from US farm imports bolsters it against trade war risks · Trade tensions loom with upcoming U.S. election · China diversifies farm imports to reduce ...,https://www.reuters.com/markets/commodities/china-pivot-us-farm-imports-bolsters-it-against-trade-war-risks-2024-11-01/
wheat,Russia's grain policies help Ukraine secure sales,2024-11-06,reuters.com,"... exports, whether to raise prices or for internal reasons. ""Ironically, this ... SLB, Baker Hughes see oil exploration spending rising as Iran war disrupts supply.",https://www.reuters.com/markets/commodities/russias-grain-policies-help-ukraine-secure-sales-2024-11-06/
wheat,Trump’s Return Set to Upend Trade for American Farmers Yet Again,2024-11-06,Bloomberg,"Donald Trump's reelection promises another shakeup for American agriculture. Expectations for a fresh round of trade disruptions with China sent soybeans, corn...",https://www.bloomberg.com/news/articles/2024-11-06/trump-s-return-set-to-upend-trade-for-american-farmers-yet-again
wheat,Prediction Markets Are a Thing Now,2024-11-07,Bloomberg,"The prediction markets for the US presidential election didn't really move all day. Kalshi, for instance, had Donald Trump at 57.1% at 6 am.",https://www.bloomberg.com/opinion/articles/2024-11-07/prediction-markets-are-a-thing-now
wheat,CFTC Soybeans speculative net positions,2024-11-10,investing.com,"Commodities Weekly: Oil Prices Ease As Supply Concerns Abate ... market, meaning prices are indicative and not appropriate for trading purposes.",https://www.investing.com/economic-calendar/cftc-soybeans-speculative-positions-1811
wheat,COP29: A Second Date With the Exxon CEO,2024-11-12,Bloomberg,"Good evening from Baku. Today world leaders took turns calling for more climate finance, while the conference was reminded this year's summit is happening...",https://www.bloomberg.com/news/newsletters/2024-11-12/cop29-a-second-date-with-the-exxon-ceo
wheat,Corteva Unveils Hybrid Wheat Breakthrough as Seed Race Heats Up,2024-11-18,Bloomberg,Seed company Corteva Inc. is unveiling what it calls a “revolutionary” development in wheat: a non-genetically modified seed that could boost yields of the...,https://www.bloomberg.com/news/articles/2024-11-18/corteva-unveils-hybrid-wheat-breakthrough-as-seed-race-heats-up
wheat,COP29: What Will China Do Next?,2024-11-18,Bloomberg,Good evening from Baku. Over the past week we've heard lots of people opine on the role China could play in future climate talks.,https://www.bloomberg.com/news/newsletters/2024-11-18/cop29-what-will-china-do-next
wheat,Ukraine 2025 wheat crop seen rising on larger sowing ...,2024-11-19,reuters.com,Ukraine harvested 22 million tons of wheat in 2024 versus average harvests of 25-28 million tons before the war. ... prices and farmers would return to corn in ...,https://www.reuters.com/markets/commodities/ukraine-2025-wheat-crop-seen-rising-larger-sowing-area-minister-says-2024-11-19/
wheat,Russian farmers ditch wheat for other crops after heavy ...,2024-11-19,reuters.com,The country's wheat harvest will decline to 83 million tons this year due to frosts and drought ... Others are waiting to see how global wheat prices perform in ...,https://www.reuters.com/markets/commodities/russian-farmers-ditch-wheat-other-crops-after-heavy-losses-2024-11-20/
wheat,COP29: Pakistan’s Surprise Solar Boom,2024-11-21,Bloomberg,Good morning from Baku. Negotiators at COP29 are still trying to resolve deep differences over how to scale up international climate finance for developing...,https://www.bloomberg.com/news/newsletters/2024-11-22/cop29-pakistan-s-surprise-solar-boom
wheat,European Farmer Angst Revs Up Again Over Trade Deal and Tax,2024-11-22,Bloomberg,"French and Polish growers are bemoaning a potential EU free trade deal with Latin America, while their British counterparts are up in arms over a new...",https://www.bloomberg.com/news/newsletters/2024-11-22/global-food-roundup-farmers-protest-over-trade-deal-and-inheritance-tax
wheat,The Long History of Stock Market Prediction Problems,2024-11-22,investing.com,... supply constraints in the aftermath of the Covid pandemic and 2) commodity cost-push pressures after Russia's invasion of Ukraine. But we still emphasise ...,https://www.investing.com/analysis/the-long-history-of-stock-market-prediction-problems-200654363
wheat,Why Americans Can’t Get Enough of the Cotswolds,2024-11-23,Bloomberg,"England's most picturesque countryside destination is becoming extremely popular with Americans, and the election is being cited as one reason for the surge...",https://www.bloomberg.com/news/newsletters/2024-11-23/cotswolds-travel-why-americans-are-flocking-to-the-english-countryside
wheat,Weather Watch,2024-11-25,Bloomberg,"Tracking the market, business and economic impacts of extreme weather from Bloomberg's team of dedicated reporters.",https://www.bloomberg.com/account/newsletters/weather-watch
wheat,ロシア、小麦の輸出割当量引き下げへ－年初の猛烈なペースから減速,2024-12-01,Bloomberg,ロシアが小麦の輸出割当量を引き下げる。収穫量減少と世界的な需要の高まりを受け供給可能量が減ったためだ。,https://www.bloomberg.co.jp/news/articles/2024-12-02/SNU8BAT0AFB400
wheat,South Africa Looks Set to Miss Economic Growth Forecast for 2024,2024-12-03,Bloomberg,South Africa risks missing its 2024 economic growth forecast after the agricultural sector's deepest slump in at least three decades led to an unexpected...,https://www.bloomberg.com/news/articles/2024-12-03/south-africa-looks-set-to-miss-economic-growth-forecast-for-2024
wheat,Food prices are at a one year high: here's what may get ...,2024-12-04,cnbc.com,"... Covid-19 pandemic,"" Rabobank's analysts wrote in a recent report. 3 ... When Trump takes office in January, there may be a ""renewed trade war"" with ...",https://www.cnbc.com/2024/12/05/food-prices-are-at-a-one-year-high-heres-what-may-get-more-expensive.html
wheat,A Winter Weather Puzzle Is Raising the Risk of Meteoric Energy Inflation,2024-12-05,Bloomberg,"Natural gas, wheat and other commodities are poised for a rollercoaster ride on geopolitical tensions and shifting forecasts for cold.",https://www.bloomberg.com/news/articles/2024-12-05/what-will-this-winter-s-weather-mean-for-energy-and-food-inflation
wheat,Dire Russian crop health and Ukraine export risks threaten ...,2024-12-06,reuters.com,"New contract lows in Chicago wheat futures this week are hardly indicative of global supply concerns, but traders might want to eye what's happening in the ...",https://www.reuters.com/markets/commodities/dire-russian-crop-health-ukraine-export-risks-threaten-black-sea-wheat-braun-2024-12-06/
wheat,Syrian Rebels Eye Next Prize With Assad Lacking Russian Help,2024-12-06,Bloomberg,Syrian President Bashar Al-Assad is desperate for Russian and Iranian help as rebel forces close in on the strategically important city of Homs.,https://www.bloomberg.com/news/articles/2024-12-06/syrian-rebels-eye-next-prize-while-assad-awaits-russia-and-iran
wheat,BCOMAG:IND | Bloomberg Agriculture Subindex | Indices | Bloomberg Professional Services,2024-12-18,Bloomberg,"Bloomberg Agriculture Subindex index is a commodity group subindex of the BCOM. It is composed of futures contracts on coffee, corn, cotton, soybeans, soybean...",https://www.bloomberg.com/professional/products/indices/quote/BCOMAG:IND
wheat,BCOMAGTR:IND | Bloomberg Agriculture Subindex Total Return | Indices | Bloomberg Professional Services,2024-12-18,Bloomberg,"BBG Agriculture Subindex Total Return is a commodity group subindex of the BCOMTR. The index is composed of futures contracts on coffee, corn, cotton,...",https://www.bloomberg.com/professional/products/indices/quote/BCOMAGTR:IND
wheat,BCOMWHTR:IND | Bloomberg Wheat Subindex Total Return | Indices | Bloomberg Professional Services,2024-12-18,Bloomberg,Bloomberg Wheat Subindex Total Return · Performance · Index info · Overview · Key statistics · Research & Insights · Get in touch. Help & Support. Already a...,https://www.bloomberg.com/professional/products/indices/quote/BCOMWHTR:IND
wheat,Global Economic Conditions Portend a Catch-Down in ...,2024-12-21,investing.com,"Market Analysis by covering: US Dollar Index Futures. Read 's Market ... market, meaning prices are indicative and not appropriate for trading purposes.",https://www.investing.com/analysis/global-economic-conditions-portend-a-catchdown-in-america-200655420
wheat,"Oil prices rise; supply, demand concerns in focus for 2025",2024-12-24,investing.com,"The country is also expected to face increased economic headwinds from a renewed trade war with the U.S. under Donald Trump. ... market, meaning prices are ...",https://uk.investing.com/news/commodities-news/oil-prices-drift-higher-with-supply-surplus-demand-in-focus-3851633
wheat,Soybeans Advance in Light Trading as Weather Stays in Focus,2024-12-26,Bloomberg,Soybean futures edged higher in Chicago amid light post-holiday trading. Corn and wheat also eked out gains.,https://www.bloomberg.com/news/articles/2024-12-26/soybeans-advance-in-light-trading-as-weather-stays-in-focus
wheat,"Ukraine Seeks to Restore Ties With Syria, Foreign Minister Says",2024-12-30,Bloomberg,Ukraine's president dispatched his top officials to Syria in a bid to restore ties after the collapse of the pro-Russian Assad regime.,https://www.bloomberg.com/news/articles/2024-12-30/ukraine-seeks-to-restore-ties-with-syria-foreign-minister-says
wheat,What to Know About Bird Flu After the First US Death,2025-01-06,Bloomberg,"For influenza viruses, imperfection is a strength. They constantly mutate, producing new strains that challenge immune systems primed to fight earlier...",https://www.bloomberg.com/news/articles/2025-01-06/bird-flu-explained-what-to-know-after-first-us-death
wheat,Nigeria Gets Rice Supply Under Duty Free Import Policy,2025-01-10,Bloomberg,Nigeria received a shipment of brown rice as it seeks to alleviate climbing food costs that are squeezing consumers.,https://www.bloomberg.com/news/articles/2025-01-10/nigeria-to-get-first-rice-shipment-under-duty-free-import-policy
wheat,Los Angeles Faces Insurance Doomsday,2025-01-11,Bloomberg,"The fires continue to burn across the Los Angeles area. While emergency teams finally gained ground on the blazes Friday, officials are now trading...",https://www.bloomberg.com/news/newsletters/2025-01-11/los-angeles-faces-insurance-doomsday
wheat,BCOMWH:IND | Bloomberg Wheat Subindex | Indices | Bloomberg Professional Services,2025-01-12,Bloomberg,Bloomberg Wheat Subindex · Performance · Index info · Overview · Key statistics · Research & Insights · Get in touch. Help & Support. Already a customer? For...,https://www.bloomberg.com/professional/products/indices/quote/bcomwh:ind
wheat,BCOMGR:IND | Bloomberg Grains Subindex | Indices | Bloomberg Professional Services,2025-01-17,Bloomberg,"Bloomberg Grains Subindex index is a commodity group subindex of the BCOM. It is composed of futures contracts on corn, soybeans and wheat.",https://www.bloomberg.com/professional/products/indices/quote/bcomgr:ind
wheat,South Korea May Consider More US Food Imports to Placate Trump,2025-01-17,Bloomberg,South Korea may consider a plan to increase US food imports to help reduce the trade imbalance between the two countries should it emerge as a point of...,https://www.bloomberg.com/news/articles/2025-01-17/south-korea-may-consider-more-us-food-imports-to-placate-trump
wheat,Soybeans Decline After Trump Reiterates China Tariff Threat,2025-01-22,Bloomberg,"Soybeans fell in Chicago after US President Donald Trump said he's considering tariffs on China, stoking fresh worries of a trade war.",https://www.bloomberg.com/news/articles/2025-01-22/soybeans-decline-after-trump-reiterates-china-tariff-threat
wheat,Argentina Cuts Export Taxes to Salvage Harvest Struck by Drought,2025-01-24,Bloomberg,Argentina slashed taxes on its major crops that provide billions of dollars in export revenue as it seeks to throw a lifeline to farmers wrestling a drought...,https://www.bloomberg.com/news/articles/2025-01-23/argentina-cuts-export-taxes-to-salvage-harvest-struck-by-drought
wheat,"Advent Names Senior Dealmaker Ogrinz as Special Partner, Sources Say",2025-01-30,Bloomberg,"Buyout firm Advent has appointed Michael Ogrinz as a special partner as part of a leadership shake-up at its Paris office, people with knowledge of the matter...",https://www.bloomberg.com/news/articles/2025-01-30/advent-said-to-name-senior-dealmaker-ogrinz-as-special-partner
wheat,The UK’s ‘Jet Zero’ Plan Is Making a Big Gamble,2025-01-31,Bloomberg,Today's newsletter looks at how the UK plans to keep to its net zero target as it pushes to build a controversial third runway at London's Heathrow airport.,https://www.bloomberg.com/news/newsletters/2025-01-31/the-uk-s-jet-zero-plan-is-making-a-big-gamble
wheat,Beef Set to Stay Pricey as US Cattle Herd Falls to 74-Year Low,2025-01-31,Bloomberg,America's cattle supplies dropped to the lowest since 1951 as dry pastures and strong beef demand prevented the herd from expanding for the fifth straight year.,https://www.bloomberg.com/news/articles/2025-01-31/beef-set-to-stay-pricey-as-us-cattle-herd-falls-to-74-year-low
wheat,Trump and Musk’s USAID ‘Shut Down’ Threat Opens Door for China,2025-02-03,Bloomberg,"Charities, diplomats and foreign officials around the world are frantically trying to figure out what will happen to the US agency that doles out over $40...",https://www.bloomberg.com/news/articles/2025-02-03/trump-and-musk-s-usaid-shut-down-threat-opens-door-for-china
wheat,South Africa’s Top Airline Flysafair Gets 12 Months to Meet Ownership Laws,2025-02-05,Bloomberg,"South Africa's largest airline FlySafair has been granted a year to comply with local ownership laws, or risk having its license revoked.",https://www.bloomberg.com/news/articles/2025-02-05/south-africa-s-top-airline-gets-12-months-to-meet-ownership-laws
wheat,"US Food Aid Programs for Poor Countries to Continue, USDA Says",2025-02-07,Bloomberg,"The US will continue to buy agricultural commodities to supply some of the world's poorest countries as part of aid programs, the Department of Agriculture...",https://www.bloomberg.com/news/articles/2025-02-08/us-food-aid-programs-for-poor-countries-to-continue-usda-says
wheat,Zimbabwe Starts Paying for Farms It Seized to Meet Compensation Deal,2025-02-07,Bloomberg,"Zimbabwe has started paying reparations to nations and farmers whose land was seized in the 2000s, a step toward the restructuring of its $21 billion debt pile.",https://www.bloomberg.com/news/articles/2025-02-07/zimbabwe-starts-paying-for-farms-it-seized-to-meet-compensation-deal
wheat,Baltics Unplug From Russian Grid to Gain Energy Independence,2025-02-09,Bloomberg,"The Baltic states successfully disconnected from Russia's electricity grid and plugged into continental Europe's network, securing long-sought energy...",https://www.bloomberg.com/news/articles/2025-02-09/baltics-unplug-from-russian-grid-to-gain-energy-independence
wheat,Trade Wars and Tariffs: 7 Charts on How the Global ...,2025-02-11,investing.com,"Biden vs Trump-Trade War Tariff Collection. Source: Tax Foundation. 4. Here's ... market, meaning prices are indicative and not appropriate for trading purposes.",https://www.investing.com/analysis/trade-wars-and-tariffs-7-charts-on-how-the-global-economy-has-reacted-200657193
wheat,"Mountainside Pizza, Inc.",2025-02-15,Bloomberg,"3890 Kipling Street, Suite B Wheat Ridge, Colorado (US-CO), 80033 UNITED STATES Headquarters Address (English) 5314 Paylor Lane Lakewood ranch Sarasota,...",https://lei.bloomberg.com/leis/view/549300IDPQYO00NJSM79
wheat,India’s Wheat Crop Under Threat from Warm Weather Before Harvest,2025-02-19,Bloomberg,"Takeaways by Bloomberg AI Subscribe. India is facing more warm weather and sparse rain this month, threatening the nation's wheat crop and raising the prospect...",https://www.bloomberg.com/news/articles/2025-02-20/india-s-wheat-crop-under-threat-from-warm-weather-before-harvest
wheat,Why Eggs Are So Expensive Right Now,2025-02-21,Bloomberg,Today on the Big Take podcast: How bird flu is disrupting the poultry supply chain and driving up inflation — with Joe and Tracy from Odd Lots.,https://www.bloomberg.com/news/articles/2025-02-21/poultry-farmer-on-how-bird-flu-drives-up-egg-prices-podcast-with-odd-lots
wheat,"US, Russia Mull Cooperation on Arctic Trade Routes, Exploration",2025-02-26,Bloomberg,"US and Russian officials have identified the Arctic as a possible area for economic cooperation, according to people familiar with the situation.",https://www.bloomberg.com/news/articles/2025-02-26/us-russia-mull-cooperation-on-arctic-trade-routes-exploration
wheat,"India Sees Heat Waves in Threat to Wheat Crop, Power Supply",2025-02-28,Bloomberg,"India Sees Heat Waves in Threat to Wheat Crop, Power Supply · The nation records second-warmest February since at least 1901 · Extreme weather may put pressure...",https://www.bloomberg.com/news/articles/2025-02-28/india-predicts-heat-waves-in-threat-to-wheat-crop-power-supply
wheat,The US Has Never Imported So Much Food,2025-02-28,Bloomberg,"The US, known for being a global agriculture powerhouse, has never imported so much food. Inbound shipments of everything from avocados to coffee and sugar...",https://www.bloomberg.com/news/articles/2025-02-27/agriculture-powerhouse-us-has-never-imported-so-much-food
wheat,Australia Boosts Wheat Output Estimate on Bumper Crops in States,2025-03-03,Bloomberg,"The country's 2025-26 wheat crop will likely total 30.5 million tons, the Australian Bureau of Agricultural and Resource Economics and Sciences said in an...",https://www.bloomberg.com/news/articles/2025-03-03/australia-boosts-wheat-output-estimate-on-bumper-crops-in-states
wheat,"China raises 2025 budget for grain stockpiling, targets ...",2025-03-04,cnbc.com,"... trade war with the U.S. and increasingly complex geopolitical and geoeconomic challenges, she said. In addition to U.S. tariff ... Market Data and Analysis ...",https://www.cnbc.com/2025/03/05/china-raises-2025-budget-for-grain-stockpiling-targets-higher-domestic-output.html
wheat,"As World’s Priorities Shift, African Leaders Focus on Food Sovereignty",2025-03-05,Bloomberg,"Russia's war with Ukraine and the worldwide shift toward national priorities has pushed African leaders to focus on food self-sufficiency,...",https://www.bloomberg.com/news/articles/2025-03-05/african-leaders-focus-on-food-sovereignty-as-world-s-priorities-shift
wheat,"India’s Wheat Output Set to Stay Flat, Keeping Stockpiles Tight",2025-03-06,Bloomberg,"India's Wheat Output Set to Stay Flat, Keeping Stockpiles Tight · Production seen at 106 million tons this season, survey shows · Nation's north faces warmer...",https://www.bloomberg.com/news/articles/2025-03-06/india-s-wheat-output-set-to-stay-flat-keeping-stockpiles-tight
wheat,Donald Trump Trade Wars Won't Making American Farming Great Again,2025-03-11,Bloomberg,The US trade war will hurt food exports and increase the agricultural trade deficit.,https://www.bloomberg.com/opinion/articles/2025-03-12/donald-trump-trade-wars-won-t-making-american-farming-great-again
wheat,India Forex Reserves Record Biggest Weekly Gain Since 2021,2025-03-13,Bloomberg,"India's dollar stockpile had its biggest weekly gain in over three years, bolstered by the Reserve Bank of India's currency swap operations last month.",https://www.bloomberg.com/news/articles/2025-03-13/india-forex-reserves-record-biggest-weekly-gain-since-2021
wheat,India to Sell Loss-Making Airports in Bundles to Lure Investors,2025-03-16,Bloomberg,"India plans to sell half a dozen loss-making airports by bundling them with profitable ones to make the assets attractive enough for investors, according to...",https://www.bloomberg.com/news/articles/2025-03-16/india-to-sell-loss-making-airports-in-bundles-to-lure-investors
wheat,Toyota’s New R&D Unit Signals Its Sharper India Focus,2025-03-20,Bloomberg,"Toyota Motor Corp. is setting up its first research and development center in India through its local unit, people familiar with the matter said,...",https://www.bloomberg.com/news/articles/2025-03-21/toyota-plans-first-india-r-d-center-in-bengaluru-with-1-000-engineers-by-2027
wheat,US not prepared to win economic war against China-built ...,2025-03-24,cnbc.com,"... market, they say, where ... Now, it is being continued by the Trump administration as part of the president's widening global economic and trade war ...",https://www.cnbc.com/2025/03/24/us-not-prepared-to-win-economic-war-against-china-built-containerships.html
wheat,"Vertical Farmer Plenty, Backed by Bezos, Softbank, Files Bankruptcy",2025-03-24,Bloomberg,"Plenty Unlimited Inc., a vertical farming business that's drawn backing from Jeff Bezos, SoftBank Group Corp. and Walmart, has filed for bankruptcy with a...",https://www.bloomberg.com/news/articles/2025-03-24/bezos-softbank-backed-vertical-farmer-plenty-files-bankruptcy
wheat,"India eyes tariff cuts on $23 billion of U.S. imports, to shield ...",2025-03-25,cnbc.com,"India eyes tariff cuts on $23 billion of U.S. imports to shield $66 billion in exports, Reuters reports ... tariff, given their dependence on the U.S. market. The ...",https://www.cnbc.com/2025/03/25/india-eyes-tariff-cuts-on-23-billion-of-us-imports-to-shield-66-billion-in-exports.html
wheat,Europeans Are Wary of Orban Loyalist’s Frequent Trips to Moscow,2025-03-26,Bloomberg,Hungarian Foreign Minister Peter Szijjarto has visited Russia so often since Vladimir Putin's invasion of Ukraine that it's raised suspicion among European...,https://www.bloomberg.com/news/articles/2025-03-26/europeans-are-wary-of-orban-loyalist-s-frequent-trips-to-moscow
wheat,US agricultural exports/imports threatened by Trump trade ...,2025-04-01,reuters.com,"Exports to top market China totaled $12.8 billion in 2024, down from $15.1 ... U.S. wheat exports to all global buyers in 2024 were down 2%, at $5.9 ...",https://www.reuters.com/markets/commodities/us-agricultural-exportsimports-threatened-by-trump-trade-actions-2025-04-01/
wheat,US Tariffs Leave ‘Great Friend’ Modi With Tough Trade-Offs,2025-04-02,Bloomberg,"Trump hit India with a 26% reciprocal tariff on all goods it exports to the US, which is higher than the minimum 10% duty but significantly lower than the levy...",https://www.bloomberg.com/news/newsletters/2025-04-03/3-things-modi-needs-to-consider-as-trump-hits-india-with-26-tariffs
wheat,Ivory Coast Raises Cocoa Price for New Crop Amid Smaller Harvest,2025-04-02,Bloomberg,"Top cocoa grower Ivory Coast raised the price it pays farmers for their beans amid expectations for a smaller harvest, slightly narrowing the gap to the global...",https://www.bloomberg.com/news/articles/2025-04-02/ivory-coast-raises-cocoa-price-for-new-crop-amid-smaller-harvest
wheat,This Key Chart Reveals the Tariff Impact on the US Economy,2025-04-03,investing.com,"Market Analysis by covering: S&P 500, Crude Oil WTI Futures. Read 's Market Analysis on Investing ... market, meaning prices are indicative and not appropriate ...",https://www.investing.com/analysis/1-chart-revealing-the-tariff-impact-on-the-us-economy-200659032
wheat,USDA Opens 59% of Federal Forest for Logging to Manage Fire Risk,2025-04-04,Bloomberg,Agriculture Secretary Brooke Rollins placed nearly 113 million acres of forest — amounting to 59% of all federally managed forests — under an emergency...,https://www.bloomberg.com/news/articles/2025-04-04/usda-opens-59-of-federal-forest-for-logging-to-manage-fire-risk
wheat,"Anatomy of a Market Crisis: Tariffs, Markets and the Economy",2025-04-08,investing.com,"... trade war. It is also a factory that with time differences, these markets ... tariff effects built in, and putting buys at limit prices below those values.",https://www.investing.com/analysis/anatomy-of-a-market-crisis-tariffs-markets-and-the-economy-200659189
wheat,US Weighs Farmer Bailout as China Retaliation Threatens Exports,2025-04-09,Bloomberg,Agriculture Secretary Brooke Rollins said the administration is considering plans to offer assistance to farmers amid worries that the US-China trade war...,https://www.bloomberg.com/news/articles/2025-04-09/us-weighs-farmer-bailout-as-china-retaliation-threatens-exports
wheat,Gold and Trade Wars: What History Can Teach Us About ...,2025-04-09,investing.com,"An important pattern worth noting is that during both the 2008 financial crisis and the 2020 pandemic shock, gold bottomed before equities. ... The tariff hikes, ...",https://www.investing.com/analysis/gold-and-trade-wars-what-history-can-teach-us-about-todays-rally-200659298
wheat,"What a Bacon, Egg and Cheese Sandwich Teaches Us About the US Economy",2025-04-11,Bloomberg,"On today's Big Take podcast, we crack open the economic indicator you didn't know you needed: Behold the bacon, egg and cheese index.",https://www.bloomberg.com/news/articles/2025-04-11/what-bacon-egg-and-cheese-sandwich-prices-say-about-tariffs-us-economy
wheat,Boselli & Sons LLC,2025-04-19,Bloomberg,"C/O James J. Boselli 4251 Kipling Street Suite 170 Wheat Ridge, Colorado (US-CO), 80033 UNITED STATES",https://lei.bloomberg.com/leis/view/549300OMZGOS1QUCMU74
wheat,Iraq to Avoid Wheat Imports for Key State Rations for Third Year,2025-04-21,Bloomberg,Takeaways by Bloomberg AI Subscribe. Iraq's government expects it will be able to buy enough wheat from local farmers for its crucial subsidy program to avoid...,https://www.bloomberg.com/news/articles/2025-04-21/iraq-to-avoid-wheat-imports-for-key-state-rations-for-third-year
wheat,Chicago Exchange Goes After Wheat Contract Famous in Minneapolis,2025-04-22,Bloomberg,"Takeaways by Bloomberg AI Subscribe. The battle for spring-wheat supremacy has begun. The CME Group, one of the world's largest derivatives marketplaces, has...",https://www.bloomberg.com/news/articles/2025-04-22/chicago-exchange-goes-after-wheat-contract-famous-in-minneapolis
wheat,Black Sea may hold back world wheat supplies into 2026,2025-04-23,reuters.com,"The global wheat market narrative has recently shifted, though it's ... Russian food and fertilizer exports are not directly subject to Western sanctions ...",https://www.reuters.com/markets/commodities/black-sea-may-hold-back-world-wheat-supplies-into-2026-2025-04-23/
wheat,Ukraine's once-booming grain industry teetering on being ...,2025-04-24,reuters.com,"Ukraine has largely maintained oilseed and product exports at a high level since the invasion, meaning it may not have to relinquish more market share if the ...",https://www.reuters.com/markets/commodities/ukraines-once-booming-grain-industry-teetering-being-war-casualty-braun-2025-04-23/
wheat,India’s Water Treaty Suspension Spells Risk for Pakistan’s Farms,2025-04-24,Bloomberg,India's unprecedented move to suspend a water-sharing pact in response to a gun attack in Kashmir earlier this week threatens to hurt crops and power...,https://www.bloomberg.com/news/articles/2025-04-24/india-s-water-treaty-suspension-spells-risk-for-pakistan-s-farms
wheat,Indonesia to import more from the U.S. to narrow trade ...,2025-04-24,cnbc.com,"This comes after the country was hit with a 32% levy on exports to the U.S. by President Donald Trump on April 2. ... tariff barriers"" such as its ...",https://www.cnbc.com/2025/04/24/indonesia-to-import-more-from-the-us-to-narrow-trade-surplus-minister.html
wheat,"Trade war, tariffs 'full-blown crisis already,' U.S. farm ...",2025-04-28,cnbc.com,"U.S. agriculture isn't nearing a trade war tariff crisis, it's in a 'full ... supply chain as ""demurrage,"" when fees are charged for delayed movement ...",https://www.cnbc.com/2025/04/28/trade-war-tariffs-full-blown-crisis-us-farm-exporters-say.html
wheat,Can grains buck deflation?,2025-05-06,Bloomberg,"We see corn, soybeans and wheat more likely to seek low-price cures toward $4, $9 and $5 a bushel along with $40-a-barrel crude.",https://www.bloomberg.com/professional/insights/commodities/can-grains-buck-deflation/
wheat,Tight Wheat Supply Leaves Prices at Mercy of Any Weather Shocks,2025-05-09,Bloomberg,"Wheat supplies are expected to remain tight in the new season, leaving the market vulnerable to higher prices if weather worsens in key growers before the...",https://www.bloomberg.com/news/articles/2025-05-09/tight-wheat-supply-leaves-prices-at-mercy-of-any-weather-shocks
wheat,"Exclusive: China buys Canadian, Australian wheat as heat ...",2025-05-09,reuters.com,"... supply falls short of demand. ... Chinese buyers would have avoided buying U.S. wheat due to tariffs and the trade war between Washington and Beijing, one trader ...",https://www.reuters.com/markets/commodities/china-buys-canadian-australian-wheat-heat-hits-crop-traders-say-2025-05-09/
wheat,China Gets US Trade Reprieve as Dry Weather Threatens Crops,2025-05-12,Bloomberg,Drought warnings have been issued and some provinces including Guangxi even resorted to firing rockets at clouds to increase rainfall.,https://www.bloomberg.com/news/newsletters/2025-05-12/china-gets-us-trade-reprieve-as-dry-weather-threatens-crops
wheat,Five Key Charts to Watch in Global Commodity Markets This Week,2025-05-12,Bloomberg,some hints are on the horizon about where agriculture — and wheat in particular — is headed this season. Here are five notable charts to consider in global...,https://www.bloomberg.com/news/articles/2025-05-11/five-key-charts-to-watch-in-global-commodity-markets-this-week
wheat,A Bumper Kansas Wheat Crop Is Getting Fed to Cows,2025-05-15,Bloomberg,Takeaways by Bloomberg AI Subscribe. It's usually a bad sign for Kansas wheat farmers when their crops end up feeding cattle instead of humans. Feedlots are...,https://www.bloomberg.com/news/articles/2025-05-15/tariff-tensions-means-that-bumper-kansas-wheat-crop-goes-to-cows
wheat,Commodity Trader ED&F Man Expands Into Cotton With Viterra Hires,2025-05-19,Bloomberg,"Commodities trader ED&F Man Holdings Ltd. is expanding into the cotton market after hiring a team from Viterra, an agriculture company backed by Glencore...",https://www.bloomberg.com/news/articles/2025-05-19/commodity-trader-ed-f-man-expands-into-cotton-with-viterra-hires
wheat,"India Wheat Crop Seen Hitting Record, Allaying Import Fears",2025-05-21,Bloomberg,"India's wheat output, which was threatened by the second-warmest February in over a century, is likely to be a bumper one this year as favorable weather...",https://www.bloomberg.com/news/articles/2025-05-21/india-s-wheat-output-seen-hitting-record-allaying-import-fears
wheat,Europe’s Dry Spring Raises Fears for Wheat and Barley Harvests,2025-05-23,Bloomberg,"Europe's Dry Spring Raises Fears for Wheat and Barley Harvests. A farmer checks the plants in a wheat field in Bremen, Germany, on May 15.",https://www.bloomberg.com/news/articles/2025-05-23/europe-s-dry-spring-raises-fears-for-wheat-and-barley-harvests
wheat,Denso in Talks to Buy Temasek-Backed Seed Maker for $500 Million,2025-05-25,Bloomberg,"Denso Corp. is in final talks to buy a Temasek-backed seed supplier for around $500 million, as the Japanese vehicle parts supplier deepens its expansion...",https://www.bloomberg.com/news/articles/2025-05-26/denso-in-talks-to-buy-temasek-backed-seed-maker-for-500-million
wheat,China Steps Up Cloud Seeding to Boost Rain in Dry Wheat Regions,2025-05-29,Bloomberg,"China has ramped up weather modification measures to bolster rainfall across parched wheat-growing areas in the north of the country, just as farmers...",https://www.bloomberg.com/news/articles/2025-05-30/china-steps-up-cloud-seeding-to-boost-rain-in-dry-wheat-regions
wheat,China’s Wheat Harvest Risks 7-Year Low as Farmers Battle Drought,2025-06-03,Bloomberg,"China's wheat output could drop as much as 5% this year to the lowest since 2018, after recent drought in key growing regions stressed the crop.",https://www.bloomberg.com/news/articles/2025-06-04/china-s-wheat-harvest-risks-7-year-low-as-farmers-battle-drought
wheat,Downward path with crude,2025-06-04,Bloomberg,"In the absence of a poor Corn Belt growing season, there may be little to stop crude oil's deflationary path from trickling down to the grains in 2025.",https://www.bloomberg.com/professional/insights/commodities/downward-path-with-crude/
wheat,Washington’s Global Hunt to Find Buyers for US Crops,2025-06-06,Bloomberg,"A visit to the UK in May, Italy this week and Asia to come. Brooke Rollins is touring the world to drum up buyers for American crops.",https://www.bloomberg.com/news/newsletters/2025-06-06/global-food-roundup-us-tours-world-seeking-buyers-for-crops
wheat,Salmon Farm Technology Firm Raises Targets on Investment Surge,2025-06-12,Bloomberg,A Norwegian developer of aquaculture technologies is boosting its targets for the sale of everything from deepwater nets to AI-controlled feeding systems.,https://www.bloomberg.com/news/articles/2025-06-12/salmon-farm-technology-firm-raises-targets-on-investment-surge
wheat,"Romania Set for Biggest Wheat Crop Since 1997, Argus Says",2025-06-16,Bloomberg,"Romania is expected to see its largest wheat harvest in records dating back to 1997 in the next season, setting it up for another year as one of Europe's...",https://www.bloomberg.com/news/articles/2025-06-16/romania-set-for-biggest-wheat-crop-since-1997-argus-says
wheat,Why Rice Is Poised to Survive Better in a Warming World,2025-06-18,Bloomberg,"A new study examining crop yields for six staples finds that while all are set to decline, rice has a better chance thanks to its traits, the climates it's...",https://www.bloomberg.com/news/articles/2025-06-18/why-rice-is-poised-to-survive-better-in-a-warming-world
wheat,"US Still Undecided on Strikes Against Iran, Trump Says",2025-06-18,Bloomberg,Good morning. Donald Trump says he hasn't decided whether the US will strike Iran. Information on the Air India crash has been slow in coming.,https://www.bloomberg.com/news/newsletters/2025-06-18/us-still-undecided-on-strikes-against-iran-trump-says
wheat,New Maker’s Mark Whiskey Brand Leans Even More Into Wheat,2025-06-18,Bloomberg,New Maker's Mark Whiskey Brand Leans Even More Into Wheat. Star Hill Farm is a seriously tasty example—with seriously valued pedigree—to complement your bourbon...,https://www.bloomberg.com/news/articles/2025-06-18/new-maker-s-mark-whiskey-brand-leans-even-more-into-wheat
wheat,"US Ranchers Finally Moving to Increase Cattle Supplies, JBS Says",2025-06-25,Bloomberg,"US ranchers are moving to expand their herds from a seven-decade low, paving the way for a long-awaited recovery in beef supplies, according to top producer...",https://www.bloomberg.com/news/articles/2025-06-25/us-ranchers-finally-moving-to-increase-cattle-supplies-jbs-says
wheat,Germany's Big Green Budget Has Some Surprising Climate Setbacks,2025-06-26,Bloomberg,"Today's newsletter looks at the surprising climate setbacks within Germany's green spending proposals. For unlimited access to climate and energy news,...",https://www.bloomberg.com/news/newsletters/2025-06-26/germany-s-big-green-budget-has-some-surprising-climate-setbacks
wheat,Climate Change Brings Parched Wheat and Large Berries to the UK,2025-07-04,Bloomberg,"Climate Change Brings Parched Wheat and Large Berries to the UK. Dried out grain fields, bumper strawberry harvests and weaker demand for sausage rolls — the UK...",https://www.bloomberg.com/news/newsletters/2025-07-04/climate-change-brings-parched-wheat-and-bumper-strawberry-crop-to-uk
wheat,Russia Drops Wheat Export Duty to Zero in Bid to Boost Sales,2025-07-05,Bloomberg,Russia Drops Wheat Export Duty to Zero in Bid to Boost Sales. Wheat harvest in the Siberian Novosibirsk region. ... Russia lowered its weekly wheat export duty to...,https://www.bloomberg.com/news/articles/2025-07-05/russia-drops-wheat-export-duty-to-zero-in-bid-to-boost-sales
wheat,ロシアが小麦輸出関税ゼロに引き下げ、導入後初めて－輸出急減に対応,2025-07-06,Bloomberg,ロシア農業省は、週次の小麦輸出関税を2021年６月の制度導入以来初めてゼロに引き下げた。小麦の販売が低迷する中、輸出のてこ入れを図る。,https://www.bloomberg.co.jp/news/articles/2025-07-07/SZ009KT0G1KW00
wheat,Russia Bans Yale University Activity in Country as ‘Undesirable’,2025-07-08,Bloomberg,"Russian authorities declared Yale University to be an “undesirable” organization, banning its activities in the country.",https://www.bloomberg.com/news/articles/2025-07-08/russia-bans-yale-university-activity-in-country-as-undesirable
wheat,Russia orders measures to boost agriculture exports after ...,2025-07-10,reuters.com,"... market prices, a move seen as potentially helping exports. Russia is expecting its grain harvest to rise 4% to 135 million tons in 2025 despite drought in ...",https://www.reuters.com/markets/europe/russia-orders-measures-boost-agriculture-exports-after-wheat-sales-fall-july-2025-07-10/
wheat,Zara Billionaire Ortega Buys Hotel in Paris for $113 Million,2025-07-11,Bloomberg,"Fashion billionaire Amancio Ortega bought Hotel Banke in Paris for €97 million ($113 million), the Zara brand founder's second property acquisition in the...",https://www.bloomberg.com/news/articles/2025-07-11/zara-billionaire-ortega-buys-hotel-in-paris-for-113-million
wheat,USDA WASDE Report,2025-07-14,investing.com,"Wheat Futures Surge as Rostov Drought Raises Food Security Alarms. Volatility ... market, meaning prices are indicative and not appropriate for trading purposes.",https://www.investing.com/economic-calendar/wasde-report-1764
wheat,Bangladesh signs U.S. wheat-import deal in bid to curb ...,2025-07-20,cnbc.com,... supply of high-quality wheat at competitive prices but also strengthen trade ties between the two nations. ... market. Bangladesh imports around 7 million ...,https://www.cnbc.com/2025/07/20/bangladesh-signs-us-wheat-import-deal-in-bid-to-curb-tariff-pressure.html
wheat,A Looming Dairy Drought Will Stunt the World’s Growth,2025-07-20,Bloomberg,"It's every baby's first food, and we can't get enough of it. The world produces close to a billion metric tons of milk each year — more than all the wheat...",https://www.bloomberg.com/opinion/articles/2025-07-20/a-looming-dairy-drought-will-stunt-the-world-s-growth
wheat,India to Allow Tourist Visas for Chinese Nationals After Years,2025-07-23,Bloomberg,"Chinese nationals will soon be able to apply for tourist visas to visit India, after years of curbs enforced by the South Asian nation on its neighbor...",https://www.bloomberg.com/news/articles/2025-07-23/india-to-allow-tourist-visas-for-chinese-nationals-after-years
wheat,Tea and Meat Lift UK Food Inflation to Highest in 17 Months,2025-07-28,Bloomberg,"The rising price of products such as tea and meat pushed UK food inflation to its highest level in 17 months, as retailers blamed the Labour government's...",https://www.bloomberg.com/news/articles/2025-07-28/tea-and-meat-lift-uk-food-inflation-to-highest-in-17-months
wheat,Pyotr Kozlov,2025-07-29,Bloomberg,Recent stories by Pyotr Kozlov on Bloomberg.com.,https://bloomberg.com/authors/AXiB1pGXuXs/pyotr-kozlov
wheat,Cargill Sells Malaysia Feed Maker to CAB Cakaran for $54 Million,2025-07-31,Bloomberg,Cargill Inc. agreed to sell its Malaysian animal feed producer to a local poultry farmer as the world's largest agricultural commodities trader continues...,https://www.bloomberg.com/news/articles/2025-08-01/cargill-sells-malaysia-feed-maker-to-cab-cakaran-for-54-million
wheat,Ghana Raises Cocoa Farmer Pay by 4.2% After Cedi Gained,2025-08-04,Bloomberg,Ghana raised the amount it pays farmers for their cocoa beans by 4.2% as the local currency's appreciation limited the scope for a bigger increase.,https://www.bloomberg.com/news/articles/2025-08-04/ghana-raises-cocoa-farmer-pay-by-4-2-after-cedi-gained
wheat,Corn Drops With Record US Harvest Seen Bigger Than Expected,2025-08-12,Bloomberg,Chicago corn futures fell to the lowest level in nearly a year after the US Department of Agriculture raised its already record-large outlook for the...,https://www.bloomberg.com/news/articles/2025-08-12/corn-drops-with-record-us-harvest-seen-bigger-than-expected
wheat,Soy Touches Five-Week High After USDA’s Surprise Cut to US Acres,2025-08-13,Bloomberg,"Soybean futures jumped to the highest intraday level since July 3, with the US Department of Agriculture's surprisingly large supply cut in the previous...",https://www.bloomberg.com/news/articles/2025-08-13/soy-touches-five-week-high-after-usda-s-surprise-cut-to-us-acres
wheat,"Monsoon Rains Recharge Indian Dams, Boosting Winter Crop Outlook",2025-08-14,Bloomberg,"Ample monsoon rainfall in India has helped replenish water in key reservoirs, improving prospects for winter-sown crops such as wheat and rapeseed that...",https://www.bloomberg.com/news/articles/2025-08-14/monsoon-rains-recharge-indian-dams-boosting-winter-crop-outlook
wheat,Subways and Underground Garages Are Untapped Geothermal Energy Sources,2025-08-16,Bloomberg,"Today's newsletter explores an unexpected source of energy: parking garages, subways and other manmade underground spaces. You can read and share a full...",https://www.bloomberg.com/news/newsletters/2025-08-16/subways-and-underground-garages-are-untapped-geothermal-energy-sources
wheat,"Historic drought, wheat shortage to test Syria's new ...",2025-08-18,reuters.com,"Russia scales back wheat exports following Assad ouster. DUBAI, Aug 18 (Reuters) - Syria faces a potential food crisis after the worst drought in 36 years ...",https://www.reuters.com/world/middle-east/historic-drought-wheat-shortage-test-syrias-new-leadership-2025-08-18/
wheat,Soybean Farmers Warn Trump of ‘Financial Precipice’ Over Tariffs,2025-08-19,Bloomberg,US soybean farmers are near a “trade and financial precipice” and cannot survive a prolonged trade war with China.,https://www.bloomberg.com/news/articles/2025-08-19/soybean-farmers-warn-trump-of-financial-precipice-over-tariffs
wheat,A Water Crisis in Bulgaria Is a Warning for Europe,2025-08-20,Bloomberg,Taps running dry are part of life in Bulgaria — and a cautionary tale for the rest of Europe grappling with climate change.,https://www.bloomberg.com/news/features/2025-08-21/climate-change-exacerbates-water-shortages-across-bulgaria-and-southern-europe
wheat,Wheat Snaps Two-Day Drop With Demand and Russian Supply in Focus,2025-08-20,Bloomberg,Wheat Rises to 1-Week High as Demand Outweighs Big Russian Crop.,https://www.bloomberg.com/news/articles/2025-08-20/wheat-snaps-two-day-drop-with-demand-and-russian-supply-in-focus
wheat,"EU’s Hot Weather Has Curbed Corn Quality, Bolstering Imports",2025-08-22,Bloomberg,"Scorching temperatures are hurting the European Union's corn crops, putting the bloc on track for its largest imports in three seasons.",https://www.bloomberg.com/news/articles/2025-08-22/eu-s-hot-weather-has-curbed-corn-quality-bolstering-imports
wheat,Tariffs Squeeze Trump-Loving Farmers as Fertilizer Prices Soar,2025-08-28,Bloomberg,"Fertilizer prices are surging, eroding American farmers' profits and adding pressure on the Trump administration to slash tariffs on key crop nutrients.",https://www.bloomberg.com/news/articles/2025-08-28/tariffs-squeeze-trump-loving-farmers-as-fertilizer-prices-soar
wheat,Australia Raises Wheat Forecast to Fourth Largest After Rains,2025-09-01,Bloomberg,"Takeaways by Bloomberg AI Subscribe. Australia is expecting its fourth-largest wheat harvest on record, with crop forecasts dramatically upgraded following...",https://www.bloomberg.com/news/articles/2025-09-01/australia-raises-wheat-forecast-to-fourth-largest-after-rains
wheat,Asia markets close mixed as investors assess SCO summit,2025-09-01,cnbc.com,"That ""volatile period"" saw supply issues in global energy and wheat markets caused by the Russia-Ukrainian War, among other factors, the panel said.",https://www.cnbc.com/2025/09/02/asia-stock-markets-today-live-updates-nikkei-225-asx-200-kospi-hang-seng-csi-300-sensex-nifty-50.html
wheat,Wheat Falls as Strong Global Supply Prospects Weigh on Market,2025-09-02,Bloomberg,Wheat Falls as Strong Global Supply Prospects Weigh on Market. Russia and the EU are delivering good wheat harvests. ... Wheat futures fell on Tuesday as the...,https://www.bloomberg.com/news/articles/2025-09-02/wheat-falls-as-strong-global-supply-prospects-weigh-on-market
wheat,"Pakistan’s Flash Floods Damage Rice, Sugar in Key Area",2025-09-02,Bloomberg,"Flash floods in Pakistan have destroyed thousands of acres of crops in Punjab, the country's largest producer.",https://www.bloomberg.com/news/articles/2025-09-02/pakistan-s-flash-floods-damage-rice-wheat-crops-in-key-area
wheat,Spain Wants to Save Rural Areas — and It’s Finding Creative Ways to Do It,2025-09-12,Bloomberg,The country is selling villages and offering subsidies to live in sparsely-populated towns to lure the wealthy back to the countryside.,https://www.bloomberg.com/news/features/2025-09-12/spain-gets-creative-in-trying-to-attract-entrepreneurs-to-rural-regions
wheat,US Wheat Futures Price,2025-09-14,investing.com,"Oil Supply Shock Ripples Through Fertilizer, Plastics, and Tech. The ... market, meaning prices are indicative and not appropriate for trading purposes.",https://ph.investing.com/commodities/us-wheat
wheat,NASA Scientist Starts Food Crisis Hotline With Tech Giant Funding,2025-09-16,Bloomberg,"Right after Russia's full-scale invasion of Ukraine, crop scientist Inbal Becker-Reshef got a letter from officials in Kyiv. They wanted to figure out how...",https://www.bloomberg.com/news/articles/2025-09-17/google-and-microsoft-back-nasa-scientist-s-food-crisis-hotline
wheat,Russia Held Talks With Wheat Traders to Boost Sluggish Exports,2025-09-17,Bloomberg,Takeaways by Bloomberg AI Subscribe. Russian officials have held talks with the country's major grain traders in an effort to boost exports from the world's top...,https://www.bloomberg.com/news/articles/2025-09-17/russia-held-talks-with-wheat-traders-to-boost-sluggish-exports
wheat,カナダ、インドネシアと経済連携協定署名－東南アジアとの貿易強化へ,2025-09-24,Bloomberg,カナダとインドネシアは24日、新たな包括的経済連携協定（CEPA）に正式に署名した。インドネシアは、カナダにとって東南アジア最大の輸出市場であり、CEPA締結により貿易...,https://www.bloomberg.co.jp/news/articles/2025-09-24/T3472OGOT0JP00
wheat,Canada and Indonesia Ink Trade Deal Amid US Tariff Upheaval,2025-09-24,Bloomberg,"Indonesia and Canada agreed to a deal to lower trade barriers and ease investment procedures, part of efforts by both nations to expand global economic ties...",https://www.bloomberg.com/news/articles/2025-09-24/canada-and-indonesia-ink-trade-deal-amid-us-tariff-upheaval
wheat,丸紅が電力トレード事業を強化へ、英子会社と合弁を設立－関係者,2025-09-30,Bloomberg,丸紅が国内の電力トレーディングを強化するため、新会社を設立する。複数の関係者への取材でわかった。同社はこれまで電力価格の変動リスク対策のため先物を扱ってきた...,https://www.bloomberg.co.jp/news/articles/2025-09-30/T2YTB1GOT0JK00
wheat,India Unveils Raft of Measures to Expand Rupee Globalization,2025-10-01,Bloomberg,"India's central bank unveiled fresh steps to enhance international acceptance of the rupee, joining efforts by regional peers to globalize their currencies...",https://www.bloomberg.com/news/articles/2025-10-01/rbi-unveils-raft-of-measures-to-expand-rupee-globalization-push
wheat,Millennium Hires in Dubai for New Pod Focused on Commodities,2025-10-03,Bloomberg,"Izzy Englander's $79 billion Millennium Management is assembling a new investment team out of Dubai to trade across commodities markets, according to a...",https://www.bloomberg.com/news/articles/2025-10-03/millennium-hires-in-dubai-for-new-pod-focused-on-commodities
wheat,Air India Inspected Emergency Power Use on UK-Bound Flight,2025-10-06,Bloomberg,India's Directorate General of Civil Aviation is investigating how an emergency power system got activated midair in one of Air India's UK-bound flights...,https://www.bloomberg.com/news/articles/2025-10-06/air-india-inspected-emergency-power-use-on-uk-bound-flight
wheat,Dry Spell Takes Edge Off Australia’s Bumper Wheat Harvest,2025-10-07,Bloomberg,"Takeaways by Bloomberg AI Subscribe. A dry spell in Australia is taking the edge off of a bumper wheat harvest, trimming supplies from one of the world's...",https://www.bloomberg.com/news/articles/2025-10-07/australia-s-bumper-wheat-crop-trimmed-by-dry-spell-in-southeast
wheat,‘Farmageddon’ Can’t Be Solved With a Bailout Alone,2025-10-09,Bloomberg,"It's harvest time in the Midwest and farmers are bringing in bumper crops of soybeans, corn and wheat. They should be elated.",https://www.bloomberg.com/opinion/articles/2025-10-09/us-farmers-need-more-than-a-bailout-to-survive-tariffs
wheat,U.S. stock futures jump as Trump seeks to calm trade ...,2025-10-12,investing.com,"... trade war between the world's two largest economies. At 19:43 ET (23:43 GMT) ... market, meaning prices are indicative and not appropriate for trading purposes.",https://www.investing.com/news/stock-market-news/us-stock-futures-jump-as-trump-seeks-to-calm-trade-tensions-with-china-4283031
wheat,"Wheat Set for Five-Year Low on Better Supply Outlook, Trade Spat",2025-10-13,Bloomberg,"Wheat Falls to Five-Year Low on Ample Supplies, Trade Tensions ... Wheat fell for a fourth day, reaching its lowest level since 2020, on an improved supply...",https://www.bloomberg.com/news/articles/2025-10-14/wheat-set-for-five-year-low-on-better-supply-outlook-trade-spat
wheat,WHO Warns Against Three India-Made Cough Syrups After Child Deaths,2025-10-13,Bloomberg,"The World Health Organization issued a global alert over three contaminated cough syrups made in India, the latest development in a series of...",https://www.bloomberg.com/news/articles/2025-10-14/who-warns-against-three-tainted-india-made-cough-syrup-products
wheat,A Renewed US–China Trade War Will Reshape Global ...,2025-10-13,investing.com,"A Renewed US–China Trade War Will Reshape Global Supply Chains. ByKhasay ... For investors, the 2025 tariff shock arrives at a critical moment. U.S. ...",https://www.investing.com/analysis/why-a-renewed-uschina-trade-war-could-reshape-global-supply-chains-200668380
wheat,"Australia’s West Coast Grain Crop May Hit Record, Survey Shows",2025-10-16,Bloomberg,"Western Australia, the nation's biggest grain-producing state, may harvest a record-breaking crop this year thanks to strong weather and a shift from...",https://www.bloomberg.com/news/articles/2025-10-17/australia-s-west-coast-grain-crop-may-hit-record-survey-shows
wheat,Soybeans Jump on Signs of Easing US-China Trade Tensions,2025-10-27,Bloomberg,Soybeans and other grains surged as progress in negotiations between the US and China lifted hopes that the world's two largest economies were edging toward...,https://www.bloomberg.com/news/articles/2025-10-27/soybeans-jump-on-signs-of-easing-us-china-trade-tensions
wheat,Soybeans Surge as US-China Talks Spur Hope for Trade Revival,2025-10-27,Bloomberg,Soybeans and other crops soared as progress in negotiations between the US and China lifted hopes that the world's two largest economies were edging toward...,https://www.bloomberg.com/news/articles/2025-10-27/soybeans-surge-as-us-china-talks-spur-hope-for-trade-revival
wheat,Soybeans Extend Rally as US Says China Halts Retaliatory Tariffs,2025-11-02,Bloomberg,"Soybeans extended gains after the US said China agreed to halt retaliatory tariffs following a key summit last week, and reiterated the Asian nation will...",https://www.bloomberg.com/news/articles/2025-11-03/soybeans-extend-rally-as-us-says-china-halts-retaliatory-tariffs
wheat,China Seeking to Buy American Wheat for the First Time in a Year,2025-11-03,Bloomberg,"Wheat futures in Chicago jumped as China seeks its first US shipments of the grain in more than a year, following orders for soybeans last week as part of a...",https://www.bloomberg.com/news/articles/2025-11-03/china-seeking-to-buy-american-wheat-for-the-first-time-in-a-year
wheat,Corn and Soybeans Slump With US Data Void Clouding Export Demand,2025-11-04,Bloomberg,Corn and soybeans fell while wheat erased earlier gains in Chicago as the US government shutdown kept traders in the dark about any export sales to China or...,https://www.bloomberg.com/news/articles/2025-11-04/corn-and-soybeans-slump-with-us-data-void-clouding-export-demand
wheat,Armenia Receives First Freight Cargo via Azerbaijan in Decades,2025-11-05,Bloomberg,"Armenia received a cargo shipment through Azerbaijan for the first time in more than three decades, a major step toward reopening regional transport routes...",https://www.bloomberg.com/news/articles/2025-11-06/armenia-receives-first-freight-cargo-via-azerbaijan-in-decades
wheat,Grains Futures Rise on Signs US Shutdown May Be Coming to an End,2025-11-09,Bloomberg,"Chicago grains futures rose on Monday on hopes the US may be heading toward a compromise to end the longest government shutdown on record, restoring access...",https://www.bloomberg.com/news/articles/2025-11-10/grains-futures-rise-on-signs-us-shutdown-may-be-coming-to-an-end
wheat,Egypt Adds to Wheat-Buying Spree With More Black Sea Purchases,2025-11-10,Bloomberg,"Mostakbal Misr will obtain 200,000 tons from Russia, 150,000 from Bulgaria and more than 130,000 from Ukraine, said the person, who requested anonymity to...",https://www.bloomberg.com/news/articles/2025-11-10/egypt-adds-to-wheat-buying-spree-with-more-black-sea-purchases
wheat,Grains and Soybeans Hold Steady Ahead of Key US Report on Supply,2025-11-14,Bloomberg,"Wheat advanced to a four-month high as traders weighed the fallout from a major drone attack on Russia's Black Sea port of Novorossiysk, a key export hub...",https://www.bloomberg.com/news/articles/2025-11-14/grains-and-soybeans-hold-steady-ahead-of-key-us-report-on-supply
wheat,India Set to Resume Wheat Product Exports After Three Years,2025-11-14,Bloomberg,"India is considering resuming exports of wheat products after more than three years of restrictions, supported by ample local supplies and expectations of a...",https://www.bloomberg.com/news/articles/2025-11-14/india-set-to-resume-wheat-product-exports-after-three-years
wheat,"Fine, Trade Labubu Futures",2025-11-19,Bloomberg,"Farmers grow wheat and sell it to millers who use it to make flour. Sometimes a farmer wants to lock in a price for her wheat before the harvest,...",https://www.bloomberg.com/opinion/newsletters/2025-11-19/fine-trade-labubu-futures
wheat,USDA Confirms More Soybean Exports to China and First Wheat Sale,2025-11-20,Bloomberg,"The USDA in its daily export sales reporting system Thursday said China booked 462,000 tons of US soybeans and 132,000 tons of white wheat for delivery during...",https://www.bloomberg.com/news/articles/2025-11-20/usda-confirms-more-soybean-exports-to-china-and-first-wheat-sale
wheat,Australia’s Wheat Crop Outlook Raised to Third-Largest on Record,2025-12-01,Bloomberg,"Australia is expecting to harvest its third-largest wheat crop on record in the current season, likely exacerbating a global supply glut of the important...",https://www.bloomberg.com/news/articles/2025-12-01/australia-s-wheat-crop-outlook-raised-to-third-largest-on-record
wheat,A $9.99 Scam Put a Billion People At Risk in India’s Hyper-Digital Economy,2025-12-04,Bloomberg,The country's digital revolution has created a criminal dystopia. Businessweek investigates the trail from victims to scammers.,https://www.bloomberg.com/features/2025-india-digital-scams/
wheat,Biggest Argentina Wheat Crop on Record Drives Logistics Frenzy,2025-12-05,Bloomberg,"With fieldwork in full swing, production is seen at 25.5 million metric tons, the Buenos Aires Grain Exchange confirmed on Thursday, easily the most in data...",https://www.bloomberg.com/news/articles/2025-12-05/biggest-argentina-wheat-crop-on-record-drives-logistics-frenzy
wheat,Trump announces $12 billion aid package for farmers hurt ...,2025-12-08,cnbc.com,"... trade war between the U.S. and China that continue to affect agricultural ... The funds will come from U.S. tariff revenues, Trump said during a roundtable event ...",https://www.cnbc.com/2025/12/08/trump-farmer-aid-trade-tariffs-china.html
wheat,"Milei Is Cutting Export Taxes on Argentine Soy, Corn and Wheat",2025-12-09,Bloomberg,"President Javier Milei's government reduced tariffs on exports of soybeans, corn and wheat as he seeks to make good on a repeated promise to do away with the...",https://www.bloomberg.com/news/articles/2025-12-09/milei-is-cutting-export-taxes-on-argentine-soy-corn-and-wheat
wheat,US farmers say Trump's $12 billion aid package won't ...,2025-12-10,reuters.com,"Farmers face low prices, high costs, lost exports due to trade disputes ... prices and lost export opportunities from his trade war. The aid will help ...",https://www.reuters.com/business/us-farmers-say-trumps-12-billion-aid-package-wont-cover-losses-2025-12-10/
wheat,Cofco International Ships First Argentine Wheat Cargo to China,2025-12-13,Bloomberg,"Cofco International Ltd. is loading the first bulk commercial shipment of Argentine wheat to China, kicking off a new trade flow between the two countries,...",https://www.bloomberg.com/news/articles/2025-12-13/cofco-international-ships-first-argentine-wheat-cargo-to-china
wheat,China Buys Rare Argentine Wheat Cargo as Milei Trims Tariffs,2025-12-14,Bloomberg,China is buying its first cargo of Argentine wheat in decades at a time when farmers on the Pampas are harvesting a record crop and President Javier Milei is...,https://www.bloomberg.com/news/articles/2025-12-14/china-buys-rare-argentine-wheat-cargo-as-milei-trims-tariffs
wheat,Iraq's dreams of wheat independence dashed by water crisis,2025-12-16,reuters.com,Drought and upstream dams slash Iraq's water reserves · FAO forecasts increased imports · Crisis threatening rural livelihoods.,https://www.reuters.com/business/environment/iraqs-dreams-wheat-independence-dashed-by-water-crisis-2025-12-16/
wheat,WEAT Stock Price | Teucrium Wheat ETF,2025-12-18,investing.com,The fund employs a market neutral investment strategy. It seeks to track the daily weighted average of the closing settlement prices for three futures contracts ...,https://www.investing.com/etfs/teucrium-wheat
wheat,Five charts that defined agricultural markets in 2025,2025-12-18,reuters.com,"Chicago wheat prices ... U.S. soybean market share has been under threat for years, declining sharply following the 2018 trade war with China during President ...",https://www.reuters.com/markets/commodities/five-charts-that-defined-agricultural-markets-2025-2025-12-18/
wheat,Kelly Evans: Silver and wow,2025-12-19,cnbc.com,"Alcoa, one of his picks, is at a 52-week high today, though still trading around $50 versus $90 at the highs post Covid. Cattle prices--a lead for beef prices ...",https://www.cnbc.com/2025/12/19/kelly-evans-silver-and-wow-.html
wheat,"Wheat, Soybeans Climb on Black Sea Port Attacks, Export Outlook",2025-12-22,Bloomberg,Wheat jumped as escalating tension between Russia and Ukraine sparked concerns over crop exports from the Black Sea region. Soybeans also rose.,https://www.bloomberg.com/news/articles/2025-12-22/wheat-soybeans-climb-on-black-sea-port-attacks-export-outlook
wheat,Wheat Trades Near One-Week High on Rising Black Sea Tensions,2025-12-23,Bloomberg,"Wheat hovered near a one-week high in Chicago, as fresh tensions between Russia and Ukraine raise the risk of crop-export disruptions from the Black Sea...",https://www.bloomberg.com/news/articles/2025-12-23/wheat-trades-near-one-week-high-on-rising-black-sea-tensions
wheat,Russian attacks on Ukrainian ports cause drop in food ...,2025-12-24,reuters.com,"A de facto Russian blockade early in the near four-year-old war worsened a global food shortage. ... DECLINE IN WHEAT, CORN, VEGOIL EXPORTS. According to UAC, as ...",https://www.reuters.com/business/russian-attacks-ukrainian-ports-cause-drop-food-exports-2025-12-24/
wheat,Russia Boosts Late Season Grain Export Quota as Prices Pick Up,2025-12-24,Bloomberg,"Russia has set a grain export quota of 20 million tons for the latter part of the season, a level that should allow the world's top wheat shipper to...",https://www.bloomberg.com/news/articles/2025-12-24/russia-boosts-late-season-grain-export-quota-as-prices-pick-up
wheat,"Wheat Heads for Longest Rally Since April on War, Weather Risks",2025-12-24,Bloomberg,Takeaways by Bloomberg AI Subscribe. Chicago wheat futures headed for the longest rally since April as Black Sea supply risks and weather uncertainties support...,https://www.bloomberg.com/news/articles/2025-12-24/wheat-heads-for-longest-rally-since-april-on-war-weather-risks
wheat,Survey: Tariff costs to drive further U.S. price hikes in 2026,2025-12-24,investing.com,"With supply-chain adjustments largely complete and exporters unlikely ... market, meaning prices are indicative and not appropriate for trading purposes.",https://www.investing.com/news/economy-news/survey-tariff-costs-to-drive-further-us-price-hikes-in-2026-4422532
wheat,Paris Wheat Futures Dip in First Trading Session of 2026,2026-01-02,Bloomberg,"Grains extended December's steep declines into the new year, with traders focused on weather in South America, while fresh details on US farm aid provided...",https://www.bloomberg.com/news/articles/2026-01-02/paris-wheat-futures-dip-in-first-trading-session-of-2026
wheat,Venezuela's stock exchange is a double this week. There ...,2026-01-07,cnbc.com,"After years of rampant spending, falling oil prices, and heavy U.S. sanctions ... Global Business and Financial News, Stock Quotes, and Market Data and Analysis.",https://www.cnbc.com/2026/01/07/venezuelan-stocks-are-up-110percent-this-week-there-may-soon-be-an-etf-to-play-it.html
wheat,Ukraine Grain Exports Slumped in December as Strikes Intensified,2026-01-08,Bloomberg,Wheat exports from Ukraine — one of the world's major grain exporters — tumbled almost 25% in December as Russia stepped up attacks on the country's port...,https://www.bloomberg.com/news/articles/2026-01-08/ukraine-grain-exports-slumped-in-december-as-strikes-intensified
wheat,India Space Agency Rocket Fails to Launch Second Time in A Year,2026-01-11,Bloomberg,"India's space agency began 2026 with a setback after its rocket failed for the second time to achieve the desired orbit, underscoring challenges to the...",https://www.bloomberg.com/news/articles/2026-01-12/india-space-agency-rocket-fails-to-launch-second-time-in-a-year
wheat,Corn Rises to Two-Week High as Report Seen Cutting US Yield,2026-01-12,Bloomberg,"Corn futures hit the highest in two weeks as traders await a key monthly report from the US Department of Agriculture, which is expected to pare the outlook...",https://www.bloomberg.com/news/articles/2026-01-12/corn-rises-to-two-week-high-as-report-seen-cutting-us-corn-yield
wheat,Corn Drops Most Since 2024 as USDA Unexpectedly Raises US Yield,2026-01-12,Bloomberg,Corn futures fell by the most since June 2023 after the US Department of Agriculture raised its outlook for American supplies when analysts were expecting a...,https://www.bloomberg.com/news/articles/2026-01-12/corn-drops-most-since-2024-as-usda-unexpectedly-raises-us-yield
wheat,India Allows Some Exports of Wheat Products After Three-Year Ban,2026-01-19,Bloomberg,"India Allows Some Exports of Wheat Products After Three-Year Ban. Wheat harvesting in Uttar Pradesh, India. ... Follow Bloomberg India on WhatsApp for exclusive...",https://www.bloomberg.com/news/articles/2026-01-20/india-allows-some-exports-of-wheat-products-after-three-year-ban
wheat,"CNBC Excerpts: CNBC Broadcasts Live from Davos, ...",2026-01-22,cnbc.com,"I think one of the things that's been a big issue is the price of homes based on the price of construction. The lack of supply has made the prices higher, and ...",https://www.cnbc.com/2026/01/22/cnbc-excerpts-cnbc-broadcasts-live-from-davos-switzerland-today-thursday-january-22.html
wheat,Wheat Extends Gain on Worries Freezing Weather Will Hurt Crops,2026-01-23,Bloomberg,"Takeaways by Bloomberg AI Subscribe. Wheat futures rose for a second day in Chicago amid concern freezing weather in the US and Russia could damage crops, while...",https://www.bloomberg.com/news/articles/2026-01-23/wheat-extends-gain-on-worries-freezing-weather-will-hurt-crops
wheat,"Crops Gain as Weak Dollar, Trump Biofuel Comments Bolster Demand",2026-01-28,Bloomberg,Wheat soared the most since November while corn and soybeans also gained in Chicago as a recent slide in the US dollar boosted demand expectations for...,https://www.bloomberg.com/news/articles/2026-01-28/crops-gain-as-weak-dollar-trump-biofuel-comments-bolster-demand
wheat,What It's Like to Do Big Ag Business in Venezuela and Ukraine,2026-01-29,Bloomberg,Dealing with dollar shortages and much more.,https://www.bloomberg.com/news/articles/2026-01-29/what-it-s-like-to-do-big-ag-business-in-venezuela-and-ukraine
wheat,Wheat Eyes Biggest Monthly Gain Since May 2024 as Dollar Weakens,2026-01-30,Bloomberg,Grain and oilseed futures fell Friday amid a strengthening US dollar as President Donald Trump announced Kevin Warsh as his pick for the top job at the...,https://www.bloomberg.com/news/articles/2026-01-30/wheat-eyes-biggest-monthly-gain-since-may-2024-as-dollar-weakens
wheat,India Plans to Spend Less on Fertilizer Subsidy Next Fiscal Year,2026-02-01,Bloomberg,"India has proposed to cut fertilizer subsidy spending in the next financial year starting in April, a move that could help reduce the fiscal deficit but may...",https://www.bloomberg.com/news/articles/2026-02-01/india-plans-to-spend-less-on-fertilizer-subsidy-next-fiscal-year
wheat,"GrainCorp Warns Supply Glut Will Hit Profit, Shares Drop 19%",2026-02-01,Bloomberg,"Australia's GrainCorp Ltd., a leading exporter of wheat and other crops, warned Monday that a global supply glut would result in sharply lower earnings,...",https://www.bloomberg.com/news/articles/2026-02-02/graincorp-warns-supply-glut-will-hit-profit-shares-drop-19
wheat,Wheat Down Most Since December as Grains Join Commodities Rout,2026-02-02,Bloomberg,"Wheat fell as much as 2%, pressured by a firmer US dollar with agriculture commodities tracking a broad decline in Monday markets.",https://www.bloomberg.com/news/articles/2026-02-02/wheat-down-most-since-december-as-grains-join-commodities-rout
wheat,US state tariff bills rise as Trump faces midterms ...,2026-02-11,cnbc.com,"How Trump's trade war is influencing freight market in 2026: Port of Long Beach. State of Freight. At Saline, Michigan-based Hiblow USA, which specializes in ...",https://www.cnbc.com/2026/02/11/inflation-affordability-trump-tariffs-midterm-elections.html
wheat,"Farmers, Tractors Gather in Madrid to Protest EU-Mercosur Deal",2026-02-11,Bloomberg,Thousands of farmers marched into central Madrid on Wednesday to protest against European Union's agricultural policies and a free trade agreement with a...,https://www.bloomberg.com/news/articles/2026-02-11/farmers-tractors-gather-in-madrid-to-protest-eu-mercosur-deal
wheat,UN Food Agency Targets $200 Million for Ivory Coast Farm Sector,2026-02-12,Bloomberg,The United Nations' Food and Agriculture Organization plans to mobilize more than $200 million in private investment for Ivory Coast's agriculture sector.,https://www.bloomberg.com/news/articles/2026-02-12/un-food-agency-targets-200-million-for-ivory-coast-farm-sector
wheat,India Relaxes Wheat Export Curbs to Appease Protesting Farmers,2026-02-13,Bloomberg,"India permitted limited exports of wheat, easing restrictions imposed more than three years ago, to support farmers as bumper harvests improved domestic...",https://www.bloomberg.com/news/articles/2026-02-13/india-relaxes-wheat-export-restrictions-to-appease-farmers
wheat,Wheat Declines Amid Thin Trading and Signs of Ample Supply,2026-02-17,Bloomberg,Grain Prices Lower as Asia's Lunar New Year Keeps Trading Thin ... Grain futures were lower Tuesday as markets reopened from a long weekend in the US and Asia's...,https://www.bloomberg.com/news/articles/2026-02-17/wheat-declines-amid-thin-trading-and-signs-of-ample-supply
wheat,"Winners, Losers Emerge as Trump’s Tariffs Take Hold",2026-02-18,Bloomberg,US trade representative lauds Bangladesh wheat shipment while American exports to China flounder.,https://www.bloomberg.com/news/newsletters/2026-02-18/winners-and-losers-of-trump-tariffs
wheat,Millennium Exit Spawns Two New Hedge Funds Seeking $1.4 Billion,2026-02-23,Bloomberg,Two new commodities hedge funds are seeking to raise a collective $1.4 billion in assets after Millennium Management pulled the plug on the founders'...,https://www.bloomberg.com/news/articles/2026-02-23/millennium-exit-spawns-two-new-hedge-funds-seeking-1-4-billion
wheat,Israel Plans to Boost US Wheat Imports in Bid for Tariff Relief,2026-02-25,Bloomberg,Prime Minister Benjamin Netanyahu's government intends to scrap a tax-free quota and raise levies to 50% on wheat-feed imported from countries other than the US...,https://www.bloomberg.com/news/articles/2026-02-24/israel-plans-to-boost-us-wheat-imports-in-bid-for-tariff-relief
wheat,Iran War Threatens Supply Disruptions for Agriculture Markets,2026-03-02,Bloomberg,Agriculture traders rushed to adjust positions with the escalating conflict in Iran threatening to disrupt supply chains from corn and soybean meal to...,https://www.bloomberg.com/news/articles/2026-03-02/soy-oil-hits-two-year-high-as-crude-rallies-after-iran-strikes
wheat,"World food price rise set to continue if Iran war lasts, FAO ...",2026-03-04,investing.com,"""Those choices will hit future yields and shape our food supply and commodity prices ... market, meaning prices are indicative and not appropriate for trading ...",https://www.investing.com/news/commodities-news/world-food-prices-extend-rise-in-march-united-nations-fao-says-4596882
wheat,Chicago Soy Oil Jumps 4% as Crude’s Rally Boosts Biofuel Demand,2026-03-09,Bloomberg,Palm and soybean oil prices surged and wheat hovered near the highest in almost two years as the war in the Middle East drove up energy and fertilizer costs...,https://www.bloomberg.com/news/articles/2026-03-09/chicago-soy-oil-jumps-4-as-crude-s-rally-boosts-biofuel-demand
wheat,Iran news: Food prices could rise due to fertilizer shortages,2026-03-11,cnbc.com,Food prices could rise as Iran conflict disrupts fertilizer supply chain ... The war in Iran could raise global food prices as the conflict disrupts fertilizer ...,https://www.cnbc.com/2026/03/11/iran-news-food-prices-could-rise-due-to-fertilizer-shortages.html
wheat,War in Iran threatens fresh food-price shock across ...,2026-03-20,reuters.com,"Unlike in 2022, when Russia's war in Ukraine abruptly hit grain exports from major food producers, higher fertiliser prices, or outright shortages, could ...",https://www.reuters.com/world/middle-east/war-iran-threatens-fresh-food-price-shock-across-developing-world-2026-03-20/
wheat,"EU, Australia seal trade deal as Western countries hedge ...",2026-03-24,cnbc.com,"The regional war has reignited fears of an energy supply squeeze and inflation shock in Europe, which relies heavily on imported crude oil and natural gas.",https://www.cnbc.com/2026/03/24/eu-australia-trade-deal-trump-tariffs-war-risks.html
wheat,"Fertilizer prices surge amid Iran war, sparking food security ...",2026-03-25,cnbc.com,Food insecurity warnings as Iran conflict constricts fertilizer supply and prices soar. ... Sanctions on Russian exports added pressure to a market that was ...,https://www.cnbc.com/2026/03/25/fertilizer-price-iran-war-food-security-inflation-urea-potash-nitrogen-farmers.html
wheat,"World food price rise set to continue if Iran war lasts, FAO ...",2026-04-03,reuters.com,Sacks of harvested wheat are seen at a grain market in Gaggarpur village ... Global maize prices edged up as ample global supply offset concerns over ...,https://www.reuters.com/markets/us/world-food-prices-extend-rise-march-united-nations-fao-says-2026-04-03/
wheat,Iran war: Why a super El Niño event poses fresh risks to ...,2026-04-09,cnbc.com,"... prices."" 2026 might produce a super El Niño weather pattern. In that case, drought and limited water supply might be more important than shortages of nitrogen.",https://www.cnbc.com/2026/04/09/el-nino-food-risks-iran-war-fertilizer-weather.html
wheat,US Economy Faces Whiplash as Supply Shocks Distort ...,2026-04-17,investing.com,"A supply shock is playing out in the labor market: the large increase in net ... tariff hikes and the COVID pandemic, leading to more agile supply chains.",https://www.investing.com/analysis/us-economy-faces-whiplash-as-supply-shocks-distort-jobs-and-inflation-200678716
wheat,"Take Five: Warsh, war and worsening conditions? By Reuters",2026-04-17,investing.com,"... supply chains and a dizzying news cycle. Even though oil prices have ... market, meaning prices are indicative and not appropriate for trading purposes.",https://www.investing.com/news/economy-news/take-five-warsh-war-and-worsening-conditions-4619777
wheat,Argentina wheat threatened by high urea fertilizer prices ...,2026-04-17,reuters.com,"Argentina wheat threatened by high urea fertilizer prices due to Iran war. By ... Urea prices doubled after Persian Gulf supply disruptions, analyst says ...",https://www.reuters.com/world/americas/argentina-wheat-threatened-by-high-urea-fertilizer-prices-due-iran-war-2026-04-17/
wheat,The War's Economic Fallout Is Only Beginning,2026-04-17,investing.com,"Market Analysis by covering: Crude Oil WTI Futures. Read 's Market ... market, meaning prices are indicative and not appropriate for trading purposes.",https://www.investing.com/analysis/crisis-in-transit-wars-economic-fallout-is-only-beginning-200678679
wheat,Argentina wheat threatened by high urea fertilizer prices ...,2026-04-17,investing.com,"Argentina wheat threatened by high urea fertilizer prices due to Iran war. ... market, meaning prices are indicative and not appropriate for trading purposes.",https://www.investing.com/news/commodities-news/argentina-wheat-threatened-by-high-urea-fertilizer-prices-due-to--iran-war-4619910
wheat,Russia says Middle East war disruption opens up new ...,2026-04-20,investing.com,"MOSCOW, April 7 (Reuters) - Global supply disruptions caused by the war ... market, meaning prices are indicative and not appropriate for trading purposes.",https://www.investing.com/news/commodities-news/russia-says-middle-east-war-disruption-opens-up-new-trade-opportunities-4600447
wheat,Ukraine in diplomatic tussle with Israel over grain Kyiv says ...,2026-04-29,reuters.com,"""We condemn all actions that help fund Russia's ​illegal war effort and ⁠circumvent EU sanctions, and remain ready to target such actions by listing individuals ...",https://www.reuters.com/world/europe/israels-purchase-stolen-ukrainian-grain-is-not-legitimate-zelenskiy-says-2026-04-28/
wheat,"US business activity recovers in April, war with Iran is ...",2026-04-29,investing.com,"US business activity recovers in April, war with Iran is boosting prices, S&P Global survey shows. ... market, meaning prices are indicative and not appropriate ...",https://www.investing.com/news/economy-news/us-business-activity-recovers-in-april-war-with-iran-is-boosting-prices-sp-global-survey-shows-4632989
wheat,US wheat futures surge on strong EU barley export data,2026-04-29,investing.com,"Chicago wheat futures gained following data indicating European Union barley exports ... market sentiment, lifting wheat prices. EU maize imports totaled 14.46 ...",https://www.investing.com/news/stock-market-news/us-wheat-futures-surge-on-strong-eu-barley-export-data-93CH-4642347
wheat,Stock market today: Live updates,2026-04-29,cnbc.com,"Wheat prices reach nearly two-year high, up 11% since start of Iran war. July wheat futures climbed to a high of $6.595 a bushel Tuesday, the highest since ...",https://www.cnbc.com/2026/04/28/stock-market-today-live-updates.html
wheat,Iran war fertiliser squeeze could spell trouble for next year's ...,2026-04-29,reuters.com,... prices in four years due to the Iran war. But with grain prices too low to cushion the blow from the deeper supply ... Chicago wheat and soybean prices since 2022.,https://www.reuters.com/world/china/iran-war-fertiliser-squeeze-could-spell-trouble-next-years-grain-harvests-2026-04-27/
wheat,U.S. wheat continues to rebound on weather worries,2026-04-29,reuters.com,U.S. wheat futures continued to recover from last week's sell-off in early ... wheat and European crops lifted prices.,https://www.reuters.com/article/world/us/us-wheat-continues-to-rebound-on-weather-worries-idUSL3E7G93VS/
wheat,"U.S. soy/corn ease after weather rally, wheat steady",2026-04-29,reuters.com,... war. Sign up here. March corn futures dipped 0.19 percent at $6.53-1/4. CBOT March wheat was unchanged by 0043 GMT to $6.41-3/4 per bushel. FUNDAMENTALS.,https://www.reuters.com/article/world/us/us-soycorn-ease-after-weather-rally-wheat-steady-idUSL3E8C9BQX/
wheat,Analysis-Iran war fertiliser squeeze could spell trouble for ...,2026-04-29,investing.com,"... prices in four years due to the Iran war. But with grain prices too low to cushion the blow from the deeper supply crunch this time around, many are ...",https://www.investing.com/news/stock-market-news/analysisiran-war-fertiliser-squeeze-could-spell-trouble-for-next-years-grain-harvests-4638058
wheat,UAE leaves OPEC in blow to global oil producers' group,2026-04-29,reuters.com,... crisis caused by the Iran war exposes discord among Gulf nations ... It could also free the UAE to increase output once exports via the Gulf resume as it ...,https://www.reuters.com/markets/commodities/uae-says-it-quits-opec-opec-statement-2026-04-28/
wheat,Forecast for strong El Nino fans worries about global crops ...,2026-04-29,reuters.com,"... war ... One ​of the strongest such patterns occurred in 2015 and 2016, triggering widespread drought in Asia, cutting grain and oilseed output.",https://www.reuters.com/sustainability/climate-energy/forecast-strong-el-nino-fans-worries-about-global-crops-iran-war-bites-2026-04-24/
wheat,"US wheat futures rise on higher oil prices, weaker dollar",2026-04-29,investing.com,"Investing.com -- Chicago Board of Trade wheat futures turned higher on Monday on higher crude oil prices, a weaker U.S. dollar and war premium from the ...",https://www.investing.com/news/commodities-news/us-wheat-futures-rise-on-higher-oil-prices-weaker-dollar-93CH-4639707
wheat,"War, weather and weak prices cloud US corn's 2026 outlook",2026-04-29,reuters.com,Global Market Data · Rates & Bonds · Stocks · U.S. Markets · Wealth. More ... Now a surge in energy and fertilizer prices triggered by the U.S.-Israeli war ...,https://www.reuters.com/markets/commodities/war-weather-weak-prices-cloud-us-corns-2026-outlook-2026-04-21/
wheat," Chicago Wheat, Corn, Soy Prices Fall on Profit-Taking, Farmer Selling",2026-05-05,Investing.com,"Investing.com -- Chicago wheat, corn and soybean futures declined on Tuesday, ending a two-session rally as profit-taking and farmer selling weighed on prices, with falling crude oil also pressuring...",https://www.investing.com/news/commodities-news/chicago-wheat-corn-soy-prices-fall-on-profittaking-farmer-selling-93CH-4660542
wheat,MHP Q4 2025 slides: revenue surges 44% but net loss signals margin pressure,2026-05-05,Investing.com,"Introduction & Market ContextUkrainian agro-industrial company MHP SE (LSE:MHPC) presented its financial results for the fourth quarter and full year 2025 on May 5, 2026, revealing a complex picture...",https://www.investing.com/news/company-news/mhp-q4-2025-slides-revenue-surges-44-but-net-loss-signals-margin-pressure-93CH-4660173
wheat,"Andersons earnings on deck amid volatile grain, biofuel markets",2026-05-05,Investing.com,"The Andersons Inc. reports first-quarter results after the market close Tuesday, with analysts expecting the agriculture and renewable fuels company to earn $0.52 per share on revenue of $2.69...",https://www.investing.com/news/earnings/andersons-earnings-on-deck-amid-volatile-grain-biofuel-markets-93CH-4659659
wheat,"Earnings call transcript: ADAMA Ltd. Q1 2026 results show strong growth, stock surges",2026-05-06,Investing.com,"ADAMA Ltd. reported a solid performance for the first quarter of 2026, with earnings per share reaching $0.2443 and revenue totaling $7.21 billion. The company’s stock responded positively, surging...",https://www.investing.com/news/transcripts/earnings-call-transcript-adama-ltd-q1-2026-results-show-strong-growth-stock-surges-93CH-4662167
wheat,Earnings call transcript: Corteva Q1 2026 beats earnings forecast but stock dips,2026-05-06,Investing.com,"Corteva Agriscience reported a robust first quarter for 2026, surpassing market expectations with an earnings per share (EPS) of $1.50 against a forecast of $1.17, a 28.21% surprise. The company also...",https://www.investing.com/news/transcripts/earnings-call-transcript-corteva-q1-2026-beats-earnings-forecast-but-stock-dips-93CH-4664277
wheat,"Earnings call transcript: Fresenius SE reports strong Q1 2026, EPS growth",2026-05-06,Investing.com,"Fresenius SE & Co. KGaA reported robust financial results for the first quarter of 2026, with earnings per share (EPS) and revenue aligning with management expectations. The company demonstrated...",https://www.investing.com/news/transcripts/earnings-call-transcript-fresenius-se-reports-strong-q1-2026-eps-growth-93CH-4663385
wheat," Airbnb, McKesson, Gilead and more set to report earnings Thursday",2026-05-06,Investing.com,"Earnings season continues with another busy day ahead. Investors should prepare for Thursday’s trading session, which features a robust lineup of companies across multiple sectors reporting their...",https://www.investing.com/news/stock-market-news/airbnb-mckesson-gilead-and-more-set-to-report-earnings-thursday-93CH-4664888
wheat,Earnings call transcript: Andersons Q1 2026 beats EPS but stock drops,2026-05-06,Investing.com,"The Andersons Inc. (ANDE) reported its strongest first-quarter earnings on record, with an EPS of $1.12, significantly surpassing the forecasted $0.52. However, revenue fell short of expectations at...",https://www.investing.com/news/transcripts/earnings-call-transcript-andersons-q1-2026-beats-eps-but-stock-drops-93CH-4663822
wheat,Basis stays steady as cold and drought threaten crops,2026-05-06,Reuters," CHICAGO, May 6 (Reuters) - Basis bids for hard red winter wheat remained flat in the southern U.S. Plains on Wednesday while merchandisers eyed the risk for cold weather to hurt drought-hit crops. •...",https://www.investing.com/news/commodities-news/basis-stays-steady-as-cold-and-drought-threaten-crops-4665530
wheat,Earnings call transcript: CF Industries Q1 2026 results exceed forecasts,2026-05-07,Investing.com,"CF Industries Holdings Inc. reported its financial results for the first quarter of 2026, showcasing a significant earnings beat. The company posted an earnings per share (EPS) of $3.98, surpassing...",https://www.investing.com/news/transcripts/earnings-call-transcript-cf-industries-q1-2026-results-exceed-forecasts-93CH-4670458
wheat,Jobs report and consumer sentiment among economic data due Friday,2026-05-07,Investing.com,"As traders approach another pivotal day for financial markets, a series of crucial economic data releases that could sway market dynamics are expected on Friday, May 8, 2026. The monthly employment...",https://www.investing.com/news/stock-market-news/jobs-report-and-consumer-sentiment-among-economic-data-due-friday-93CH-4669267
wheat,Earnings call transcript: McEwen Mining sees Q1 2026 profit surge,2026-05-07,Investing.com,"McEwen Mining Inc. (MUX) reported a significant financial turnaround in Q1 2026, posting earnings per share (EPS) of $0.56, surpassing the forecast of $0.4233 by 32.29%. The company’s revenue also...",https://www.investing.com/news/transcripts/earnings-call-transcript-mcewen-mining-sees-q1-2026-profit-surge-93CH-4670464
wheat,"OR Royalties Q1 2026 slides: record revenue, 50% growth outlook",2026-05-07,Investing.com,"Introduction & Market ContextOR Royalties Inc. (TSX:OR, NYSE:OR) presented its Q1 2026 results on May 7, 2026, showcasing record financial performance driven by increased gold equivalent ounce...",https://www.investing.com/news/company-news/or-royalties-q1-2026-slides-record-revenue-50-growth-outlook-93CH-4670324
wheat,Earnings call transcript: StoneX Group’s Q2 2026 earnings beat expectations,2026-05-07,Investing.com,"StoneX Group (NASDAQ:SNEX) reported its financial results for the second quarter of fiscal year 2026, showcasing a strong performance with earnings per share (EPS) of $2.07, significantly surpassing...",https://www.investing.com/news/transcripts/earnings-call-transcript-stonex-groups-q2-2026-earnings-beat-expectations-93CH-4669260
wheat,"Earnings call transcript: Palomar Holdings beats Q1 2026 forecasts, stock rises",2026-05-07,Investing.com,"Palomar Holdings Inc. reported strong financial results for the first quarter of 2026, surpassing both earnings and revenue expectations. The company achieved an earnings per share (EPS) of $2.31,...",https://www.investing.com/news/transcripts/earnings-call-transcript-palomar-holdings-beats-q1-2026-forecasts-stock-rises-93CH-4670554
wheat,Earnings call transcript: Royal Gold Q1 2026 sees strong growth despite EPS miss,2026-05-07,Investing.com,"Royal Gold Inc. reported its Q1 2026 earnings, revealing a mixed performance with an EPS of $2.72, missing the forecasted $2.96 by 8.11%. Revenue also fell short at $469.1 million compared to the...",https://www.investing.com/news/transcripts/earnings-call-transcript-royal-gold-q1-2026-sees-strong-growth-despite-eps-miss-93CH-4670553
wheat,Earnings call transcript: Cheniere Energy Q1 2026 sees EPS miss despite revenue beat,2026-05-07,Investing.com,"Cheniere Energy reported a challenging Q1 2026, with earnings per share (EPS) significantly missing forecasts, leading to a premarket stock decline. The company posted an EPS of -16.65, starkly below...",https://www.investing.com/news/transcripts/earnings-call-transcript-cheniere-energy-q1-2026-sees-eps-miss-despite-revenue-beat-93CH-4670481
wheat,Wheaton Precious Metals earnings: Can growth offset cooler forecasts?,2026-05-07,Investing.com,"Wheaton Precious Metals Corp. reports first-quarter earnings Thursday after market close, with analysts expecting the streaming company to navigate a period of cooling estimates despite robust...",https://www.investing.com/news/earnings/wheaton-precious-metals-earnings-can-growth-offset-cooler-forecasts-93CH-4669477
wheat,Earnings call transcript: OR Royalties sees strong Q1 2026 performance with strategic growth,2026-05-07,Investing.com,"OR Royalties (OR) reported robust financial results for Q1 2026, marked by record revenues and significant earnings growth. The company achieved quarterly revenues of $102.8 million, driven by...",https://www.investing.com/news/transcripts/earnings-call-transcript-or-royalties-sees-strong-q1-2026-performance-with-strategic-growth-93CH-4669764
wheat,Wheaton Precious Metals raises quarterly dividend by 18%,2026-05-08,Investing.com,"VANCOUVER, British Columbia - Wheaton Precious Metals Corp. declared a second quarterly cash dividend for 2026 of $0.195 per common share, according to a press release statement.
The dividend...",https://www.investing.com/news/company-news/wheaton-precious-metals-raises-quarterly-dividend-by-18-93CH-4671106
wheat,Wheaton Precious Metals shareholders elect board directors,2026-05-08,Investing.com,"VANCOUVER, BC - Wheaton Precious Metals Corp. elected 10 directors to its board at the company’s annual and special meeting of shareholders held on Thursday, according to a press release statement....",https://www.investing.com/news/company-news/wheaton-precious-metals-shareholders-elect-board-directors-93CH-4674164
wheat,"Earnings call transcript: VAALCO Energy Q1 2026 misses earnings, stock dips",2026-05-08,Investing.com,"VAALCO Energy reported a net loss for Q1 2026, with an EPS of -$0.45, significantly below the forecasted $0.02. Revenue also fell short at $62.6 million compared to expectations of $84.8 million,...",https://www.investing.com/news/transcripts/earnings-call-transcript-vaalco-energy-q1-2026-misses-earnings-stock-dips-93CH-4673218
wheat,"Wheaton Precious Metals elects board, approves executive compensation plan",2026-05-08,Investing.com,"Wheaton Precious Metals Corp. (WPM) announced the election of directors and approval of special matters at its 2026 annual shareholder meeting held May 8.
The company completed a leadership transition...",https://www.investing.com/news/assorted/wheaton-precious-metals-elects-board-approves-executive-compensation-plan-432SI-4674122
wheat,"Earnings call transcript: M. Dias Branco Q1 2026 earnings miss, stock drops",2026-05-08,Investing.com,"M. Dias Branco reported its first-quarter 2026 earnings, revealing a miss on both earnings per share (EPS) and revenue expectations. The company posted an EPS of $0.3803, falling short of the...",https://www.investing.com/news/transcripts/earnings-call-transcript-m-dias-branco-q1-2026-earnings-miss-stock-drops-93CH-4673698
wheat,M.Dias Branco Q1 2026 slides: margins expand amid revenue miss,2026-05-08,Investing.com,"Introduction & Market ContextM.Dias Branco SA (BVMF:MDIA3) presented its first quarter 2026 results on May 8, revealing a challenging operating environment marked by consumption retraction in Brazil,...",https://www.investing.com/news/company-news/mdias-branco-q1-2026-slides-margins-expand-amid-revenue-miss-93CH-4673748
wheat,Camil 4Q25 slides: volumes rise as commodity deflation hits revenue,2026-05-08,Investing.com,"Introduction & Market ContextCamil Alimentos SA (BVMF:CAML3) presented its fourth quarter and full-year 2025 results on May 8, 2026, revealing a company navigating significant commodity price...",https://www.investing.com/news/company-news/camil-4q25-slides-volumes-rise-as-commodity-deflation-hits-revenue-93CH-4673626
wheat,"Earnings call transcript: Sweetgreen Q1 2026 shows EPS beat, stock dips",2026-05-08,Investing.com,"Sweetgreen Inc. (SG) reported its first-quarter 2026 earnings, showcasing a remarkable earnings per share (EPS) of $1.05, significantly surpassing the forecasted -$0.21. Despite this earnings surprise...",https://www.investing.com/news/transcripts/earnings-call-transcript-sweetgreen-q1-2026-shows-eps-beat-stock-dips-93CH-4670846
wheat,Wheaton Precious Metals Q1 2026 slides: record results on metal price surge,2026-05-08,Investing.com,"Introduction & Market ContextWheaton Precious Metals Corp. (TSX:WPM) (NYSE:WPM) (LSE:WPM) delivered record-breaking first quarter 2026 results during its May 8 conference call, surpassing analyst...",https://www.investing.com/news/company-news/wheaton-precious-metals-q1-2026-slides-record-results-on-metal-price-surge-93CH-4673681
wheat,Earnings call transcript: Wheaton Precious Metals beats Q1 2026 forecasts,2026-05-08,Investing.com,"Wheaton Precious Metals Corp. reported its Q1 2026 earnings, surpassing both earnings per share (EPS) and revenue forecasts. The company posted an EPS of $1.28, beating the forecast of $1.25, and...",https://www.investing.com/news/transcripts/earnings-call-transcript-wheaton-precious-metals-beats-q1-2026-forecasts-93CH-4673574
wheat,Form 6K Wheaton Precious Metals Corp. For: 8 May,2026-05-08,Investing.com,,https://www.investing.com/news/filings/form-6k-wheaton-precious-metals-corp-for-8-may-93CH-4674368
wheat,American Farmers Shun USDA Surveys as Trust in Data Erodes,2026-05-09,Bloomberg,American farmers are ignoring US Department of Agriculture surveys in the latest sign of distrust in government data.,https://www.bloomberg.com/news/articles/2026-05-01/american-farmers-shun-usda-surveys-as-trust-in-data-erodes
wheat,"Argentina Soyoil Trades at Decade Low to US on Harvest, Biofuels",2026-05-09,Bloomberg,"Soybean oil from Argentina, the world's biggest exporter, is trading at the cheapest in at least a decade relative to rival supplies out of the US,...",https://www.bloomberg.com/news/articles/2026-05-08/argentina-soyoil-trades-at-decade-low-to-us-on-harvest-biofuels
wheat,LES Aliments Mejicano Inc,2026-05-09,Bloomberg,"LES Aliments Mejicano Inc. operates as a package food manufacturing company. The Company offers a broad portfolio of tortilla products, including regular...",https://www.bloomberg.com/profile/company/2648538D:CN
wheat,"Australia Wheat Plantings Seen at Seven-Year Low on War, Weather",2026-05-09,Bloomberg,"Takeaways by Bloomberg AI Subscribe. Australia's wheat acreage for the 2026/27 crop is expected to fall to a seven-year low, according to a Bloomberg survey, as...",https://www.bloomberg.com/news/articles/2026-04-16/australia-wheat-plantings-seen-at-seven-year-low-on-war-weather
wheat,Wheat Rallies on Weather Woes and Iran-Linked Fertilizer Crunch,2026-05-09,Bloomberg,"Takeaways by Bloomberg AI Subscribe. Wheat was set for its biggest weekly gain in almost two months, as persistent weather concerns and tighter fertilizer...",https://www.bloomberg.com/news/articles/2026-04-17/wheat-rallies-on-weather-woes-and-iran-linked-fertilizer-crunch
wheat,Argentina Fights to Save Huge Soy Exports After Dutch Rejections,2026-05-09,Bloomberg,"Argentina is scrambling to keep its soy cargoes flowing to Europe after an unapproved genetically modified strain was detected in shipments,...",https://www.bloomberg.com/news/articles/2026-05-06/argentina-fights-to-save-huge-soy-exports-after-dutch-rejections
wheat,Hungary Warns of Drought Hit to Agriculture From April Dry Spell,2026-05-09,Bloomberg,Hungary's incoming government said it plans to take emergency steps to help farmers as a dry spell during much of April is leading to a severe drought in...,https://www.bloomberg.com/news/articles/2026-05-02/hungary-warns-of-drought-hit-to-agriculture-from-april-dry-spell
wheat,"US Wheat Crops Wither, Herds Thin as Spring Drought Deepens",2026-05-09,Bloomberg,Takeaways by Bloomberg AI Subscribe. Farmers across the Great Plains are confronting an intense drought that threatens winter wheat harvests and is pushing...,https://www.bloomberg.com/news/articles/2026-04-25/us-wheat-crops-wither-herds-thin-as-spring-drought-deepens
wheat,Turkey Wheat Output Seen Rebounding After Drought-Hit 2025,2026-05-09,Bloomberg,"Turkey's wheat harvest is poised for a sharp recovery from last year's crop-ravaging droughts, potentially curbing the outlook for imports from one of the...",https://www.bloomberg.com/news/articles/2026-05-08/turkey-wheat-output-seen-rebounding-after-drought-hit-2025?srnd=homepage-europe
wheat,東京で味わいたい5つのレストラン－GWに訪日客も喜ぶ、銀座割烹から讃岐うどんまで,2026-05-09,Bloomberg,ゴールデンウィークの東京は、出歩くには最高のタイミングかもしれない。まだ気温は高すぎず、雨も少ない。,https://www.bloomberg.com/jp/news/articles/2026-05-03/TEAP1EKK3NYD00
wheat,Spring’s Hot-to-Cold Swings Are Being Juiced by Climate Change,2026-05-09,Bloomberg,Abrupt changes in temperature are getting spikier as the planet warms.,https://www.bloomberg.com/news/newsletters/2026-05-02/spring-s-hot-to-cold-swings-are-being-juiced-by-climate-change
wheat,South Africa Wheat Plantings Seen at 11-Year Low as Costs Surge,2026-05-09,Bloomberg,South African farmers will likely plant the smallest area of wheat in more than a decade this year as the war in Iran pushes up the cost of key inputs such...,https://www.bloomberg.com/news/articles/2026-04-23/south-africa-wheat-plantings-seen-at-11-year-low-as-costs-surge
wheat,Soy Oil Falls from Three-Year High After Trump’s Hormuz Pause,2026-05-09,Bloomberg,"Grain and oilseed futures slumped in Chicago, on optimism that the US and Iran are nearing a peace deal to end the Middle East war that has fueled supply...",https://www.bloomberg.com/news/articles/2026-05-06/soy-oil-falls-from-three-year-high-after-trump-s-hormuz-pause
wheat,Commodities Solutions,2026-05-09,Bloomberg,"The most advanced commodities solution. Bloomberg supports end-to-end commodities pricing, research, electronic trading and risk management workflows.",https://professional.bloomberg.com/institutions/corporations/commodities/
wheat,"Laura Carden, Wheat Parent Inc: Profile and Biography",2026-05-09,Bloomberg,"Laura Carden is Chief Executive Officer at Wheat Parent Inc. See Laura Carden's compensation, career history, education, & memberships.",https://www.bloomberg.com/profile/person/25378823
wheat,"Little Rain, Big Risks Ahead for Wheat Crops Across US Plains",2026-05-09,Bloomberg,"Without sufficient moisture from rainfall or irrigation, wheat shoots struggle to fill out and produce grain.",https://www.bloomberg.com/news/newsletters/2026-04-27/us-plains-to-see-little-rain-big-risks-for-wheat-crops
wheat,"Fuel Crunch From War Threatens S. African Wheat, Corn Crops",2026-05-09,Bloomberg,Takeaways by Bloomberg AI Subscribe. Farmers in South Africa are heading into the winter planting season with surging diesel prices and tightening supplies —...,https://www.bloomberg.com/news/articles/2026-03-24/fuel-crunch-from-war-threatens-south-african-wheat-corn-crops
wheat,Australia to Plant Less Wheat as Global Fertilizer Woes Deepen,2026-05-09,Bloomberg,Takeaways by Bloomberg AI Subscribe. Wheat farmers in Australia — one of the world's biggest agricultural exporters — are paring back plantings as concerns over...,https://www.bloomberg.com/news/articles/2026-03-24/australia-to-plant-less-wheat-as-global-fertilizer-woes-deepen
wheat,Wheat at Highest Since 2024 as Drought Stokes Food Inflation,2026-05-09,Bloomberg,European corn hit its highest level in six weeks as concerns grow that surging fertilizer prices — a result of the war in Iran — may see planting areas...,https://www.bloomberg.com/news/articles/2026-04-24/wheat-at-highest-since-2024-as-drought-stokes-food-inflation
wheat,Kalshi Bows to Agriculture Industry Pushback on Trading Hours,2026-05-09,Bloomberg,Kalshi Inc. has agreed to limit trading hours on new financial contracts tied to crops like corn and wheat after facing pushback from the agriculture...,https://www.bloomberg.com/news/articles/2026-04-30/kalshi-bows-to-agriculture-industry-pushback-on-trading-hours
wheat,South Africa’s Private Banks Vie for ‘Not Rich Yet’ Clients,2026-05-09,Bloomberg,Lenders target customers with high earning potential.,https://www.bloomberg.com/news/newsletters/2026-03-24/next-africa-private-banks-vie-for-not-rich-yet-clients
wheat,Nations Race to Secure Enough Fertilizer and Prevent Food Crisis,2026-05-09,Bloomberg,"Governments are rushing to secure supplies of critical crop nutrients ahead of spring planting, as the Middle East war chokes off the flow of commodities...",https://www.bloomberg.com/news/articles/2026-03-25/nations-race-to-secure-enough-fertilizer-and-prevent-food-crisis
wheat,Russia Ships the Most Crude in Over a Month as Port Attacks Ease,2026-05-09,Bloomberg,Russia boosted its seaborne oil shipments to the highest in more than a month as the impact of earlier Ukrainian drone strikes on the country's export...,https://www.bloomberg.com/news/articles/2026-04-28/russia-s-crude-exports-rise-to-the-most-in-over-a-month-as-port-attacks-ease
wheat,Soyoil Rises as Trump Says Actions to Help Farmers Coming Friday,2026-05-09,Bloomberg,"Soybean oil climbed for a fifth straight session as President Donald Trump promised more measures to help farmers, who are anxiously awaiting the...",https://www.bloomberg.com/news/articles/2026-03-26/wheat-spread-hits-seven-month-high-as-us-plains-crop-fears-grow
wheat,"Wheat Jumps as Iran War, Wintry Weather Stoke Inflation Concerns",2026-05-09,Bloomberg,"Takeaways by Bloomberg AI Subscribe · Wheat was climbing as the war in Iran continued to push up oil prices, prompting worries that farmers could cut back on...",https://www.bloomberg.com/news/articles/2026-03-18/wheat-jumps-as-iran-war-wintry-weather-stoke-inflation-concerns
wheat,Data Center Startup Fermi Ousts CEO After Stock Slides,2026-05-09,Bloomberg,The firm plans to power data centers on a grand scale but has struggled to secure clients.,https://www.bloomberg.com/news/newsletters/2026-05-04/data-center-startup-fermi-ousts-ceo-after-stock-slides
wheat,"Wheat Highest Since 2024 as Drought, Fertilizer Costs Hit Supply",2026-05-09,Bloomberg,Takeaways by Bloomberg AI Subscribe · Wheat surged to the highest in nearly two years as drought in the US was pressuring yields at a time soaring fertilizer...,https://www.bloomberg.com/news/articles/2026-04-28/wheat-highest-since-2024-as-drought-fertilizer-costs-hit-supply
wheat,"EU Agrees to Trade Deal, War Hits Wheat Farmers",2026-05-09,Bloomberg,"The European Union and Australia agreed to a free-trade deal, wrapping up almost a decade of talks as the two sides push to tighten ties and reinvigorate a...",https://www.bloomberg.com/news/newsletters/2026-03-24/eu-agrees-free-trade-deal-wheat-farmers-australia-briefing
wheat,"Chicago Wheat Climbs on Iran War Escalation, Weather Risks",2026-05-09,Bloomberg,Chicago wheat futures rose — heading for a fourth gain in five sessions — as the Iran war threatens to further push up energy and fertilizer costs for...,https://www.bloomberg.com/news/articles/2026-03-30/chicago-wheat-climbs-on-iran-war-escalation-weather-risks
